widths,shots_per_block,decoder,strata,trials,phases,p_tol_lsb,wilson_lo,wilson_hi,cluster_boot_lo,cluster_boot_hi,median_error_lsb,run,status
2-2-2-2,16,awqpe@0.5,S1,4000,40,0.84575,0.8342255927981496,0.8566109521565654,0.783975,0.8985187499999999,0.5006136514289494,research/results/p2b_awqpe_baseline_mc/20260926T204053Z,PRELIMINARY (dev split)
2-2-2-2,16,awqpe@0.5,all_but_S1,16600,166,0.9001204819277109,0.8954662619642952,0.9045895584250563,0.8836686746987954,0.9165677710843375,0.08437287417430639,research/results/p2b_awqpe_baseline_mc/20260926T204053Z,PRELIMINARY (dev split)
2-2-2-2,16,awqpe@0.7,S1,4000,40,0.79975,0.7870633143577895,0.8118614993809691,0.72673125,0.86701875,0.5027151761307778,research/results/p2b_awqpe_baseline_mc/20260926T204053Z,PRELIMINARY (dev split)
2-2-2-2,16,awqpe@0.7,all_but_S1,16600,166,0.8330722891566265,0.8273225345474543,0.8386679247920102,0.8079292168674699,0.8568765060240964,0.0925233659519904,research/results/p2b_awqpe_baseline_mc/20260926T204053Z,PRELIMINARY (dev split)
2-2-2-2,16,awqpe@0.8,S1,4000,40,0.7655,0.7521191748469205,0.7783713607582186,0.689225,0.83625,0.5043622489708639,research/results/p2b_awqpe_baseline_mc/20260926T204053Z,PRELIMINARY (dev split)
2-2-2-2,16,awqpe@0.8,all_but_S1,16600,166,0.7802409638554216,0.7738773746746292,0.7864748801358588,0.7493900602409638,0.8100737951807229,0.09940690066790125,research/results/p2b_awqpe_baseline_mc/20260926T204053Z,PRELIMINARY (dev split)
2-2-2-2,16,awqpe@0.9,S1,4000,40,0.7295,0.7155184418372699,0.7430411736858166,0.6469625,0.8043125,0.505956631310255,research/results/p2b_awqpe_baseline_mc/20260926T204053Z,PRELIMINARY (dev split)
2-2-2-2,16,awqpe@0.9,all_but_S1,16600,166,0.718855421686747,0.7119665945260196,0.7256429802217241,0.6862424698795181,0.7550135542168676,0.146616331772222,research/results/p2b_awqpe_baseline_mc/20260926T204053Z,PRELIMINARY (dev split)
2-2-2-2,16,awqpe@0.95,S1,4000,40,0.7295,0.7155184418372699,0.7430411736858166,0.6469625,0.8043125,0.505956631310255,research/results/p2b_awqpe_baseline_mc/20260926T204053Z,PRELIMINARY (dev split)
2-2-2-2,16,awqpe@0.95,all_but_S1,16600,166,0.718855421686747,0.7119665945260196,0.7256429802217241,0.6862424698795181,0.7550135542168676,0.146616331772222,research/results/p2b_awqpe_baseline_mc/20260926T204053Z,PRELIMINARY (dev split)
2-2-2-2,16,awqpe_ablate_special@0.5,S1,4000,40,0.87475,0.8641313928992194,0.8846495043438158,0.82774375,0.9175625000000001,0.4956377510291361,research/results/p2b_awqpe_baseline_mc/20260926T204053Z,PRELIMINARY (dev split)
2-2-2-2,16,awqpe_ablate_special@0.5,all_but_S1,16600,166,0.901867469879518,0.8972485067715118,0.906300481156426,0.8850436746987953,0.916085843373494,0.08511485839980537,research/results/p2b_awqpe_baseline_mc/20260926T204053Z,PRELIMINARY (dev split)
2-2-2-2,16,awqpe_ablate_special@0.7,S1,4000,40,0.8295,0.8175308050741102,0.8408369217880115,0.7769937499999999,0.8815687500000001,0.49628335476003826,research/results/p2b_awqpe_baseline_mc/20260926T204053Z,PRELIMINARY (dev split)
2-2-2-2,16,awqpe_ablate_special@0.7,all_but_S1,16600,166,0.832710843373494,0.8269562683263254,0.838311466694811,0.8074668674698796,0.8542906626506024,0.09476274555271402,research/results/p2b_awqpe_baseline_mc/20260926T204053Z,PRELIMINARY (dev split)
2-2-2-2,16,awqpe_ablate_special@0.8,S1,4000,40,0.796,0.7832308578104975,0.8082011517530475,0.7372125,0.8540124999999998,0.497359646841403,research/results/p2b_awqpe_baseline_mc/20260926T204053Z,PRELIMINARY (dev split)
2-2-2-2,16,awqpe_ablate_special@0.8,all_but_S1,16600,166,0.7771084337349398,0.770713593276272,0.7833750507753715,0.7474984939759038,0.8027861445783134,0.12009430530184773,research/results/p2b_awqpe_baseline_mc/20260926T204053Z,PRELIMINARY (dev split)
2-2-2-2,16,awqpe_ablate_special@0.9,S1,4000,40,0.756,0.742448628956564,0.7690601360713666,0.6959687499999999,0.8172624999999999,0.5006136514289494,research/results/p2b_awqpe_baseline_mc/20260926T204053Z,PRELIMINARY (dev split)
2-2-2-2,16,awqpe_ablate_special@0.9,all_but_S1,16600,166,0.7150602409638555,0.7081444965255671,0.7218764728797301,0.6820316265060241,0.7471867469879518,0.15188302823179356,research/results/p2b_awqpe_baseline_mc/20260926T204053Z,PRELIMINARY (dev split)
2-2-2-2,16,awqpe_ablate_special@0.95,S1,4000,40,0.756,0.742448628956564,0.7690601360713666,0.6959687499999999,0.8172624999999999,0.5006136514289494,research/results/p2b_awqpe_baseline_mc/20260926T204053Z,PRELIMINARY (dev split)
2-2-2-2,16,awqpe_ablate_special@0.95,all_but_S1,16600,166,0.7150602409638555,0.7081444965255671,0.7218764728797301,0.6820316265060241,0.7471867469879518,0.15188302823179356,research/results/p2b_awqpe_baseline_mc/20260926T204053Z,PRELIMINARY (dev split)
2-2-2-2,16,likelihood,S1,4000,40,0.98925,0.9855520503718291,0.9920091343544015,0.9854937500000001,0.99275,0.04953766706478291,research/results/p2b_awqpe_baseline_mc/20260926T204053Z,PRELIMINARY (dev split)
2-2-2-2,16,likelihood,all_but_S1,16600,166,0.9875903614457832,0.9857898956949269,0.9891652097298562,0.98517921686747,0.99,0.0415319461049819,research/results/p2b_awqpe_baseline_mc/20260926T204053Z,PRELIMINARY (dev split)
2-2-2-2,32,awqpe@0.5,S1,4000,40,0.86325,0.8522533271168401,0.8735496373222059,0.7957312500000001,0.9195312499999999,0.49628335476003826,research/results/p2b_awqpe_baseline_mc/20260926T204053Z,PRELIMINARY (dev split)
2-2-2-2,32,awqpe@0.5,all_but_S1,16600,166,0.9558433734939759,0.9526112378167232,0.9588645816482303,0.9419849397590362,0.9694066265060242,0.075122339589484,research/results/p2b_awqpe_baseline_mc/20260926T204053Z,PRELIMINARY (dev split)
2-2-2-2,32,awqpe@0.7,S1,4000,40,0.81325,0.8008744703309464,0.8250244384385822,0.7299375000000001,0.8892624999999998,0.497359646841403,research/results/p2b_awqpe_baseline_mc/20260926T204053Z,PRELIMINARY (dev split)
2-2-2-2,32,awqpe@0.7,all_but_S1,16600,166,0.8862048192771085,0.8812843552804986,0.8909465788532159,0.8604789156626507,0.9102665662650601,0.08511485839980537,research/results/p2b_awqpe_baseline_mc/20260926T204053Z,PRELIMINARY (dev split)
2-2-2-2,32,awqpe@0.8,S1,4000,40,0.78675,0.7737844993387297,0.7991652599259542,0.6987375,0.8665999999999998,0.5006136514289494,research/results/p2b_awqpe_baseline_mc/20260926T204053Z,PRELIMINARY (dev split)
2-2-2-2,32,awqpe@0.8,all_but_S1,16600,166,0.8262650602409638,0.8204261017186206,0.8319530496256621,0.7946716867469878,0.8572951807228916,0.09476274555271402,research/results/p2b_awqpe_baseline_mc/20260926T204053Z,PRELIMINARY (dev split)
2-2-2-2,32,awqpe@0.9,S1,4000,40,0.7645,0.7511007971140671,0.7773916573776816,0.6826749999999999,0.8477687499999998,0.502640353158597,research/results/p2b_awqpe_baseline_mc/20260926T204053Z,PRELIMINARY (dev split)
2-2-2-2,32,awqpe@0.9,all_but_S1,16600,166,0.7766265060240963,0.7702269037979912,0.7828981078292145,0.7405828313253011,0.8120240963855423,0.09940690066790125,research/results/p2b_awqpe_baseline_mc/20260926T204053Z,PRELIMINARY (dev split)
2-2-2-2,32,awqpe@0.95,S1,4000,40,0.748,0.7343118594911443,0.7612122566296636,0.6637125,0.8322562500000001,0.5027151761307778,research/results/p2b_awqpe_baseline_mc/20260926T204053Z,PRELIMINARY (dev split)
2-2-2-2,32,awqpe@0.95,all_but_S1,16600,166,0.733855421686747,0.7270789543287771,0.7405236796295881,0.6962439759036144,0.7722635542168674,0.1412479079079958,research/results/p2b_awqpe_baseline_mc/20260926T204053Z,PRELIMINARY (dev split)
2-2-2-2,32,awqpe_ablate_special@0.5,S1,4000,40,0.9065,0.8970837818640386,0.9151361907291403,0.8567375000000002,0.9475187500000001,0.49360059242940224,research/results/p2b_awqpe_baseline_mc/20260926T204053Z,PRELIMINARY (dev split)
2-2-2-2,32,awqpe_ablate_special@0.5,all_but_S1,16600,166,0.957710843373494,0.954542030491228,0.9606678646184215,0.9435496987951807,0.969027108433735,0.075122339589484,research/results/p2b_awqpe_baseline_mc/20260926T204053Z,PRELIMINARY (dev split)
2-2-2-2,32,awqpe_ablate_special@0.7,S1,4000,40,0.86475,0.8538011515926122,0.8749989345165196,0.80899375,0.9207687499999999,0.49383670604552776,research/results/p2b_awqpe_baseline_mc/20260926T204053Z,PRELIMINARY (dev split)
2-2-2-2,32,awqpe_ablate_special@0.7,all_but_S1,16600,166,0.8846385542168674,0.8796896356340436,0.8894094931202485,0.8585481927710843,0.9060963855421685,0.08511485839980537,research/results/p2b_awqpe_baseline_mc/20260926T204053Z,PRELIMINARY (dev split)
2-2-2-2,32,awqpe_ablate_special@0.8,S1,4000,40,0.83975,0.8280565983558614,0.8507914599185114,0.779725,0.8992874999999999,0.49404336868974497,research/results/p2b_awqpe_baseline_mc/20260926T204053Z,PRELIMINARY (dev split)
2-2-2-2,32,awqpe_ablate_special@0.8,all_but_S1,16600,166,0.8207831325301205,0.8148746989725798,0.8265431335437249,0.7889743975903616,0.8470753012048191,0.09517311336264811,research/results/p2b_awqpe_baseline_mc/20260926T204053Z,PRELIMINARY (dev split)
2-2-2-2,32,awqpe_ablate_special@0.9,S1,4000,40,0.81525,0.8029225458194134,0.8269725251768958,0.74675,0.8788375,0.4953774947449574,research/results/p2b_awqpe_baseline_mc/20260926T204053Z,PRELIMINARY (dev split)
2-2-2-2,32,awqpe_ablate_special@0.9,all_but_S1,16600,166,0.7698192771084338,0.7633537071878209,0.7761599964442034,0.7347243975903615,0.8013283132530121,0.12451912953383726,research/results/p2b_awqpe_baseline_mc/20260926T204053Z,PRELIMINARY (dev split)
2-2-2-2,32,awqpe_ablate_special@0.95,S1,4000,40,0.79675,0.7839972151155197,0.8089333552830678,0.724,0.8637749999999998,0.4956377510291361,research/results/p2b_awqpe_baseline_mc/20260926T204053Z,PRELIMINARY (dev split)
2-2-2-2,32,awqpe_ablate_special@0.95,all_but_S1,16600,166,0.7282530120481928,0.7214334470651991,0.7349669599590787,0.6904397590361446,0.7641656626506024,0.146616331772222,research/results/p2b_awqpe_baseline_mc/20260926T204053Z,PRELIMINARY (dev split)
2-2-2-2,32,likelihood,S1,4000,40,0.9995,0.9981786448822033,0.9998628712562788,0.99875,1.0,0.03259804258351551,research/results/p2b_awqpe_baseline_mc/20260926T204053Z,PRELIMINARY (dev split)
2-2-2-2,32,likelihood,all_but_S1,16600,166,0.9993373493975903,0.9988137109000393,0.9996299348704113,0.998855421686747,0.9997590361445784,0.03251283670624616,research/results/p2b_awqpe_baseline_mc/20260926T204053Z,PRELIMINARY (dev split)
2-2-2-2,64,awqpe@0.5,S1,4000,40,0.85,0.8385988531645304,0.8607295365220934,0.76570625,0.9177624999999998,0.49383670604552776,research/results/p2b_awqpe_baseline_mc/20260926T204053Z,PRELIMINARY (dev split)
2-2-2-2,64,awqpe@0.5,all_but_S1,16600,166,0.9789156626506024,0.9766168272799507,0.9809928945049549,0.965237951807229,0.990328313253012,0.07323539850298744,research/results/p2b_awqpe_baseline_mc/20260926T204053Z,PRELIMINARY (dev split)
2-2-2-2,64,awqpe@0.7,S1,4000,40,0.81075,0.7983151097961712,0.8225885961898813,0.70949375,0.8911937499999998,0.4953774947449574,research/results/p2b_awqpe_baseline_mc/20260926T204053Z,PRELIMINARY (dev split)
2-2-2-2,64,awqpe@0.7,all_but_S1,16600,166,0.9163253012048193,0.9120160986328849,0.920441862028182,0.8905466867469878,0.9401837349397589,0.0821701322138324,research/results/p2b_awqpe_baseline_mc/20260926T204053Z,PRELIMINARY (dev split)
2-2-2-2,64,awqpe@0.8,S1,4000,40,0.79125,0.7783787936253441,0.8035623306495965,0.6907,0.8715999999999998,0.49628335476003826,research/results/p2b_awqpe_baseline_mc/20260926T204053Z,PRELIMINARY (dev split)
2-2-2-2,64,awqpe@0.8,all_but_S1,16600,166,0.860722891566265,0.8553723552963938,0.8659065143951804,0.8275195783132531,0.8913373493975902,0.08910389111352401,research/results/p2b_awqpe_baseline_mc/20260926T204053Z,PRELIMINARY (dev split)
2-2-2-2,64,awqpe@0.9,S1,4000,40,0.7705,0.7572125975728589,0.7832683435992319,0.67070625,0.8555187499999999,0.4967840298614341,research/results/p2b_awqpe_baseline_mc/20260926T204053Z,PRELIMINARY (dev split)
2-2-2-2,64,awqpe@0.9,all_but_S1,16600,166,0.7944578313253012,0.7882428024934994,0.8005366088378992,0.753730421686747,0.8308689759036144,0.0971143515559163,research/results/p2b_awqpe_baseline_mc/20260926T204053Z,PRELIMINARY (dev split)
2-2-2-2,64,awqpe@0.95,S1,4000,40,0.7605,0.7470282939132886,0.7734718361248984,0.66118125,0.84725625,0.49728482386923645,research/results/p2b_awqpe_baseline_mc/20260926T204053Z,PRELIMINARY (dev split)
2-2-2-2,64,awqpe@0.95,all_but_S1,16600,166,0.7678313253012048,0.7613469393267146,0.7741917805545043,0.7260286144578313,0.8078945783132531,0.12451912953383726,research/results/p2b_awqpe_baseline_mc/20260926T204053Z,PRELIMINARY (dev split)
2-2-2-2,64,awqpe_ablate_special@0.5,S1,4000,40,0.914,0.9049094679227667,0.92229611302084,0.8629874999999999,0.95875,0.4923555794647143,research/results/p2b_awqpe_baseline_mc/20260926T204053Z,PRELIMINARY (dev split)
2-2-2-2,64,awqpe_ablate_special@0.5,all_but_S1,16600,166,0.9806024096385542,0.9783904724310336,0.9825919628394036,0.9686084337349399,0.9898885542168674,0.07323539850298744,research/results/p2b_awqpe_baseline_mc/20260926T204053Z,PRELIMINARY (dev split)
2-2-2-2,64,awqpe_ablate_special@0.7,S1,4000,40,0.88325,0.8729287782916803,0.892835808415173,0.8212249999999999,0.9372625,0.4923689067162673,research/results/p2b_awqpe_baseline_mc/20260926T204053Z,PRELIMINARY (dev split)
2-2-2-2,64,awqpe_ablate_special@0.7,all_but_S1,16600,166,0.9198795180722892,0.9156518884725645,0.9239128613187301,0.8948689759036146,0.9425542168674699,0.0821701322138324,research/results/p2b_awqpe_baseline_mc/20260926T204053Z,PRELIMINARY (dev split)
2-2-2-2,64,awqpe_ablate_special@0.8,S1,4000,40,0.8655,0.8545752263815156,0.875723420562659,0.80346875,0.924,0.4923689067162673,research/results/p2b_awqpe_baseline_mc/20260926T204053Z,PRELIMINARY (dev split)
2-2-2-2,64,awqpe_ablate_special@0.8,all_but_S1,16600,166,0.8644578313253012,0.8591662431748288,0.8695807778061371,0.8324578313253012,0.8907530120481928,0.08910389111352401,research/results/p2b_awqpe_baseline_mc/20260926T204053Z,PRELIMINARY (dev split)
2-2-2-2,64,awqpe_ablate_special@0.9,S1,4000,40,0.844,0.8324257051835122,0.8549141978227695,0.7769874999999999,0.9050374999999999,0.49250268328822244,research/results/p2b_awqpe_baseline_mc/20260926T204053Z,PRELIMINARY (dev split)
2-2-2-2,64,awqpe_ablate_special@0.9,all_but_S1,16600,166,0.7948795180722892,0.788669069245399,0.8009535204573826,0.75725,0.826828313253012,0.0971143515559163,research/results/p2b_awqpe_baseline_mc/20260926T204053Z,PRELIMINARY (dev split)
2-2-2-2,64,awqpe_ablate_special@0.95,S1,4000,40,0.834,0.8221499379766827,0.8452091538956955,0.7645000000000001,0.89730625,0.493380807820472,research/results/p2b_awqpe_baseline_mc/20260926T204053Z,PRELIMINARY (dev split)
2-2-2-2,64,awqpe_ablate_special@0.95,all_but_S1,16600,166,0.7671686746987951,0.7606780611476671,0.77353566414995,0.7246355421686745,0.8031521084337349,0.13461781777701276,research/results/p2b_awqpe_baseline_mc/20260926T204053Z,PRELIMINARY (dev split)
2-2-2-2,64,likelihood,S1,4000,40,1.0,0.9990405566951769,0.9999999999999999,1.0,1.0,0.027277505024869697,research/results/p2b_awqpe_baseline_mc/20260926T204053Z,PRELIMINARY (dev split)
2-2-2-2,64,likelihood,all_but_S1,16600,166,1.0,0.9997686403540524,1.0,1.0,1.0,0.02303671174956179,research/results/p2b_awqpe_baseline_mc/20260926T204053Z,PRELIMINARY (dev split)
2-2-2-2,128,awqpe@0.5,S1,4000,40,0.8395,0.8277996810179288,0.8505488569780965,0.741,0.9173374999999998,0.493380807820472,research/results/p2b_awqpe_baseline_mc/20260926T204053Z,PRELIMINARY (dev split)
2-2-2-2,128,awqpe@0.5,all_but_S1,16600,166,0.9862650602409638,0.9843786579459726,0.987926458311607,0.9736701807228915,0.9972319277108433,0.07057634700483106,research/results/p2b_awqpe_baseline_mc/20260926T204053Z,PRELIMINARY (dev split)
2-2-2-2,128,awqpe@0.7,S1,4000,40,0.8115,0.7990828330004401,0.8233194338206552,0.70048125,0.9031250000000001,0.49360059242940224,research/results/p2b_awqpe_baseline_mc/20260926T204053Z,PRELIMINARY (dev split)
2-2-2-2,128,awqpe@0.7,all_but_S1,16600,166,0.9431927710843373,0.939567905040285,0.9466125632831803,0.9172665662650601,0.9668268072289157,0.07378453462357015,research/results/p2b_awqpe_baseline_mc/20260926T204053Z,PRELIMINARY (dev split)
2-2-2-2,128,awqpe@0.8,S1,4000,40,0.799,0.7862966884866492,0.8111295644170667,0.687675,0.891825,0.49383670604552776,research/results/p2b_awqpe_baseline_mc/20260926T204053Z,PRELIMINARY (dev split)
2-2-2-2,128,awqpe@0.8,all_but_S1,16600,166,0.8960240963855421,0.8912888750003738,0.9005760697812575,0.8622183734939759,0.9270798192771084,0.08349444889006463,research/results/p2b_awqpe_baseline_mc/20260926T204053Z,PRELIMINARY (dev split)
2-2-2-2,128,awqpe@0.9,S1,4000,40,0.7845,0.771488209811238,0.7969658669483176,0.6707312500000001,0.87451875,0.49383670604552776,research/results/p2b_awqpe_baseline_mc/20260926T204053Z,PRELIMINARY (dev split)
2-2-2-2,128,awqpe@0.9,all_but_S1,16600,166,0.828433734939759,0.8226228365140879,0.8340926607401643,0.7848162650602412,0.8662725903614459,0.0925233659519904,research/results/p2b_awqpe_baseline_mc/20260926T204053Z,PRELIMINARY (dev split)
2-2-2-2,128,awqpe@0.95,S1,4000,40,0.77325,0.7600150843678037,0.7859605798661105,0.6599875000000001,0.8637999999999999,0.49404336868974497,research/results/p2b_awqpe_baseline_mc/20260926T204053Z,PRELIMINARY (dev split)
2-2-2-2,128,awqpe@0.95,all_but_S1,16600,166,0.7863253012048192,0.7800239201919583,0.7924941939770551,0.7367861445783133,0.8289216867469879,0.09940690066790125,research/results/p2b_awqpe_baseline_mc/20260926T204053Z,PRELIMINARY (dev split)
2-2-2-2,128,awqpe_ablate_special@0.5,S1,4000,40,0.91625,0.9072609124918625,0.9244403509568724,0.8565000000000002,0.96600625,0.48865130860130535,research/results/p2b_awqpe_baseline_mc/20260926T204053Z,PRELIMINARY (dev split)
2-2-2-2,128,awqpe_ablate_special@0.5,all_but_S1,16600,166,0.9880120481927711,0.9862399170207047,0.9895583667754614,0.9760828313253012,0.9966280120481928,0.07057634700483106,research/results/p2b_awqpe_baseline_mc/20260926T204053Z,PRELIMINARY (dev split)
2-2-2-2,128,awqpe_ablate_special@0.7,S1,4000,40,0.8985,0.8887557574898161,0.9074795661962399,0.8302375000000001,0.95230625,0.4891445708906019,research/results/p2b_awqpe_baseline_mc/20260926T204053Z,PRELIMINARY (dev split)
2-2-2-2,128,awqpe_ablate_special@0.7,all_but_S1,16600,166,0.946144578313253,0.9426063055328179,0.9494764113903283,0.9215632530120481,0.9652560240963857,0.07378453462357015,research/results/p2b_awqpe_baseline_mc/20260926T204053Z,PRELIMINARY (dev split)
2-2-2-2,128,awqpe_ablate_special@0.8,S1,4000,40,0.88425,0.8739648428040978,0.8937978250161458,0.8174875000000001,0.93900625,0.4891445708906019,research/results/p2b_awqpe_baseline_mc/20260926T204053Z,PRELIMINARY (dev split)
2-2-2-2,128,awqpe_ablate_special@0.8,all_but_S1,16600,166,0.8940963855421686,0.8893238290501179,0.8986865860337628,0.8595978915662651,0.9228403614457831,0.08349444889006463,research/results/p2b_awqpe_baseline_mc/20260926T204053Z,PRELIMINARY (dev split)
2-2-2-2,128,awqpe_ablate_special@0.9,S1,4000,40,0.868,0.8571562700632336,0.8781375796644166,0.797,0.9252624999999999,0.48955385930831596,research/results/p2b_awqpe_baseline_mc/20260926T204053Z,PRELIMINARY (dev split)
2-2-2-2,128,awqpe_ablate_special@0.9,all_but_S1,16600,166,0.8210240963855422,0.8151186735943222,0.8267809751342013,0.7801581325301205,0.8567650602409639,0.09517311336264811,research/results/p2b_awqpe_baseline_mc/20260926T204053Z,PRELIMINARY (dev split)
2-2-2-2,128,awqpe_ablate_special@0.95,S1,4000,40,0.85375,0.8424601547041599,0.8643610391576779,0.7767375000000001,0.9155500000000001,0.48955385930831596,research/results/p2b_awqpe_baseline_mc/20260926T204053Z,PRELIMINARY (dev split)
2-2-2-2,128,awqpe_ablate_special@0.95,all_but_S1,16600,166,0.778012048192771,0.7716261690789612,0.7842692857685027,0.7332921686746988,0.8186867469879517,0.12451912953383726,research/results/p2b_awqpe_baseline_mc/20260926T204053Z,PRELIMINARY (dev split)
2-2-2-2,128,likelihood,S1,4000,40,1.0,0.9990405566951769,0.9999999999999999,1.0,1.0,0.021244613569482595,research/results/p2b_awqpe_baseline_mc/20260926T204053Z,PRELIMINARY (dev split)
2-2-2-2,128,likelihood,all_but_S1,16600,166,1.0,0.9997686403540524,1.0,1.0,1.0,0.017888395804021684,research/results/p2b_awqpe_baseline_mc/20260926T204053Z,PRELIMINARY (dev split)
2-2-2-2,256,awqpe@0.5,S1,4000,40,0.8265,0.8144530235996896,0.8379204599222609,0.7136999999999999,0.91683125,0.4923689067162673,research/results/p2b_awqpe_baseline_mc/20260926T204053Z,PRELIMINARY (dev split)
2-2-2-2,256,awqpe@0.5,all_but_S1,16600,166,0.9892168674698795,0.987528661471319,0.9906787033859412,0.9774096385542169,0.9989804216867469,0.07057634700483106,research/results/p2b_awqpe_baseline_mc/20260926T204053Z,PRELIMINARY (dev split)
2-2-2-2,256,awqpe@0.7,S1,4000,40,0.81425,0.8018984423747828,0.825998547508136,0.69739375,0.90989375,0.49250268328822244,research/results/p2b_awqpe_baseline_mc/20260926T204053Z,PRELIMINARY (dev split)
2-2-2-2,256,awqpe@0.7,all_but_S1,16600,166,0.953433734939759,0.9501221363375976,0.9565355210051678,0.9264141566265058,0.9784969879518073,0.07323539850298744,research/results/p2b_awqpe_baseline_mc/20260926T204053Z,PRELIMINARY (dev split)
2-2-2-2,256,awqpe@0.8,S1,4000,40,0.80675,0.7942217998611971,0.818689581671294,0.6909000000000001,0.9038062500000001,0.49250268328822244,research/results/p2b_awqpe_baseline_mc/20260926T204053Z,PRELIMINARY (dev split)
2-2-2-2,256,awqpe@0.8,all_but_S1,16600,166,0.9193975903614457,0.9151587626135752,0.9234423547532816,0.886808734939759,0.9500406626506024,0.075122339589484,research/results/p2b_awqpe_baseline_mc/20260926T204053Z,PRELIMINARY (dev split)
2-2-2-2,256,awqpe@0.9,S1,4000,40,0.795,0.7822091513925555,0.8072247770575991,0.67975,0.8905437500000001,0.49250268328822244,research/results/p2b_awqpe_baseline_mc/20260926T204053Z,PRELIMINARY (dev split)
2-2-2-2,256,awqpe@0.9,all_but_S1,16600,166,0.8525301204819277,0.8470546952614199,0.8578424232147145,0.8090150602409638,0.8922906626506025,0.08910389111352401,research/results/p2b_awqpe_baseline_mc/20260926T204053Z,PRELIMINARY (dev split)
2-2-2-2,256,awqpe@0.95,S1,4000,40,0.78525,0.7722535767761761,0.7976990608184223,0.6724249999999999,0.8800187500000001,0.49250268328822244,research/results/p2b_awqpe_baseline_mc/20260926T204053Z,PRELIMINARY (dev split)
2-2-2-2,256,awqpe@0.95,all_but_S1,16600,166,0.8101807228915663,0.8041436039003385,0.8160743152783383,0.7625948795180723,0.8540722891566266,0.09605326307897144,research/results/p2b_awqpe_baseline_mc/20260926T204053Z,PRELIMINARY (dev split)
2-2-2-2,256,awqpe_ablate_special@0.5,S1,4000,40,0.925,0.9164235371722754,0.9327609360186252,0.8612500000000001,0.9735624999999999,0.4850684743972522,research/results/p2b_awqpe_baseline_mc/20260926T204053Z,PRELIMINARY (dev split)
2-2-2-2,256,awqpe_ablate_special@0.5,all_but_S1,16600,166,0.9889156626506024,0.9872060392265832,0.9903990553654035,0.9776430722891567,0.9975918674698797,0.07057634700483106,research/results/p2b_awqpe_baseline_mc/20260926T204053Z,PRELIMINARY (dev split)
2-2-2-2,256,awqpe_ablate_special@0.7,S1,4000,40,0.9165,0.9075222962687495,0.9246784874583329,0.8489625,0.9677562499999999,0.4850684743972522,research/results/p2b_awqpe_baseline_mc/20260926T204053Z,PRELIMINARY (dev split)
2-2-2-2,256,awqpe_ablate_special@0.7,all_but_S1,16600,166,0.9606024096385543,0.9575348890558977,0.9634568006003776,0.9349789156626507,0.9805421686746987,0.07323539850298744,research/results/p2b_awqpe_baseline_mc/20260926T204053Z,PRELIMINARY (dev split)
2-2-2-2,256,awqpe_ablate_special@0.8,S1,4000,40,0.90425,0.8947395965119623,0.9129846935760882,0.8359437500000001,0.9565124999999999,0.4850684743972522,research/results/p2b_awqpe_baseline_mc/20260926T204053Z,PRELIMINARY (dev split)
2-2-2-2,256,awqpe_ablate_special@0.8,all_but_S1,16600,166,0.9221686746987952,0.9179948447677649,0.9261471590396085,0.887237951807229,0.9513268072289158,0.075122339589484,research/results/p2b_awqpe_baseline_mc/20260926T204053Z,PRELIMINARY (dev split)
2-2-2-2,256,awqpe_ablate_special@0.9,S1,4000,40,0.88975,0.8796674852742328,0.8990846286696579,0.81099375,0.9497687499999998,0.48865130860130535,research/results/p2b_awqpe_baseline_mc/20260926T204053Z,PRELIMINARY (dev split)
2-2-2-2,256,awqpe_ablate_special@0.9,all_but_S1,16600,166,0.8502409638554217,0.8447316836146396,0.8555881808454159,0.8093584337349399,0.8871114457831325,0.08929543103519677,research/results/p2b_awqpe_baseline_mc/20260926T204053Z,PRELIMINARY (dev split)
2-2-2-2,256,awqpe_ablate_special@0.95,S1,4000,40,0.8805,0.8700807953878501,0.8901890682571795,0.7982125,0.9425062500000001,0.48865130860130535,research/results/p2b_awqpe_baseline_mc/20260926T204053Z,PRELIMINARY (dev split)
2-2-2-2,256,awqpe_ablate_special@0.95,all_but_S1,16600,166,0.8043373493975904,0.7982323662778408,0.8103015097545294,0.7586671686746989,0.8455512048192771,0.09679623258713832,research/results/p2b_awqpe_baseline_mc/20260926T204053Z,PRELIMINARY (dev split)
2-2-2-2,256,likelihood,S1,4000,40,1.0,0.9990405566951769,0.9999999999999999,1.0,1.0,0.01638435020717033,research/results/p2b_awqpe_baseline_mc/20260926T204053Z,PRELIMINARY (dev split)
2-2-2-2,256,likelihood,all_but_S1,16600,166,1.0,0.9997686403540524,1.0,1.0,1.0,0.0155909994666672,research/results/p2b_awqpe_baseline_mc/20260926T204053Z,PRELIMINARY (dev split)
2-2-2-2,1024,awqpe@0.5,S1,4000,40,0.8125,0.8001065770408098,0.824293770893676,0.68511875,0.9149624999999998,0.4923555794647143,research/results/p2b_awqpe_baseline_mc/20260926T204053Z,PRELIMINARY (dev split)
2-2-2-2,1024,awqpe@0.5,all_but_S1,16600,166,0.9904819277108434,0.9888872291032416,0.9918496708681677,0.9782439759036144,0.9998795180722893,0.07057634700483106,research/results/p2b_awqpe_baseline_mc/20260926T204053Z,PRELIMINARY (dev split)
2-2-2-2,1024,awqpe@0.7,S1,4000,40,0.812,0.799594688822144,0.8238066185556466,0.6846249999999999,0.9149499999999998,0.4923555794647143,research/results/p2b_awqpe_baseline_mc/20260926T204053Z,PRELIMINARY (dev split)
2-2-2-2,1024,awqpe@0.7,all_but_S1,16600,166,0.9567469879518072,0.9535452958571822,0.959737334403592,0.9264954819277108,0.9828027108433736,0.07057634700483106,research/results/p2b_awqpe_baseline_mc/20260926T204053Z,PRELIMINARY (dev split)
2-2-2-2,1024,awqpe@0.8,S1,4000,40,0.80725,0.7947333527495055,0.8191770693396809,0.6837749999999999,0.9135249999999999,0.4923555794647143,research/results/p2b_awqpe_baseline_mc/20260926T204053Z,PRELIMINARY (dev split)
2-2-2-2,1024,awqpe@0.8,all_but_S1,16600,166,0.9335542168674699,0.9296642566656333,0.9372435631690793,0.8990210843373494,0.9655602409638554,0.07323539850298744,research/results/p2b_awqpe_baseline_mc/20260926T204053Z,PRELIMINARY (dev split)
2-2-2-2,1024,awqpe@0.9,S1,4000,40,0.80175,0.7891079824792453,0.8138129934862941,0.6812,0.907025,0.4923555794647143,research/results/p2b_awqpe_baseline_mc/20260926T204053Z,PRELIMINARY (dev split)
2-2-2-2,1024,awqpe@0.9,all_but_S1,16600,166,0.8834337349397591,0.8784631230524406,0.8882269246407576,0.8385918674698796,0.9259728915662649,0.0821701322138324,research/results/p2b_awqpe_baseline_mc/20260926T204053Z,PRELIMINARY (dev split)
2-2-2-2,1024,awqpe@0.95,S1,4000,40,0.79325,0.78042144750277,0.8055158389989514,0.6731875,0.8970062499999999,0.4923555794647143,research/results/p2b_awqpe_baseline_mc/20260926T204053Z,PRELIMINARY (dev split)
2-2-2-2,1024,awqpe@0.95,all_but_S1,16600,166,0.8358433734939759,0.8301308955291916,0.8414004502507894,0.7855647590361446,0.8820481927710845,0.08929543103519677,research/results/p2b_awqpe_baseline_mc/20260926T204053Z,PRELIMINARY (dev split)
2-2-2-2,1024,awqpe_ablate_special@0.5,S1,4000,40,0.931,0.9227248848492434,0.9384480750219993,0.8607375,0.98001875,0.48361564979282434,research/results/p2b_awqpe_baseline_mc/20260926T204053Z,PRELIMINARY (dev split)
2-2-2-2,1024,awqpe_ablate_special@0.5,all_but_S1,16600,166,0.9921686746987952,0.9907092104457167,0.9934004030112242,0.9807831325301205,0.9993975903614458,0.07057634700483106,research/results/p2b_awqpe_baseline_mc/20260926T204053Z,PRELIMINARY (dev split)
2-2-2-2,1024,awqpe_ablate_special@0.7,S1,4000,40,0.92975,0.9214107638309295,0.9372645946485751,0.85899375,0.97926875,0.48361564979282434,research/results/p2b_awqpe_baseline_mc/20260926T204053Z,PRELIMINARY (dev split)
2-2-2-2,1024,awqpe_ablate_special@0.7,all_but_S1,16600,166,0.969578313253012,0.9668550905245717,0.9720842530368546,0.9441701807228916,0.9903027108433735,0.07323539850298744,research/results/p2b_awqpe_baseline_mc/20260926T204053Z,PRELIMINARY (dev split)
2-2-2-2,1024,awqpe_ablate_special@0.8,S1,4000,40,0.92025,0.9114458380952009,0.9282477498070956,0.84923125,0.97575,0.48361564979282434,research/results/p2b_awqpe_baseline_mc/20260926T204053Z,PRELIMINARY (dev split)
2-2-2-2,1024,awqpe_ablate_special@0.8,all_but_S1,16600,166,0.9419277108433735,0.9382665618561528,0.9453843713531638,0.9077093373493976,0.9701234939759036,0.07323539850298744,research/results/p2b_awqpe_baseline_mc/20260926T204053Z,PRELIMINARY (dev split)
2-2-2-2,1024,awqpe_ablate_special@0.9,S1,4000,40,0.90125,0.8916163930968832,0.9101136536509964,0.81888125,0.9662999999999999,0.4850684743972522,research/results/p2b_awqpe_baseline_mc/20260926T204053Z,PRELIMINARY (dev split)
2-2-2-2,1024,awqpe_ablate_special@0.9,all_but_S1,16600,166,0.8789759036144579,0.8739264606907092,0.8838499870764408,0.8332394578313252,0.9148539156626505,0.08349444889006463,research/results/p2b_awqpe_baseline_mc/20260926T204053Z,PRELIMINARY (dev split)
2-2-2-2,1024,awqpe_ablate_special@0.95,S1,4000,40,0.893,0.8830407708437359,0.9022051067186733,0.8056875,0.9625,0.4850684743972522,research/results/p2b_awqpe_baseline_mc/20260926T204053Z,PRELIMINARY (dev split)
2-2-2-2,1024,awqpe_ablate_special@0.95,all_but_S1,16600,166,0.8207831325301205,0.8148746989725798,0.8265431335437249,0.7701566265060242,0.864394578313253,0.0965992951887813,research/results/p2b_awqpe_baseline_mc/20260926T204053Z,PRELIMINARY (dev split)
2-2-2-2,1024,likelihood,S1,4000,40,1.0,0.9990405566951769,0.9999999999999999,1.0,1.0,0.015568099676613656,research/results/p2b_awqpe_baseline_mc/20260926T204053Z,PRELIMINARY (dev split)
2-2-2-2,1024,likelihood,all_but_S1,16600,166,1.0,0.9997686403540524,1.0,1.0,1.0,0.013704625108687196,research/results/p2b_awqpe_baseline_mc/20260926T204053Z,PRELIMINARY (dev split)
2-2-2-2,10240,awqpe@0.5,S1,4000,40,0.81225,0.7998506288756537,0.8240501987804845,0.6749875000000001,0.925,0.49095471938651514,research/results/p2b_awqpe_baseline_mc/20260926T204053Z,PRELIMINARY (dev split)
2-2-2-2,10240,awqpe@0.5,all_but_S1,16600,166,0.9913253012048193,0.9897965358327088,0.9926267208814663,0.9767469879518071,1.0,0.07057634700483106,research/results/p2b_awqpe_baseline_mc/20260926T204053Z,PRELIMINARY (dev split)
2-2-2-2,10240,awqpe@0.7,S1,4000,40,0.81225,0.7998506288756537,0.8240501987804845,0.6749875000000001,0.925,0.49095471938651514,research/results/p2b_awqpe_baseline_mc/20260926T204053Z,PRELIMINARY (dev split)
2-2-2-2,10240,awqpe@0.7,all_but_S1,16600,166,0.9546385542168675,0.9513663813178844,0.9577003570859751,0.9243313253012049,0.9830813253012047,0.07057634700483106,research/results/p2b_awqpe_baseline_mc/20260926T204053Z,PRELIMINARY (dev split)
2-2-2-2,10240,awqpe@0.8,S1,4000,40,0.81,0.797547458932059,0.8218576862189508,0.67348125,0.9205187499999999,0.49095471938651514,research/results/p2b_awqpe_baseline_mc/20260926T204053Z,PRELIMINARY (dev split)
2-2-2-2,10240,awqpe@0.8,all_but_S1,16600,166,0.9390361445783133,0.9352938243245722,0.9425753143381187,0.9025240963855422,0.9737530120481926,0.07057634700483106,research/results/p2b_awqpe_baseline_mc/20260926T204053Z,PRELIMINARY (dev split)
2-2-2-2,10240,awqpe@0.9,S1,4000,40,0.8095,0.7970357317164322,0.8213703728778824,0.6729812500000001,0.9195187499999999,0.49095471938651514,research/results/p2b_awqpe_baseline_mc/20260926T204053Z,PRELIMINARY (dev split)
2-2-2-2,10240,awqpe@0.9,all_but_S1,16600,166,0.8882530120481927,0.8833701979318995,0.8929561740056748,0.8378689759036144,0.9310843373493976,0.07919438592190886,research/results/p2b_awqpe_baseline_mc/20260926T204053Z,PRELIMINARY (dev split)
2-2-2-2,10240,awqpe@0.95,S1,4000,40,0.7945,0.7816983422840365,0.8067365456094229,0.65795,0.90001875,0.49095471938651514,research/results/p2b_awqpe_baseline_mc/20260926T204053Z,PRELIMINARY (dev split)
2-2-2-2,10240,awqpe@0.95,all_but_S1,16600,166,0.8616265060240964,0.8562901126084366,0.8667955678789583,0.8051686746987952,0.9090436746987951,0.08349444889006463,research/results/p2b_awqpe_baseline_mc/20260926T204053Z,PRELIMINARY (dev split)
2-2-2-2,10240,awqpe_ablate_special@0.5,S1,4000,40,0.95025,0.9430693635974393,0.9565666577065678,0.8797124999999999,0.99875625,0.4816588893288838,research/results/p2b_awqpe_baseline_mc/20260926T204053Z,PRELIMINARY (dev split)
2-2-2-2,10240,awqpe_ablate_special@0.5,all_but_S1,16600,166,0.9939759036144579,0.9926790786722638,0.9950441563763183,0.9819277108433735,1.0,0.07057634700483106,research/results/p2b_awqpe_baseline_mc/20260926T204053Z,PRELIMINARY (dev split)
2-2-2-2,10240,awqpe_ablate_special@0.7,S1,4000,40,0.95025,0.9430693635974393,0.9565666577065678,0.8797124999999999,0.99875625,0.4816588893288838,research/results/p2b_awqpe_baseline_mc/20260926T204053Z,PRELIMINARY (dev split)
2-2-2-2,10240,awqpe_ablate_special@0.7,all_but_S1,16600,166,0.9731927710843373,0.9706240587452611,0.9755425279994475,0.9490286144578315,0.9939759036144579,0.07057634700483106,research/results/p2b_awqpe_baseline_mc/20260926T204053Z,PRELIMINARY (dev split)
2-2-2-2,10240,awqpe_ablate_special@0.8,S1,4000,40,0.9385,0.9306258345291759,0.9455327336924945,0.8665,0.9977499999999999,0.48361564979282434,research/results/p2b_awqpe_baseline_mc/20260926T204053Z,PRELIMINARY (dev split)
2-2-2-2,10240,awqpe_ablate_special@0.8,all_but_S1,16600,166,0.9452409638554217,0.9416758874230593,0.9486000187042662,0.9039728915662651,0.975421686746988,0.07057634700483106,research/results/p2b_awqpe_baseline_mc/20260926T204053Z,PRELIMINARY (dev split)
2-2-2-2,10240,awqpe_ablate_special@0.9,S1,4000,40,0.92525,0.9166857779863827,0.9329982154828654,0.83448125,0.9977499999999999,0.4843420620950383,research/results/p2b_awqpe_baseline_mc/20260926T204053Z,PRELIMINARY (dev split)
2-2-2-2,10240,awqpe_ablate_special@0.9,all_but_S1,16600,166,0.8962650602409639,0.8915345404082855,0.9008122205855646,0.8454021084337349,0.941085843373494,0.07919438592190886,research/results/p2b_awqpe_baseline_mc/20260926T204053Z,PRELIMINARY (dev split)
2-2-2-2,10240,awqpe_ablate_special@0.95,S1,4000,40,0.90875,0.8994295502151167,0.9172861048831905,0.82021875,0.9807562500000001,0.4850684743972522,research/results/p2b_awqpe_baseline_mc/20260926T204053Z,PRELIMINARY (dev split)
2-2-2-2,10240,awqpe_ablate_special@0.95,all_but_S1,16600,166,0.8524698795180723,0.8469935576896933,0.8577831067333864,0.7965572289156626,0.8994006024096386,0.08511485839980537,research/results/p2b_awqpe_baseline_mc/20260926T204053Z,PRELIMINARY (dev split)
2-2-2-2,10240,likelihood,S1,4000,40,1.0,0.9990405566951769,0.9999999999999999,1.0,1.0,0.015249812639680727,research/results/p2b_awqpe_baseline_mc/20260926T204053Z,PRELIMINARY (dev split)
2-2-2-2,10240,likelihood,all_but_S1,16600,166,1.0,0.9997686403540524,1.0,1.0,1.0,0.014809766118759171,research/results/p2b_awqpe_baseline_mc/20260926T204053Z,PRELIMINARY (dev split)
3-2-3,16,awqpe@0.5,S1,4000,40,0.9585,0.9518667107005561,0.9642534797889213,0.9305,0.9787562500000001,0.49757449899853157,research/results/p2b_awqpe_baseline_mc/20260926T204053Z,PRELIMINARY (dev split)
3-2-3,16,awqpe@0.5,all_but_S1,16600,166,0.936566265060241,0.9327564535749185,0.9401740689125294,0.9232695783132528,0.9476566265060241,0.08472207065489101,research/results/p2b_awqpe_baseline_mc/20260926T204053Z,PRELIMINARY (dev split)
3-2-3,16,awqpe@0.7,S1,4000,40,0.93625,0.9282524941707982,0.9434103915457438,0.894475,0.9690062500000001,0.497946716271656,research/results/p2b_awqpe_baseline_mc/20260926T204053Z,PRELIMINARY (dev split)
3-2-3,16,awqpe@0.7,all_but_S1,16600,166,0.8886746987951807,0.8837996990021464,0.8933698513068109,0.8663207831325301,0.9082560240963857,0.09025937851299659,research/results/p2b_awqpe_baseline_mc/20260926T204053Z,PRELIMINARY (dev split)
3-2-3,16,awqpe@0.8,S1,4000,40,0.915,0.9059543318777343,0.9232493301792628,0.86349375,0.9567687499999998,0.49834427888677624,research/results/p2b_awqpe_baseline_mc/20260926T204053Z,PRELIMINARY (dev split)
3-2-3,16,awqpe@0.8,all_but_S1,16600,166,0.8489759036144578,0.843448102602886,0.8543422267430206,0.8190768072289156,0.8744728915662648,0.09733186728649912,research/results/p2b_awqpe_baseline_mc/20260926T204053Z,PRELIMINARY (dev split)
3-2-3,16,awqpe@0.9,S1,4000,40,0.8905,0.880445696442397,0.8998049783365363,0.8324874999999999,0.93925,0.4985411562013553,research/results/p2b_awqpe_baseline_mc/20260926T204053Z,PRELIMINARY (dev split)
3-2-3,16,awqpe@0.9,all_but_S1,16600,166,0.8060240963855422,0.799938486320021,0.8119681031978809,0.7685542168674698,0.837230421686747,0.11273062867729777,research/results/p2b_awqpe_baseline_mc/20260926T204053Z,PRELIMINARY (dev split)
3-2-3,16,awqpe@0.95,S1,4000,40,0.8905,0.880445696442397,0.8998049783365363,0.8324874999999999,0.93925,0.4985411562013553,research/results/p2b_awqpe_baseline_mc/20260926T204053Z,PRELIMINARY (dev split)
3-2-3,16,awqpe@0.95,all_but_S1,16600,166,0.8060240963855422,0.799938486320021,0.8119681031978809,0.7685542168674698,0.837230421686747,0.11273062867729777,research/results/p2b_awqpe_baseline_mc/20260926T204053Z,PRELIMINARY (dev split)
3-2-3,16,awqpe_ablate_special@0.5,S1,4000,40,0.943,0.9353811018372036,0.9497688313947232,0.91224375,0.9665062499999999,0.49757449899853157,research/results/p2b_awqpe_baseline_mc/20260926T204053Z,PRELIMINARY (dev split)
3-2-3,16,awqpe_ablate_special@0.5,all_but_S1,16600,166,0.9405421686746988,0.936841825782949,0.9440386642061094,0.9269111445783134,0.9516310240963858,0.08472207065489101,research/results/p2b_awqpe_baseline_mc/20260926T204053Z,PRELIMINARY (dev split)
3-2-3,16,awqpe_ablate_special@0.7,S1,4000,40,0.90975,0.9004726357099985,0.9182411005016992,0.86645625,0.9465125,0.49834427888677624,research/results/p2b_awqpe_baseline_mc/20260926T204053Z,PRELIMINARY (dev split)
3-2-3,16,awqpe_ablate_special@0.7,all_but_S1,16600,166,0.8956024096385542,0.8908589791901661,0.9001627872200822,0.8742484939759037,0.9156069277108431,0.09025937851299659,research/results/p2b_awqpe_baseline_mc/20260926T204053Z,PRELIMINARY (dev split)
3-2-3,16,awqpe_ablate_special@0.8,S1,4000,40,0.884,0.873705804675507,0.8935573428663891,0.82821875,0.9317562500000001,0.4985411562013553,research/results/p2b_awqpe_baseline_mc/20260926T204053Z,PRELIMINARY (dev split)
3-2-3,16,awqpe_ablate_special@0.8,all_but_S1,16600,166,0.8552409638554217,0.8498062086084843,0.8605113422551118,0.8255707831325302,0.8807861445783131,0.09925395749021959,research/results/p2b_awqpe_baseline_mc/20260926T204053Z,PRELIMINARY (dev split)
3-2-3,16,awqpe_ablate_special@0.9,S1,4000,40,0.86275,0.8517374811353638,0.8730664427469871,0.8002500000000001,0.9180562499999999,0.49907053735498863,research/results/p2b_awqpe_baseline_mc/20260926T204053Z,PRELIMINARY (dev split)
3-2-3,16,awqpe_ablate_special@0.9,all_but_S1,16600,166,0.810421686746988,0.8043874119645122,0.8163123234263834,0.7740662650602409,0.8413915662650603,0.12511093130484596,research/results/p2b_awqpe_baseline_mc/20260926T204053Z,PRELIMINARY (dev split)
3-2-3,16,awqpe_ablate_special@0.95,S1,4000,40,0.86275,0.8517374811353638,0.8730664427469871,0.8002500000000001,0.9180562499999999,0.49907053735498863,research/results/p2b_awqpe_baseline_mc/20260926T204053Z,PRELIMINARY (dev split)
3-2-3,16,awqpe_ablate_special@0.95,all_but_S1,16600,166,0.810421686746988,0.8043874119645122,0.8163123234263834,0.7740662650602409,0.8413915662650603,0.12511093130484596,research/results/p2b_awqpe_baseline_mc/20260926T204053Z,PRELIMINARY (dev split)
3-2-3,16,likelihood,S1,4000,40,0.99575,0.9932039595623435,0.9973447524009246,0.9932500000000001,0.9977500000000001,0.05036946024847566,research/results/p2b_awqpe_baseline_mc/20260926T204053Z,PRELIMINARY (dev split)
3-2-3,16,likelihood,all_but_S1,16600,166,0.9933734939759036,0.9920200020997276,0.9944986924183072,0.9918659638554215,0.9948207831325301,0.04038821191184638,research/results/p2b_awqpe_baseline_mc/20260926T204053Z,PRELIMINARY (dev split)
3-2-3,32,awqpe@0.5,S1,4000,40,0.98325,0.9787842915805656,0.986788406465323,0.9647437500000001,0.9964999999999999,0.49394085260033194,research/results/p2b_awqpe_baseline_mc/20260926T204053Z,PRELIMINARY (dev split)
3-2-3,32,awqpe@0.5,all_but_S1,16600,166,0.9755421686746988,0.9730800709015965,0.9777842239122456,0.9673388554216866,0.9825316265060241,0.08433096057783018,research/results/p2b_awqpe_baseline_mc/20260926T204053Z,PRELIMINARY (dev split)
3-2-3,32,awqpe@0.7,S1,4000,40,0.9565,0.9497286020345885,0.9623954262281083,0.914475,0.98675,0.49477626836227273,research/results/p2b_awqpe_baseline_mc/20260926T204053Z,PRELIMINARY (dev split)
3-2-3,32,awqpe@0.7,all_but_S1,16600,166,0.9254819277108434,0.9213878109260443,0.929379165799338,0.9049246987951807,0.9426581325301207,0.08472207065489101,research/results/p2b_awqpe_baseline_mc/20260926T204053Z,PRELIMINARY (dev split)
3-2-3,32,awqpe@0.8,S1,4000,40,0.93675,0.928779667352664,0.9438822589205731,0.886425,0.9757625,0.49557751800881533,research/results/p2b_awqpe_baseline_mc/20260926T204053Z,PRELIMINARY (dev split)
3-2-3,32,awqpe@0.8,all_but_S1,16600,166,0.8804819277108433,0.875458868150628,0.8853289309428894,0.8507093373493976,0.905914156626506,0.09025937851299659,research/results/p2b_awqpe_baseline_mc/20260926T204053Z,PRELIMINARY (dev split)
3-2-3,32,awqpe@0.9,S1,4000,40,0.91975,0.9109223915455307,0.9277721558000704,0.85995625,0.96675625,0.49757449899853157,research/results/p2b_awqpe_baseline_mc/20260926T204053Z,PRELIMINARY (dev split)
3-2-3,32,awqpe@0.9,all_but_S1,16600,166,0.8442168674698796,0.8386205686521838,0.8496538905024013,0.809078313253012,0.8736972891566264,0.09733186728649912,research/results/p2b_awqpe_baseline_mc/20260926T204053Z,PRELIMINARY (dev split)
3-2-3,32,awqpe@0.95,S1,4000,40,0.90225,0.8926571649438271,0.9110709629174429,0.8302312500000001,0.9572624999999999,0.497946716271656,research/results/p2b_awqpe_baseline_mc/20260926T204053Z,PRELIMINARY (dev split)
3-2-3,32,awqpe@0.95,all_but_S1,16600,166,0.8146987951807229,0.808715619982501,0.8205363531752785,0.7752018072289156,0.8500045180722892,0.09992595700216356,research/results/p2b_awqpe_baseline_mc/20260926T204053Z,PRELIMINARY (dev split)
3-2-3,32,awqpe_ablate_special@0.5,S1,4000,40,0.96775,0.961810722355473,0.9727917184328652,0.9452375000000001,0.9865,0.49435463753142983,research/results/p2b_awqpe_baseline_mc/20260926T204053Z,PRELIMINARY (dev split)
3-2-3,32,awqpe_ablate_special@0.5,all_but_S1,16600,166,0.9796385542168675,0.9773764896840712,0.981678680737491,0.9725828313253011,0.9856024096385542,0.08433096057783018,research/results/p2b_awqpe_baseline_mc/20260926T204053Z,PRELIMINARY (dev split)
3-2-3,32,awqpe_ablate_special@0.7,S1,4000,40,0.93275,0.9245659007159531,0.9401037011037227,0.8932437499999999,0.96900625,0.49557751800881533,research/results/p2b_awqpe_baseline_mc/20260926T204053Z,PRELIMINARY (dev split)
3-2-3,32,awqpe_ablate_special@0.7,all_but_S1,16600,166,0.9332530120481928,0.9293551620244908,0.9369503875449484,0.9153403614457831,0.9496445783132529,0.08472207065489101,research/results/p2b_awqpe_baseline_mc/20260926T204053Z,PRELIMINARY (dev split)
3-2-3,32,awqpe_ablate_special@0.8,S1,4000,40,0.91175,0.9025597953066101,0.9201501031318681,0.8627124999999999,0.9565187500000001,0.49757449899853157,research/results/p2b_awqpe_baseline_mc/20260926T204053Z,PRELIMINARY (dev split)
3-2-3,32,awqpe_ablate_special@0.8,all_but_S1,16600,166,0.8914457831325301,0.8866226798462437,0.8960877569032301,0.8665,0.9151219879518072,0.0931337930364009,research/results/p2b_awqpe_baseline_mc/20260926T204053Z,PRELIMINARY (dev split)
3-2-3,32,awqpe_ablate_special@0.9,S1,4000,40,0.89075,0.8807051317900759,0.9000450632672051,0.83559375,0.9415062499999999,0.497946716271656,research/results/p2b_awqpe_baseline_mc/20260926T204053Z,PRELIMINARY (dev split)
3-2-3,32,awqpe_ablate_special@0.9,all_but_S1,16600,166,0.8575301204819277,0.8521302074832079,0.8627645973964669,0.8258072289156625,0.8861475903614457,0.09733186728649912,research/results/p2b_awqpe_baseline_mc/20260926T204053Z,PRELIMINARY (dev split)
3-2-3,32,awqpe_ablate_special@0.95,S1,4000,40,0.8765,0.8659413156779854,0.8863362235134828,0.8154687499999999,0.9312874999999999,0.497946716271656,research/results/p2b_awqpe_baseline_mc/20260926T204053Z,PRELIMINARY (dev split)
3-2-3,32,awqpe_ablate_special@0.95,all_but_S1,16600,166,0.8307228915662651,0.8249419741599466,0.8363507771103846,0.7947469879518072,0.8641009036144578,0.09992595700216356,research/results/p2b_awqpe_baseline_mc/20260926T204053Z,PRELIMINARY (dev split)
3-2-3,32,likelihood,S1,4000,40,1.0,0.9990405566951769,0.9999999999999999,1.0,1.0,0.03474080586209993,research/results/p2b_awqpe_baseline_mc/20260926T204053Z,PRELIMINARY (dev split)
3-2-3,32,likelihood,all_but_S1,16600,166,0.9999397590361446,0.9996588203893636,0.999989365911634,0.9998192771084338,1.0,0.028309712982178326,research/results/p2b_awqpe_baseline_mc/20260926T204053Z,PRELIMINARY (dev split)
3-2-3,64,awqpe@0.5,S1,4000,40,0.9845,0.9801806781915232,0.9878896212461035,0.9650000000000001,0.9977499999999999,0.4899076220079337,research/results/p2b_awqpe_baseline_mc/20260926T204053Z,PRELIMINARY (dev split)
3-2-3,64,awqpe@0.5,all_but_S1,16600,166,0.9922891566265061,0.9908398978041038,0.9935106237589466,0.9882530120481928,0.995421686746988,0.08384968956613648,research/results/p2b_awqpe_baseline_mc/20260926T204053Z,PRELIMINARY (dev split)
3-2-3,64,awqpe@0.7,S1,4000,40,0.9565,0.9497286020345885,0.9623954262281083,0.9072125,0.9905000000000002,0.49296847180201553,research/results/p2b_awqpe_baseline_mc/20260926T204053Z,PRELIMINARY (dev split)
3-2-3,64,awqpe@0.7,all_but_S1,16600,166,0.9479518072289157,0.944467956886079,0.9512283816287084,0.9306626506024097,0.9627771084337349,0.08442037384190826,research/results/p2b_awqpe_baseline_mc/20260926T204053Z,PRELIMINARY (dev split)
3-2-3,64,awqpe@0.8,S1,4000,40,0.94025,0.9324737025589152,0.9471815076111882,0.8727374999999999,0.9835,0.49394085260033194,research/results/p2b_awqpe_baseline_mc/20260926T204053Z,PRELIMINARY (dev split)
3-2-3,64,awqpe@0.8,all_but_S1,16600,166,0.9062650602409639,0.9017368210688511,0.9106053127320802,0.8781445783132532,0.9306731927710844,0.08932622118724609,research/results/p2b_awqpe_baseline_mc/20260926T204053Z,PRELIMINARY (dev split)
3-2-3,64,awqpe@0.9,S1,4000,40,0.925,0.9164235371722754,0.9327609360186252,0.85336875,0.9767625,0.49394085260033194,research/results/p2b_awqpe_baseline_mc/20260926T204053Z,PRELIMINARY (dev split)
3-2-3,64,awqpe@0.9,all_but_S1,16600,166,0.857710843373494,0.8523137008194364,0.8629424662194027,0.8192981927710843,0.8910978915662652,0.09460546152672578,research/results/p2b_awqpe_baseline_mc/20260926T204053Z,PRELIMINARY (dev split)
3-2-3,64,awqpe@0.95,S1,4000,40,0.92125,0.9124930228626674,0.9291986461530194,0.84933125,0.9742562499999999,0.49394085260033194,research/results/p2b_awqpe_baseline_mc/20260926T204053Z,PRELIMINARY (dev split)
3-2-3,64,awqpe@0.95,all_but_S1,16600,166,0.838855421686747,0.8331841135463706,0.8443699348863457,0.7965617469879519,0.8748689759036142,0.09925395749021959,research/results/p2b_awqpe_baseline_mc/20260926T204053Z,PRELIMINARY (dev split)
3-2-3,64,awqpe_ablate_special@0.5,S1,4000,40,0.9795,0.9746266680497102,0.9834532258209647,0.9642375000000001,0.99175,0.4899076220079337,research/results/p2b_awqpe_baseline_mc/20260926T204053Z,PRELIMINARY (dev split)
3-2-3,64,awqpe_ablate_special@0.5,all_but_S1,16600,166,0.9936144578313253,0.992283306206523,0.9947172045237307,0.9893313253012048,0.9969879518072289,0.08384968956613648,research/results/p2b_awqpe_baseline_mc/20260926T204053Z,PRELIMINARY (dev split)
3-2-3,64,awqpe_ablate_special@0.7,S1,4000,40,0.93125,0.9229877971886662,0.9386846829609241,0.8802000000000002,0.9710375,0.49296847180201553,research/results/p2b_awqpe_baseline_mc/20260926T204053Z,PRELIMINARY (dev split)
3-2-3,64,awqpe_ablate_special@0.7,all_but_S1,16600,166,0.9572289156626506,0.9540436099737712,0.9602026527114405,0.9398584337349397,0.9709126506024097,0.08442037384190826,research/results/p2b_awqpe_baseline_mc/20260926T204053Z,PRELIMINARY (dev split)
3-2-3,64,awqpe_ablate_special@0.8,S1,4000,40,0.9135,0.9043871675243111,0.9218193728626003,0.8507375,0.9635125000000001,0.49394085260033194,research/results/p2b_awqpe_baseline_mc/20260926T204053Z,PRELIMINARY (dev split)
3-2-3,64,awqpe_ablate_special@0.8,all_but_S1,16600,166,0.9228915662650602,0.9187349388274786,0.9268525136165513,0.8987424698795182,0.9439834337349399,0.08932622118724609,research/results/p2b_awqpe_baseline_mc/20260926T204053Z,PRELIMINARY (dev split)
3-2-3,64,awqpe_ablate_special@0.9,S1,4000,40,0.89525,0.8853777329815514,0.9043638270859861,0.82245625,0.9535625,0.49435463753142983,research/results/p2b_awqpe_baseline_mc/20260926T204053Z,PRELIMINARY (dev split)
3-2-3,64,awqpe_ablate_special@0.9,all_but_S1,16600,166,0.8777710843373494,0.8727007137765947,0.8826666529294611,0.8455813253012049,0.908676204819277,0.09460546152672578,research/results/p2b_awqpe_baseline_mc/20260926T204053Z,PRELIMINARY (dev split)
3-2-3,64,awqpe_ablate_special@0.95,S1,4000,40,0.89,0.8799268732316808,0.8993247609905574,0.81690625,0.9507562499999999,0.49435463753142983,research/results/p2b_awqpe_baseline_mc/20260926T204053Z,PRELIMINARY (dev split)
3-2-3,64,awqpe_ablate_special@0.95,all_but_S1,16600,166,0.8599397590361446,0.854577026121289,0.8651359408805741,0.8239156626506023,0.8942906626506023,0.09925395749021959,research/results/p2b_awqpe_baseline_mc/20260926T204053Z,PRELIMINARY (dev split)
3-2-3,64,likelihood,S1,4000,40,1.0,0.9990405566951769,0.9999999999999999,1.0,1.0,0.022625530851428266,research/results/p2b_awqpe_baseline_mc/20260926T204053Z,PRELIMINARY (dev split)
3-2-3,64,likelihood,all_but_S1,16600,166,1.0,0.9997686403540524,1.0,1.0,1.0,0.021802320891765703,research/results/p2b_awqpe_baseline_mc/20260926T204053Z,PRELIMINARY (dev split)
3-2-3,128,awqpe@0.5,S1,4000,40,0.99375,0.9907896189005823,0.9957629308359051,0.9852500000000001,1.0,0.4884109402796355,research/results/p2b_awqpe_baseline_mc/20260926T204053Z,PRELIMINARY (dev split)
3-2-3,128,awqpe@0.5,all_but_S1,16600,166,0.998132530120482,0.99735054975167,0.9986840149576867,0.9964442771084335,0.999277108433735,0.08384968956613648,research/results/p2b_awqpe_baseline_mc/20260926T204053Z,PRELIMINARY (dev split)
3-2-3,128,awqpe@0.7,S1,4000,40,0.96175,0.9553495237205679,0.9672644303874282,0.909475,0.999,0.48951328650889536,research/results/p2b_awqpe_baseline_mc/20260926T204053Z,PRELIMINARY (dev split)
3-2-3,128,awqpe@0.7,all_but_S1,16600,166,0.9691566265060241,0.9664160495112905,0.971680115678753,0.9536731927710843,0.9812725903614459,0.08384968956613648,research/results/p2b_awqpe_baseline_mc/20260926T204053Z,PRELIMINARY (dev split)
3-2-3,128,awqpe@0.8,S1,4000,40,0.94775,0.9404141714499024,0.9542266470706287,0.88274375,0.99175,0.48951328650889536,research/results/p2b_awqpe_baseline_mc/20260926T204053Z,PRELIMINARY (dev split)
3-2-3,128,awqpe@0.8,all_but_S1,16600,166,0.9283734939759036,0.9243508224461229,0.9321979488258852,0.8997545180722892,0.9508629518072289,0.08442037384190826,research/results/p2b_awqpe_baseline_mc/20260926T204053Z,PRELIMINARY (dev split)
3-2-3,128,awqpe@0.9,S1,4000,40,0.934,0.9258818283874621,0.9412853748239516,0.859725,0.983,0.4899076220079337,research/results/p2b_awqpe_baseline_mc/20260926T204053Z,PRELIMINARY (dev split)
3-2-3,128,awqpe@0.9,all_but_S1,16600,166,0.8756024096385542,0.8704947635578622,0.8805362572382243,0.8358418674698794,0.9097123493975903,0.09025937851299659,research/results/p2b_awqpe_baseline_mc/20260926T204053Z,PRELIMINARY (dev split)
3-2-3,128,awqpe@0.95,S1,4000,40,0.925,0.9164235371722754,0.9327609360186252,0.8443812500000001,0.9797499999999999,0.49234194422550104,research/results/p2b_awqpe_baseline_mc/20260926T204053Z,PRELIMINARY (dev split)
3-2-3,128,awqpe@0.95,all_but_S1,16600,166,0.8421686746987952,0.8365434553702185,0.8476355659805066,0.7973463855421687,0.8815662650602409,0.09733186728649912,research/results/p2b_awqpe_baseline_mc/20260926T204053Z,PRELIMINARY (dev split)
3-2-3,128,awqpe_ablate_special@0.5,S1,4000,40,0.98675,0.9827105577730496,0.9898554241697054,0.97499375,0.9957624999999999,0.4884109402796355,research/results/p2b_awqpe_baseline_mc/20260926T204053Z,PRELIMINARY (dev split)
3-2-3,128,awqpe_ablate_special@0.5,all_but_S1,16600,166,0.9985542168674699,0.9978495356347515,0.9990282074459881,0.9971671686746988,0.9994593373493977,0.08384968956613648,research/results/p2b_awqpe_baseline_mc/20260926T204053Z,PRELIMINARY (dev split)
3-2-3,128,awqpe_ablate_special@0.7,S1,4000,40,0.933,0.9248290243203396,0.9403400977776839,0.8772312500000001,0.9785,0.4899076220079337,research/results/p2b_awqpe_baseline_mc/20260926T204053Z,PRELIMINARY (dev split)
3-2-3,128,awqpe_ablate_special@0.7,all_but_S1,16600,166,0.9749397590361446,0.9724498130620949,0.9772099412212003,0.9601566265060241,0.9865075301204819,0.08384968956613648,research/results/p2b_awqpe_baseline_mc/20260926T204053Z,PRELIMINARY (dev split)
3-2-3,128,awqpe_ablate_special@0.8,S1,4000,40,0.914,0.9049094679227667,0.92229611302084,0.84568125,0.97051875,0.49234194422550104,research/results/p2b_awqpe_baseline_mc/20260926T204053Z,PRELIMINARY (dev split)
3-2-3,128,awqpe_ablate_special@0.8,all_but_S1,16600,166,0.9452409638554217,0.9416758874230593,0.9486000187042662,0.9224548192771084,0.9642243975903615,0.08461178808815362,research/results/p2b_awqpe_baseline_mc/20260926T204053Z,PRELIMINARY (dev split)
3-2-3,128,awqpe_ablate_special@0.9,S1,4000,40,0.90225,0.8926571649438271,0.9110709629174429,0.8274624999999999,0.96425625,0.49296847180201553,research/results/p2b_awqpe_baseline_mc/20260926T204053Z,PRELIMINARY (dev split)
3-2-3,128,awqpe_ablate_special@0.9,all_but_S1,16600,166,0.8987349397590362,0.8940530638435374,0.9032323133255559,0.8694156626506023,0.9269894578313254,0.09025937851299659,research/results/p2b_awqpe_baseline_mc/20260926T204053Z,PRELIMINARY (dev split)
3-2-3,128,awqpe_ablate_special@0.95,S1,4000,40,0.896,0.8861570208245481,0.9050831000780323,0.8172437499999999,0.9600249999999999,0.49296847180201553,research/results/p2b_awqpe_baseline_mc/20260926T204053Z,PRELIMINARY (dev split)
3-2-3,128,awqpe_ablate_special@0.95,all_but_S1,16600,166,0.8696987951807229,0.8644921643534715,0.8747343592432537,0.8347756024096384,0.9033554216867469,0.09733186728649912,research/results/p2b_awqpe_baseline_mc/20260926T204053Z,PRELIMINARY (dev split)
3-2-3,128,likelihood,S1,4000,40,1.0,0.9990405566951769,0.9999999999999999,1.0,1.0,0.019420059608421525,research/results/p2b_awqpe_baseline_mc/20260926T204053Z,PRELIMINARY (dev split)
3-2-3,128,likelihood,all_but_S1,16600,166,1.0,0.9997686403540524,1.0,1.0,1.0,0.01669636562169785,research/results/p2b_awqpe_baseline_mc/20260926T204053Z,PRELIMINARY (dev split)
3-2-3,256,awqpe@0.5,S1,4000,40,0.99675,0.9944471414957781,0.9980996515808804,0.9922375,1.0,0.48786946024847566,research/results/p2b_awqpe_baseline_mc/20260926T204053Z,PRELIMINARY (dev split)
3-2-3,256,awqpe@0.5,all_but_S1,16600,166,0.9997590361445783,0.9993805341427497,0.9999062899990838,0.9995180722891567,0.9999397590361446,0.08308176867247141,research/results/p2b_awqpe_baseline_mc/20260926T204053Z,PRELIMINARY (dev split)
3-2-3,256,awqpe@0.7,S1,4000,40,0.95575,0.9489277577477495,0.9616977096799044,0.89549375,0.9977499999999999,0.4884109402796355,research/results/p2b_awqpe_baseline_mc/20260926T204053Z,PRELIMINARY (dev split)
3-2-3,256,awqpe@0.7,all_but_S1,16600,166,0.9785542168674699,0.976237248521724,0.9806497489448535,0.9640933734939758,0.9895783132530119,0.08384968956613648,research/results/p2b_awqpe_baseline_mc/20260926T204053Z,PRELIMINARY (dev split)
3-2-3,256,awqpe@0.8,S1,4000,40,0.93525,0.9271985424781094,0.9424662621250423,0.8552375000000001,0.9884999999999999,0.4887588759361847,research/results/p2b_awqpe_baseline_mc/20260926T204053Z,PRELIMINARY (dev split)
3-2-3,256,awqpe@0.8,all_but_S1,16600,166,0.9431927710843373,0.939567905040285,0.9466125632831803,0.9148027108433736,0.9667484939759038,0.08384968956613648,research/results/p2b_awqpe_baseline_mc/20260926T204053Z,PRELIMINARY (dev split)
3-2-3,256,awqpe@0.9,S1,4000,40,0.9165,0.9075222962687495,0.9246784874583329,0.82594375,0.97875,0.48951328650889536,research/results/p2b_awqpe_baseline_mc/20260926T204053Z,PRELIMINARY (dev split)
3-2-3,256,awqpe@0.9,all_but_S1,16600,166,0.8905421686746988,0.8857020376726766,0.8952015882809766,0.8496219879518074,0.9256701807228918,0.08932622118724609,research/results/p2b_awqpe_baseline_mc/20260926T204053Z,PRELIMINARY (dev split)
3-2-3,256,awqpe@0.95,S1,4000,40,0.91125,0.9020378802754135,0.9196729776063696,0.8182062500000001,0.97875,0.48951328650889536,research/results/p2b_awqpe_baseline_mc/20260926T204053Z,PRELIMINARY (dev split)
3-2-3,256,awqpe@0.95,all_but_S1,16600,166,0.8597590361445783,0.8543934965521256,0.8649581082905733,0.8132424698795181,0.8994668674698795,0.0931337930364009,research/results/p2b_awqpe_baseline_mc/20260926T204053Z,PRELIMINARY (dev split)
3-2-3,256,awqpe_ablate_special@0.5,S1,4000,40,0.993,0.9899015755010171,0.9951524134004276,0.9864812500000001,0.9984999999999999,0.48786946024847566,research/results/p2b_awqpe_baseline_mc/20260926T204053Z,PRELIMINARY (dev split)
3-2-3,256,awqpe_ablate_special@0.5,all_but_S1,16600,166,0.9997590361445783,0.9993805341427497,0.9999062899990838,0.9993975903614458,1.0,0.08308176867247141,research/results/p2b_awqpe_baseline_mc/20260926T204053Z,PRELIMINARY (dev split)
3-2-3,256,awqpe_ablate_special@0.7,S1,4000,40,0.92725,0.9187846683028348,0.9348954873931942,0.8654187500000001,0.9805062499999999,0.4884109402796355,research/results/p2b_awqpe_baseline_mc/20260926T204053Z,PRELIMINARY (dev split)
3-2-3,256,awqpe_ablate_special@0.7,all_but_S1,16600,166,0.9850602409638555,0.9830993930271523,0.9867966421693333,0.9723313253012049,0.9948810240963857,0.08384968956613648,research/results/p2b_awqpe_baseline_mc/20260926T204053Z,PRELIMINARY (dev split)
3-2-3,256,awqpe_ablate_special@0.8,S1,4000,40,0.9105,0.9012551647342744,0.9189571323124659,0.8317124999999999,0.97575625,0.48951328650889536,research/results/p2b_awqpe_baseline_mc/20260926T204053Z,PRELIMINARY (dev split)
3-2-3,256,awqpe_ablate_special@0.8,all_but_S1,16600,166,0.9593975903614458,0.9562873657845408,0.9622952428106404,0.9356566265060241,0.9779533132530122,0.08433096057783018,research/results/p2b_awqpe_baseline_mc/20260926T204053Z,PRELIMINARY (dev split)
3-2-3,256,awqpe_ablate_special@0.9,S1,4000,40,0.90475,0.8952603923752509,0.913462938269495,0.82049375,0.9717625000000001,0.48951328650889536,research/results/p2b_awqpe_baseline_mc/20260926T204053Z,PRELIMINARY (dev split)
3-2-3,256,awqpe_ablate_special@0.9,all_but_S1,16600,166,0.9140361445783133,0.9096756088743575,0.9182050977706308,0.8811506024096386,0.942242469879518,0.08970592611143502,research/results/p2b_awqpe_baseline_mc/20260926T204053Z,PRELIMINARY (dev split)
3-2-3,256,awqpe_ablate_special@0.95,S1,4000,40,0.903,0.8934379369399895,0.9117887517563233,0.81875,0.97025625,0.48951328650889536,research/results/p2b_awqpe_baseline_mc/20260926T204053Z,PRELIMINARY (dev split)
3-2-3,256,awqpe_ablate_special@0.95,all_but_S1,16600,166,0.8806626506024097,0.8756427739311509,0.8855063873215309,0.8424653614457832,0.9151310240963855,0.09460546152672578,research/results/p2b_awqpe_baseline_mc/20260926T204053Z,PRELIMINARY (dev split)
3-2-3,256,likelihood,S1,4000,40,1.0,0.9990405566951769,0.9999999999999999,1.0,1.0,0.014801820672175836,research/results/p2b_awqpe_baseline_mc/20260926T204053Z,PRELIMINARY (dev split)
3-2-3,256,likelihood,all_but_S1,16600,166,1.0,0.9997686403540524,1.0,1.0,1.0,0.015184877384072593,research/results/p2b_awqpe_baseline_mc/20260926T204053Z,PRELIMINARY (dev split)
3-2-3,1024,awqpe@0.5,S1,4000,40,1.0,0.9990405566951769,0.9999999999999999,1.0,1.0,0.4867831558337343,research/results/p2b_awqpe_baseline_mc/20260926T204053Z,PRELIMINARY (dev split)
3-2-3,1024,awqpe@0.5,all_but_S1,16600,166,1.0,0.9997686403540524,1.0,1.0,1.0,0.08308176867247141,research/results/p2b_awqpe_baseline_mc/20260926T204053Z,PRELIMINARY (dev split)
3-2-3,1024,awqpe@0.7,S1,4000,40,0.94825,0.9409448511760911,0.9546950079011353,0.8734999999999999,1.0,0.48786946024847566,research/results/p2b_awqpe_baseline_mc/20260926T204053Z,PRELIMINARY (dev split)
3-2-3,1024,awqpe@0.7,all_but_S1,16600,166,0.9878915662650603,0.9861112875098607,0.989446088180196,0.9768072289156627,0.9955436746987951,0.08308176867247141,research/results/p2b_awqpe_baseline_mc/20260926T204053Z,PRELIMINARY (dev split)
3-2-3,1024,awqpe@0.8,S1,4000,40,0.94225,0.9345877244916545,0.9490636479052297,0.8617312500000001,0.998,0.48786946024847566,research/results/p2b_awqpe_baseline_mc/20260926T204053Z,PRELIMINARY (dev split)
3-2-3,1024,awqpe@0.8,all_but_S1,16600,166,0.9498795180722892,0.9464549671983442,0.9530959010141937,0.9154638554216866,0.9756114457831325,0.08384968956613648,research/results/p2b_awqpe_baseline_mc/20260926T204053Z,PRELIMINARY (dev split)
3-2-3,1024,awqpe@0.9,S1,4000,40,0.91825,0.9093526253862002,0.9263448002893154,0.8300937499999999,0.9807499999999999,0.48800761076759613,research/results/p2b_awqpe_baseline_mc/20260926T204053Z,PRELIMINARY (dev split)
3-2-3,1024,awqpe@0.9,all_but_S1,16600,166,0.9101807228915663,0.9057357583964378,0.9144358888530493,0.8670963855421686,0.9471189759036146,0.08433096057783018,research/results/p2b_awqpe_baseline_mc/20260926T204053Z,PRELIMINARY (dev split)
3-2-3,1024,awqpe@0.95,S1,4000,40,0.904,0.8944792270047746,0.9127455428049285,0.804975,0.97525,0.4884109402796355,research/results/p2b_awqpe_baseline_mc/20260926T204053Z,PRELIMINARY (dev split)
3-2-3,1024,awqpe@0.95,all_but_S1,16600,166,0.8763253012048193,0.8712300245001052,0.8812464449326378,0.8280060240963855,0.9174728915662651,0.08932622118724609,research/results/p2b_awqpe_baseline_mc/20260926T204053Z,PRELIMINARY (dev split)
3-2-3,1024,awqpe_ablate_special@0.5,S1,4000,40,1.0,0.9990405566951769,0.9999999999999999,1.0,1.0,0.4867831558337343,research/results/p2b_awqpe_baseline_mc/20260926T204053Z,PRELIMINARY (dev split)
3-2-3,1024,awqpe_ablate_special@0.5,all_but_S1,16600,166,1.0,0.9997686403540524,1.0,1.0,1.0,0.08308176867247141,research/results/p2b_awqpe_baseline_mc/20260926T204053Z,PRELIMINARY (dev split)
3-2-3,1024,awqpe_ablate_special@0.7,S1,4000,40,0.907,0.8976049251121409,0.9156140880377334,0.81945625,0.97675625,0.48786946024847566,research/results/p2b_awqpe_baseline_mc/20260926T204053Z,PRELIMINARY (dev split)
3-2-3,1024,awqpe_ablate_special@0.7,all_but_S1,16600,166,0.9859036144578314,0.9839945324918447,0.9875878594474068,0.9717424698795181,0.996566265060241,0.08308176867247141,research/results/p2b_awqpe_baseline_mc/20260926T204053Z,PRELIMINARY (dev split)
3-2-3,1024,awqpe_ablate_special@0.8,S1,4000,40,0.8995,0.8897957393622714,0.908437665437175,0.80590625,0.97475625,0.48786946024847566,research/results/p2b_awqpe_baseline_mc/20260926T204053Z,PRELIMINARY (dev split)
3-2-3,1024,awqpe_ablate_special@0.8,all_but_S1,16600,166,0.969578313253012,0.9668550905245717,0.9720842530368546,0.942272590361446,0.9916897590361445,0.08384968956613648,research/results/p2b_awqpe_baseline_mc/20260926T204053Z,PRELIMINARY (dev split)
3-2-3,1024,awqpe_ablate_special@0.9,S1,4000,40,0.8995,0.8897957393622714,0.908437665437175,0.80590625,0.97475625,0.48786946024847566,research/results/p2b_awqpe_baseline_mc/20260926T204053Z,PRELIMINARY (dev split)
3-2-3,1024,awqpe_ablate_special@0.9,all_but_S1,16600,166,0.9384939759036145,0.9347366988860262,0.9420483532991724,0.9048704819277108,0.9657981927710844,0.08442037384190826,research/results/p2b_awqpe_baseline_mc/20260926T204053Z,PRELIMINARY (dev split)
3-2-3,1024,awqpe_ablate_special@0.95,S1,4000,40,0.89925,0.8895357174233778,0.908198167097721,0.8054125,0.9747499999999999,0.48786946024847566,research/results/p2b_awqpe_baseline_mc/20260926T204053Z,PRELIMINARY (dev split)
3-2-3,1024,awqpe_ablate_special@0.95,all_but_S1,16600,166,0.9016867469879518,0.8970641163725613,0.9061235093962124,0.8635316265060242,0.935055722891566,0.08970592611143502,research/results/p2b_awqpe_baseline_mc/20260926T204053Z,PRELIMINARY (dev split)
3-2-3,1024,likelihood,S1,4000,40,1.0,0.9990405566951769,0.9999999999999999,1.0,1.0,0.014044175554801086,research/results/p2b_awqpe_baseline_mc/20260926T204053Z,PRELIMINARY (dev split)
3-2-3,1024,likelihood,all_but_S1,16600,166,1.0,0.9997686403540524,1.0,1.0,1.0,0.013910190848832826,research/results/p2b_awqpe_baseline_mc/20260926T204053Z,PRELIMINARY (dev split)
3-2-3,10240,awqpe@0.5,S1,4000,40,1.0,0.9990405566951769,0.9999999999999999,1.0,1.0,0.4863694901394666,research/results/p2b_awqpe_baseline_mc/20260926T204053Z,PRELIMINARY (dev split)
3-2-3,10240,awqpe@0.5,all_but_S1,16600,166,1.0,0.9997686403540524,1.0,1.0,1.0,0.08308176867247141,research/results/p2b_awqpe_baseline_mc/20260926T204053Z,PRELIMINARY (dev split)
3-2-3,10240,awqpe@0.7,S1,4000,40,0.9495,0.9422723297006641,0.9558651307683002,0.874,1.0,0.4878150779447239,research/results/p2b_awqpe_baseline_mc/20260926T204053Z,PRELIMINARY (dev split)
3-2-3,10240,awqpe@0.7,all_but_S1,16600,166,0.9969879518072289,0.9960315483323878,0.9977143893689293,0.9925286144578312,0.9995798192771085,0.08308176867247141,research/results/p2b_awqpe_baseline_mc/20260926T204053Z,PRELIMINARY (dev split)
3-2-3,10240,awqpe@0.8,S1,4000,40,0.9495,0.9422723297006641,0.9558651307683002,0.874,1.0,0.4878150779447239,research/results/p2b_awqpe_baseline_mc/20260926T204053Z,PRELIMINARY (dev split)
3-2-3,10240,awqpe@0.8,all_but_S1,16600,166,0.9502409638554217,0.9468276806351332,0.9534459118957328,0.9121626506024098,0.977605421686747,0.08308176867247141,research/results/p2b_awqpe_baseline_mc/20260926T204053Z,PRELIMINARY (dev split)
3-2-3,10240,awqpe@0.9,S1,4000,40,0.913,0.9038649539296669,0.9213425459005494,0.8201875000000001,0.98125,0.48800761076759613,research/results/p2b_awqpe_baseline_mc/20260926T204053Z,PRELIMINARY (dev split)
3-2-3,10240,awqpe@0.9,all_but_S1,16600,166,0.9153012048192771,0.910968923565278,0.919441318193859,0.8711039156626507,0.9540165662650603,0.08384968956613648,research/results/p2b_awqpe_baseline_mc/20260926T204053Z,PRELIMINARY (dev split)
3-2-3,10240,awqpe@0.95,S1,4000,40,0.89975,0.8900557790455177,0.9086771460322765,0.7997500000000001,0.975,0.48800761076759613,research/results/p2b_awqpe_baseline_mc/20260926T204053Z,PRELIMINARY (dev split)
3-2-3,10240,awqpe@0.95,all_but_S1,16600,166,0.8951204819277109,0.8903676986228358,0.899690435362975,0.8504397590361447,0.9365256024096383,0.08433096057783018,research/results/p2b_awqpe_baseline_mc/20260926T204053Z,PRELIMINARY (dev split)
3-2-3,10240,awqpe_ablate_special@0.5,S1,4000,40,1.0,0.9990405566951769,0.9999999999999999,1.0,1.0,0.4863694901394666,research/results/p2b_awqpe_baseline_mc/20260926T204053Z,PRELIMINARY (dev split)
3-2-3,10240,awqpe_ablate_special@0.5,all_but_S1,16600,166,1.0,0.9997686403540524,1.0,1.0,1.0,0.08308176867247141,research/results/p2b_awqpe_baseline_mc/20260926T204053Z,PRELIMINARY (dev split)
3-2-3,10240,awqpe_ablate_special@0.7,S1,4000,40,0.9,0.8903158365319537,0.908916608824188,0.8,0.975,0.4878150779447239,research/results/p2b_awqpe_baseline_mc/20260926T204053Z,PRELIMINARY (dev split)
3-2-3,10240,awqpe_ablate_special@0.7,all_but_S1,16600,166,0.9868072289156626,0.9849554372440583,0.9884337654910136,0.9736731927710842,0.9973509036144579,0.08308176867247141,research/results/p2b_awqpe_baseline_mc/20260926T204053Z,PRELIMINARY (dev split)
3-2-3,10240,awqpe_ablate_special@0.8,S1,4000,40,0.9,0.8903158365319537,0.908916608824188,0.8,0.975,0.4878150779447239,research/results/p2b_awqpe_baseline_mc/20260926T204053Z,PRELIMINARY (dev split)
3-2-3,10240,awqpe_ablate_special@0.8,all_but_S1,16600,166,0.9701204819277108,0.967419767797342,0.9726036622415768,0.9402409638554216,0.9939759036144579,0.08308176867247141,research/results/p2b_awqpe_baseline_mc/20260926T204053Z,PRELIMINARY (dev split)
3-2-3,10240,awqpe_ablate_special@0.9,S1,4000,40,0.9,0.8903158365319537,0.908916608824188,0.8,0.975,0.4878150779447239,research/results/p2b_awqpe_baseline_mc/20260926T204053Z,PRELIMINARY (dev split)
3-2-3,10240,awqpe_ablate_special@0.9,all_but_S1,16600,166,0.9543975903614458,0.951117484139572,0.9574674380520687,0.9216656626506025,0.9797469879518071,0.08384968956613648,research/results/p2b_awqpe_baseline_mc/20260926T204053Z,PRELIMINARY (dev split)
3-2-3,10240,awqpe_ablate_special@0.95,S1,4000,40,0.9,0.8903158365319537,0.908916608824188,0.8,0.975,0.4878150779447239,research/results/p2b_awqpe_baseline_mc/20260926T204053Z,PRELIMINARY (dev split)
3-2-3,10240,awqpe_ablate_special@0.95,all_but_S1,16600,166,0.9237951807228916,0.9196602036044477,0.9277340596354029,0.8827695783132531,0.9566415662650601,0.08461178808815362,research/results/p2b_awqpe_baseline_mc/20260926T204053Z,PRELIMINARY (dev split)
3-2-3,10240,likelihood,S1,4000,40,1.0,0.9990405566951769,0.9999999999999999,1.0,1.0,0.01363050986053338,research/results/p2b_awqpe_baseline_mc/20260926T204053Z,PRELIMINARY (dev split)
3-2-3,10240,likelihood,all_but_S1,16600,166,1.0,0.9997686403540524,1.0,1.0,1.0,0.013910190848832826,research/results/p2b_awqpe_baseline_mc/20260926T204053Z,PRELIMINARY (dev split)
3-3-2,16,awqpe@0.5,S1,4000,40,0.90325,0.8936982313916819,0.9120279775829785,0.8447437500000001,0.9528312499999999,0.47925780016913677,research/results/p2b_awqpe_baseline_mc/20260926T204053Z,PRELIMINARY (dev split)
3-3-2,16,awqpe@0.5,all_but_S1,16600,166,0.9277710843373494,0.9237333790026891,0.931610851738772,0.9127078313253012,0.9417771084337349,0.06675180265966674,research/results/p2b_awqpe_baseline_mc/20260926T204053Z,PRELIMINARY (dev split)
3-3-2,16,awqpe@0.7,S1,4000,40,0.88025,0.8698219734592767,0.8899483699074053,0.8169624999999999,0.93555625,0.4810072093856661,research/results/p2b_awqpe_baseline_mc/20260926T204053Z,PRELIMINARY (dev split)
3-3-2,16,awqpe@0.7,all_but_S1,16600,166,0.8769879518072289,0.8719040625797586,0.881897401436586,0.8537274096385544,0.8985647590361445,0.0746238354296338,research/results/p2b_awqpe_baseline_mc/20260926T204053Z,PRELIMINARY (dev split)
3-3-2,16,awqpe@0.8,S1,4000,40,0.86575,0.8548332755808107,0.8759648916417114,0.8032187499999999,0.9255437499999999,0.48154321595752947,research/results/p2b_awqpe_baseline_mc/20260926T204053Z,PRELIMINARY (dev split)
3-3-2,16,awqpe@0.8,all_but_S1,16600,166,0.8374096385542169,0.8317184832680398,0.8429446678913637,0.808793674698795,0.8636295180722893,0.0822078396320336,research/results/p2b_awqpe_baseline_mc/20260926T204053Z,PRELIMINARY (dev split)
3-3-2,16,awqpe@0.9,S1,4000,40,0.844,0.8324257051835122,0.8549141978227695,0.7775000000000001,0.9080374999999999,0.4849035691331949,research/results/p2b_awqpe_baseline_mc/20260926T204053Z,PRELIMINARY (dev split)
3-3-2,16,awqpe@0.9,all_but_S1,16600,166,0.790421686746988,0.784163335601424,0.7965456541753094,0.7562394578313253,0.8224743975903613,0.08669524140285034,research/results/p2b_awqpe_baseline_mc/20260926T204053Z,PRELIMINARY (dev split)
3-3-2,16,awqpe@0.95,S1,4000,40,0.844,0.8324257051835122,0.8549141978227695,0.7775000000000001,0.9080374999999999,0.4849035691331949,research/results/p2b_awqpe_baseline_mc/20260926T204053Z,PRELIMINARY (dev split)
3-3-2,16,awqpe@0.95,all_but_S1,16600,166,0.790421686746988,0.784163335601424,0.7965456541753094,0.7562394578313253,0.8224743975903613,0.08669524140285034,research/results/p2b_awqpe_baseline_mc/20260926T204053Z,PRELIMINARY (dev split)
3-3-2,16,awqpe_ablate_special@0.5,S1,4000,40,0.9155,0.906476896832456,0.9237258057812362,0.860225,0.9600187500000001,0.47684038576372245,research/results/p2b_awqpe_baseline_mc/20260926T204053Z,PRELIMINARY (dev split)
3-3-2,16,awqpe_ablate_special@0.5,all_but_S1,16600,166,0.9239156626506024,0.919783584728405,0.927851586617555,0.90655421686747,0.9390512048192771,0.06997773197372226,research/results/p2b_awqpe_baseline_mc/20260926T204053Z,PRELIMINARY (dev split)
3-3-2,16,awqpe_ablate_special@0.7,S1,4000,40,0.89825,0.8884958059471086,0.9072399974605998,0.8349875,0.9495062500000001,0.477995230497811,research/results/p2b_awqpe_baseline_mc/20260926T204053Z,PRELIMINARY (dev split)
3-3-2,16,awqpe_ablate_special@0.7,all_but_S1,16600,166,0.8693975903614458,0.8641860041283826,0.8744382492030691,0.843730421686747,0.8928418674698797,0.07865389267448109,research/results/p2b_awqpe_baseline_mc/20260926T204053Z,PRELIMINARY (dev split)
3-3-2,16,awqpe_ablate_special@0.8,S1,4000,40,0.8885,0.878370780101499,0.8978837324506534,0.82148125,0.9430249999999999,0.477995230497811,research/results/p2b_awqpe_baseline_mc/20260926T204053Z,PRELIMINARY (dev split)
3-3-2,16,awqpe_ablate_special@0.8,all_but_S1,16600,166,0.828855421686747,0.8230500179755111,0.8345086576501239,0.7969864457831326,0.8578478915662651,0.08542876367425833,research/results/p2b_awqpe_baseline_mc/20260926T204053Z,PRELIMINARY (dev split)
3-3-2,16,awqpe_ablate_special@0.9,S1,4000,40,0.871,0.8602551681942333,0.8810329248735881,0.8008249999999999,0.9297687499999999,0.47925780016913677,research/results/p2b_awqpe_baseline_mc/20260926T204053Z,PRELIMINARY (dev split)
3-3-2,16,awqpe_ablate_special@0.9,all_but_S1,16600,166,0.7821084337349398,0.7757637245610316,0.7883226058941524,0.7441566265060241,0.8171822289156626,0.09643245549628432,research/results/p2b_awqpe_baseline_mc/20260926T204053Z,PRELIMINARY (dev split)
3-3-2,16,awqpe_ablate_special@0.95,S1,4000,40,0.871,0.8602551681942333,0.8810329248735881,0.8008249999999999,0.9297687499999999,0.47925780016913677,research/results/p2b_awqpe_baseline_mc/20260926T204053Z,PRELIMINARY (dev split)
3-3-2,16,awqpe_ablate_special@0.95,all_but_S1,16600,166,0.7821084337349398,0.7757637245610316,0.7883226058941524,0.7441566265060241,0.8171822289156626,0.09643245549628432,research/results/p2b_awqpe_baseline_mc/20260926T204053Z,PRELIMINARY (dev split)
3-3-2,16,likelihood,S1,4000,40,0.9975,0.9954038968503768,0.9986414570613246,0.9957499999999999,0.99875,0.04049523049781101,research/results/p2b_awqpe_baseline_mc/20260926T204053Z,PRELIMINARY (dev split)
3-3-2,16,likelihood,all_but_S1,16600,166,0.9949397590361446,0.9937399280218884,0.995910571875569,0.9936731927710842,0.9960873493975905,0.0448385589180873,research/results/p2b_awqpe_baseline_mc/20260926T204053Z,PRELIMINARY (dev split)
3-3-2,32,awqpe@0.5,S1,4000,40,0.9055,0.8960417292935756,0.9141801621862129,0.8450625,0.9577875,0.4762336018266069,research/results/p2b_awqpe_baseline_mc/20260926T204053Z,PRELIMINARY (dev split)
3-3-2,32,awqpe@0.5,all_but_S1,16600,166,0.9645180722891566,0.9615946892690354,0.9672265138357957,0.9520225903614459,0.9767108433734939,0.0608624139802032,research/results/p2b_awqpe_baseline_mc/20260926T204053Z,PRELIMINARY (dev split)
3-3-2,32,awqpe@0.7,S1,4000,40,0.8785,0.868010612660529,0.88826308875772,0.8054749999999999,0.9445,0.47684038576372245,research/results/p2b_awqpe_baseline_mc/20260926T204053Z,PRELIMINARY (dev split)
3-3-2,32,awqpe@0.7,all_but_S1,16600,166,0.905,0.900445366103206,0.9093672325835765,0.8821641566265059,0.9274096385542168,0.07052353834455971,research/results/p2b_awqpe_baseline_mc/20260926T204053Z,PRELIMINARY (dev split)
3-3-2,32,awqpe@0.8,S1,4000,40,0.86975,0.8589637394589476,0.8798267522171359,0.79549375,0.9389999999999998,0.47684038576372245,research/results/p2b_awqpe_baseline_mc/20260926T204053Z,PRELIMINARY (dev split)
3-3-2,32,awqpe@0.8,all_but_S1,16600,166,0.8618674698795181,0.8565348605961616,0.8670326361034522,0.8315617469879517,0.8895346385542168,0.07895407187530878,research/results/p2b_awqpe_baseline_mc/20260926T204053Z,PRELIMINARY (dev split)
3-3-2,32,awqpe@0.9,S1,4000,40,0.8645,0.853543150838087,0.8747574149926972,0.79069375,0.9333000000000001,0.477995230497811,research/results/p2b_awqpe_baseline_mc/20260926T204053Z,PRELIMINARY (dev split)
3-3-2,32,awqpe@0.9,all_but_S1,16600,166,0.8259638554216867,0.8201210257686471,0.8316558553103621,0.7909487951807229,0.8586174698795179,0.08542876367425833,research/results/p2b_awqpe_baseline_mc/20260926T204053Z,PRELIMINARY (dev split)
3-3-2,32,awqpe@0.95,S1,4000,40,0.859,0.8478701320618063,0.8694409876453308,0.7843687500000001,0.93055,0.477995230497811,research/results/p2b_awqpe_baseline_mc/20260926T204053Z,PRELIMINARY (dev split)
3-3-2,32,awqpe@0.95,all_but_S1,16600,166,0.7940963855421687,0.7878774391453246,0.8001792478677457,0.7555722891566266,0.8307876506024097,0.08903004616107069,research/results/p2b_awqpe_baseline_mc/20260926T204053Z,PRELIMINARY (dev split)
3-3-2,32,awqpe_ablate_special@0.5,S1,4000,40,0.92375,0.9151127261476188,0.9315741456515436,0.8622499999999998,0.9687749999999999,0.4735913200305788,research/results/p2b_awqpe_baseline_mc/20260926T204053Z,PRELIMINARY (dev split)
3-3-2,32,awqpe_ablate_special@0.5,all_but_S1,16600,166,0.9607228915662651,0.957659681996831,0.9635729157655537,0.94619578313253,0.9732575301204818,0.0608624139802032,research/results/p2b_awqpe_baseline_mc/20260926T204053Z,PRELIMINARY (dev split)
3-3-2,32,awqpe_ablate_special@0.7,S1,4000,40,0.90875,0.8994295502151167,0.9172861048831905,0.8374625,0.96251875,0.4735913200305788,research/results/p2b_awqpe_baseline_mc/20260926T204053Z,PRELIMINARY (dev split)
3-3-2,32,awqpe_ablate_special@0.7,all_but_S1,16600,166,0.9010843373493976,0.8964495155998988,0.905533569638328,0.8760783132530121,0.924109939759036,0.07052353834455971,research/results/p2b_awqpe_baseline_mc/20260926T204053Z,PRELIMINARY (dev split)
3-3-2,32,awqpe_ablate_special@0.8,S1,4000,40,0.9025,0.8929174037796731,0.9113102443599445,0.82925,0.9585000000000001,0.4735913200305788,research/results/p2b_awqpe_baseline_mc/20260926T204053Z,PRELIMINARY (dev split)
3-3-2,32,awqpe_ablate_special@0.8,all_but_S1,16600,166,0.8556626506024096,0.8502342790433451,0.8609264501916339,0.8251159638554216,0.8841596385542168,0.07895407187530878,research/results/p2b_awqpe_baseline_mc/20260926T204053Z,PRELIMINARY (dev split)
3-3-2,32,awqpe_ablate_special@0.9,S1,4000,40,0.898,0.8882358718599032,0.9070004112694577,0.8234624999999999,0.955275,0.4735913200305788,research/results/p2b_awqpe_baseline_mc/20260926T204053Z,PRELIMINARY (dev split)
3-3-2,32,awqpe_ablate_special@0.9,all_but_S1,16600,166,0.8226506024096386,0.8167656050811202,0.8283863030798805,0.7872153614457832,0.855129518072289,0.08542876367425833,research/results/p2b_awqpe_baseline_mc/20260926T204053Z,PRELIMINARY (dev split)
3-3-2,32,awqpe_ablate_special@0.95,S1,4000,40,0.89225,0.8822620792849005,0.9014852374424658,0.8156812500000001,0.9502750000000001,0.4735913200305788,research/results/p2b_awqpe_baseline_mc/20260926T204053Z,PRELIMINARY (dev split)
3-3-2,32,awqpe_ablate_special@0.95,all_but_S1,16600,166,0.7909638554216868,0.784711269859749,0.7970818063944768,0.752867469879518,0.8288162650602409,0.09575231211110236,research/results/p2b_awqpe_baseline_mc/20260926T204053Z,PRELIMINARY (dev split)
3-3-2,32,likelihood,S1,4000,40,1.0,0.9990405566951769,0.9999999999999999,1.0,1.0,0.03415944216348521,research/results/p2b_awqpe_baseline_mc/20260926T204053Z,PRELIMINARY (dev split)
3-3-2,32,likelihood,all_but_S1,16600,166,0.9997590361445783,0.9993805341427497,0.9999062899990838,0.9994578313253013,0.9999397590361446,0.030915193288365117,research/results/p2b_awqpe_baseline_mc/20260926T204053Z,PRELIMINARY (dev split)
3-3-2,64,awqpe@0.5,S1,4000,40,0.88475,0.8744829633096259,0.894278745067313,0.80553125,0.9510062499999999,0.47233881354918594,research/results/p2b_awqpe_baseline_mc/20260926T204053Z,PRELIMINARY (dev split)
3-3-2,64,awqpe@0.5,all_but_S1,16600,166,0.9801807228915662,0.9779466955786144,0.98219256132044,0.9679518072289157,0.991808734939759,0.05785628403896226,research/results/p2b_awqpe_baseline_mc/20260926T204053Z,PRELIMINARY (dev split)
3-3-2,64,awqpe@0.7,S1,4000,40,0.86325,0.8522533271168401,0.8735496373222059,0.7728125,0.941775,0.47233881354918594,research/results/p2b_awqpe_baseline_mc/20260926T204053Z,PRELIMINARY (dev split)
3-3-2,64,awqpe@0.7,all_but_S1,16600,166,0.9379518072289157,0.9341796539364455,0.9415213117712606,0.9138463855421687,0.9597635542168674,0.06190678469502586,research/results/p2b_awqpe_baseline_mc/20260926T204053Z,PRELIMINARY (dev split)
3-3-2,64,awqpe@0.8,S1,4000,40,0.85775,0.846581592685604,0.8682319256297952,0.7675625,0.9358187499999999,0.47233881354918594,research/results/p2b_awqpe_baseline_mc/20260926T204053Z,PRELIMINARY (dev split)
3-3-2,64,awqpe@0.8,all_but_S1,16600,166,0.8962048192771085,0.8914731233276812,0.9007531836131143,0.8664894578313254,0.9236144578313252,0.07052353834455971,research/results/p2b_awqpe_baseline_mc/20260926T204053Z,PRELIMINARY (dev split)
3-3-2,64,awqpe@0.9,S1,4000,40,0.854,0.8427176615000618,0.8646030526401236,0.76390625,0.9314124999999999,0.47233881354918594,research/results/p2b_awqpe_baseline_mc/20260926T204053Z,PRELIMINARY (dev split)
3-3-2,64,awqpe@0.9,all_but_S1,16600,166,0.8471084337349397,0.8415535342773504,0.8525027194238604,0.8133042168674698,0.8807018072289157,0.08017679272032296,research/results/p2b_awqpe_baseline_mc/20260926T204053Z,PRELIMINARY (dev split)
3-3-2,64,awqpe@0.95,S1,4000,40,0.85175,0.8404004923615597,0.8624245392734974,0.7604937500000001,0.9291999999999999,0.47233881354918594,research/results/p2b_awqpe_baseline_mc/20260926T204053Z,PRELIMINARY (dev split)
3-3-2,64,awqpe@0.95,all_but_S1,16600,166,0.829578313253012,0.8237823585031455,0.835221765759146,0.7932153614457831,0.8654472891566266,0.08522670414635058,research/results/p2b_awqpe_baseline_mc/20260926T204053Z,PRELIMINARY (dev split)
3-3-2,64,awqpe_ablate_special@0.5,S1,4000,40,0.92575,0.9172103391875213,0.933472694838422,0.860975,0.9725437500000002,0.4716348309807614,research/results/p2b_awqpe_baseline_mc/20260926T204053Z,PRELIMINARY (dev split)
3-3-2,64,awqpe_ablate_special@0.5,all_but_S1,16600,166,0.978132530120482,0.975794612081765,0.9802492070134295,0.9613132530120483,0.9903659638554217,0.05785628403896226,research/results/p2b_awqpe_baseline_mc/20260926T204053Z,PRELIMINARY (dev split)
3-3-2,64,awqpe_ablate_special@0.7,S1,4000,40,0.91125,0.9020378802754135,0.9196729776063696,0.83494375,0.9670374999999999,0.4716594421634852,research/results/p2b_awqpe_baseline_mc/20260926T204053Z,PRELIMINARY (dev split)
3-3-2,64,awqpe_ablate_special@0.7,all_but_S1,16600,166,0.9271084337349398,0.9230542829535853,0.9309649532042741,0.9011445783132532,0.9495828313253014,0.06285790224895038,research/results/p2b_awqpe_baseline_mc/20260926T204053Z,PRELIMINARY (dev split)
3-3-2,64,awqpe_ablate_special@0.8,S1,4000,40,0.90875,0.8994295502151167,0.9172861048831905,0.831975,0.9652562499999999,0.4716594421634852,research/results/p2b_awqpe_baseline_mc/20260926T204053Z,PRELIMINARY (dev split)
3-3-2,64,awqpe_ablate_special@0.8,all_but_S1,16600,166,0.8824096385542168,0.8774207186854385,0.8872216101058296,0.8539066265060241,0.9098885542168675,0.07304337291992624,research/results/p2b_awqpe_baseline_mc/20260926T204053Z,PRELIMINARY (dev split)
3-3-2,64,awqpe_ablate_special@0.9,S1,4000,40,0.9055,0.8960417292935756,0.9141801621862129,0.8264875,0.96256875,0.4716594421634852,research/results/p2b_awqpe_baseline_mc/20260926T204053Z,PRELIMINARY (dev split)
3-3-2,64,awqpe_ablate_special@0.9,all_but_S1,16600,166,0.8281325301204819,0.8223177146231165,0.8337955123658621,0.7912033132530119,0.862953313253012,0.08542876367425833,research/results/p2b_awqpe_baseline_mc/20260926T204053Z,PRELIMINARY (dev split)
3-3-2,64,awqpe_ablate_special@0.95,S1,4000,40,0.90475,0.8952603923752509,0.913462938269495,0.8252375,0.9618125,0.4716594421634852,research/results/p2b_awqpe_baseline_mc/20260926T204053Z,PRELIMINARY (dev split)
3-3-2,64,awqpe_ablate_special@0.95,all_but_S1,16600,166,0.8100602409638554,0.8040217012408593,0.815955309831708,0.7700421686746988,0.8468689759036145,0.08669524140285034,research/results/p2b_awqpe_baseline_mc/20260926T204053Z,PRELIMINARY (dev split)
3-3-2,64,likelihood,S1,4000,40,1.0,0.9990405566951769,0.9999999999999999,1.0,1.0,0.029800744268854373,research/results/p2b_awqpe_baseline_mc/20260926T204053Z,PRELIMINARY (dev split)
3-3-2,64,likelihood,all_but_S1,16600,166,1.0,0.9997686403540524,1.0,1.0,1.0,0.023544176825708973,research/results/p2b_awqpe_baseline_mc/20260926T204053Z,PRELIMINARY (dev split)
3-3-2,128,awqpe@0.5,S1,4000,40,0.87425,0.8636143923951062,0.8841674642912337,0.7796687499999999,0.9518,0.4701992557311314,research/results/p2b_awqpe_baseline_mc/20260926T204053Z,PRELIMINARY (dev split)
3-3-2,128,awqpe@0.5,all_but_S1,16600,166,0.9880722891566265,0.9863042476802609,0.9896144901689597,0.9760225903614458,0.997,0.05785628403896226,research/results/p2b_awqpe_baseline_mc/20260926T204053Z,PRELIMINARY (dev split)
3-3-2,128,awqpe@0.7,S1,4000,40,0.862,0.8509638009511842,0.8723415620961239,0.759925,0.9482625,0.47161021979803763,research/results/p2b_awqpe_baseline_mc/20260926T204053Z,PRELIMINARY (dev split)
3-3-2,128,awqpe@0.7,all_but_S1,16600,166,0.9521686746987952,0.9488163127194937,0.9553118095091229,0.9262590361445783,0.9748358433734939,0.0608624139802032,research/results/p2b_awqpe_baseline_mc/20260926T204053Z,PRELIMINARY (dev split)
3-3-2,128,awqpe@0.8,S1,4000,40,0.85925,0.8481278741958095,0.8696827657896752,0.7582062500000001,0.9432937500000002,0.47161021979803763,research/results/p2b_awqpe_baseline_mc/20260926T204053Z,PRELIMINARY (dev split)
3-3-2,128,awqpe@0.8,all_but_S1,16600,166,0.9176506024096386,0.9133715453984713,0.9217364044297992,0.8855421686746988,0.9471234939759037,0.06285790224895038,research/results/p2b_awqpe_baseline_mc/20260926T204053Z,PRELIMINARY (dev split)
3-3-2,128,awqpe@0.9,S1,4000,40,0.85525,0.8440053604461235,0.8658129550857998,0.7553624999999999,0.9380125,0.47161021979803763,research/results/p2b_awqpe_baseline_mc/20260926T204053Z,PRELIMINARY (dev split)
3-3-2,128,awqpe@0.9,all_but_S1,16600,166,0.8691566265060241,0.8639410824374896,0.8742013546817433,0.8325075301204818,0.9035105421686745,0.0746238354296338,research/results/p2b_awqpe_baseline_mc/20260926T204053Z,PRELIMINARY (dev split)
3-3-2,128,awqpe@0.95,S1,4000,40,0.853,0.8416876998835373,0.8636349331432577,0.75525,0.9358187499999999,0.47161021979803763,research/results/p2b_awqpe_baseline_mc/20260926T204053Z,PRELIMINARY (dev split)
3-3-2,128,awqpe@0.95,all_but_S1,16600,166,0.8396385542168675,0.8339780632461137,0.8451418878763138,0.7983509036144578,0.8767530120481926,0.0822078396320336,research/results/p2b_awqpe_baseline_mc/20260926T204053Z,PRELIMINARY (dev split)
3-3-2,128,awqpe_ablate_special@0.5,S1,4000,40,0.919,0.910137401692598,0.9270585848179604,0.8417375,0.9750249999999999,0.4701992557311314,research/results/p2b_awqpe_baseline_mc/20260926T204053Z,PRELIMINARY (dev split)
3-3-2,128,awqpe_ablate_special@0.5,all_but_S1,16600,166,0.9828313253012049,0.9807406227322724,0.9846986125011892,0.9663810240963855,0.9954382530120482,0.05785628403896226,research/results/p2b_awqpe_baseline_mc/20260926T204053Z,PRELIMINARY (dev split)
3-3-2,128,awqpe_ablate_special@0.7,S1,4000,40,0.9095,0.9002118337882702,0.9180023821450799,0.8232125,0.9727499999999999,0.4701992557311314,research/results/p2b_awqpe_baseline_mc/20260926T204053Z,PRELIMINARY (dev split)
3-3-2,128,awqpe_ablate_special@0.7,all_but_S1,16600,166,0.9446987951807229,0.941117763319302,0.9480740563305312,0.9179277108433735,0.9657951807228916,0.0608624139802032,research/results/p2b_awqpe_baseline_mc/20260926T204053Z,PRELIMINARY (dev split)
3-3-2,128,awqpe_ablate_special@0.8,S1,4000,40,0.908,0.8986474483563794,0.9165696459068852,0.8217187499999999,0.9712499999999998,0.4701992557311314,research/results/p2b_awqpe_baseline_mc/20260926T204053Z,PRELIMINARY (dev split)
3-3-2,128,awqpe_ablate_special@0.8,all_but_S1,16600,166,0.9040963855421686,0.8995230461952259,0.908482741695736,0.8724593373493975,0.9306475903614458,0.06675180265966674,research/results/p2b_awqpe_baseline_mc/20260926T204053Z,PRELIMINARY (dev split)
3-3-2,128,awqpe_ablate_special@0.9,S1,4000,40,0.90575,0.8963022133692626,0.9144191983888736,0.8194625,0.96825625,0.4701992557311314,research/results/p2b_awqpe_baseline_mc/20260926T204053Z,PRELIMINARY (dev split)
3-3-2,128,awqpe_ablate_special@0.9,all_but_S1,16600,166,0.8486144578313253,0.8430813895641778,0.8539862154634006,0.8125225903614457,0.8822515060240963,0.08017679272032296,research/results/p2b_awqpe_baseline_mc/20260926T204053Z,PRELIMINARY (dev split)
3-3-2,128,awqpe_ablate_special@0.95,S1,4000,40,0.90425,0.8947395965119623,0.9129846935760882,0.8179624999999999,0.9660187499999999,0.4701992557311314,research/results/p2b_awqpe_baseline_mc/20260926T204053Z,PRELIMINARY (dev split)
3-3-2,128,awqpe_ablate_special@0.95,all_but_S1,16600,166,0.816566265060241,0.8106057708981346,0.8223802779043409,0.7737861445783132,0.8536490963855421,0.08555720204412864,research/results/p2b_awqpe_baseline_mc/20260926T204053Z,PRELIMINARY (dev split)
3-3-2,128,likelihood,S1,4000,40,1.0,0.9990405566951769,0.9999999999999999,1.0,1.0,0.02731060922320694,research/results/p2b_awqpe_baseline_mc/20260926T204053Z,PRELIMINARY (dev split)
3-3-2,128,likelihood,all_but_S1,16600,166,1.0,0.9997686403540524,1.0,1.0,1.0,0.01730029060897209,research/results/p2b_awqpe_baseline_mc/20260926T204053Z,PRELIMINARY (dev split)
3-3-2,256,awqpe@0.5,S1,4000,40,0.8685,0.8576726272072513,0.8786202630770942,0.76680625,0.9527625,0.46984151613025915,research/results/p2b_awqpe_baseline_mc/20260926T204053Z,PRELIMINARY (dev split)
3-3-2,256,awqpe@0.5,all_but_S1,16600,166,0.991144578313253,0.9896014171576363,0.9924604773973745,0.9783117469879518,0.9993388554216867,0.05698066461886242,research/results/p2b_awqpe_baseline_mc/20260926T204053Z,PRELIMINARY (dev split)
3-3-2,256,awqpe@0.7,S1,4000,40,0.86025,0.8491589577756748,0.8706497633232002,0.75260625,0.9490499999999998,0.46984151613025915,research/results/p2b_awqpe_baseline_mc/20260926T204053Z,PRELIMINARY (dev split)
3-3-2,256,awqpe@0.7,all_but_S1,16600,166,0.9603614457831325,0.9572853255845204,0.963224547859536,0.9335376506024096,0.9838584337349398,0.05785628403896226,research/results/p2b_awqpe_baseline_mc/20260926T204053Z,PRELIMINARY (dev split)
3-3-2,256,awqpe@0.8,S1,4000,40,0.86,0.8489011695727465,0.870408031247781,0.7526,0.9490437499999999,0.46984151613025915,research/results/p2b_awqpe_baseline_mc/20260926T204053Z,PRELIMINARY (dev split)
3-3-2,256,awqpe@0.8,all_but_S1,16600,166,0.931144578313253,0.9271921124288828,0.9348975452836418,0.8987756024096385,0.9606596385542168,0.0608624139802032,research/results/p2b_awqpe_baseline_mc/20260926T204053Z,PRELIMINARY (dev split)
3-3-2,256,awqpe@0.9,S1,4000,40,0.85775,0.846581592685604,0.8682319256297952,0.74864375,0.9485124999999999,0.46984151613025915,research/results/p2b_awqpe_baseline_mc/20260926T204053Z,PRELIMINARY (dev split)
3-3-2,256,awqpe@0.9,all_but_S1,16600,166,0.8849397590361445,0.8799962901256699,0.8897051088938956,0.8472198795180722,0.9185105421686748,0.07132931965301736,research/results/p2b_awqpe_baseline_mc/20260926T204053Z,PRELIMINARY (dev split)
3-3-2,256,awqpe@0.95,S1,4000,40,0.85625,0.8450357189808112,0.8667806776645023,0.74568125,0.9467562500000001,0.46984151613025915,research/results/p2b_awqpe_baseline_mc/20260926T204053Z,PRELIMINARY (dev split)
3-3-2,256,awqpe@0.95,all_but_S1,16600,166,0.8559638554216867,0.8505400531690013,0.8612229463312513,0.8143825301204819,0.8950105421686746,0.07895407187530878,research/results/p2b_awqpe_baseline_mc/20260926T204053Z,PRELIMINARY (dev split)
3-3-2,256,awqpe_ablate_special@0.5,S1,4000,40,0.91925,0.910399041116134,0.927296465672772,0.8328875,0.983,0.46984151613025915,research/results/p2b_awqpe_baseline_mc/20260926T204053Z,PRELIMINARY (dev split)
3-3-2,256,awqpe_ablate_special@0.5,all_but_S1,16600,166,0.9841566265060241,0.982141984983164,0.985947239417501,0.9645135542168676,0.9984969879518072,0.05698066461886242,research/results/p2b_awqpe_baseline_mc/20260926T204053Z,PRELIMINARY (dev split)
3-3-2,256,awqpe_ablate_special@0.7,S1,4000,40,0.91525,0.9062156031999109,0.9234875791354338,0.8226749999999998,0.983,0.46984151613025915,research/results/p2b_awqpe_baseline_mc/20260926T204053Z,PRELIMINARY (dev split)
3-3-2,256,awqpe_ablate_special@0.7,all_but_S1,16600,166,0.953433734939759,0.9501221363375976,0.9565355210051678,0.926117469879518,0.9763885542168673,0.05785628403896226,research/results/p2b_awqpe_baseline_mc/20260926T204053Z,PRELIMINARY (dev split)
3-3-2,256,awqpe_ablate_special@0.8,S1,4000,40,0.91525,0.9062156031999109,0.9234875791354338,0.8226749999999998,0.983,0.46984151613025915,research/results/p2b_awqpe_baseline_mc/20260926T204053Z,PRELIMINARY (dev split)
3-3-2,256,awqpe_ablate_special@0.8,all_but_S1,16600,166,0.9164457831325301,0.9121393079767728,0.9205595607904036,0.8814864457831325,0.9471822289156627,0.06190678469502586,research/results/p2b_awqpe_baseline_mc/20260926T204053Z,PRELIMINARY (dev split)
3-3-2,256,awqpe_ablate_special@0.9,S1,4000,40,0.91425,0.9051706508868483,0.922534450335106,0.8217000000000001,0.981025,0.46984151613025915,research/results/p2b_awqpe_baseline_mc/20260926T204053Z,PRELIMINARY (dev split)
3-3-2,256,awqpe_ablate_special@0.9,all_but_S1,16600,166,0.8600602409638555,0.8546993808167855,0.8652544942911871,0.8223433734939759,0.8938569277108434,0.0746238354296338,research/results/p2b_awqpe_baseline_mc/20260926T204053Z,PRELIMINARY (dev split)
3-3-2,256,awqpe_ablate_special@0.95,S1,4000,40,0.91225,0.9030817948219702,0.9206271441732033,0.81975,0.97725625,0.46984151613025915,research/results/p2b_awqpe_baseline_mc/20260926T204053Z,PRELIMINARY (dev split)
3-3-2,256,awqpe_ablate_special@0.95,all_but_S1,16600,166,0.8259036144578313,0.8200600113383026,0.831596415687652,0.7827515060240964,0.8648343373493976,0.08542876367425833,research/results/p2b_awqpe_baseline_mc/20260926T204053Z,PRELIMINARY (dev split)
3-3-2,256,likelihood,S1,4000,40,1.0,0.9990405566951769,0.9999999999999999,1.0,1.0,0.023904269526298094,research/results/p2b_awqpe_baseline_mc/20260926T204053Z,PRELIMINARY (dev split)
3-3-2,256,likelihood,all_but_S1,16600,166,1.0,0.9997686403540524,1.0,1.0,1.0,0.013625974066201252,research/results/p2b_awqpe_baseline_mc/20260926T204053Z,PRELIMINARY (dev split)
3-3-2,1024,awqpe@0.5,S1,4000,40,0.85325,0.8419451739190079,0.8638769793861346,0.73413125,0.9500062499999999,0.46893474545510117,research/results/p2b_awqpe_baseline_mc/20260926T204053Z,PRELIMINARY (dev split)
3-3-2,1024,awqpe@0.5,all_but_S1,16600,166,0.9930722891566265,0.9916914435554813,0.99422498069728,0.980539156626506,0.9999412650602411,0.05698066461886242,research/results/p2b_awqpe_baseline_mc/20260926T204053Z,PRELIMINARY (dev split)
3-3-2,1024,awqpe@0.7,S1,4000,40,0.853,0.8416876998835373,0.8636349331432577,0.73388125,0.95,0.46938813079268016,research/results/p2b_awqpe_baseline_mc/20260926T204053Z,PRELIMINARY (dev split)
3-3-2,1024,awqpe@0.7,all_but_S1,16600,166,0.9671084337349397,0.9642853751775489,0.9697153522086346,0.9404081325301206,0.9902515060240964,0.05698066461886242,research/results/p2b_awqpe_baseline_mc/20260926T204053Z,PRELIMINARY (dev split)
3-3-2,1024,awqpe@0.8,S1,4000,40,0.853,0.8416876998835373,0.8636349331432577,0.73388125,0.95,0.46938813079268016,research/results/p2b_awqpe_baseline_mc/20260926T204053Z,PRELIMINARY (dev split)
3-3-2,1024,awqpe@0.8,all_but_S1,16600,166,0.9424698795180723,0.938824221339679,0.9459107983471299,0.9096506024096385,0.9739171686746988,0.05785628403896226,research/results/p2b_awqpe_baseline_mc/20260926T204053Z,PRELIMINARY (dev split)
3-3-2,1024,awqpe@0.9,S1,4000,40,0.853,0.8416876998835373,0.8636349331432577,0.73388125,0.95,0.46938813079268016,research/results/p2b_awqpe_baseline_mc/20260926T204053Z,PRELIMINARY (dev split)
3-3-2,1024,awqpe@0.9,all_but_S1,16600,166,0.9101807228915663,0.9057357583964378,0.9144358888530493,0.869902108433735,0.946637048192771,0.06190678469502586,research/results/p2b_awqpe_baseline_mc/20260926T204053Z,PRELIMINARY (dev split)
3-3-2,1024,awqpe@0.95,S1,4000,40,0.853,0.8416876998835373,0.8636349331432577,0.73388125,0.95,0.46938813079268016,research/results/p2b_awqpe_baseline_mc/20260926T204053Z,PRELIMINARY (dev split)
3-3-2,1024,awqpe@0.95,all_but_S1,16600,166,0.8771686746987952,0.8720878993061272,0.8820749268693817,0.8322198795180723,0.9180195783132531,0.07132931965301736,research/results/p2b_awqpe_baseline_mc/20260926T204053Z,PRELIMINARY (dev split)
3-3-2,1024,awqpe_ablate_special@0.5,S1,4000,40,0.922,0.913278669973746,0.9299115598769835,0.82224375,0.99455625,0.46938813079268016,research/results/p2b_awqpe_baseline_mc/20260926T204053Z,PRELIMINARY (dev split)
3-3-2,1024,awqpe_ablate_special@0.5,all_but_S1,16600,166,0.9836144578313253,0.981568310568846,0.9854368273543266,0.9633313253012048,0.9997590361445784,0.05698066461886242,research/results/p2b_awqpe_baseline_mc/20260926T204053Z,PRELIMINARY (dev split)
3-3-2,1024,awqpe_ablate_special@0.7,S1,4000,40,0.922,0.913278669973746,0.9299115598769835,0.82224375,0.99455625,0.46938813079268016,research/results/p2b_awqpe_baseline_mc/20260926T204053Z,PRELIMINARY (dev split)
3-3-2,1024,awqpe_ablate_special@0.7,all_but_S1,16600,166,0.9632530120481928,0.9602821226249455,0.9660095453657368,0.9352921686746987,0.9839397590361444,0.05698066461886242,research/results/p2b_awqpe_baseline_mc/20260926T204053Z,PRELIMINARY (dev split)
3-3-2,1024,awqpe_ablate_special@0.8,S1,4000,40,0.922,0.913278669973746,0.9299115598769835,0.82224375,0.99455625,0.46938813079268016,research/results/p2b_awqpe_baseline_mc/20260926T204053Z,PRELIMINARY (dev split)
3-3-2,1024,awqpe_ablate_special@0.8,all_but_S1,16600,166,0.9301807228915663,0.9262036388752469,0.9339587539884023,0.8937078313253012,0.9591234939759035,0.05785628403896226,research/results/p2b_awqpe_baseline_mc/20260926T204053Z,PRELIMINARY (dev split)
3-3-2,1024,awqpe_ablate_special@0.9,S1,4000,40,0.922,0.913278669973746,0.9299115598769835,0.82224375,0.99455625,0.46938813079268016,research/results/p2b_awqpe_baseline_mc/20260926T204053Z,PRELIMINARY (dev split)
3-3-2,1024,awqpe_ablate_special@0.9,all_but_S1,16600,166,0.8679518072289156,0.8627165600172004,0.8730167960409383,0.825355421686747,0.9057259036144576,0.06997773197372226,research/results/p2b_awqpe_baseline_mc/20260926T204053Z,PRELIMINARY (dev split)
3-3-2,1024,awqpe_ablate_special@0.95,S1,4000,40,0.922,0.913278669973746,0.9299115598769835,0.82224375,0.99455625,0.46938813079268016,research/results/p2b_awqpe_baseline_mc/20260926T204053Z,PRELIMINARY (dev split)
3-3-2,1024,awqpe_ablate_special@0.95,all_but_S1,16600,166,0.8301204819277108,0.8243316384080323,0.8357565723317518,0.7833599397590361,0.8716415662650603,0.08522670414635058,research/results/p2b_awqpe_baseline_mc/20260926T204053Z,PRELIMINARY (dev split)
3-3-2,1024,likelihood,S1,4000,40,1.0,0.9990405566951769,0.9999999999999999,1.0,1.0,0.023159614236277548,research/results/p2b_awqpe_baseline_mc/20260926T204053Z,PRELIMINARY (dev split)
3-3-2,1024,likelihood,all_but_S1,16600,166,1.0,0.9997686403540524,1.0,1.0,1.0,0.01218673397337966,research/results/p2b_awqpe_baseline_mc/20260926T204053Z,PRELIMINARY (dev split)
3-3-2,10240,awqpe@0.5,S1,4000,40,0.85,0.8385988531645304,0.8607295365220934,0.725,0.95,0.46938813079268016,research/results/p2b_awqpe_baseline_mc/20260926T204053Z,PRELIMINARY (dev split)
3-3-2,10240,awqpe@0.5,all_but_S1,16600,166,0.9939759036144579,0.9926790786722638,0.9950441563763183,0.9819277108433735,1.0,0.05698066461886242,research/results/p2b_awqpe_baseline_mc/20260926T204053Z,PRELIMINARY (dev split)
3-3-2,10240,awqpe@0.7,S1,4000,40,0.85,0.8385988531645304,0.8607295365220934,0.725,0.95,0.46938813079268016,research/results/p2b_awqpe_baseline_mc/20260926T204053Z,PRELIMINARY (dev split)
3-3-2,10240,awqpe@0.7,all_but_S1,16600,166,0.9671084337349397,0.9642853751775489,0.9697153522086346,0.9400873493975903,0.9915662650602409,0.05698066461886242,research/results/p2b_awqpe_baseline_mc/20260926T204053Z,PRELIMINARY (dev split)
3-3-2,10240,awqpe@0.8,S1,4000,40,0.85,0.8385988531645304,0.8607295365220934,0.725,0.95,0.46938813079268016,research/results/p2b_awqpe_baseline_mc/20260926T204053Z,PRELIMINARY (dev split)
3-3-2,10240,awqpe@0.8,all_but_S1,16600,166,0.940843373493976,0.9371515034948456,0.9443312567594865,0.9048162650602409,0.9759036144578314,0.05698066461886242,research/results/p2b_awqpe_baseline_mc/20260926T204053Z,PRELIMINARY (dev split)
3-3-2,10240,awqpe@0.9,S1,4000,40,0.85,0.8385988531645304,0.8607295365220934,0.725,0.95,0.46938813079268016,research/results/p2b_awqpe_baseline_mc/20260926T204053Z,PRELIMINARY (dev split)
3-3-2,10240,awqpe@0.9,all_but_S1,16600,166,0.9209638554216868,0.9167615834314616,0.9249713393148179,0.8787756024096385,0.9597590361445782,0.05785628403896226,research/results/p2b_awqpe_baseline_mc/20260926T204053Z,PRELIMINARY (dev split)
3-3-2,10240,awqpe@0.95,S1,4000,40,0.85,0.8385988531645304,0.8607295365220934,0.725,0.95,0.46938813079268016,research/results/p2b_awqpe_baseline_mc/20260926T204053Z,PRELIMINARY (dev split)
3-3-2,10240,awqpe@0.95,all_but_S1,16600,166,0.8939759036144578,0.889201029890568,0.8985684770872032,0.8437274096385542,0.93925,0.06285790224895038,research/results/p2b_awqpe_baseline_mc/20260926T204053Z,PRELIMINARY (dev split)
3-3-2,10240,awqpe_ablate_special@0.5,S1,4000,40,0.925,0.9164235371722754,0.9327609360186252,0.825,1.0,0.46938813079268016,research/results/p2b_awqpe_baseline_mc/20260926T204053Z,PRELIMINARY (dev split)
3-3-2,10240,awqpe_ablate_special@0.5,all_but_S1,16600,166,0.9825301204819277,0.980422567159142,0.9844143978090458,0.9596234939759035,1.0,0.05698066461886242,research/results/p2b_awqpe_baseline_mc/20260926T204053Z,PRELIMINARY (dev split)
3-3-2,10240,awqpe_ablate_special@0.7,S1,4000,40,0.925,0.9164235371722754,0.9327609360186252,0.825,1.0,0.46938813079268016,research/results/p2b_awqpe_baseline_mc/20260926T204053Z,PRELIMINARY (dev split)
3-3-2,10240,awqpe_ablate_special@0.7,all_but_S1,16600,166,0.9692771084337349,0.9665414763731282,0.9717955969230248,0.9415060240963855,0.9907831325301205,0.05698066461886242,research/results/p2b_awqpe_baseline_mc/20260926T204053Z,PRELIMINARY (dev split)
3-3-2,10240,awqpe_ablate_special@0.8,S1,4000,40,0.925,0.9164235371722754,0.9327609360186252,0.825,1.0,0.46938813079268016,research/results/p2b_awqpe_baseline_mc/20260926T204053Z,PRELIMINARY (dev split)
3-3-2,10240,awqpe_ablate_special@0.8,all_but_S1,16600,166,0.9343975903614458,0.9305298407599094,0.9380643358175691,0.8942168674698795,0.9645361445783134,0.05698066461886242,research/results/p2b_awqpe_baseline_mc/20260926T204053Z,PRELIMINARY (dev split)
3-3-2,10240,awqpe_ablate_special@0.9,S1,4000,40,0.925,0.9164235371722754,0.9327609360186252,0.825,1.0,0.46938813079268016,research/results/p2b_awqpe_baseline_mc/20260926T204053Z,PRELIMINARY (dev split)
3-3-2,10240,awqpe_ablate_special@0.9,all_but_S1,16600,166,0.8724698795180723,0.8673092659261654,0.8774581441110763,0.8275015060240964,0.9153780120481927,0.06190678469502586,research/results/p2b_awqpe_baseline_mc/20260926T204053Z,PRELIMINARY (dev split)
3-3-2,10240,awqpe_ablate_special@0.95,S1,4000,40,0.925,0.9164235371722754,0.9327609360186252,0.825,1.0,0.46938813079268016,research/results/p2b_awqpe_baseline_mc/20260926T204053Z,PRELIMINARY (dev split)
3-3-2,10240,awqpe_ablate_special@0.95,all_but_S1,16600,166,0.8436746987951808,0.8380707122338591,0.8491196604432336,0.78825,0.890625,0.0746238354296338,research/results/p2b_awqpe_baseline_mc/20260926T204053Z,PRELIMINARY (dev split)
3-3-2,10240,likelihood,S1,4000,40,1.0,0.9990405566951769,0.9999999999999999,1.0,1.0,0.022446242147381668,research/results/p2b_awqpe_baseline_mc/20260926T204053Z,PRELIMINARY (dev split)
3-3-2,10240,likelihood,all_but_S1,16600,166,1.0,0.9997686403540524,1.0,1.0,1.0,0.0121238354296338,research/results/p2b_awqpe_baseline_mc/20260926T204053Z,PRELIMINARY (dev split)
4-4,16,awqpe@0.5,S1,4000,40,0.975,0.9696868859742279,0.9794016428861904,0.9582499999999999,0.9904999999999999,0.48669352072460015,research/results/p2b_awqpe_baseline_mc/20260926T204053Z,PRELIMINARY (dev split)
4-4,16,awqpe@0.5,all_but_S1,16600,166,0.9621084337349397,0.959095349406444,0.9649076915761987,0.9531807228915662,0.9708072289156625,0.07334510229722468,research/results/p2b_awqpe_baseline_mc/20260926T204053Z,PRELIMINARY (dev split)
4-4,16,awqpe@0.7,S1,4000,40,0.95325,0.9462618002619944,0.9593684643821837,0.92325,0.98025625,0.48722677748786225,research/results/p2b_awqpe_baseline_mc/20260926T204053Z,PRELIMINARY (dev split)
4-4,16,awqpe@0.7,all_but_S1,16600,166,0.9298192771084337,0.9258330164767241,0.9336066520685968,0.9143162650602412,0.9465090361445784,0.07540469417057238,research/results/p2b_awqpe_baseline_mc/20260926T204053Z,PRELIMINARY (dev split)
4-4,16,awqpe@0.8,S1,4000,40,0.93625,0.9282524941707982,0.9434103915457438,0.89598125,0.9730000000000001,0.48769108629761604,research/results/p2b_awqpe_baseline_mc/20260926T204053Z,PRELIMINARY (dev split)
4-4,16,awqpe@0.8,all_but_S1,16600,166,0.9005421686746988,0.89589641921812,0.9050025795426144,0.8776987951807229,0.9224698795180722,0.07712464998139978,research/results/p2b_awqpe_baseline_mc/20260926T204053Z,PRELIMINARY (dev split)
4-4,16,awqpe@0.9,S1,4000,40,0.916,0.9069995513878171,0.9242021917825702,0.8651625,0.96325,0.4888155259939424,research/results/p2b_awqpe_baseline_mc/20260926T204053Z,PRELIMINARY (dev split)
4-4,16,awqpe@0.9,all_but_S1,16600,166,0.8659036144578314,0.8606351973146509,0.871002720939628,0.8373629518072289,0.8940632530120483,0.07811176731669889,research/results/p2b_awqpe_baseline_mc/20260926T204053Z,PRELIMINARY (dev split)
4-4,16,awqpe@0.95,S1,4000,40,0.916,0.9069995513878171,0.9242021917825702,0.8651625,0.96325,0.4888155259939424,research/results/p2b_awqpe_baseline_mc/20260926T204053Z,PRELIMINARY (dev split)
4-4,16,awqpe@0.95,all_but_S1,16600,166,0.8659036144578314,0.8606351973146509,0.871002720939628,0.8373629518072289,0.8940632530120483,0.07811176731669889,research/results/p2b_awqpe_baseline_mc/20260926T204053Z,PRELIMINARY (dev split)
4-4,16,awqpe_ablate_special@0.5,S1,4000,40,0.9675,0.9615405906939484,0.9725623298160423,0.9419562499999999,0.9872625,0.48669352072460015,research/results/p2b_awqpe_baseline_mc/20260926T204053Z,PRELIMINARY (dev split)
4-4,16,awqpe_ablate_special@0.5,all_but_S1,16600,166,0.955,0.9517397729983047,0.9580496897238829,0.9454713855421686,0.965664156626506,0.07334510229722468,research/results/p2b_awqpe_baseline_mc/20260926T204053Z,PRELIMINARY (dev split)
4-4,16,awqpe_ablate_special@0.7,S1,4000,40,0.94225,0.9345877244916545,0.9490636479052297,0.9012374999999999,0.97500625,0.48722677748786225,research/results/p2b_awqpe_baseline_mc/20260926T204053Z,PRELIMINARY (dev split)
4-4,16,awqpe_ablate_special@0.7,all_but_S1,16600,166,0.9212650602409639,0.9170698722115462,0.9252653208000068,0.9038945783132531,0.9388072289156629,0.07540469417057238,research/results/p2b_awqpe_baseline_mc/20260926T204053Z,PRELIMINARY (dev split)
4-4,16,awqpe_ablate_special@0.8,S1,4000,40,0.92425,0.9156369724242805,0.9320489399315772,0.87294375,0.9647562500000001,0.48769108629761604,research/results/p2b_awqpe_baseline_mc/20260926T204053Z,PRELIMINARY (dev split)
4-4,16,awqpe_ablate_special@0.8,all_but_S1,16600,166,0.8935542168674698,0.8887712476981083,0.89815508090828,0.8720918674698794,0.9157469879518073,0.07654071665652395,research/results/p2b_awqpe_baseline_mc/20260926T204053Z,PRELIMINARY (dev split)
4-4,16,awqpe_ablate_special@0.9,S1,4000,40,0.905,0.8955208188644003,0.9137020320586932,0.8399812499999999,0.9552499999999998,0.4888155259939424,research/results/p2b_awqpe_baseline_mc/20260926T204053Z,PRELIMINARY (dev split)
4-4,16,awqpe_ablate_special@0.9,all_but_S1,16600,166,0.8578313253012049,0.852436031327343,0.8630610438176055,0.8292349397590364,0.887472891566265,0.07811176731669889,research/results/p2b_awqpe_baseline_mc/20260926T204053Z,PRELIMINARY (dev split)
4-4,16,awqpe_ablate_special@0.95,S1,4000,40,0.905,0.8955208188644003,0.9137020320586932,0.8399812499999999,0.9552499999999998,0.4888155259939424,research/results/p2b_awqpe_baseline_mc/20260926T204053Z,PRELIMINARY (dev split)
4-4,16,awqpe_ablate_special@0.95,all_but_S1,16600,166,0.8578313253012049,0.852436031327343,0.8630610438176055,0.8292349397590364,0.887472891566265,0.07811176731669889,research/results/p2b_awqpe_baseline_mc/20260926T204053Z,PRELIMINARY (dev split)
4-4,16,likelihood,S1,4000,40,0.99875,0.9970769950697334,0.9994659602337059,0.9977499999999999,0.99975,0.04616765001357237,research/results/p2b_awqpe_baseline_mc/20260926T204053Z,PRELIMINARY (dev split)
4-4,16,likelihood,all_but_S1,16600,166,0.9962048192771085,0.9951477337108217,0.9970323013007845,0.9951807228915663,0.9972906626506025,0.0367750621563232,research/results/p2b_awqpe_baseline_mc/20260926T204053Z,PRELIMINARY (dev split)
4-4,32,awqpe@0.5,S1,4000,40,0.99075,0.9872767450126099,0.9932815613837065,0.9809812499999999,0.99875625,0.48396530313456765,research/results/p2b_awqpe_baseline_mc/20260926T204053Z,PRELIMINARY (dev split)
4-4,32,awqpe@0.5,all_but_S1,16600,166,0.9843975903614458,0.9823971330080927,0.9861739076047911,0.9792108433734941,0.9896385542168673,0.0700068183899134,research/results/p2b_awqpe_baseline_mc/20260926T204053Z,PRELIMINARY (dev split)
4-4,32,awqpe@0.7,S1,4000,40,0.96975,0.9639749857287141,0.9746236172864047,0.9442499999999999,0.99175625,0.4853128793051553,research/results/p2b_awqpe_baseline_mc/20260926T204053Z,PRELIMINARY (dev split)
4-4,32,awqpe@0.7,all_but_S1,16600,166,0.9506024096385542,0.9472004423079962,0.9537958745411982,0.9357108433734939,0.9643418674698796,0.07334510229722468,research/results/p2b_awqpe_baseline_mc/20260926T204053Z,PRELIMINARY (dev split)
4-4,32,awqpe@0.8,S1,4000,40,0.95225,0.9451968694952816,0.9584353140355061,0.9179499999999999,0.982775,0.4860933364235507,research/results/p2b_awqpe_baseline_mc/20260926T204053Z,PRELIMINARY (dev split)
4-4,32,awqpe@0.8,all_but_S1,16600,166,0.9215060240963855,0.9173165159323625,0.9255004932914092,0.8997439759036145,0.9411460843373496,0.07540469417057238,research/results/p2b_awqpe_baseline_mc/20260926T204053Z,PRELIMINARY (dev split)
4-4,32,awqpe@0.9,S1,4000,40,0.93675,0.928779667352664,0.9438822589205731,0.89224375,0.9755374999999998,0.486346959078503,research/results/p2b_awqpe_baseline_mc/20260926T204053Z,PRELIMINARY (dev split)
4-4,32,awqpe@0.9,all_but_S1,16600,166,0.8984939759036145,0.8938073175126177,0.9029962434442568,0.8726957831325302,0.9232801204819276,0.07712464998139978,research/results/p2b_awqpe_baseline_mc/20260926T204053Z,PRELIMINARY (dev split)
4-4,32,awqpe@0.95,S1,4000,40,0.9235,0.914850641723963,0.9313367097968519,0.8719499999999999,0.96975,0.486346959078503,research/results/p2b_awqpe_baseline_mc/20260926T204053Z,PRELIMINARY (dev split)
4-4,32,awqpe@0.95,all_but_S1,16600,166,0.8756626506024097,0.8705560331874609,0.8805954416616804,0.8443900602409637,0.9053087349397588,0.07811176731669889,research/results/p2b_awqpe_baseline_mc/20260926T204053Z,PRELIMINARY (dev split)
4-4,32,awqpe_ablate_special@0.5,S1,4000,40,0.988,0.9841267397051112,0.9909368436293815,0.976,0.9970000000000001,0.4853128793051553,research/results/p2b_awqpe_baseline_mc/20260926T204053Z,PRELIMINARY (dev split)
4-4,32,awqpe_ablate_special@0.5,all_but_S1,16600,166,0.9817469879518073,0.9795963277736535,0.9836747345048233,0.9762048192771084,0.9875316265060242,0.0700068183899134,research/results/p2b_awqpe_baseline_mc/20260926T204053Z,PRELIMINARY (dev split)
4-4,32,awqpe_ablate_special@0.7,S1,4000,40,0.96275,0.9564234079928434,0.968188627228543,0.9319437500000001,0.9875,0.4860933364235507,research/results/p2b_awqpe_baseline_mc/20260926T204053Z,PRELIMINARY (dev split)
4-4,32,awqpe_ablate_special@0.7,all_but_S1,16600,166,0.9419879518072289,0.9383285196915847,0.9454428675707867,0.9272801204819276,0.9568147590361444,0.07334510229722468,research/results/p2b_awqpe_baseline_mc/20260926T204053Z,PRELIMINARY (dev split)
4-4,32,awqpe_ablate_special@0.8,S1,4000,40,0.943,0.9353811018372036,0.9497688313947232,0.89896875,0.9790062499999999,0.486346959078503,research/results/p2b_awqpe_baseline_mc/20260926T204053Z,PRELIMINARY (dev split)
4-4,32,awqpe_ablate_special@0.8,all_but_S1,16600,166,0.9078313253012048,0.903336106060277,0.9121378331200766,0.8860150602409638,0.9309698795180722,0.07540469417057238,research/results/p2b_awqpe_baseline_mc/20260926T204053Z,PRELIMINARY (dev split)
4-4,32,awqpe_ablate_special@0.9,S1,4000,40,0.9265,0.9179973817699765,0.9341842130910096,0.8722375,0.9702687499999998,0.48669352072460015,research/results/p2b_awqpe_baseline_mc/20260926T204053Z,PRELIMINARY (dev split)
4-4,32,awqpe_ablate_special@0.9,all_but_S1,16600,166,0.8828915662650603,0.877911246981745,0.8876947142339607,0.856191265060241,0.9112725903614457,0.07712464998139978,research/results/p2b_awqpe_baseline_mc/20260926T204053Z,PRELIMINARY (dev split)
4-4,32,awqpe_ablate_special@0.95,S1,4000,40,0.91375,0.90464830683053,0.922057753834729,0.85073125,0.963025,0.48669352072460015,research/results/p2b_awqpe_baseline_mc/20260926T204053Z,PRELIMINARY (dev split)
4-4,32,awqpe_ablate_special@0.95,all_but_S1,16600,166,0.8603012048192771,0.8549440941727289,0.8654915971474624,0.8300948795180724,0.8920150602409638,0.07712464998139978,research/results/p2b_awqpe_baseline_mc/20260926T204053Z,PRELIMINARY (dev split)
4-4,32,likelihood,S1,4000,40,0.99975,0.9985851689182998,0.9999558674985296,0.99925,1.0,0.03511062919692165,research/results/p2b_awqpe_baseline_mc/20260926T204053Z,PRELIMINARY (dev split)
4-4,32,likelihood,all_but_S1,16600,166,0.9998795180722891,0.9995607733597094,0.9999669588882336,0.9996987951807228,1.0,0.02901754417152347,research/results/p2b_awqpe_baseline_mc/20260926T204053Z,PRELIMINARY (dev split)
4-4,64,awqpe@0.5,S1,4000,40,0.99775,0.99572907823127,0.9988157959587789,0.99475,1.0,0.4800402234941856,research/results/p2b_awqpe_baseline_mc/20260926T204053Z,PRELIMINARY (dev split)
4-4,64,awqpe@0.5,all_but_S1,16600,166,0.996144578313253,0.9950801978036866,0.9969793831548647,0.9943373493975903,0.9977710843373494,0.0700068183899134,research/results/p2b_awqpe_baseline_mc/20260926T204053Z,PRELIMINARY (dev split)
4-4,64,awqpe@0.7,S1,4000,40,0.981,0.9762845638548362,0.9847924516859242,0.960475,0.9977562499999999,0.48214587034735246,research/results/p2b_awqpe_baseline_mc/20260926T204053Z,PRELIMINARY (dev split)
4-4,64,awqpe@0.7,all_but_S1,16600,166,0.9721084337349397,0.9694922307085871,0.9745061830811368,0.9610165662650604,0.9813870481927711,0.0700068183899134,research/results/p2b_awqpe_baseline_mc/20260926T204053Z,PRELIMINARY (dev split)
4-4,64,awqpe@0.8,S1,4000,40,0.96925,0.9634333704217021,0.9741661920367216,0.9387249999999999,0.9952562500000001,0.48214587034735246,research/results/p2b_awqpe_baseline_mc/20260926T204053Z,PRELIMINARY (dev split)
4-4,64,awqpe@0.8,all_but_S1,16600,166,0.9465060240963855,0.9429785478873797,0.9498268933540946,0.9286069277108432,0.9629533132530123,0.07334510229722468,research/results/p2b_awqpe_baseline_mc/20260926T204053Z,PRELIMINARY (dev split)
4-4,64,awqpe@0.9,S1,4000,40,0.9515,0.9443986930092051,0.95773492968654,0.9105000000000001,0.9865249999999998,0.4827579336199648,research/results/p2b_awqpe_baseline_mc/20260926T204053Z,PRELIMINARY (dev split)
4-4,64,awqpe@0.9,all_but_S1,16600,166,0.9113855421686747,0.9069666953772076,0.9156140329333736,0.8830015060240964,0.9356807228915662,0.07654071665652395,research/results/p2b_awqpe_baseline_mc/20260926T204053Z,PRELIMINARY (dev split)
4-4,64,awqpe@0.95,S1,4000,40,0.944,0.9364394798053339,0.9507085345399833,0.89845,0.98325,0.4833699968925771,research/results/p2b_awqpe_baseline_mc/20260926T204053Z,PRELIMINARY (dev split)
4-4,64,awqpe@0.95,all_but_S1,16600,166,0.8983132530120482,0.8936230130221589,0.9028191857755515,0.8668614457831326,0.9255421686746987,0.07654071665652395,research/results/p2b_awqpe_baseline_mc/20260926T204053Z,PRELIMINARY (dev split)
4-4,64,awqpe_ablate_special@0.5,S1,4000,40,0.995,0.9922892795847583,0.9967608715434669,0.9890000000000001,0.999,0.4800402234941856,research/results/p2b_awqpe_baseline_mc/20260926T204053Z,PRELIMINARY (dev split)
4-4,64,awqpe_ablate_special@0.5,all_but_S1,16600,166,0.9954216867469879,0.9942738550046447,0.9963402773172502,0.9932515060240963,0.9973493975903615,0.0700068183899134,research/results/p2b_awqpe_baseline_mc/20260926T204053Z,PRELIMINARY (dev split)
4-4,64,awqpe_ablate_special@0.7,S1,4000,40,0.972,0.9664171048788045,0.9766771806414426,0.94273125,0.9912874999999999,0.48214587034735246,research/results/p2b_awqpe_baseline_mc/20260926T204053Z,PRELIMINARY (dev split)
4-4,64,awqpe_ablate_special@0.7,all_but_S1,16600,166,0.9618674698795181,0.9588455944644795,0.9646756303059446,0.9505978915662651,0.9742168674698796,0.0700068183899134,research/results/p2b_awqpe_baseline_mc/20260926T204053Z,PRELIMINARY (dev split)
4-4,64,awqpe_ablate_special@0.8,S1,4000,40,0.9545,0.9475941156109163,0.9605337504249997,0.9121625,0.9855,0.48214587034735246,research/results/p2b_awqpe_baseline_mc/20260926T204053Z,PRELIMINARY (dev split)
4-4,64,awqpe_ablate_special@0.8,all_but_S1,16600,166,0.9313855421686748,0.9274392646130885,0.935132209311655,0.9136084337349399,0.951808734939759,0.07334510229722468,research/results/p2b_awqpe_baseline_mc/20260926T204053Z,PRELIMINARY (dev split)
4-4,64,awqpe_ablate_special@0.9,S1,4000,40,0.93325,0.9250921787287836,0.9405764636475875,0.87543125,0.97775625,0.4833699968925771,research/results/p2b_awqpe_baseline_mc/20260926T204053Z,PRELIMINARY (dev split)
4-4,64,awqpe_ablate_special@0.9,all_but_S1,16600,166,0.8957831325301204,0.8910432173505646,0.9003399112188478,0.8693343373493975,0.9247665662650602,0.07654071665652395,research/results/p2b_awqpe_baseline_mc/20260926T204053Z,PRELIMINARY (dev split)
4-4,64,awqpe_ablate_special@0.95,S1,4000,40,0.9245,0.915899134510947,0.9322862981232584,0.8616625,0.9740374999999999,0.48396530313456765,research/results/p2b_awqpe_baseline_mc/20260926T204053Z,PRELIMINARY (dev split)
4-4,64,awqpe_ablate_special@0.95,all_but_S1,16600,166,0.881867469879518,0.8768689059064338,0.8866893364073418,0.8523493975903615,0.9137545180722891,0.07654071665652395,research/results/p2b_awqpe_baseline_mc/20260926T204053Z,PRELIMINARY (dev split)
4-4,64,likelihood,S1,4000,40,1.0,0.9990405566951769,0.9999999999999999,1.0,1.0,0.02738937080306414,research/results/p2b_awqpe_baseline_mc/20260926T204053Z,PRELIMINARY (dev split)
4-4,64,likelihood,all_but_S1,16600,166,1.0,0.9997686403540524,1.0,1.0,1.0,0.02169543004546881,research/results/p2b_awqpe_baseline_mc/20260926T204053Z,PRELIMINARY (dev split)
4-4,128,awqpe@0.5,S1,4000,40,0.99875,0.9970769950697334,0.9994659602337059,0.9969937499999999,1.0,0.47378300751765323,research/results/p2b_awqpe_baseline_mc/20260926T204053Z,PRELIMINARY (dev split)
4-4,128,awqpe@0.5,all_but_S1,16600,166,0.999578313253012,0.9991297453829482,0.9997957165997213,0.9991551204819278,0.9999397590361446,0.06904613616475785,research/results/p2b_awqpe_baseline_mc/20260926T204053Z,PRELIMINARY (dev split)
4-4,128,awqpe@0.7,S1,4000,40,0.98725,0.9832760203591215,0.9902890021403286,0.969475,1.0,0.47378300751765323,research/results/p2b_awqpe_baseline_mc/20260926T204053Z,PRELIMINARY (dev split)
4-4,128,awqpe@0.7,all_but_S1,16600,166,0.9830722891566265,0.9809951797612236,0.9849258716844566,0.9746340361445784,0.9904924698795181,0.0700068183899134,research/results/p2b_awqpe_baseline_mc/20260926T204053Z,PRELIMINARY (dev split)
4-4,128,awqpe@0.8,S1,4000,40,0.97475,0.9694137548900077,0.979175253692063,0.94016875,0.99950625,0.47378300751765323,research/results/p2b_awqpe_baseline_mc/20260926T204053Z,PRELIMINARY (dev split)
4-4,128,awqpe@0.8,all_but_S1,16600,166,0.9599397590361446,0.9568486607330184,0.9628180343396551,0.9430602409638553,0.9747078313253013,0.07334510229722468,research/results/p2b_awqpe_baseline_mc/20260926T204053Z,PRELIMINARY (dev split)
4-4,128,awqpe@0.9,S1,4000,40,0.9645,0.9583054506060733,0.9698032265637462,0.9212187499999999,0.9962625,0.47378300751765323,research/results/p2b_awqpe_baseline_mc/20260926T204053Z,PRELIMINARY (dev split)
4-4,128,awqpe@0.9,all_but_S1,16600,166,0.9265060240963855,0.9224370053251398,0.9303776903021723,0.9000451807228915,0.9503057228915663,0.07540469417057238,research/results/p2b_awqpe_baseline_mc/20260926T204053Z,PRELIMINARY (dev split)
4-4,128,awqpe@0.95,S1,4000,40,0.95525,0.9483941383299322,0.9612322885410266,0.90495625,0.994,0.4751288659325894,research/results/p2b_awqpe_baseline_mc/20260926T204053Z,PRELIMINARY (dev split)
4-4,128,awqpe@0.95,all_but_S1,16600,166,0.9048192771084337,0.9002608923270531,0.9091903442005652,0.8730015060240965,0.9346385542168675,0.07654071665652395,research/results/p2b_awqpe_baseline_mc/20260926T204053Z,PRELIMINARY (dev split)
4-4,128,awqpe_ablate_special@0.5,S1,4000,40,0.99925,0.9977970955865244,0.99974490027361,0.998,1.0,0.47378300751765323,research/results/p2b_awqpe_baseline_mc/20260926T204053Z,PRELIMINARY (dev split)
4-4,128,awqpe_ablate_special@0.5,all_but_S1,16600,166,0.9993975903614458,0.9988913596042214,0.9996727402192841,0.998855421686747,0.9998192771084339,0.06904613616475785,research/results/p2b_awqpe_baseline_mc/20260926T204053Z,PRELIMINARY (dev split)
4-4,128,awqpe_ablate_special@0.7,S1,4000,40,0.98025,0.9754548215286981,0.9841236331770195,0.95724375,0.9975000000000002,0.47378300751765323,research/results/p2b_awqpe_baseline_mc/20260926T204053Z,PRELIMINARY (dev split)
4-4,128,awqpe_ablate_special@0.7,all_but_S1,16600,166,0.9780722891566265,0.9757313960241698,0.9801919690179699,0.9701189759036144,0.9861475903614457,0.0700068183899134,research/results/p2b_awqpe_baseline_mc/20260926T204053Z,PRELIMINARY (dev split)
4-4,128,awqpe_ablate_special@0.8,S1,4000,40,0.95925,0.9526694856872135,0.9649492656373067,0.9127312500000002,0.99276875,0.4751288659325894,research/results/p2b_awqpe_baseline_mc/20260926T204053Z,PRELIMINARY (dev split)
4-4,128,awqpe_ablate_special@0.8,all_but_S1,16600,166,0.9486746987951807,0.9452129311821869,0.9519288559692569,0.9320225903614457,0.9652409638554216,0.07334510229722468,research/results/p2b_awqpe_baseline_mc/20260926T204053Z,PRELIMINARY (dev split)
4-4,128,awqpe_ablate_special@0.9,S1,4000,40,0.93975,0.9319455627184066,0.9467106068950015,0.8767,0.9865124999999998,0.4751288659325894,research/results/p2b_awqpe_baseline_mc/20260926T204053Z,PRELIMINARY (dev split)
4-4,128,awqpe_ablate_special@0.9,all_but_S1,16600,166,0.908433734939759,0.903951317728726,0.9127271619821746,0.8831249999999998,0.9350677710843374,0.07540469417057238,research/results/p2b_awqpe_baseline_mc/20260926T204053Z,PRELIMINARY (dev split)
4-4,128,awqpe_ablate_special@0.95,S1,4000,40,0.93025,0.9219363246864067,0.9377380743497932,0.8606812500000002,0.98300625,0.4800402234941856,research/results/p2b_awqpe_baseline_mc/20260926T204053Z,PRELIMINARY (dev split)
4-4,128,awqpe_ablate_special@0.95,all_but_S1,16600,166,0.8839156626506024,0.8789537079288233,0.8886999721888124,0.852995481927711,0.9172319277108433,0.07654071665652395,research/results/p2b_awqpe_baseline_mc/20260926T204053Z,PRELIMINARY (dev split)
4-4,128,likelihood,S1,4000,40,1.0,0.9990405566951769,0.9999999999999999,1.0,1.0,0.022689318559883986,research/results/p2b_awqpe_baseline_mc/20260926T204053Z,PRELIMINARY (dev split)
4-4,128,likelihood,all_but_S1,16600,166,1.0,0.9997686403540524,1.0,1.0,1.0,0.017792955029847235,research/results/p2b_awqpe_baseline_mc/20260926T204053Z,PRELIMINARY (dev split)
4-4,256,awqpe@0.5,S1,4000,40,1.0,0.9990405566951769,0.9999999999999999,1.0,1.0,0.4718238503476755,research/results/p2b_awqpe_baseline_mc/20260926T204053Z,PRELIMINARY (dev split)
4-4,256,awqpe@0.5,all_but_S1,16600,166,1.0,0.9997686403540524,1.0,1.0,1.0,0.06904613616475785,research/results/p2b_awqpe_baseline_mc/20260926T204053Z,PRELIMINARY (dev split)
4-4,256,awqpe@0.7,S1,4000,40,0.99125,0.9878556920822913,0.9937016548707202,0.9787375,1.0,0.4718238503476755,research/results/p2b_awqpe_baseline_mc/20260926T204053Z,PRELIMINARY (dev split)
4-4,256,awqpe@0.7,all_but_S1,16600,166,0.9925301204819277,0.9911015191295657,0.9937308186457033,0.987769578313253,0.9968087349397591,0.0700068183899134,research/results/p2b_awqpe_baseline_mc/20260926T204053Z,PRELIMINARY (dev split)
4-4,256,awqpe@0.8,S1,4000,40,0.9765,0.9713283715496723,0.9807572789808314,0.9422187499999999,1.0,0.4718238503476755,research/results/p2b_awqpe_baseline_mc/20260926T204053Z,PRELIMINARY (dev split)
4-4,256,awqpe@0.8,all_but_S1,16600,166,0.9725301204819277,0.9699322642325287,0.9749093279285782,0.9574051204819277,0.9854231927710843,0.0700068183899134,research/results/p2b_awqpe_baseline_mc/20260926T204053Z,PRELIMINARY (dev split)
4-4,256,awqpe@0.9,S1,4000,40,0.9645,0.9583054506060733,0.9698032265637462,0.91440625,0.9995,0.47378300751765323,research/results/p2b_awqpe_baseline_mc/20260926T204053Z,PRELIMINARY (dev split)
4-4,256,awqpe@0.9,all_but_S1,16600,166,0.9362650602409639,0.9324471293483148,0.9398811228738597,0.9100557228915662,0.9607484939759038,0.07540469417057238,research/results/p2b_awqpe_baseline_mc/20260926T204053Z,PRELIMINARY (dev split)
4-4,256,awqpe@0.95,S1,4000,40,0.95875,0.9521342411748922,0.9644854695929327,0.9041625,0.99800625,0.47378300751765323,research/results/p2b_awqpe_baseline_mc/20260926T204053Z,PRELIMINARY (dev split)
4-4,256,awqpe@0.95,all_but_S1,16600,166,0.9153012048192771,0.910968923565278,0.919441318193859,0.8818493975903614,0.9450165662650603,0.07654071665652395,research/results/p2b_awqpe_baseline_mc/20260926T204053Z,PRELIMINARY (dev split)
4-4,256,awqpe_ablate_special@0.5,S1,4000,40,0.99975,0.9985851689182998,0.9999558674985296,0.99925,1.0,0.4718238503476755,research/results/p2b_awqpe_baseline_mc/20260926T204053Z,PRELIMINARY (dev split)
4-4,256,awqpe_ablate_special@0.5,all_but_S1,16600,166,0.9999397590361446,0.9996588203893636,0.999989365911634,0.9998192771084338,1.0,0.06904613616475785,research/results/p2b_awqpe_baseline_mc/20260926T204053Z,PRELIMINARY (dev split)
4-4,256,awqpe_ablate_special@0.7,S1,4000,40,0.986,0.9818647077973348,0.9892027133103773,0.96923125,0.9984999999999999,0.4718238503476755,research/results/p2b_awqpe_baseline_mc/20260926T204053Z,PRELIMINARY (dev split)
4-4,256,awqpe_ablate_special@0.7,all_but_S1,16600,166,0.989277108433735,0.9875932227965265,0.9907345961137886,0.984093373493976,0.9939759036144579,0.0700068183899134,research/results/p2b_awqpe_baseline_mc/20260926T204053Z,PRELIMINARY (dev split)
4-4,256,awqpe_ablate_special@0.8,S1,4000,40,0.95925,0.9526694856872135,0.9649492656373067,0.9104937500000001,0.9962499999999999,0.47378300751765323,research/results/p2b_awqpe_baseline_mc/20260926T204053Z,PRELIMINARY (dev split)
4-4,256,awqpe_ablate_special@0.8,all_but_S1,16600,166,0.9612650602409638,0.9582213436996642,0.9640953405402127,0.9460768072289157,0.9758539156626507,0.0700068183899134,research/results/p2b_awqpe_baseline_mc/20260926T204053Z,PRELIMINARY (dev split)
4-4,256,awqpe_ablate_special@0.9,S1,4000,40,0.93925,0.9314175657331135,0.9462395633235997,0.86674375,0.9942500000000001,0.4751288659325894,research/results/p2b_awqpe_baseline_mc/20260926T204053Z,PRELIMINARY (dev split)
4-4,256,awqpe_ablate_special@0.9,all_but_S1,16600,166,0.9145783132530121,0.9102298524743311,0.9187349406481495,0.8880045180722891,0.9424713855421687,0.07540469417057238,research/results/p2b_awqpe_baseline_mc/20260926T204053Z,PRELIMINARY (dev split)
4-4,256,awqpe_ablate_special@0.95,S1,4000,40,0.9315,0.923250739251107,0.9389212611768308,0.8522124999999999,0.99176875,0.4751288659325894,research/results/p2b_awqpe_baseline_mc/20260926T204053Z,PRELIMINARY (dev split)
4-4,256,awqpe_ablate_special@0.95,all_but_S1,16600,166,0.8910240963855421,0.8861930340747305,0.8956742243033603,0.859992469879518,0.9245858433734941,0.07654071665652395,research/results/p2b_awqpe_baseline_mc/20260926T204053Z,PRELIMINARY (dev split)
4-4,256,likelihood,S1,4000,40,1.0,0.9990405566951769,0.9999999999999999,1.0,1.0,0.019492003606188746,research/results/p2b_awqpe_baseline_mc/20260926T204053Z,PRELIMINARY (dev split)
4-4,256,likelihood,all_but_S1,16600,166,1.0,0.9997686403540524,1.0,1.0,1.0,0.015414696503569303,research/results/p2b_awqpe_baseline_mc/20260926T204053Z,PRELIMINARY (dev split)
4-4,1024,awqpe@0.5,S1,4000,40,1.0,0.9990405566951769,0.9999999999999999,1.0,1.0,0.47162803129293707,research/results/p2b_awqpe_baseline_mc/20260926T204053Z,PRELIMINARY (dev split)
4-4,1024,awqpe@0.5,all_but_S1,16600,166,1.0,0.9997686403540524,1.0,1.0,1.0,0.06904613616475785,research/results/p2b_awqpe_baseline_mc/20260926T204053Z,PRELIMINARY (dev split)
4-4,1024,awqpe@0.7,S1,4000,40,0.998,0.9960581807317521,0.9989862137366443,0.9949999999999999,1.0,0.4718238503476755,research/results/p2b_awqpe_baseline_mc/20260926T204053Z,PRELIMINARY (dev split)
4-4,1024,awqpe@0.7,all_but_S1,16600,166,0.9981927710843373,0.997421270503956,0.9987337482584553,0.996746987951807,0.9995180722891567,0.06904613616475785,research/results/p2b_awqpe_baseline_mc/20260926T204053Z,PRELIMINARY (dev split)
4-4,1024,awqpe@0.8,S1,4000,40,0.9725,0.9669609353339981,0.9771323907429443,0.93125,1.0,0.4718238503476755,research/results/p2b_awqpe_baseline_mc/20260926T204053Z,PRELIMINARY (dev split)
4-4,1024,awqpe@0.8,all_but_S1,16600,166,0.9793975903614458,0.9771231926002769,0.9814501616090664,0.964808734939759,0.9924743975903615,0.0700068183899134,research/results/p2b_awqpe_baseline_mc/20260926T204053Z,PRELIMINARY (dev split)
4-4,1024,awqpe@0.9,S1,4000,40,0.954,0.9470610331374142,0.9600677923418065,0.886425,1.0,0.4718238503476755,research/results/p2b_awqpe_baseline_mc/20260926T204053Z,PRELIMINARY (dev split)
4-4,1024,awqpe@0.9,all_but_S1,16600,166,0.9463253012048193,0.9427924212941422,0.9496516577881681,0.9165015060240963,0.9726551204819276,0.0700068183899134,research/results/p2b_awqpe_baseline_mc/20260926T204053Z,PRELIMINARY (dev split)
4-4,1024,awqpe@0.95,S1,4000,40,0.95275,0.9457292342906665,0.9589019897968163,0.88318125,1.0,0.47280342893266436,research/results/p2b_awqpe_baseline_mc/20260926T204053Z,PRELIMINARY (dev split)
4-4,1024,awqpe@0.95,all_but_S1,16600,166,0.9250602409638554,0.9209558538731875,0.9289679444808119,0.8896611445783132,0.9568192771084338,0.07540469417057238,research/results/p2b_awqpe_baseline_mc/20260926T204053Z,PRELIMINARY (dev split)
4-4,1024,awqpe_ablate_special@0.5,S1,4000,40,1.0,0.9990405566951769,0.9999999999999999,1.0,1.0,0.47162803129293707,research/results/p2b_awqpe_baseline_mc/20260926T204053Z,PRELIMINARY (dev split)
4-4,1024,awqpe_ablate_special@0.5,all_but_S1,16600,166,1.0,0.9997686403540524,1.0,1.0,1.0,0.06904613616475785,research/results/p2b_awqpe_baseline_mc/20260926T204053Z,PRELIMINARY (dev split)
4-4,1024,awqpe_ablate_special@0.7,S1,4000,40,0.99675,0.9944471414957781,0.9980996515808804,0.9925,1.0,0.4718238503476755,research/results/p2b_awqpe_baseline_mc/20260926T204053Z,PRELIMINARY (dev split)
4-4,1024,awqpe_ablate_special@0.7,all_but_S1,16600,166,0.998855421686747,0.998212913926135,0.9992670994198781,0.9978900602409638,0.9996385542168674,0.06904613616475785,research/results/p2b_awqpe_baseline_mc/20260926T204053Z,PRELIMINARY (dev split)
4-4,1024,awqpe_ablate_special@0.8,S1,4000,40,0.959,0.9524018326599253,0.9647173983862471,0.9047499999999999,0.99975,0.47378300751765323,research/results/p2b_awqpe_baseline_mc/20260926T204053Z,PRELIMINARY (dev split)
4-4,1024,awqpe_ablate_special@0.8,all_but_S1,16600,166,0.9736144578313253,0.9710644964038863,0.9759452687122053,0.958725903614458,0.986887048192771,0.0700068183899134,research/results/p2b_awqpe_baseline_mc/20260926T204053Z,PRELIMINARY (dev split)
4-4,1024,awqpe_ablate_special@0.9,S1,4000,40,0.92725,0.9187846683028348,0.9348954873931942,0.8317312499999999,0.99925,0.47378300751765323,research/results/p2b_awqpe_baseline_mc/20260926T204053Z,PRELIMINARY (dev split)
4-4,1024,awqpe_ablate_special@0.9,all_but_S1,16600,166,0.9187349397590362,0.9144807858938768,0.9227953368893784,0.8858689759036146,0.9514487951807229,0.0700068183899134,research/results/p2b_awqpe_baseline_mc/20260926T204053Z,PRELIMINARY (dev split)
4-4,1024,awqpe_ablate_special@0.95,S1,4000,40,0.9245,0.915899134510947,0.9322862981232584,0.8247499999999999,0.99925,0.4744559367251213,research/results/p2b_awqpe_baseline_mc/20260926T204053Z,PRELIMINARY (dev split)
4-4,1024,awqpe_ablate_special@0.95,all_but_S1,16600,166,0.89,0.8851497013731899,0.894669838102971,0.852097891566265,0.9283027108433733,0.07540469417057238,research/results/p2b_awqpe_baseline_mc/20260926T204053Z,PRELIMINARY (dev split)
4-4,1024,likelihood,S1,4000,40,1.0,0.9990405566951769,0.9999999999999999,1.0,1.0,0.017722619771632253,research/results/p2b_awqpe_baseline_mc/20260926T204053Z,PRELIMINARY (dev split)
4-4,1024,likelihood,all_but_S1,16600,166,1.0,0.9997686403540524,1.0,1.0,1.0,0.013795115808306946,research/results/p2b_awqpe_baseline_mc/20260926T204053Z,PRELIMINARY (dev split)
4-4,10240,awqpe@0.5,S1,4000,40,1.0,0.9990405566951769,0.9999999999999999,1.0,1.0,0.47162803129293707,research/results/p2b_awqpe_baseline_mc/20260926T204053Z,PRELIMINARY (dev split)
4-4,10240,awqpe@0.5,all_but_S1,16600,166,1.0,0.9997686403540524,1.0,1.0,1.0,0.06904613616475785,research/results/p2b_awqpe_baseline_mc/20260926T204053Z,PRELIMINARY (dev split)
4-4,10240,awqpe@0.7,S1,4000,40,1.0,0.9990405566951769,0.9999999999999999,1.0,1.0,0.47162803129293707,research/results/p2b_awqpe_baseline_mc/20260926T204053Z,PRELIMINARY (dev split)
4-4,10240,awqpe@0.7,all_but_S1,16600,166,1.0,0.9997686403540524,1.0,1.0,1.0,0.06904613616475785,research/results/p2b_awqpe_baseline_mc/20260926T204053Z,PRELIMINARY (dev split)
4-4,10240,awqpe@0.8,S1,4000,40,0.9595,0.9529372007963747,0.9651810708064931,0.89725,1.0,0.4718238503476755,research/results/p2b_awqpe_baseline_mc/20260926T204053Z,PRELIMINARY (dev split)
4-4,10240,awqpe@0.8,all_but_S1,16600,166,0.9836746987951808,0.9816320248409731,0.9854935671352543,0.9680692771084337,0.9958433734939759,0.06904613616475785,research/results/p2b_awqpe_baseline_mc/20260926T204053Z,PRELIMINARY (dev split)
4-4,10240,awqpe@0.9,S1,4000,40,0.95,0.9428036393193641,0.9563328617062953,0.875,1.0,0.47280342893266436,research/results/p2b_awqpe_baseline_mc/20260926T204053Z,PRELIMINARY (dev split)
4-4,10240,awqpe@0.9,all_but_S1,16600,166,0.945,0.9414278206438358,0.9483662692712709,0.9118584337349398,0.975914156626506,0.06904613616475785,research/results/p2b_awqpe_baseline_mc/20260926T204053Z,PRELIMINARY (dev split)
4-4,10240,awqpe@0.95,S1,4000,40,0.95,0.9428036393193641,0.9563328617062953,0.875,1.0,0.47280342893266436,research/results/p2b_awqpe_baseline_mc/20260926T204053Z,PRELIMINARY (dev split)
4-4,10240,awqpe@0.95,all_but_S1,16600,166,0.9333734939759036,0.9294787972137056,0.937067660461843,0.8964969879518072,0.9665858433734938,0.0700068183899134,research/results/p2b_awqpe_baseline_mc/20260926T204053Z,PRELIMINARY (dev split)
4-4,10240,awqpe_ablate_special@0.5,S1,4000,40,1.0,0.9990405566951769,0.9999999999999999,1.0,1.0,0.47162803129293707,research/results/p2b_awqpe_baseline_mc/20260926T204053Z,PRELIMINARY (dev split)
4-4,10240,awqpe_ablate_special@0.5,all_but_S1,16600,166,1.0,0.9997686403540524,1.0,1.0,1.0,0.06904613616475785,research/results/p2b_awqpe_baseline_mc/20260926T204053Z,PRELIMINARY (dev split)
4-4,10240,awqpe_ablate_special@0.7,S1,4000,40,1.0,0.9990405566951769,0.9999999999999999,1.0,1.0,0.47162803129293707,research/results/p2b_awqpe_baseline_mc/20260926T204053Z,PRELIMINARY (dev split)
4-4,10240,awqpe_ablate_special@0.7,all_but_S1,16600,166,1.0,0.9997686403540524,1.0,1.0,1.0,0.06904613616475785,research/results/p2b_awqpe_baseline_mc/20260926T204053Z,PRELIMINARY (dev split)
4-4,10240,awqpe_ablate_special@0.8,S1,4000,40,0.94575,0.9382931745072612,0.952351481786489,0.87665,1.0,0.47378300751765323,research/results/p2b_awqpe_baseline_mc/20260926T204053Z,PRELIMINARY (dev split)
4-4,10240,awqpe_ablate_special@0.8,all_but_S1,16600,166,0.9848192771084338,0.9828439212538386,0.9865702977304281,0.9704171686746987,0.9968102409638554,0.06904613616475785,research/results/p2b_awqpe_baseline_mc/20260926T204053Z,PRELIMINARY (dev split)
4-4,10240,awqpe_ablate_special@0.9,S1,4000,40,0.925,0.9164235371722754,0.9327609360186252,0.825,1.0,0.4744559367251213,research/results/p2b_awqpe_baseline_mc/20260926T204053Z,PRELIMINARY (dev split)
4-4,10240,awqpe_ablate_special@0.9,all_but_S1,16600,166,0.9155421686746988,0.9112153009803277,0.9196767569910282,0.8801475903614456,0.9539201807228918,0.06904613616475785,research/results/p2b_awqpe_baseline_mc/20260926T204053Z,PRELIMINARY (dev split)
4-4,10240,awqpe_ablate_special@0.95,S1,4000,40,0.925,0.9164235371722754,0.9327609360186252,0.825,1.0,0.4744559367251213,research/results/p2b_awqpe_baseline_mc/20260926T204053Z,PRELIMINARY (dev split)
4-4,10240,awqpe_ablate_special@0.95,all_but_S1,16600,166,0.8957831325301204,0.8910432173505646,0.9003399112188478,0.8544548192771084,0.9364728915662649,0.0700068183899134,research/results/p2b_awqpe_baseline_mc/20260926T204053Z,PRELIMINARY (dev split)
4-4,10240,likelihood,S1,4000,40,1.0,0.9990405566951769,0.9999999999999999,1.0,1.0,0.01732536299314802,research/results/p2b_awqpe_baseline_mc/20260926T204053Z,PRELIMINARY (dev split)
4-4,10240,likelihood,all_but_S1,16600,166,1.0,0.9997686403540524,1.0,1.0,1.0,0.013363402415691894,research/results/p2b_awqpe_baseline_mc/20260926T204053Z,PRELIMINARY (dev split)
