widths,n,B,S0,dS,decoder,signal,spearman_d_err,auroc_fix_all,auroc_fix_within_failing,p_greedy,p_random,p_oracle,gain_vs_random,gain_ci_lo,gain_ci_hi,headroom_captured,run,status
2-2-2-2,8,4,4,4,awqpe,ratio,0.04439897193390638,0.8363973181814545,0.8219009337956287,0.6594390507011866,0.6472491909385113,0.7766990291262136,0.012189859762675281,0.004919768069039918,0.018672127831715204,0.09416666666666654,research/results/p4_information_study/20260926T212553Z,PRELIMINARY
2-2-2-2,8,4,4,4,awqpe,entropy,0.06870711556525318,0.8575628201127126,0.8295312611866261,0.672923408845739,0.6472491909385113,0.7766990291262136,0.02567421790722768,0.01852683387270766,0.032000741639697954,0.1983333333333338,research/results/p4_information_study/20260926T212553Z,PRELIMINARY
2-2-2-2,8,4,4,4,awqpe,local_post_sd,0.09679394726765808,0.8462163191553314,0.8123070786413427,0.6913969795037758,0.6472491909385113,0.7766990291262136,0.04414778856526447,0.03697141316073355,0.05041161003236247,0.34104166666666796,research/results/p4_information_study/20260926T212553Z,PRELIMINARY
2-2-2-2,8,4,4,4,awqpe,chunk_risk,0.04377830055008693,0.8426839505829667,0.826616414211149,0.660059331175836,0.6472491909385113,0.7766990291262136,0.01281014023732474,0.003850121359223303,0.01982166936353828,0.0989583333333336,research/results/p4_information_study/20260926T212553Z,PRELIMINARY
2-2-2-2,8,4,4,4,awqpe,boundary_risk,0.040033031534400354,0.8349894294277599,0.8194343359959635,0.6593311758360302,0.6472491909385113,0.7766990291262136,0.012081984897518883,0.0039013619201726016,0.018692691477885656,0.09333333333333335,research/results/p4_information_study/20260926T212553Z,PRELIMINARY
2-2-2-2,8,4,4,4,awqpe,eig_phi,0.1259002775887168,0.853988849668947,0.8048819203665634,0.7050161812297735,0.6472491909385113,0.7766990291262136,0.0577669902912622,0.05117313915857605,0.06463288834951456,0.4462500000000004,research/results/p4_information_study/20260926T212553Z,PRELIMINARY
2-2-2-2,8,4,4,4,awqpe,eig_cell,0.11041764223969575,0.8852486783450467,0.8344188409206359,0.6977346278317152,0.6472491909385113,0.7766990291262136,0.05048543689320395,0.043020833333333335,0.056715210355987054,0.39000000000000046,research/results/p4_information_study/20260926T212553Z,PRELIMINARY
2-2-2-2,8,4,4,4,awqpe,fisher_phi,-0.024563025235310988,0.4521668795662324,0.44008734517709386,0.6435275080906149,0.6472491909385113,0.7766990291262136,-0.0037216828478964237,-0.007547532362459548,0.0008707524271844606,-0.02874999999999987,research/results/p4_information_study/20260926T212553Z,PRELIMINARY
2-2-2-2,8,4,4,4,awqpe,c1,0.05778342966539882,0.8484621182671478,0.8267192374172829,0.6667880258899677,0.6472491909385113,0.7766990291262136,0.019538834951456363,0.012255258899676378,0.0258495145631068,0.1509375000000004,research/results/p4_information_study/20260926T212553Z,PRELIMINARY
2-2-2-2,8,4,4,4,awqpe,margin,0.04439897193390638,0.8363973181814545,0.8219009337956287,0.6594390507011866,0.6472491909385113,0.7766990291262136,0.012189859762675281,0.004919768069039918,0.018672127831715204,0.09416666666666654,research/results/p4_information_study/20260926T212553Z,PRELIMINARY
2-2-2-2,8,4,4,4,awqpe,p_chunk_correct,0.04377830055008693,0.8426839505829667,0.826616414211149,0.660059331175836,0.6472491909385113,0.7766990291262136,0.01281014023732474,0.003850121359223303,0.01982166936353828,0.0989583333333336,research/results/p4_information_study/20260926T212553Z,PRELIMINARY
2-2-2-2,8,4,4,4,awqpe,legacy_cw,0.04635988232015188,0.839361416421583,0.8239072136479396,0.660571736785329,0.6472491909385113,0.7766990291262136,0.01332254584681769,0.005897046925566348,0.019763686623516713,0.10291666666666664,research/results/p4_information_study/20260926T212553Z,PRELIMINARY
2-2-2-2,8,4,4,4,awqpe_eps_safe,ratio,0.1732025829037744,0.7904352056932201,0.7616360610871254,0.7011596548004314,0.6439320388349514,0.8197411003236246,0.05722761596547998,0.04971682847896441,0.0648924622437972,0.32551004755330537,research/results/p4_information_study/20260926T212553Z,PRELIMINARY
2-2-2-2,8,4,4,4,awqpe_eps_safe,entropy,0.1984473580731536,0.828888951369109,0.7957860455249663,0.7186353829557712,0.6439320388349514,0.8197411003236246,0.0747033441208198,0.06719053398058253,0.08194444444444446,0.4249117962877739,research/results/p4_information_study/20260926T212553Z,PRELIMINARY
2-2-2-2,8,4,4,4,awqpe_eps_safe,local_post_sd,0.19224633075302933,0.8441598228761408,0.8059077955114908,0.7221278317152103,0.6439320388349514,0.8197411003236246,0.07819579288025891,0.07116639697950379,0.08507753505933116,0.44477680625862864,research/results/p4_information_study/20260926T212553Z,PRELIMINARY
2-2-2-2,8,4,4,4,awqpe_eps_safe,chunk_risk,0.16458032644015025,0.7920242853751274,0.7614596175012562,0.7025485436893204,0.6439320388349514,0.8197411003236246,0.05861650485436898,0.0504025080906149,0.06722053667745415,0.33341003221352994,research/results/p4_information_study/20260926T212553Z,PRELIMINARY
2-2-2-2,8,4,4,4,awqpe_eps_safe,boundary_risk,0.16119103516485483,0.7937193677937524,0.7665334899402378,0.7033306364617044,0.6439320388349514,0.8197411003236246,0.059398597626752925,0.05101570927723841,0.06764360841423948,0.3378585672649177,research/results/p4_information_study/20260926T212553Z,PRELIMINARY
2-2-2-2,8,4,4,4,awqpe_eps_safe,eig_phi,0.18698342838099485,0.813521044647987,0.7549520702887954,0.7135922330097088,0.6439320388349514,0.8197411003236246,0.06966019417475733,0.060550161812297734,0.07880461165048544,0.39622641509433987,research/results/p4_information_study/20260926T212553Z,PRELIMINARY
2-2-2-2,8,4,4,4,awqpe_eps_safe,eig_cell,0.20874048105613588,0.864987012379531,0.8091848471517771,0.7349514563106796,0.6439320388349514,0.8197411003236246,0.09101941747572817,0.08143001618122976,0.09988066343042072,0.5177174413253567,research/results/p4_information_study/20260926T212553Z,PRELIMINARY
2-2-2-2,8,4,4,4,awqpe_eps_safe,fisher_phi,-0.061794982489184115,0.43547648403516204,0.4223209178022406,0.6116504854368932,0.6439320388349514,0.8197411003236246,-0.03228155339805827,-0.037282564724919094,-0.027627427184466022,-0.18361711919005994,research/results/p4_information_study/20260926T212553Z,PRELIMINARY
2-2-2-2,8,4,4,4,awqpe_eps_safe,c1,0.18744051475626627,0.8107887397923116,0.7797231152834313,0.7104773462783172,0.6439320388349514,0.8197411003236246,0.06654530744336573,0.05902508090614887,0.07351874325782094,0.3785089737689832,research/results/p4_information_study/20260926T212553Z,PRELIMINARY
2-2-2-2,8,4,4,4,awqpe_eps_safe,margin,0.1732025829037744,0.7904352056932201,0.7616360610871254,0.7011596548004314,0.6439320388349514,0.8197411003236246,0.05722761596547998,0.04971682847896441,0.0648924622437972,0.32551004755330537,research/results/p4_information_study/20260926T212553Z,PRELIMINARY
2-2-2-2,8,4,4,4,awqpe_eps_safe,p_chunk_correct,0.16458032644015025,0.7920242853751274,0.7614596175012562,0.7025485436893204,0.6439320388349514,0.8197411003236246,0.05861650485436898,0.0504025080906149,0.06722053667745415,0.33341003221352994,research/results/p4_information_study/20260926T212553Z,PRELIMINARY
2-2-2-2,8,4,4,4,awqpe_eps_safe,legacy_cw,0.17481219816972812,0.792688528215514,0.7636601850418961,0.7024541531823084,0.6439320388349514,0.8197411003236246,0.05852211434735699,0.05090513754045308,0.06620314185544769,0.3328731400521548,research/results/p4_information_study/20260926T212553Z,PRELIMINARY
2-2-2-2,8,4,4,4,likelihood,ratio,0.0866298705999509,0.7093069326919922,0.6955735298632292,0.8493257820927723,0.8105582524271845,0.9351132686084143,0.03876752966558783,0.03287048274002157,0.04445860302049623,0.3112482407708123,research/results/p4_information_study/20260926T212553Z,PRELIMINARY
2-2-2-2,8,4,4,4,likelihood,entropy,0.09897602586590484,0.7306035826751675,0.7106361102341755,0.8585760517799352,0.8105582524271845,0.9351132686084143,0.048017799352750745,0.041804544228694715,0.05416430690399137,0.38551477752517,research/results/p4_information_study/20260926T212553Z,PRELIMINARY
2-2-2-2,8,4,4,4,likelihood,local_post_sd,0.09840892436476414,0.732934544465765,0.7068325626423447,0.8611380798274003,0.8105582524271845,0.9351132686084143,0.05057982740021583,0.04470570388349515,0.056864212513484357,0.40608422648045966,research/results/p4_information_study/20260926T212553Z,PRELIMINARY
2-2-2-2,8,4,4,4,likelihood,chunk_risk,0.07618106225258241,0.7079323393211208,0.6875714442612867,0.8490560949298812,0.8105582524271845,0.9351132686084143,0.03849784250269672,0.03286812297734629,0.04449737055016181,0.30908303561762357,research/results/p4_information_study/20260926T212553Z,PRELIMINARY
2-2-2-2,8,4,4,4,likelihood,boundary_risk,0.08607880983656374,0.7122461829865968,0.7031789012732449,0.8482200647249191,0.8105582524271845,0.9351132686084143,0.037661812297734576,0.031967367853290185,0.043456378101402376,0.3023708996427407,research/results/p4_information_study/20260926T212553Z,PRELIMINARY
2-2-2-2,8,4,4,4,likelihood,eig_phi,0.17369078504216418,0.8203632162839617,0.7723171638440284,0.8726537216828479,0.8105582524271845,0.9351132686084143,0.06209546925566345,0.054526699029126234,0.06891484627831716,0.4985384865215981,research/results/p4_information_study/20260926T212553Z,PRELIMINARY
2-2-2-2,8,4,4,4,likelihood,eig_cell,0.14988535136150402,0.8654836226544931,0.826741458742627,0.8807443365695793,0.8105582524271845,0.9351132686084143,0.0701860841423948,0.06239785598705504,0.07749089805825245,0.5634946411172457,research/results/p4_information_study/20260926T212553Z,PRELIMINARY
2-2-2-2,8,4,4,4,likelihood,fisher_phi,0.027416512636634978,0.3789575657197715,0.3420709777753043,0.7786407766990291,0.8105582524271845,0.9351132686084143,-0.0319174757281554,-0.03774271844660194,-0.025941545307443366,-0.2562520298798316,research/results/p4_information_study/20260926T212553Z,PRELIMINARY
2-2-2-2,8,4,4,4,likelihood,c1,0.0936821695406946,0.7209935303899033,0.7039293994848708,0.854153182308522,0.8105582524271845,0.9351132686084143,0.04359492988133751,0.037586299892125134,0.049069916396979496,0.35000541301288185,research/results/p4_information_study/20260926T212553Z,PRELIMINARY
2-2-2-2,8,4,4,4,likelihood,margin,0.0866298705999509,0.7093069326919922,0.6955735298632292,0.8493257820927723,0.8105582524271845,0.9351132686084143,0.03876752966558783,0.03287048274002157,0.04445860302049623,0.3112482407708123,research/results/p4_information_study/20260926T212553Z,PRELIMINARY
2-2-2-2,8,4,4,4,likelihood,p_chunk_correct,0.07618106225258241,0.7079323393211208,0.6875714442612867,0.8490560949298812,0.8105582524271845,0.9351132686084143,0.03849784250269672,0.03286812297734629,0.04449737055016181,0.30908303561762357,research/results/p4_information_study/20260926T212553Z,PRELIMINARY
2-2-2-2,8,4,4,4,likelihood,legacy_cw,0.08757790606337719,0.7113834781046392,0.697222688735566,0.8497303128371089,0.8105582524271845,0.9351132686084143,0.03917206040992438,0.03340244066882416,0.044963929341963325,0.3144960485005946,research/results/p4_information_study/20260926T212553Z,PRELIMINARY
2-2-2-2,8,4,4,16,awqpe,ratio,0.06169453554871654,0.8051068587874998,0.789626117083253,0.6732740021574972,0.6598300970873786,0.8186084142394822,0.013443905070118611,0.004121494066882419,0.022352346278317146,0.08467091295116741,research/results/p4_information_study/20260926T212553Z,PRELIMINARY
2-2-2-2,8,4,4,16,awqpe,entropy,0.08941440276396705,0.831983369594421,0.8077836819686615,0.6905879180151026,0.6598300970873786,0.8186084142394822,0.030757820927723944,0.021343716289104635,0.03882483818770226,0.19371549893842954,research/results/p4_information_study/20260926T212553Z,PRELIMINARY
2-2-2-2,8,4,4,16,awqpe,local_post_sd,0.11878835537933799,0.8398520657802182,0.8106718918117131,0.7141990291262136,0.6598300970873786,0.8186084142394822,0.05436893203883497,0.04579726267529666,0.06314050701186623,0.3424203821656052,research/results/p4_information_study/20260926T212553Z,PRELIMINARY
2-2-2-2,8,4,4,16,awqpe,chunk_risk,0.057990513907961436,0.8076556362339411,0.7919359299460724,0.6724784250269686,0.6598300970873786,0.8186084142394822,0.012648327939590032,0.002870145631067962,0.021926577669902907,0.0796602972399148,research/results/p4_information_study/20260926T212553Z,PRELIMINARY
2-2-2-2,8,4,4,16,awqpe,boundary_risk,0.05511885324143611,0.8026275162453766,0.7868599868116893,0.6734223300970874,0.6598300970873786,0.8186084142394822,0.013592233009708798,0.0042506067961165074,0.02207086030204962,0.08560509554140165,research/results/p4_information_study/20260926T212553Z,PRELIMINARY
2-2-2-2,8,4,4,16,awqpe,eig_phi,0.14929359628908306,0.8491404092741925,0.80166135080407,0.7304207119741101,0.6598300970873786,0.8186084142394822,0.07059061488673146,0.06259809870550162,0.07818264563106796,0.44458598726114695,research/results/p4_information_study/20260926T212553Z,PRELIMINARY
2-2-2-2,8,4,4,16,awqpe,eig_cell,0.1339447444627528,0.8853019352904182,0.8379221197381063,0.7220064724919094,0.6598300970873786,0.8186084142394822,0.062176375404530804,0.05286407766990291,0.07073725728155339,0.3915923566878985,research/results/p4_information_study/20260926T212553Z,PRELIMINARY
2-2-2-2,8,4,4,16,awqpe,fisher_phi,-0.02749160549113761,0.43331573168072907,0.4194880579811756,0.6511326860841424,0.6598300970873786,0.8186084142394822,-0.008697411003236177,-0.013794498381877025,-0.0025424757281553466,-0.05477707006369384,research/results/p4_information_study/20260926T212553Z,PRELIMINARY
2-2-2-2,8,4,4,16,awqpe,c1,0.07688293736032578,0.8199252429007019,0.7997601734621778,0.682713052858684,0.6598300970873786,0.8186084142394822,0.02288295577130539,0.013585153721682848,0.030436893203883496,0.1441188959660304,research/results/p4_information_study/20260926T212553Z,PRELIMINARY
2-2-2-2,8,4,4,16,awqpe,margin,0.06169453554871654,0.8051068587874998,0.789626117083253,0.6732740021574972,0.6598300970873786,0.8186084142394822,0.013443905070118611,0.004121494066882419,0.022352346278317146,0.08467091295116741,research/results/p4_information_study/20260926T212553Z,PRELIMINARY
2-2-2-2,8,4,4,16,awqpe,p_chunk_correct,0.057990513907961436,0.8076556362339411,0.7919359299460724,0.6724784250269686,0.6598300970873786,0.8186084142394822,0.012648327939590032,0.002870145631067962,0.021926577669902907,0.0796602972399148,research/results/p4_information_study/20260926T212553Z,PRELIMINARY
2-2-2-2,8,4,4,16,awqpe,legacy_cw,0.06368325451730056,0.8078671162069827,0.7917366649556942,0.6749190938511327,0.6598300970873786,0.8186084142394822,0.015088996763754081,0.005719727615965483,0.023986313376483277,0.09503184713375819,research/results/p4_information_study/20260926T212553Z,PRELIMINARY
2-2-2-2,8,4,4,16,awqpe_eps_safe,ratio,0.25926502473887697,0.7875135070496886,0.7767176397635305,0.7768069039913699,0.6758495145631068,0.9176375404530744,0.10095738942826304,0.08891450916936353,0.11240223840345197,0.4175450337404488,research/results/p4_information_study/20260926T212553Z,PRELIMINARY
2-2-2-2,8,4,4,16,awqpe_eps_safe,entropy,0.293062931196414,0.8259331304561488,0.8095992919994612,0.8045846817691479,0.6758495145631068,0.9176375404530744,0.12873516720604106,0.11859088457389427,0.13922195253505928,0.5324298700574427,research/results/p4_information_study/20260926T212553Z,PRELIMINARY
2-2-2-2,8,4,4,16,awqpe_eps_safe,local_post_sd,0.2863107752803176,0.8446447645931899,0.824349590188188,0.8163295577130529,0.6758495145631068,0.9176375404530744,0.1404800431499461,0.13092131877022653,0.15109830097087376,0.5810049634710839,research/results/p4_information_study/20260926T212553Z,PRELIMINARY
2-2-2-2,8,4,4,16,awqpe_eps_safe,chunk_risk,0.2418500737872578,0.7842718483167171,0.7716386745931981,0.7762540453074434,0.6758495145631068,0.9176375404530744,0.10040453074433653,0.08805285868392664,0.11238976537216827,0.4152584908817131,research/results/p4_information_study/20260926T212553Z,PRELIMINARY
2-2-2-2,8,4,4,16,awqpe_eps_safe,boundary_risk,0.23913898888955162,0.7857545590275774,0.7750741262993784,0.7766855447680691,0.6758495145631068,0.9176375404530744,0.10083603020496223,0.08906721952535059,0.11254955501618122,0.4170431096982879,research/results/p4_information_study/20260926T212553Z,PRELIMINARY
2-2-2-2,8,4,4,16,awqpe_eps_safe,eig_phi,0.2682840267895998,0.8171076764121594,0.7687700110398701,0.7834951456310679,0.6758495145631068,0.9176375404530744,0.1076456310679611,0.0990695792880259,0.116626213592233,0.4452066253973563,research/results/p4_information_study/20260926T212553Z,PRELIMINARY
2-2-2-2,8,4,4,16,awqpe_eps_safe,eig_cell,0.31459431589502423,0.8729068830544414,0.8306350845947899,0.8297734627831715,0.6758495145631068,0.9176375404530744,0.15392394822006472,0.14184364886731393,0.1653782362459547,0.6366069934749875,research/results/p4_information_study/20260926T212553Z,PRELIMINARY
2-2-2-2,8,4,4,16,awqpe_eps_safe,fisher_phi,-0.1007173183942122,0.42180765837325557,0.40373761968361893,0.6097087378640776,0.6758495145631068,0.9176375404530744,-0.06614077669902918,-0.07237459546925568,-0.059725930420711976,-0.2735486029780829,research/results/p4_information_study/20260926T212553Z,PRELIMINARY
2-2-2-2,8,4,4,16,awqpe_eps_safe,c1,0.2781143820125406,0.8076434367245174,0.7939192584513164,0.7913700107874864,0.6758495145631068,0.9176375404530744,0.11552049622437954,0.10537823624595469,0.1261674083063646,0.47777591879984316,research/results/p4_information_study/20260926T212553Z,PRELIMINARY
2-2-2-2,8,4,4,16,awqpe_eps_safe,margin,0.25926502473887697,0.7875135070496886,0.7767176397635305,0.7768069039913699,0.6758495145631068,0.9176375404530744,0.10095738942826304,0.08891450916936353,0.11240223840345197,0.4175450337404488,research/results/p4_information_study/20260926T212553Z,PRELIMINARY
2-2-2-2,8,4,4,16,awqpe_eps_safe,p_chunk_correct,0.2418500737872578,0.7842718483167171,0.7716386745931981,0.7762540453074434,0.6758495145631068,0.9176375404530744,0.10040453074433653,0.08805285868392664,0.11238976537216827,0.4152584908817131,research/results/p4_information_study/20260926T212553Z,PRELIMINARY
2-2-2-2,8,4,4,16,awqpe_eps_safe,legacy_cw,0.26074864006022086,0.7893537429928861,0.7782392249031715,0.7784789644012945,0.6758495145631068,0.9176375404530744,0.10262944983818767,0.09104031823085221,0.11422802049622437,0.4244604316546762,research/results/p4_information_study/20260926T212553Z,PRELIMINARY
2-2-2-2,8,4,4,16,likelihood,ratio,0.1106485460746557,0.69761602086535,0.710153610495173,0.9087378640776699,0.8472491909385114,0.9865695792880259,0.06148867313915851,0.05447545846817692,0.06964906957928801,0.4413472706155629,research/results/p4_information_study/20260926T212553Z,PRELIMINARY
2-2-2-2,8,4,4,16,likelihood,entropy,0.12349257798503756,0.7150013536344888,0.7229562007978714,0.9185814455231931,0.8472491909385114,0.9865695792880259,0.07133225458468173,0.06481054476806904,0.07917442017259978,0.5120015485869143,research/results/p4_information_study/20260926T212553Z,PRELIMINARY
2-2-2-2,8,4,4,16,likelihood,local_post_sd,0.11625113735336887,0.7214987028213734,0.7250321351536276,0.9213457389428262,0.8472491909385114,0.9865695792880259,0.07409654800431487,0.06705467907227616,0.08154261057173677,0.5318428184281834,research/results/p4_information_study/20260926T212553Z,PRELIMINARY
2-2-2-2,8,4,4,16,likelihood,chunk_risk,0.0944389033153278,0.6952099283345666,0.7008932646227817,0.908913160733549,0.8472491909385114,0.9865695792880259,0.06166396979503763,0.05540722761596548,0.07047734627831716,0.44260549748354544,research/results/p4_information_study/20260926T212553Z,PRELIMINARY
2-2-2-2,8,4,4,16,likelihood,boundary_risk,0.10862300716642805,0.6970808411330325,0.7127257267211438,0.9080501618122977,0.8472491909385114,0.9865695792880259,0.06080097087378633,0.053853829557713055,0.06918857874865156,0.4364111498257835,research/results/p4_information_study/20260926T212553Z,PRELIMINARY
2-2-2-2,8,4,4,16,likelihood,eig_phi,0.2355146304527602,0.791575845319203,0.757141415950703,0.9254045307443366,0.8472491909385114,0.9865695792880259,0.07815533980582523,0.07103559870550163,0.08548745954692558,0.5609756097560975,research/results/p4_information_study/20260926T212553Z,PRELIMINARY
2-2-2-2,8,4,4,16,likelihood,eig_cell,0.2076203279922867,0.8495587566982317,0.8378341078025457,0.945631067961165,0.8472491909385114,0.9865695792880259,0.09838187702265366,0.09048948220064727,0.10720469255663431,0.7061556329849009,research/results/p4_information_study/20260926T212553Z,PRELIMINARY
2-2-2-2,8,4,4,16,likelihood,fisher_phi,0.03661210496612306,0.3545075685865921,0.2811250494980877,0.787864077669903,0.8472491909385114,0.9865695792880259,-0.0593851132686084,-0.06701152912621358,-0.05272754854368931,-0.4262485481997677,research/results/p4_information_study/20260926T212553Z,PRELIMINARY
2-2-2-2,8,4,4,16,likelihood,c1,0.11805051455272025,0.7071070939119553,0.7171122352409913,0.9139967637540453,0.8472491909385114,0.9865695792880259,0.0667475728155339,0.06040925026968715,0.07434870550161811,0.4790940766550517,research/results/p4_information_study/20260926T212553Z,PRELIMINARY
2-2-2-2,8,4,4,16,likelihood,margin,0.1106485460746557,0.69761602086535,0.710153610495173,0.9087378640776699,0.8472491909385114,0.9865695792880259,0.06148867313915851,0.05447545846817692,0.06964906957928801,0.4413472706155629,research/results/p4_information_study/20260926T212553Z,PRELIMINARY
2-2-2-2,8,4,4,16,likelihood,p_chunk_correct,0.0944389033153278,0.6952099283345666,0.7008932646227817,0.908913160733549,0.8472491909385114,0.9865695792880259,0.06166396979503763,0.05540722761596548,0.07047734627831716,0.44260549748354544,research/results/p4_information_study/20260926T212553Z,PRELIMINARY
2-2-2-2,8,4,4,16,likelihood,legacy_cw,0.11158243136542559,0.6992128341894218,0.7112682696841113,0.9096008629989212,0.8472491909385114,0.9865695792880259,0.06235167206040981,0.05545004045307443,0.07026260787486516,0.44754161827332484,research/results/p4_information_study/20260926T212553Z,PRELIMINARY
2-2-2-2,8,4,16,16,awqpe,ratio,0.07654520428713525,0.9009055791664039,0.889851560676109,0.7557173678532902,0.7353559870550161,0.8228155339805825,0.020361380798274098,0.012505056634304209,0.028292206040992453,0.2328091273512191,research/results/p4_information_study/20260926T212553Z,PRELIMINARY
2-2-2-2,8,4,16,16,awqpe,entropy,0.07284556871843477,0.849528629483932,0.8248797197672483,0.7539644012944984,0.7353559870550161,0.8228155339805825,0.01860841423948223,0.010769619741100325,0.02520428802588997,0.21276595744680885,research/results/p4_information_study/20260926T212553Z,PRELIMINARY
2-2-2-2,8,4,16,16,awqpe,local_post_sd,-0.0364855906483365,0.2489481026903542,0.2628846636762916,0.7300161812297734,0.7353559870550161,0.8228155339805825,-0.005339805825242738,-0.00861852750809061,-0.002546521035598708,-0.06105457909343223,research/results/p4_information_study/20260926T212553Z,PRELIMINARY
2-2-2-2,8,4,16,16,awqpe,chunk_risk,0.0718220101578604,0.8933864346722352,0.887154587917988,0.7548543689320388,0.7353559870550161,0.8228155339805825,0.019498381877022686,0.01185275080906149,0.027290655339805816,0.22294172062904755,research/results/p4_information_study/20260926T212553Z,PRELIMINARY
2-2-2-2,8,4,16,16,awqpe,boundary_risk,0.07720403258306781,0.9045106622178783,0.8935333939787561,0.7576860841423948,0.7353559870550161,0.8228155339805825,0.022330097087378653,0.014865493527508091,0.02997572815533981,0.25531914893617036,research/results/p4_information_study/20260926T212553Z,PRELIMINARY
2-2-2-2,8,4,16,16,awqpe,eig_phi,0.020812441255299647,0.5916407654137786,0.5539341315919112,0.7300970873786408,0.7353559870550161,0.8228155339805825,-0.005258899676375384,-0.009042273462783171,-0.001492718446601947,-0.06012950971322825,research/results/p4_information_study/20260926T212553Z,PRELIMINARY
2-2-2-2,8,4,16,16,awqpe,eig_cell,0.06549251524794497,0.7301167093060645,0.6515310199259946,0.7558252427184466,0.7353559870550161,0.8228155339805825,0.020469255663430497,0.014237459546925567,0.028036003236245954,0.23404255319149023,research/results/p4_information_study/20260926T212553Z,PRELIMINARY
2-2-2-2,8,4,16,16,awqpe,fisher_phi,-0.028062831158126075,0.42881277290326203,0.41972497136308595,0.7237864077669903,0.7353559870550161,0.8228155339805825,-0.011569579288025822,-0.01529328478964401,-0.007098503236245956,-0.13228492136910192,research/results/p4_information_study/20260926T212553Z,PRELIMINARY
2-2-2-2,8,4,16,16,awqpe,c1,0.07813627103685182,0.8969337371893282,0.8827848454307794,0.7568500539374327,0.7353559870550161,0.8228155339805825,0.021494066882416507,0.01462985436893204,0.028847087378640775,0.24576009867406848,research/results/p4_information_study/20260926T212553Z,PRELIMINARY
2-2-2-2,8,4,16,16,awqpe,margin,0.07687717587953866,0.9019198219340673,0.8913669604671653,0.7560679611650486,0.7353559870550161,0.8228155339805825,0.02071197411003245,0.01304510517799353,0.028723705501618128,0.2368177613321009,research/results/p4_information_study/20260926T212553Z,PRELIMINARY
2-2-2-2,8,4,16,16,awqpe,p_chunk_correct,0.07182258234356885,0.8933864346722352,0.887154587917988,0.7548543689320388,0.7353559870550161,0.8228155339805825,0.019498381877022686,0.01185275080906149,0.027290655339805816,0.22294172062904755,research/results/p4_information_study/20260926T212553Z,PRELIMINARY
2-2-2-2,8,4,16,16,awqpe,legacy_cw,0.07675185338383161,0.9015333559584567,0.8905185651081763,0.7556634304207119,0.7353559870550161,0.8228155339805825,0.020307443365695788,0.012497977346278319,0.028276699029126218,0.23219241443108227,research/results/p4_information_study/20260926T212553Z,PRELIMINARY
2-2-2-2,8,4,16,16,awqpe_eps_safe,ratio,0.07570165923301804,0.7536871129031474,0.7563277252812641,0.954341963322546,0.9435275080906149,0.9854368932038835,0.01081445523193103,0.006281688241639709,0.014858751348435818,0.2580437580437599,research/results/p4_information_study/20260926T212553Z,PRELIMINARY
2-2-2-2,8,4,16,16,awqpe_eps_safe,entropy,0.09432020724158073,0.8477299103423842,0.8375652185899689,0.9617044228694716,0.9435275080906149,0.9854368932038835,0.018176914778856634,0.014019012944983828,0.021987931499460635,0.43371943371943655,research/results/p4_information_study/20260926T212553Z,PRELIMINARY
2-2-2-2,8,4,16,16,awqpe_eps_safe,local_post_sd,0.0635348041412985,0.778939401510772,0.7615406175979341,0.9611380798274003,0.9435275080906149,0.9854368932038835,0.017610571736785374,0.01383292880258901,0.02148867313915858,0.42020592020592157,research/results/p4_information_study/20260926T212553Z,PRELIMINARY
2-2-2-2,8,4,16,16,awqpe_eps_safe,chunk_risk,0.07679571386917111,0.7620177057186,0.762020782646054,0.9551779935275081,0.9435275080906149,0.9854368932038835,0.011650485436893177,0.007645631067961177,0.015555218446601952,0.2779922779922775,research/results/p4_information_study/20260926T212553Z,PRELIMINARY
2-2-2-2,8,4,16,16,awqpe_eps_safe,boundary_risk,0.07952423241789351,0.7725832277314905,0.7723684543050587,0.9566073354908308,0.9435275080906149,0.9854368932038835,0.013079827400215849,0.008911812297734637,0.01730110571736786,0.3120978120978147,research/results/p4_information_study/20260926T212553Z,PRELIMINARY
2-2-2-2,8,4,16,16,awqpe_eps_safe,eig_phi,0.07509130380626955,0.7315929102854346,0.6768971688641684,0.9493527508090615,0.9435275080906149,0.9854368932038835,0.005825242718446533,0.002770024271844674,0.0092233009708738,0.13899613899613744,research/results/p4_information_study/20260926T212553Z,PRELIMINARY
2-2-2-2,8,4,16,16,awqpe_eps_safe,eig_cell,0.10111977117251049,0.8542424151416655,0.745884709844762,0.9644012944983819,0.9435275080906149,0.9854368932038835,0.020873786407766937,0.01682645631067962,0.025306432038834956,0.4980694980694971,research/results/p4_information_study/20260926T212553Z,PRELIMINARY
2-2-2-2,8,4,16,16,awqpe_eps_safe,fisher_phi,-0.0012834944729863222,0.45931193914143675,0.4425938561848245,0.9333333333333333,0.9435275080906149,0.9854368932038835,-0.010194174757281571,-0.012461569579288014,-0.007884304207119726,-0.2432432432432438,research/results/p4_information_study/20260926T212553Z,PRELIMINARY
2-2-2-2,8,4,16,16,awqpe_eps_safe,c1,0.08990356661432344,0.8101663514084558,0.806724378370058,0.9600053937432579,0.9435275080906149,0.9854368932038835,0.016477885652642965,0.012270091693635384,0.020606121898597632,0.39317889317889415,research/results/p4_information_study/20260926T212553Z,PRELIMINARY
2-2-2-2,8,4,16,16,awqpe_eps_safe,margin,0.07991024506636216,0.7689867419581118,0.7702812296820113,0.9557982740021576,0.9435275080906149,0.9854368932038835,0.012270765911542636,0.008062971952535067,0.016269215210355993,0.2927927927927936,research/results/p4_information_study/20260926T212553Z,PRELIMINARY
2-2-2-2,8,4,16,16,awqpe_eps_safe,p_chunk_correct,0.07679536801640535,0.7620177057186,0.762020782646054,0.9551779935275081,0.9435275080906149,0.9854368932038835,0.011650485436893177,0.007645631067961177,0.015555218446601952,0.2779922779922775,research/results/p4_information_study/20260926T212553Z,PRELIMINARY
2-2-2-2,8,4,16,16,awqpe_eps_safe,legacy_cw,0.07759577303980376,0.7606770223557721,0.7627973175085637,0.9545846817691479,0.9435275080906149,0.9854368932038835,0.011057173678532983,0.006696669363538308,0.015001685544768079,0.26383526383526595,research/results/p4_information_study/20260926T212553Z,PRELIMINARY
2-2-2-2,8,4,16,16,likelihood,ratio,0.017332118935874833,0.7643104621592903,0.8378657995861661,0.9970064724919094,0.9918284789644013,0.9995145631067961,0.00517799352750814,0.003579085760517801,0.006776901294498384,0.6736842105263241,research/results/p4_information_study/20260926T212553Z,PRELIMINARY
2-2-2-2,8,4,16,16,likelihood,entropy,0.026366303685367378,0.831317470361394,0.873100798108188,0.9969255663430421,0.9918284789644013,0.9995145631067961,0.0050970873786407855,0.003498179611650488,0.006674757281553404,0.6631578947368452,research/results/p4_information_study/20260926T212553Z,PRELIMINARY
2-2-2-2,8,4,16,16,likelihood,local_post_sd,0.03100522296130613,0.7426122565933213,0.7371268105232043,0.9957928802588997,0.9918284789644013,0.9995145631067961,0.003964401294498376,0.002669902912621365,0.005320590614886735,0.5157894736842112,research/results/p4_information_study/20260926T212553Z,PRELIMINARY
2-2-2-2,8,4,16,16,likelihood,chunk_risk,0.014129887799792617,0.7737769075562029,0.8501330180313331,0.9970064724919094,0.9918284789644013,0.9995145631067961,0.00517799352750814,0.003538632686084145,0.00671723300970874,0.6736842105263241,research/results/p4_information_study/20260926T212553Z,PRELIMINARY
2-2-2-2,8,4,16,16,likelihood,boundary_risk,0.019661208617437705,0.7787423441063049,0.8475908956547443,0.9969255663430421,0.9918284789644013,0.9995145631067961,0.0050970873786407855,0.0033576051779935297,0.006655542071197416,0.6631578947368452,research/results/p4_information_study/20260926T212553Z,PRELIMINARY
2-2-2-2,8,4,16,16,likelihood,eig_phi,0.14820325237099297,0.9358072565336263,0.9010937038131835,0.9975728155339806,0.9918284789644013,0.9995145631067961,0.005744336569579289,0.004104975728155344,0.0073665048543689335,0.7473684210526339,research/results/p4_information_study/20260926T212553Z,PRELIMINARY
2-2-2-2,8,4,16,16,likelihood,eig_cell,0.0902425772508631,0.9755135567521103,0.9571386343482117,0.9988673139158576,0.9918284789644013,0.9995145631067961,0.0070388349514562965,0.005359021035598707,0.008661003236245956,0.9157894736842113,research/results/p4_information_study/20260926T212553Z,PRELIMINARY
2-2-2-2,8,4,16,16,likelihood,fisher_phi,0.11574622046376822,0.2852254683078833,0.19166420336979012,0.988673139158576,0.9918284789644013,0.9995145631067961,-0.0031553398058252746,-0.004126213592233002,-0.00218446601941747,-0.410526315789479,research/results/p4_information_study/20260926T212553Z,PRELIMINARY
2-2-2-2,8,4,16,16,likelihood,c1,0.020368931568605662,0.8116718203416946,0.8681939107301212,0.9975728155339806,0.9918284789644013,0.9995145631067961,0.005744336569579289,0.004064522653721685,0.007200647249190944,0.7473684210526339,research/results/p4_information_study/20260926T212553Z,PRELIMINARY
2-2-2-2,8,4,16,16,likelihood,margin,0.017923479104450333,0.7778605284208264,0.8495122672184452,0.9970064724919094,0.9918284789644013,0.9995145631067961,0.00517799352750814,0.003579085760517801,0.006776901294498384,0.6736842105263241,research/results/p4_information_study/20260926T212553Z,PRELIMINARY
2-2-2-2,8,4,16,16,likelihood,p_chunk_correct,0.014130379668435732,0.7737769075562029,0.8501330180313331,0.9970064724919094,0.9918284789644013,0.9995145631067961,0.00517799352750814,0.003538632686084145,0.00671723300970874,0.6736842105263241,research/results/p4_information_study/20260926T212553Z,PRELIMINARY
2-2-2-2,8,4,16,16,likelihood,legacy_cw,0.01755381689084565,0.7697025991236762,0.8447827372154892,0.9970064724919094,0.9918284789644013,0.9995145631067961,0.00517799352750814,0.003579085760517801,0.006776901294498384,0.6736842105263241,research/results/p4_information_study/20260926T212553Z,PRELIMINARY
2-2-2-2,8,4,16,64,awqpe,ratio,0.12564930335903274,0.8907089941604851,0.8858163101279733,0.7809600862998921,0.733131067961165,0.8603559870550161,0.0478290183387271,0.03566275620280475,0.05883360302049623,0.375940646528882,research/results/p4_information_study/20260926T212553Z,PRELIMINARY
2-2-2-2,8,4,16,64,awqpe,entropy,0.11812152897697831,0.8475736310263356,0.830615214638889,0.7731121898597626,0.733131067961165,0.8603559870550161,0.039981121898597594,0.030558252427184466,0.05017597087378642,0.31425543190249045,research/results/p4_information_study/20260926T212553Z,PRELIMINARY
2-2-2-2,8,4,16,64,awqpe,local_post_sd,-0.05731494731073994,0.2854772844266946,0.2921892705677437,0.7282362459546926,0.733131067961165,0.8603559870550161,-0.004894822006472399,-0.009448826860841425,-0.000404530744336569,-0.03847376788553186,research/results/p4_information_study/20260926T212553Z,PRELIMINARY
2-2-2-2,8,4,16,64,awqpe,chunk_risk,0.11937712956089976,0.8826322575774603,0.8810055024810286,0.7776699029126214,0.733131067961165,0.8603559870550161,0.044538834951456385,0.031917475728155335,0.05617313915857603,0.3500794912559624,research/results/p4_information_study/20260926T212553Z,PRELIMINARY
2-2-2-2,8,4,16,64,awqpe,boundary_risk,0.1252995637862518,0.8926613312103605,0.8861828659415779,0.7796116504854369,0.733131067961165,0.8603559870550161,0.046480582524271896,0.034385113268608415,0.05819680420711974,0.3653418124006363,research/results/p4_information_study/20260926T212553Z,PRELIMINARY
2-2-2-2,8,4,16,64,awqpe,eig_phi,0.03341635934595038,0.5949362410548269,0.5602799567868163,0.7252427184466019,0.733131067961165,0.8603559870550161,-0.007888349514563076,-0.01369437702265372,-0.002540453074433665,-0.06200317965023822,research/results/p4_information_study/20260926T212553Z,PRELIMINARY
2-2-2-2,8,4,16,64,awqpe,eig_cell,0.09846604385170396,0.735378219333336,0.6604256640176692,0.7681229773462783,0.733131067961165,0.8603559870550161,0.03499190938511332,0.02579085760517799,0.045071804207119724,0.2750397456279813,research/results/p4_information_study/20260926T212553Z,PRELIMINARY
2-2-2-2,8,4,16,64,awqpe,fisher_phi,-0.04336593420926706,0.41594421308461127,0.40361766243058445,0.7122977346278317,0.733131067961165,0.8603559870550161,-0.02083333333333326,-0.026441140776699026,-0.014258697411003237,-0.16375198728139845,research/results/p4_information_study/20260926T212553Z,PRELIMINARY
2-2-2-2,8,4,16,64,awqpe,c1,0.1264892335139115,0.8863445176960585,0.8773019592865784,0.7772114347357065,0.733131067961165,0.8603559870550161,0.044080366774541524,0.03269822006472491,0.054444781553398054,0.34647588765235815,research/results/p4_information_study/20260926T212553Z,PRELIMINARY
2-2-2-2,8,4,16,64,awqpe,margin,0.12610767241637658,0.8914289154845462,0.8862773969391985,0.7803667745415317,0.733131067961165,0.8603559870550161,0.04723570658036669,0.03548240291262136,0.05817927454153182,0.37127715951245294,research/results/p4_information_study/20260926T212553Z,PRELIMINARY
2-2-2-2,8,4,16,64,awqpe,p_chunk_correct,0.11937770439050376,0.8826330025805552,0.8810058477997413,0.7776699029126214,0.733131067961165,0.8603559870550161,0.044538834951456385,0.031917475728155335,0.05617313915857603,0.3500794912559624,research/results/p4_information_study/20260926T212553Z,PRELIMINARY
2-2-2-2,8,4,16,64,awqpe,legacy_cw,0.1260606753600158,0.8915464453667332,0.8867953750083524,0.7811218985976267,0.733131067961165,0.8603559870550161,0.0479908306364617,0.036073017799352756,0.058995415318230854,0.3772125066242713,research/results/p4_information_study/20260926T212553Z,PRELIMINARY
2-2-2-2,8,4,16,64,awqpe_eps_safe,ratio,0.1131644456775525,0.7363035016233207,0.735802779064248,0.9496763754045308,0.937742718446602,0.9932038834951457,0.011933656957928807,0.005697815533980592,0.017294700647249195,0.2151714077315828,research/results/p4_information_study/20260926T212553Z,PRELIMINARY
2-2-2-2,8,4,16,64,awqpe_eps_safe,entropy,0.14251248001342184,0.8277505075019649,0.8197907694438553,0.9631067961165048,0.937742718446602,0.9932038834951457,0.025364077669902896,0.021114482200647256,0.030609830097087377,0.457330415754923,research/results/p4_information_study/20260926T212553Z,PRELIMINARY
2-2-2-2,8,4,16,64,awqpe_eps_safe,local_post_sd,0.09140080357787402,0.8009613755366735,0.798369236673491,0.9673948220064725,0.937742718446602,0.9932038834951457,0.02965210355987058,0.024367920711974123,0.034876618122977356,0.5346462436177977,research/results/p4_information_study/20260926T212553Z,PRELIMINARY
2-2-2-2,8,4,16,64,awqpe_eps_safe,chunk_risk,0.11430377135106982,0.7431312606340794,0.7396008720103995,0.9500809061488673,0.937742718446602,0.9932038834951457,0.012338187702265357,0.006587783171521048,0.017564724919093857,0.22246535375638188,research/results/p4_information_study/20260926T212553Z,PRELIMINARY
2-2-2-2,8,4,16,64,awqpe_eps_safe,boundary_risk,0.11813783477555345,0.7527468858269052,0.7504202068644128,0.9518608414239482,0.937742718446602,0.9932038834951457,0.01411812297734627,0.008757079288025901,0.019317354368932046,0.2545587162654994,research/results/p4_information_study/20260926T212553Z,PRELIMINARY
2-2-2-2,8,4,16,64,awqpe_eps_safe,eig_phi,0.11275995941233727,0.7306725203501632,0.6809068100203286,0.9436893203883495,0.937742718446602,0.9932038834951457,0.005946601941747565,0.0015503640776699142,0.009572208737864081,0.10722100656455125,research/results/p4_information_study/20260926T212553Z,PRELIMINARY
2-2-2-2,8,4,16,64,awqpe_eps_safe,eig_cell,0.16316058488422577,0.8715177048935396,0.7763705957631606,0.9668284789644013,0.937742718446602,0.9932038834951457,0.02908576051779932,0.022813511326860846,0.034772451456310687,0.5244347191830773,research/results/p4_information_study/20260926T212553Z,PRELIMINARY
2-2-2-2,8,4,16,64,awqpe_eps_safe,fisher_phi,0.021614198001037987,0.48118500851794827,0.4689804374768255,0.922168284789644,0.937742718446602,0.9932038834951457,-0.015574433656957987,-0.0186893203883495,-0.012740695792880244,-0.28081692195477853,research/results/p4_information_study/20260926T212553Z,PRELIMINARY
2-2-2-2,8,4,16,64,awqpe_eps_safe,c1,0.13152880369613348,0.7861124632723862,0.7829972399803206,0.9570927723840347,0.937742718446602,0.9932038834951457,0.01935005393743272,0.014603896979503775,0.024588727076591144,0.3488937515195746,research/results/p4_information_study/20260926T212553Z,PRELIMINARY
2-2-2-2,8,4,16,64,awqpe_eps_safe,margin,0.11852816052178904,0.7501510329765201,0.748853358264405,0.9517529665587919,0.937742718446602,0.9932038834951457,0.014010248112189982,0.008217367853290188,0.01896743527508091,0.25261366399222196,research/results/p4_information_study/20260926T212553Z,PRELIMINARY
2-2-2-2,8,4,16,64,awqpe_eps_safe,p_chunk_correct,0.11430358283761316,0.7431326852634821,0.7396015933955744,0.9500809061488673,0.937742718446602,0.9932038834951457,0.012338187702265357,0.006587783171521048,0.017564724919093857,0.22246535375638188,research/results/p4_information_study/20260926T212553Z,PRELIMINARY
2-2-2-2,8,4,16,64,awqpe_eps_safe,legacy_cw,0.11550164222698836,0.7424076379368482,0.7413956783256939,0.9509708737864078,0.937742718446602,0.9932038834951457,0.013228155339805814,0.007402912621359233,0.01818466828478965,0.23851203501094065,research/results/p4_information_study/20260926T212553Z,PRELIMINARY
2-2-2-2,8,4,16,64,likelihood,ratio,0.024392057933251395,0.6801513956949522,0.7866115196078431,0.9967637540453075,0.9917880258899676,1.0,0.004975728155339865,0.0033151294498381953,0.006695995145631075,0.6059113300492668,research/results/p4_information_study/20260926T212553Z,PRELIMINARY
2-2-2-2,8,4,16,64,likelihood,entropy,0.034644819146978166,0.7543551161922628,0.8256740196078431,0.9982200647249191,0.9917880258899676,1.0,0.00643203883495147,0.004607605177993533,0.008360639158576051,0.7832512315270933,research/results/p4_information_study/20260926T212553Z,PRELIMINARY
2-2-2-2,8,4,16,64,likelihood,local_post_sd,0.02438159165582012,0.7419568980781379,0.7732460171568627,0.9972491909385113,0.9917880258899676,1.0,0.005461165048543659,0.003721682847896446,0.007202669902912626,0.6650246305418666,research/results/p4_information_study/20260926T212553Z,PRELIMINARY
2-2-2-2,8,4,16,64,likelihood,chunk_risk,0.021203630084246725,0.6916843331865776,0.7976983762254902,0.9964401294498382,0.9917880258899676,1.0,0.004652103559870557,0.003033980582524277,0.0064745145631068006,0.5665024630541866,research/results/p4_information_study/20260926T212553Z,PRELIMINARY
2-2-2-2,8,4,16,64,likelihood,boundary_risk,0.02723865058421946,0.6930232300779081,0.7939070159313726,0.9970873786407767,0.9917880258899676,1.0,0.005299352750809061,0.0036599919093851184,0.007040857605177998,0.6453201970443333,research/results/p4_information_study/20260926T212553Z,PRELIMINARY
2-2-2-2,8,4,16,64,likelihood,eig_phi,0.2266591660551222,0.8940758037269577,0.8596047794117647,0.9982200647249191,0.9917880258899676,1.0,0.00643203883495147,0.00457119741100324,0.00833333333333334,0.7832512315270933,research/results/p4_information_study/20260926T212553Z,PRELIMINARY
2-2-2-2,8,4,16,64,likelihood,eig_cell,0.1345558020792526,0.9638578594877587,0.9603247549019608,0.9996763754045307,0.9917880258899676,1.0,0.007888349514563076,0.005904126213592238,0.009627831715210365,0.9605911330049199,research/results/p4_information_study/20260926T212553Z,PRELIMINARY
2-2-2-2,8,4,16,64,likelihood,fisher_phi,0.19032460237865403,0.3379273762466262,0.22221583946078433,0.9872168284789644,0.9917880258899676,1.0,-0.004571197411003203,-0.0057251213592232906,-0.0032766990291262063,-0.5566502463054133,research/results/p4_information_study/20260926T212553Z,PRELIMINARY
2-2-2-2,8,4,16,64,likelihood,c1,0.029100385220448027,0.7283682835320916,0.8133999693627451,0.9980582524271845,0.9917880258899676,1.0,0.006270226537216872,0.004609627831715214,0.008092637540453076,0.76354679802956,research/results/p4_information_study/20260926T212553Z,PRELIMINARY
2-2-2-2,8,4,16,64,likelihood,margin,0.025484377018117184,0.6935798450929347,0.7951133578431373,0.9969255663430421,0.9917880258899676,1.0,0.005137540453074463,0.0036195388349514615,0.006857807443365702,0.6256157635468,research/results/p4_information_study/20260926T212553Z,PRELIMINARY
2-2-2-2,8,4,16,64,likelihood,p_chunk_correct,0.02120361227012675,0.6916843331865776,0.7976983762254902,0.9964401294498382,0.9917880258899676,1.0,0.004652103559870557,0.003033980582524277,0.0064745145631068006,0.5665024630541866,research/results/p4_information_study/20260926T212553Z,PRELIMINARY
2-2-2-2,8,4,16,64,likelihood,legacy_cw,0.024903804453583363,0.6858763650676671,0.7899050245098039,0.9967637540453075,0.9917880258899676,1.0,0.004975728155339865,0.0033151294498381953,0.006695995145631075,0.6059113300492668,research/results/p4_information_study/20260926T212553Z,PRELIMINARY
2-2-2-2,8,4,64,64,awqpe,ratio,0.055571743163771906,0.9161367839145372,0.9290771078309275,0.8127831715210356,0.7994336569579288,0.8566343042071197,0.013349514563106846,0.006875000000000001,0.019764360841423946,0.23338048090523425,research/results/p4_information_study/20260926T212553Z,PRELIMINARY
2-2-2-2,8,4,64,64,awqpe,entropy,0.060698774035232786,0.8868618371831413,0.8618947537501702,0.8145631067961165,0.7994336569579288,0.8566343042071197,0.015129449838187758,0.009466019417475727,0.021197411003236247,0.26449787835926547,research/results/p4_information_study/20260926T212553Z,PRELIMINARY
2-2-2-2,8,4,64,64,awqpe,local_post_sd,-0.05779669119652437,0.1421354789138955,0.18079366914064218,0.7938511326860841,0.7994336569579288,0.8566343042071197,-0.005582524271844691,-0.007909587378640778,-0.0033343446601941796,-0.09759547383309813,research/results/p4_information_study/20260926T212553Z,PRELIMINARY
2-2-2-2,8,4,64,64,awqpe,chunk_risk,0.05214634826751022,0.9012557398635647,0.9213982329986764,0.8119741100323624,0.7994336569579288,0.8566343042071197,0.012540453074433633,0.006034587378640777,0.019202063106796112,0.2192362093352188,research/results/p4_information_study/20260926T212553Z,PRELIMINARY
2-2-2-2,8,4,64,64,awqpe,boundary_risk,0.05592677321403878,0.9177556827290513,0.9296639919078915,0.8134304207119741,0.7994336569579288,0.8566343042071197,0.01399676375404535,0.007664846278317154,0.020652305825242717,0.24469589816124543,research/results/p4_information_study/20260926T212553Z,PRELIMINARY
2-2-2-2,8,4,64,64,awqpe,eig_phi,-0.015255477772255078,0.5007222496302025,0.497889333687146,0.7912621359223301,0.7994336569579288,0.8566343042071197,-0.008171521035598706,-0.012116707119741102,-0.004409385113268609,-0.14285714285714285,research/results/p4_information_study/20260926T212553Z,PRELIMINARY
2-2-2-2,8,4,64,64,awqpe,eig_cell,0.026321037185906532,0.5381628589080275,0.4810954409716174,0.7989886731391586,0.7994336569579288,0.8566343042071197,-0.0004449838187702282,-0.004837176375404532,0.0033383899676375397,-0.0077793493635078086,research/results/p4_information_study/20260926T212553Z,PRELIMINARY
2-2-2-2,8,4,64,64,awqpe,fisher_phi,-0.01779903768954102,0.44980330905020155,0.4426117996530248,0.791747572815534,0.7994336569579288,0.8566343042071197,-0.0076860841423948,-0.011677791262135922,-0.0038177588996763786,-0.134370579915134,research/results/p4_information_study/20260926T212553Z,PRELIMINARY
2-2-2-2,8,4,64,64,awqpe,c1,0.05869278351184649,0.9190913793743251,0.922453973148222,0.8133495145631068,0.7994336569579288,0.8566343042071197,0.013915857605177995,0.007381674757281553,0.02081614077669903,0.2432814710042433,research/results/p4_information_study/20260926T212553Z,PRELIMINARY
2-2-2-2,8,4,64,64,awqpe,margin,0.05576097125982671,0.9167386673666477,0.929421966666721,0.8128640776699029,0.7994336569579288,0.8566343042071197,0.01343042071197409,0.0070580501618123,0.020045509708737867,0.23479490806223444,research/results/p4_information_study/20260926T212553Z,PRELIMINARY
2-2-2-2,8,4,64,64,awqpe,p_chunk_correct,0.05214634826751022,0.9012557398635647,0.9213982329986764,0.8119741100323624,0.7994336569579288,0.8566343042071197,0.012540453074433633,0.006034587378640777,0.019202063106796112,0.2192362093352188,research/results/p4_information_study/20260926T212553Z,PRELIMINARY
2-2-2-2,8,4,64,64,awqpe,legacy_cw,0.0573029801368859,0.9163020903032271,0.9292770771165134,0.8126213592233009,0.7994336569579288,0.8566343042071197,0.013187702265372137,0.006730380258899676,0.01972188511326861,0.23055162659123,research/results/p4_information_study/20260926T212553Z,PRELIMINARY
2-2-2-2,8,4,64,64,awqpe_eps_safe,ratio,0.044040217581427094,0.7387599630789188,0.6185661764705882,0.9872168284789644,0.9880258899676375,0.9941747572815534,-0.0008090614886731018,-0.002812499999999999,0.0007301779935275077,-0.13157894736841536,research/results/p4_information_study/20260926T212553Z,PRELIMINARY
2-2-2-2,8,4,64,64,awqpe_eps_safe,entropy,0.040476820018140576,0.7701994019034314,0.6861920248868778,0.988673139158576,0.9880258899676375,0.9941747572815534,0.0006472491909385036,-0.0007493932038834924,0.0020651294498381864,0.10526315789473589,research/results/p4_information_study/20260926T212553Z,PRELIMINARY
2-2-2-2,8,4,64,64,awqpe_eps_safe,local_post_sd,-0.03274982303452227,0.2895615309775355,0.39179157239819007,0.987378640776699,0.9880258899676375,0.9941747572815534,-0.0006472491909385036,-0.0015584546925566315,0.00016181229773462886,-0.10526315789473589,research/results/p4_information_study/20260926T212553Z,PRELIMINARY
2-2-2-2,8,4,64,64,awqpe_eps_safe,chunk_risk,0.0432971986202107,0.737374253158873,0.6222072963800905,0.9872168284789644,0.9880258899676375,0.9941747572815534,-0.0008090614886731018,-0.002812499999999999,0.0007301779935275077,-0.13157894736841536,research/results/p4_information_study/20260926T212553Z,PRELIMINARY
2-2-2-2,8,4,64,64,awqpe_eps_safe,boundary_risk,0.043929353023087224,0.7435750614311908,0.6296662895927602,0.9870550161812298,0.9880258899676375,0.9941747572815534,-0.0009708737864076999,-0.0028954288025889964,0.0006067961165048563,-0.15789473684209482,research/results/p4_information_study/20260926T212553Z,PRELIMINARY
2-2-2-2,8,4,64,64,awqpe_eps_safe,eig_phi,0.034468696557271174,0.656454640705492,0.7114677601809954,0.9867313915857605,0.9880258899676375,0.9941747572815534,-0.0012944983818770073,-0.0034213187702265353,0.00018305016181229778,-0.21052631578947179,research/results/p4_information_study/20260926T212553Z,PRELIMINARY
2-2-2-2,8,4,64,64,awqpe_eps_safe,eig_cell,0.054615037652296174,0.9195337154332615,0.6807126696832579,0.9868932038834951,0.9880258899676375,0.9941747572815534,-0.0011326860841424091,-0.0032595064724919086,0.0003448624595469259,-0.18421052631579232,research/results/p4_information_study/20260926T212553Z,PRELIMINARY
2-2-2-2,8,4,64,64,awqpe_eps_safe,fisher_phi,0.03889180969815968,0.6899303519976051,0.7271281108597285,0.9867313915857605,0.9880258899676375,0.9941747572815534,-0.0012944983818770073,-0.0034213187702265353,0.00018305016181229778,-0.21052631578947179,research/results/p4_information_study/20260926T212553Z,PRELIMINARY
2-2-2-2,8,4,64,64,awqpe_eps_safe,c1,0.04368574587589319,0.748077156952015,0.6420743778280543,0.9870550161812298,0.9880258899676375,0.9941747572815534,-0.0009708737864076999,-0.0028954288025889964,0.0006067961165048563,-0.15789473684209482,research/results/p4_information_study/20260926T212553Z,PRELIMINARY
2-2-2-2,8,4,64,64,awqpe_eps_safe,margin,0.04431377323038555,0.7431400537600878,0.6291006787330317,0.9871359223300971,0.9880258899676375,0.9941747572815534,-0.0008899676375404564,-0.0028529530744336564,0.0006877022653721694,-0.1447368421052641,research/results/p4_information_study/20260926T212553Z,PRELIMINARY
2-2-2-2,8,4,64,64,awqpe_eps_safe,p_chunk_correct,0.0432971986202107,0.737374253158873,0.6222072963800905,0.9872168284789644,0.9880258899676375,0.9941747572815534,-0.0008090614886731018,-0.002812499999999999,0.0007301779935275077,-0.13157894736841536,research/results/p4_information_study/20260926T212553Z,PRELIMINARY
2-2-2-2,8,4,64,64,awqpe_eps_safe,legacy_cw,0.04568324099435277,0.7420954116825286,0.627191742081448,0.9872168284789644,0.9880258899676375,0.9941747572815534,-0.0008090614886731018,-0.002812499999999999,0.0007301779935275077,-0.13157894736841536,research/results/p4_information_study/20260926T212553Z,PRELIMINARY
2-2-2-2,8,4,64,64,likelihood,ratio,0.0056856070391343985,,,1.0,1.0,1.0,0.0,0.0,0.0,,research/results/p4_information_study/20260926T212553Z,PRELIMINARY
2-2-2-2,8,4,64,64,likelihood,entropy,0.005982508221329834,,,1.0,1.0,1.0,0.0,0.0,0.0,,research/results/p4_information_study/20260926T212553Z,PRELIMINARY
2-2-2-2,8,4,64,64,likelihood,local_post_sd,0.006377574859176247,,,1.0,1.0,1.0,0.0,0.0,0.0,,research/results/p4_information_study/20260926T212553Z,PRELIMINARY
2-2-2-2,8,4,64,64,likelihood,chunk_risk,-5.3751898590464415e-05,,,1.0,1.0,1.0,0.0,0.0,0.0,,research/results/p4_information_study/20260926T212553Z,PRELIMINARY
2-2-2-2,8,4,64,64,likelihood,boundary_risk,0.006423252411661247,,,1.0,1.0,1.0,0.0,0.0,0.0,,research/results/p4_information_study/20260926T212553Z,PRELIMINARY
2-2-2-2,8,4,64,64,likelihood,eig_phi,0.120617959755309,,,1.0,1.0,1.0,0.0,0.0,0.0,,research/results/p4_information_study/20260926T212553Z,PRELIMINARY
2-2-2-2,8,4,64,64,likelihood,eig_cell,0.027967664908398422,,,1.0,1.0,1.0,0.0,0.0,0.0,,research/results/p4_information_study/20260926T212553Z,PRELIMINARY
2-2-2-2,8,4,64,64,likelihood,fisher_phi,0.10378180042547107,,,1.0,1.0,1.0,0.0,0.0,0.0,,research/results/p4_information_study/20260926T212553Z,PRELIMINARY
2-2-2-2,8,4,64,64,likelihood,c1,0.005183670171958048,,,1.0,1.0,1.0,0.0,0.0,0.0,,research/results/p4_information_study/20260926T212553Z,PRELIMINARY
2-2-2-2,8,4,64,64,likelihood,margin,0.005477467030498509,,,1.0,1.0,1.0,0.0,0.0,0.0,,research/results/p4_information_study/20260926T212553Z,PRELIMINARY
2-2-2-2,8,4,64,64,likelihood,p_chunk_correct,-5.3751898590464415e-05,,,1.0,1.0,1.0,0.0,0.0,0.0,,research/results/p4_information_study/20260926T212553Z,PRELIMINARY
2-2-2-2,8,4,64,64,likelihood,legacy_cw,-0.008455487224802634,,,1.0,1.0,1.0,0.0,0.0,0.0,,research/results/p4_information_study/20260926T212553Z,PRELIMINARY
2-2-2-2,8,4,64,256,awqpe,ratio,0.1073525606627334,0.9062921224857191,0.9277601832264153,0.8421521035598706,0.8090614886731392,0.8857605177993527,0.03309061488673137,0.022851941747572824,0.0451173139158576,0.43143459915611837,research/results/p4_information_study/20260926T212553Z,PRELIMINARY
2-2-2-2,8,4,64,256,awqpe,entropy,0.10289433599986078,0.8752296294409617,0.8681501182292638,0.8404530744336569,0.8090614886731392,0.8857605177993527,0.031391585760517704,0.02145125404530744,0.04112358414239483,0.4092827004219401,research/results/p4_information_study/20260926T212553Z,PRELIMINARY
2-2-2-2,8,4,64,256,awqpe,local_post_sd,-0.09588618438682538,0.1538023214721103,0.17281872697244058,0.7957928802588997,0.8090614886731392,0.8857605177993527,-0.013268608414239491,-0.017481796116504852,-0.00914239482200647,-0.1729957805907176,research/results/p4_information_study/20260926T212553Z,PRELIMINARY
2-2-2-2,8,4,64,256,awqpe,chunk_risk,0.10212928994208262,0.8924651926895597,0.9210790221803129,0.8409385113268608,0.8090614886731392,0.8857605177993527,0.03187702265372161,0.02182342233009709,0.04378033980582524,0.41561181434599104,research/results/p4_information_study/20260926T212553Z,PRELIMINARY
2-2-2-2,8,4,64,256,awqpe,boundary_risk,0.10724835358386937,0.9071872062185108,0.9288989607881258,0.8422330097087378,0.8090614886731392,0.8857605177993527,0.03317152103559862,0.023056229773462788,0.0451001213592233,0.4324894514767925,research/results/p4_information_study/20260926T212553Z,PRELIMINARY
2-2-2-2,8,4,64,256,awqpe,eig_phi,-0.005031602471535417,0.5215323946047975,0.5184753435195871,0.7944983818770227,0.8090614886731392,0.8857605177993527,-0.014563106796116498,-0.01917677993527508,-0.009889765372168284,-0.1898734177215191,research/results/p4_information_study/20260926T212553Z,PRELIMINARY
2-2-2-2,8,4,64,256,awqpe,eig_cell,0.02525904255355537,0.5007558493081482,0.4447785701425099,0.8099514563106797,0.8090614886731392,0.8857605177993527,0.0008899676375404564,-0.0030956715210356004,0.005303398058252422,0.011603375527426215,research/results/p4_information_study/20260926T212553Z,PRELIMINARY
2-2-2-2,8,4,64,256,awqpe,fisher_phi,-0.012425542867473183,0.4622956435877124,0.4570456297489819,0.7964401294498382,0.8090614886731392,0.8857605177993527,-0.012621359223300987,-0.017496966019417474,-0.008131067961165046,-0.16455696202531683,research/results/p4_information_study/20260926T212553Z,PRELIMINARY
2-2-2-2,8,4,64,256,awqpe,c1,0.10853828226606622,0.9071745451780353,0.9242121076507088,0.8420711974110032,0.8090614886731392,0.8857605177993527,0.03300970873786402,0.022792273462783175,0.045040453074433655,0.4303797468354427,research/results/p4_information_study/20260926T212553Z,PRELIMINARY
2-2-2-2,8,4,64,256,awqpe,margin,0.10738845511295035,0.9064527918297639,0.9281945355444315,0.8420711974110032,0.8090614886731392,0.8857605177993527,0.03300970873786402,0.022773058252427186,0.045036407766990284,0.4303797468354427,research/results/p4_information_study/20260926T212553Z,PRELIMINARY
2-2-2-2,8,4,64,256,awqpe,p_chunk_correct,0.10212928994208262,0.8924651926895597,0.9210790221803129,0.8409385113268608,0.8090614886731392,0.8857605177993527,0.03187702265372161,0.02182342233009709,0.04378033980582524,0.41561181434599104,research/results/p4_information_study/20260926T212553Z,PRELIMINARY
2-2-2-2,8,4,64,256,awqpe,legacy_cw,0.11053941637700018,0.9064312828691902,0.9280246670597662,0.8419902912621359,0.8090614886731392,0.8857605177993527,0.032928802588996664,0.02254753236245955,0.04503236245954692,0.4293248945147671,research/results/p4_information_study/20260926T212553Z,PRELIMINARY
2-2-2-2,8,4,64,256,awqpe_eps_safe,ratio,0.07069045282108555,0.6990010761080743,0.5441630165682727,0.9853559870550161,0.9868527508090615,0.9975728155339806,-0.0014967637540453937,-0.004392192556634302,0.0010133495145631065,-0.13962264150944267,research/results/p4_information_study/20260926T212553Z,PRELIMINARY
2-2-2-2,8,4,64,256,awqpe_eps_safe,entropy,0.06329760887509964,0.7315468449140778,0.5988383165111407,0.9864077669902913,0.9868527508090615,0.9975728155339806,-0.0004449838187702282,-0.002591019417475727,0.0012135922330097108,-0.0415094339622645,research/results/p4_information_study/20260926T212553Z,PRELIMINARY
2-2-2-2,8,4,64,256,awqpe_eps_safe,local_post_sd,-0.05082301815047968,0.3300898794293662,0.4488287945153304,0.986084142394822,0.9868527508090615,0.9975728155339806,-0.0007686084142395355,-0.0024271844660194155,0.0011731391585760543,-0.07169811320755248,research/results/p4_information_study/20260926T212553Z,PRELIMINARY
2-2-2-2,8,4,64,256,awqpe_eps_safe,chunk_risk,0.06881925832680118,0.6952392595610081,0.5470957912778518,0.9852750809061489,0.9868527508090615,0.9975728155339806,-0.0015776699029126373,-0.004430622977346276,0.0009112055016181237,-0.1471698113207569,research/results/p4_information_study/20260926T212553Z,PRELIMINARY
2-2-2-2,8,4,64,256,awqpe_eps_safe,boundary_risk,0.07076469551059876,0.703865914835557,0.554465816035041,0.9854368932038835,0.9868527508090615,0.9975728155339806,-0.0014158576051780392,-0.004353762135922328,0.0012135922330097123,-0.1320754716981181,research/results/p4_information_study/20260926T212553Z,PRELIMINARY
2-2-2-2,8,4,64,256,awqpe_eps_safe,eig_phi,0.05711450590051878,0.6352705255412586,0.7189487716625405,0.9843042071197411,0.9868527508090615,0.9975728155339806,-0.0025485436893204483,-0.005420711974110031,-0.0002619336569579267,-0.2377358490566105,research/results/p4_information_study/20260926T212553Z,PRELIMINARY
2-2-2-2,8,4,64,256,awqpe_eps_safe,eig_cell,0.09189590158775483,0.9132574325128788,0.6851456865358979,0.9845604099244876,0.9868527508090615,0.9975728155339806,-0.0022923408845739734,-0.005092030744336568,2.0563646170444062e-05,-0.21383647798742977,research/results/p4_information_study/20260926T212553Z,PRELIMINARY
2-2-2-2,8,4,64,256,awqpe_eps_safe,fisher_phi,0.062216894325979266,0.6597201662835588,0.7110645591315939,0.9843042071197411,0.9868527508090615,0.9975728155339806,-0.0025485436893204483,-0.005420711974110031,-0.0002619336569579267,-0.2377358490566105,research/results/p4_information_study/20260926T212553Z,PRELIMINARY
2-2-2-2,8,4,64,256,awqpe_eps_safe,c1,0.07011634543257993,0.7095217545807581,0.5646543515520853,0.9851132686084142,0.9868527508090615,0.9975728155339806,-0.0017394822006473465,-0.0045519822006472475,0.0007514158576051772,-0.16226415094340607,research/results/p4_information_study/20260926T212553Z,PRELIMINARY
2-2-2-2,8,4,64,256,awqpe_eps_safe,margin,0.07103346262258785,0.7024613634321233,0.5517425252332889,0.9853559870550161,0.9868527508090615,0.9975728155339806,-0.0014967637540453937,-0.004392192556634302,0.0010133495145631065,-0.13962264150944267,research/results/p4_information_study/20260926T212553Z,PRELIMINARY
2-2-2-2,8,4,64,256,awqpe_eps_safe,p_chunk_correct,0.06881925832680118,0.6952392595610081,0.5470957912778518,0.9852750809061489,0.9868527508090615,0.9975728155339806,-0.0015776699029126373,-0.004430622977346276,0.0009112055016181237,-0.1471698113207569,research/results/p4_information_study/20260926T212553Z,PRELIMINARY
2-2-2-2,8,4,64,256,awqpe_eps_safe,legacy_cw,0.07266802538854514,0.6991746492841076,0.5469434393448867,0.9853559870550161,0.9868527508090615,0.9975728155339806,-0.0014967637540453937,-0.004392192556634302,0.0010133495145631065,-0.13962264150944267,research/results/p4_information_study/20260926T212553Z,PRELIMINARY
2-2-2-2,8,4,64,256,likelihood,ratio,0.04106318967325662,,,1.0,1.0,1.0,0.0,0.0,0.0,,research/results/p4_information_study/20260926T212553Z,PRELIMINARY
2-2-2-2,8,4,64,256,likelihood,entropy,0.04060616309435804,,,1.0,1.0,1.0,0.0,0.0,0.0,,research/results/p4_information_study/20260926T212553Z,PRELIMINARY
2-2-2-2,8,4,64,256,likelihood,local_post_sd,-0.014937862511014673,,,1.0,1.0,1.0,0.0,0.0,0.0,,research/results/p4_information_study/20260926T212553Z,PRELIMINARY
2-2-2-2,8,4,64,256,likelihood,chunk_risk,0.0316416814677522,,,1.0,1.0,1.0,0.0,0.0,0.0,,research/results/p4_information_study/20260926T212553Z,PRELIMINARY
2-2-2-2,8,4,64,256,likelihood,boundary_risk,0.041537163310466425,,,1.0,1.0,1.0,0.0,0.0,0.0,,research/results/p4_information_study/20260926T212553Z,PRELIMINARY
2-2-2-2,8,4,64,256,likelihood,eig_phi,0.17331834655901085,,,1.0,1.0,1.0,0.0,0.0,0.0,,research/results/p4_information_study/20260926T212553Z,PRELIMINARY
2-2-2-2,8,4,64,256,likelihood,eig_cell,0.03657662430363171,,,1.0,1.0,1.0,0.0,0.0,0.0,,research/results/p4_information_study/20260926T212553Z,PRELIMINARY
2-2-2-2,8,4,64,256,likelihood,fisher_phi,0.14612292584496084,,,1.0,1.0,1.0,0.0,0.0,0.0,,research/results/p4_information_study/20260926T212553Z,PRELIMINARY
2-2-2-2,8,4,64,256,likelihood,c1,0.04131648759098101,,,1.0,1.0,1.0,0.0,0.0,0.0,,research/results/p4_information_study/20260926T212553Z,PRELIMINARY
2-2-2-2,8,4,64,256,likelihood,margin,0.04107695404546076,,,1.0,1.0,1.0,0.0,0.0,0.0,,research/results/p4_information_study/20260926T212553Z,PRELIMINARY
2-2-2-2,8,4,64,256,likelihood,p_chunk_correct,0.0316416814677522,,,1.0,1.0,1.0,0.0,0.0,0.0,,research/results/p4_information_study/20260926T212553Z,PRELIMINARY
2-2-2-2,8,4,64,256,likelihood,legacy_cw,0.02967907097503869,,,1.0,1.0,1.0,0.0,0.0,0.0,,research/results/p4_information_study/20260926T212553Z,PRELIMINARY
3-2-3,8,3,4,4,awqpe,ratio,0.07271806811903138,0.8389740258348817,0.8219630494446474,0.7694444444444444,0.7547464940668825,0.8503236245954693,0.01469795037756183,0.00881742179072276,0.020240695792880254,0.15378103837471593,research/results/p4_information_study/20260926T212553Z,PRELIMINARY
3-2-3,8,3,4,4,awqpe,entropy,0.10533272869182858,0.8683564217251993,0.8344418678969644,0.7784519956850053,0.7547464940668825,0.8503236245954693,0.023705501618122793,0.017259978425026964,0.029710760517799344,0.2480248306997726,research/results/p4_information_study/20260926T212553Z,PRELIMINARY
3-2-3,8,3,4,4,awqpe,local_post_sd,0.13047320539823976,0.878765578007578,0.8404631676047866,0.7953074433656958,0.7547464940668825,0.8503236245954693,0.040560949298813265,0.033656957928802585,0.04677791262135922,0.42437923250564263,research/results/p4_information_study/20260926T212553Z,PRELIMINARY
3-2-3,8,3,4,4,awqpe,chunk_risk,0.07853793823975394,0.8590959209474807,0.8412706511697854,0.7726537216828478,0.7547464940668825,0.8503236245954693,0.017907227615965304,0.01132281553398058,0.023514697950377552,0.18735891647855366,research/results/p4_information_study/20260926T212553Z,PRELIMINARY
3-2-3,8,3,4,4,awqpe,boundary_risk,0.0776404555311497,0.8538971331550168,0.8328005497131931,0.7750809061488673,0.7547464940668825,0.8503236245954693,0.02033441208198472,0.013503236245954694,0.02614077669902912,0.2127539503385988,research/results/p4_information_study/20260926T212553Z,PRELIMINARY
3-2-3,8,3,4,4,awqpe,eig_phi,0.15364752271071794,0.8570472404222117,0.798934746063119,0.7991909385113268,0.7547464940668825,0.8503236245954693,0.04444444444444429,0.03821332254584681,0.0502467637540453,0.46501128668171443,research/results/p4_information_study/20260926T212553Z,PRELIMINARY
3-2-3,8,3,4,4,awqpe,eig_cell,0.13958557167878524,0.9054965062532615,0.8476835241798613,0.7954692556634304,0.7547464940668825,0.8503236245954693,0.04072276159654786,0.03337648327939591,0.04692556634304207,0.4260722347629786,research/results/p4_information_study/20260926T212553Z,PRELIMINARY
3-2-3,8,3,4,4,awqpe,fisher_phi,-0.03809492130718652,0.37619509646484633,0.36316602708015555,0.7483818770226537,0.7547464940668825,0.8503236245954693,-0.00636461704422886,-0.011491370010787486,-0.0016356526429342024,-0.06659142212189796,research/results/p4_information_study/20260926T212553Z,PRELIMINARY
3-2-3,8,3,4,4,awqpe,c1,0.09165387783526846,0.857090805903099,0.8304489279652824,0.7752966558791801,0.7547464940668825,0.8503236245954693,0.020550161812297518,0.014292071197410999,0.026065938511326853,0.21501128668171354,research/results/p4_information_study/20260926T212553Z,PRELIMINARY
3-2-3,8,3,4,4,awqpe,margin,0.07271806811903138,0.8389740258348817,0.8219630494446474,0.7694444444444444,0.7547464940668825,0.8503236245954693,0.01469795037756183,0.00881742179072276,0.020240695792880254,0.15378103837471593,research/results/p4_information_study/20260926T212553Z,PRELIMINARY
3-2-3,8,3,4,4,awqpe,p_chunk_correct,0.07853621917944985,0.8591006083726395,0.841274175833029,0.7726537216828478,0.7547464940668825,0.8503236245954693,0.017907227615965304,0.01132281553398058,0.023514697950377552,0.18735891647855366,research/results/p4_information_study/20260926T212553Z,PRELIMINARY
3-2-3,8,3,4,4,awqpe,legacy_cw,0.07708834465905524,0.8458251900809987,0.8264559880336004,0.771898597626753,0.7547464940668825,0.8503236245954693,0.017152103559870402,0.01117246494066882,0.022592367853290177,0.179458239277651,research/results/p4_information_study/20260926T212553Z,PRELIMINARY
3-2-3,8,3,4,4,awqpe_eps_safe,ratio,0.13586741254209264,0.819399048123347,0.8028805327459847,0.8068500539374325,0.7713592233009708,0.8786407766990292,0.035490830636461634,0.030176645091693634,0.041322815533980574,0.3308195072900946,research/results/p4_information_study/20260926T212553Z,PRELIMINARY
3-2-3,8,3,4,4,awqpe_eps_safe,entropy,0.16763065030619173,0.8529381606461846,0.8240299666809181,0.8162621359223301,0.7713592233009708,0.8786407766990292,0.04490291262135926,0.03813848435814455,0.051270226537216815,0.41855203619909503,research/results/p4_information_study/20260926T212553Z,PRELIMINARY
3-2-3,8,3,4,4,awqpe_eps_safe,local_post_sd,0.18065622316647148,0.8710570893385366,0.8358428150062475,0.8297734627831715,0.7713592233009708,0.8786407766990292,0.0584142394822007,0.05034519956850054,0.06574501078748651,0.5444947209653093,research/results/p4_information_study/20260926T212553Z,PRELIMINARY
3-2-3,8,3,4,4,awqpe_eps_safe,chunk_risk,0.13930041565989065,0.8364640783280936,0.8191170232745114,0.8105177993527508,0.7713592233009708,0.8786407766990292,0.03915857605177997,0.03314320388349515,0.045227885652642935,0.36500754147812975,research/results/p4_information_study/20260926T212553Z,PRELIMINARY
3-2-3,8,3,4,4,awqpe_eps_safe,boundary_risk,0.13850804716909498,0.835689881153389,0.8172203143935682,0.8126213592233009,0.7713592233009708,0.8786407766990292,0.04126213592233008,0.03426307982740021,0.047538430420711965,0.38461538461538414,research/results/p4_information_study/20260926T212553Z,PRELIMINARY
3-2-3,8,3,4,4,awqpe_eps_safe,eig_phi,0.18184670690097085,0.8342671261610967,0.7699491300797283,0.8179611650485437,0.7713592233009708,0.8786407766990292,0.04660194174757282,0.03964401294498381,0.053431769147788556,0.4343891402714929,research/results/p4_information_study/20260926T212553Z,PRELIMINARY
3-2-3,8,3,4,4,awqpe_eps_safe,eig_cell,0.19483969164055415,0.8955919417216919,0.8354357658125278,0.8315533980582525,0.7713592233009708,0.8786407766990292,0.060194174757281615,0.05236245954692557,0.06745010787486516,0.5610859728506788,research/results/p4_information_study/20260926T212553Z,PRELIMINARY
3-2-3,8,3,4,4,awqpe_eps_safe,fisher_phi,-0.07837605066808662,0.3604744190557847,0.3399346419356677,0.7483818770226537,0.7713592233009708,0.8786407766990292,-0.022977346278317157,-0.028209277238403455,-0.017663160733549083,-0.21417797888386111,research/results/p4_information_study/20260926T212553Z,PRELIMINARY
3-2-3,8,3,4,4,awqpe_eps_safe,c1,0.15451132643406845,0.8390346028569555,0.815484179401458,0.8128640776699029,0.7713592233009708,0.8786407766990292,0.04150485436893203,0.03552791262135922,0.04746898597626751,0.38687782805429827,research/results/p4_information_study/20260926T212553Z,PRELIMINARY
3-2-3,8,3,4,4,awqpe_eps_safe,margin,0.13586741254209264,0.819399048123347,0.8028805327459847,0.8068500539374325,0.7713592233009708,0.8786407766990292,0.035490830636461634,0.030176645091693634,0.041322815533980574,0.3308195072900946,research/results/p4_information_study/20260926T212553Z,PRELIMINARY
3-2-3,8,3,4,4,awqpe_eps_safe,p_chunk_correct,0.1393005518059294,0.8364683799545736,0.8191217955754033,0.8105177993527508,0.7713592233009708,0.8786407766990292,0.03915857605177997,0.03314320388349515,0.045227885652642935,0.36500754147812975,research/results/p4_information_study/20260926T212553Z,PRELIMINARY
3-2-3,8,3,4,4,awqpe_eps_safe,legacy_cw,0.1398972217128307,0.8251310450677264,0.806938392121998,0.809304207119741,0.7713592233009708,0.8786407766990292,0.037944983818770206,0.032304476806903994,0.04362392125134844,0.3536953242835591,research/results/p4_information_study/20260926T212553Z,PRELIMINARY
3-2-3,8,3,4,4,likelihood,ratio,0.0856774567130799,0.7136218573945963,0.7039058156285276,0.9185275080906149,0.8845199568500539,0.9681229773462783,0.034007551240560985,0.02876483279395899,0.04021574973031281,0.40677419354838756,research/results/p4_information_study/20260926T212553Z,PRELIMINARY
3-2-3,8,3,4,4,likelihood,entropy,0.10225105640210996,0.7398002994202001,0.7227943932909878,0.9224110032362459,0.8845199568500539,0.9681229773462783,0.03789104638619201,0.03233886192017259,0.04405676914778854,0.45322580645161287,research/results/p4_information_study/20260926T212553Z,PRELIMINARY
3-2-3,8,3,4,4,likelihood,local_post_sd,0.09637354806213796,0.7546943076561222,0.7345055746971509,0.9247572815533981,0.8845199568500539,0.9681229773462783,0.04023732470334418,0.034883360302049624,0.04572613268608414,0.4812903225806459,research/results/p4_information_study/20260926T212553Z,PRELIMINARY
3-2-3,8,3,4,4,likelihood,chunk_risk,0.06498923580282315,0.7166388682513786,0.7041327418159149,0.9188511326860841,0.8845199568500539,0.9681229773462783,0.03433117583603018,0.029012944983818765,0.040666801510248096,0.41064516129032236,research/results/p4_information_study/20260926T212553Z,PRELIMINARY
3-2-3,8,3,4,4,likelihood,boundary_risk,0.05881222714815741,0.7108388852384347,0.7010789787373848,0.9185275080906149,0.8845199568500539,0.9681229773462783,0.034007551240560985,0.027404261057173675,0.04022855987055016,0.40677419354838756,research/results/p4_information_study/20260926T212553Z,PRELIMINARY
3-2-3,8,3,4,4,likelihood,eig_phi,0.223830990842419,0.8315581412333722,0.7719157519417721,0.925242718446602,0.8845199568500539,0.9681229773462783,0.040722761596548085,0.034475458468176914,0.046823085221143465,0.4870967741935494,research/results/p4_information_study/20260926T212553Z,PRELIMINARY
3-2-3,8,3,4,4,likelihood,eig_cell,0.18522415955357344,0.8874348518392688,0.8437865925058547,0.936084142394822,0.8845199568500539,0.9681229773462783,0.05156418554476805,0.04503775620280474,0.05866909385113268,0.6167741935483869,research/results/p4_information_study/20260926T212553Z,PRELIMINARY
3-2-3,8,3,4,4,likelihood,fisher_phi,0.05112326827810465,0.32776875016333706,0.265990925058548,0.8548543689320388,0.8845199568500539,0.9681229773462783,-0.0296655879180151,-0.03468176914778857,-0.024456580366774543,-0.3548387096774194,research/results/p4_information_study/20260926T212553Z,PRELIMINARY
3-2-3,8,3,4,4,likelihood,c1,0.09529804892987442,0.7286953030789506,0.7147177164591512,0.9209816612729235,0.8845199568500539,0.9681229773462783,0.036461704422869556,0.03175229234088455,0.0424784250269687,0.4361290322580656,research/results/p4_information_study/20260926T212553Z,PRELIMINARY
3-2-3,8,3,4,4,likelihood,margin,0.0856774567130799,0.7136218573945963,0.7039058156285276,0.9185275080906149,0.8845199568500539,0.9681229773462783,0.034007551240560985,0.02876483279395899,0.04021574973031281,0.40677419354838756,research/results/p4_information_study/20260926T212553Z,PRELIMINARY
3-2-3,8,3,4,4,likelihood,p_chunk_correct,0.06498899596169817,0.7166377598926269,0.7041398497127357,0.9188511326860841,0.8845199568500539,0.9681229773462783,0.03433117583603018,0.029012944983818765,0.040666801510248096,0.41064516129032236,research/results/p4_information_study/20260926T212553Z,PRELIMINARY
3-2-3,8,3,4,4,likelihood,legacy_cw,0.08742310452404373,0.7175903067377012,0.7066410396273145,0.9194174757281554,0.8845199568500539,0.9681229773462783,0.03489751887810144,0.029603559870550144,0.040992448759439026,0.4174193548387102,research/results/p4_information_study/20260926T212553Z,PRELIMINARY
3-2-3,8,3,4,16,awqpe,ratio,0.11405906516614737,0.8254146423717803,0.8196098277367627,0.7962243797195252,0.7653182308522115,0.8928802588996764,0.030906148867313687,0.022382686084142393,0.038918554476806894,0.24228329809724994,research/results/p4_information_study/20260926T212553Z,PRELIMINARY
3-2-3,8,3,4,16,awqpe,entropy,0.1480579545086587,0.8563124904596119,0.8336298324998015,0.8073354908306364,0.7653182308522115,0.8928802588996764,0.04201725997842487,0.03425768608414239,0.04965075512405609,0.3293868921775888,research/results/p4_information_study/20260926T212553Z,PRELIMINARY
3-2-3,8,3,4,16,awqpe,local_post_sd,0.16691777405125088,0.8679482252719748,0.8393208700484243,0.8224110032362459,0.7653182308522115,0.8928802588996764,0.05709277238403443,0.04949366235167206,0.06511192017259977,0.4475687103594076,research/results/p4_information_study/20260926T212553Z,PRELIMINARY
3-2-3,8,3,4,16,awqpe,chunk_risk,0.11474606754119758,0.8414756783021372,0.8342867349368898,0.7975728155339806,0.7653182308522115,0.8928802588996764,0.032254584681769116,0.022990156418554477,0.04073220064724917,0.25285412262156437,research/results/p4_information_study/20260926T212553Z,PRELIMINARY
3-2-3,8,3,4,16,awqpe,boundary_risk,0.1162395388608846,0.8413300212806083,0.8317420814479638,0.8004045307443366,0.7653182308522115,0.8928802588996764,0.035086299892125083,0.02596952535059332,0.04339401294498382,0.2750528541226213,research/results/p4_information_study/20260926T212553Z,PRELIMINARY
3-2-3,8,3,4,16,awqpe,eig_phi,0.195522034671724,0.8399208483299865,0.7866874388081818,0.8275080906148867,0.7653182308522115,0.8928802588996764,0.062189859762675215,0.05574298813376483,0.07001078748651564,0.48752642706131044,research/results/p4_information_study/20260926T212553Z,PRELIMINARY
3-2-3,8,3,4,16,awqpe,eig_cell,0.1854608054205281,0.900391036243402,0.8517252785054643,0.8281553398058252,0.7653182308522115,0.8928802588996764,0.06283710895361372,0.05355717367853291,0.07114347357065803,0.4926004228329806,research/results/p4_information_study/20260926T212553Z,PRELIMINARY
3-2-3,8,3,4,16,awqpe,fisher_phi,-0.057677377488986104,0.3490305203732179,0.3270555158635654,0.7533980582524272,0.7653182308522115,0.8928802588996764,-0.011920172599784284,-0.017673948220064722,-0.006711165048543687,-0.09344608879492633,research/results/p4_information_study/20260926T212553Z,PRELIMINARY
3-2-3,8,3,4,16,awqpe,c1,0.13389954517816124,0.8439009851759328,0.8284512185440978,0.8026699029126214,0.7653182308522115,0.8928802588996764,0.0373516720604099,0.029543554476806906,0.04516316073354906,0.2928118393234672,research/results/p4_information_study/20260926T212553Z,PRELIMINARY
3-2-3,8,3,4,16,awqpe,margin,0.11405906516614737,0.8254146423717803,0.8196098277367627,0.7962243797195252,0.7653182308522115,0.8928802588996764,0.030906148867313687,0.022382686084142393,0.038918554476806894,0.24228329809724994,research/results/p4_information_study/20260926T212553Z,PRELIMINARY
3-2-3,8,3,4,16,awqpe,p_chunk_correct,0.11474456603769292,0.8414796133910253,0.8342933502685824,0.7975728155339806,0.7653182308522115,0.8928802588996764,0.032254584681769116,0.022990156418554477,0.04073220064724917,0.25285412262156437,research/results/p4_information_study/20260926T212553Z,PRELIMINARY
3-2-3,8,3,4,16,awqpe,legacy_cw,0.11855191272912476,0.8314894798922537,0.823272604588394,0.7980312837108953,0.7653182308522115,0.8928802588996764,0.032713052858683755,0.024147114347357067,0.04092637540453072,0.2564482029598297,research/results/p4_information_study/20260926T212553Z,PRELIMINARY
3-2-3,8,3,4,16,awqpe_eps_safe,ratio,0.22508938631215922,0.8072987066235527,0.8110275780194826,0.868581445523193,0.7988673139158576,0.943042071197411,0.06971413160733542,0.06113875404530744,0.07854099244875942,0.48353909465020534,research/results/p4_information_study/20260926T212553Z,PRELIMINARY
3-2-3,8,3,4,16,awqpe_eps_safe,entropy,0.25508396891739427,0.8382281958079885,0.8283471402383653,0.8798004314994605,0.7988673139158576,0.943042071197411,0.08093311758360289,0.07201928263214671,0.08951321467098165,0.561354283576505,research/results/p4_information_study/20260926T212553Z,PRELIMINARY
3-2-3,8,3,4,16,awqpe_eps_safe,local_post_sd,0.2558188075419407,0.8603126292442648,0.845827108018148,0.8887540453074434,0.7988673139158576,0.943042071197411,0.08988673139158576,0.08049892125134844,0.09902575512405606,0.6234567901234569,research/results/p4_information_study/20260926T212553Z,PRELIMINARY
3-2-3,8,3,4,16,awqpe_eps_safe,chunk_risk,0.22251441196095084,0.8215795585068985,0.8237962301650265,0.8731391585760517,0.7988673139158576,0.943042071197411,0.0742718446601941,0.0651341693635383,0.08419633225458469,0.5151515151515147,research/results/p4_information_study/20260926T212553Z,PRELIMINARY
3-2-3,8,3,4,16,awqpe_eps_safe,boundary_risk,0.2239888740929508,0.8261534589801935,0.8283000835934671,0.8766990291262136,0.7988673139158576,0.943042071197411,0.07783171521035592,0.06910463861920173,0.08795577130528587,0.5398428731762062,research/results/p4_information_study/20260926T212553Z,PRELIMINARY
3-2-3,8,3,4,16,awqpe_eps_safe,eig_phi,0.24235591125294928,0.8161590057708573,0.7617131922488903,0.862621359223301,0.7988673139158576,0.943042071197411,0.06375404530744333,0.055439590075512406,0.07242313915857604,0.4421997755331087,research/results/p4_information_study/20260926T212553Z,PRELIMINARY
3-2-3,8,3,4,16,awqpe_eps_safe,eig_cell,0.2804397494754757,0.8910117963133195,0.849401022161615,0.8967637540453074,0.7988673139158576,0.943042071197411,0.09789644012944976,0.08552858683926645,0.10787756202804748,0.6790123456790119,research/results/p4_information_study/20260926T212553Z,PRELIMINARY
3-2-3,8,3,4,16,awqpe_eps_safe,fisher_phi,-0.1033803390565817,0.3525954947015977,0.31869357277956756,0.7533980582524272,0.7988673139158576,0.943042071197411,-0.04546925566343041,-0.052920711974110024,-0.038457389428263204,-0.31537598204264866,research/results/p4_information_study/20260926T212553Z,PRELIMINARY
3-2-3,8,3,4,16,awqpe_eps_safe,c1,0.24322358040407435,0.8252698160688552,0.8212583229402991,0.8748921251348435,0.7988673139158576,0.943042071197411,0.07602481121898585,0.06731391585760518,0.08429274541531823,0.5273101384212487,research/results/p4_information_study/20260926T212553Z,PRELIMINARY
3-2-3,8,3,4,16,awqpe_eps_safe,margin,0.22508938631215922,0.8072987066235527,0.8110275780194826,0.868581445523193,0.7988673139158576,0.943042071197411,0.06971413160733542,0.06113875404530744,0.07854099244875942,0.48353909465020534,research/results/p4_information_study/20260926T212553Z,PRELIMINARY
3-2-3,8,3,4,16,awqpe_eps_safe,p_chunk_correct,0.22251293125455554,0.8215825168554733,0.8238015552818856,0.8731391585760517,0.7988673139158576,0.943042071197411,0.0742718446601941,0.0651341693635383,0.08419633225458469,0.5151515151515147,research/results/p4_information_study/20260926T212553Z,PRELIMINARY
3-2-3,8,3,4,16,awqpe_eps_safe,legacy_cw,0.22920301200063234,0.8123114363297219,0.814169505642233,0.8700107874865155,0.7988673139158576,0.943042071197411,0.07114347357065787,0.06248247033441207,0.08013349514563108,0.49345304900860343,research/results/p4_information_study/20260926T212553Z,PRELIMINARY
3-2-3,8,3,4,16,likelihood,ratio,0.11882815328836667,0.705586316207681,0.7308241480432804,0.9579827400215749,0.9108414239482201,0.9962783171521036,0.04714131607335481,0.04033104099244873,0.053216019417475696,0.5517676767676757,research/results/p4_information_study/20260926T212553Z,PRELIMINARY
3-2-3,8,3,4,16,likelihood,entropy,0.13591180811764428,0.7288438250833089,0.7482713115582971,0.9625404530744337,0.9108414239482201,0.9962783171521036,0.0516990291262136,0.045371494066882394,0.05803600323624591,0.6051136363636366,research/results/p4_information_study/20260926T212553Z,PRELIMINARY
3-2-3,8,3,4,16,likelihood,local_post_sd,0.11899493692507986,0.7415463865953323,0.7545896956213975,0.9640776699029127,0.9108414239482201,0.9962783171521036,0.05323624595469256,0.047293689320388334,0.05893069039913698,0.6231060606060608,research/results/p4_information_study/20260926T212553Z,PRELIMINARY
3-2-3,8,3,4,16,likelihood,chunk_risk,0.08880298880425365,0.7038142093936391,0.7254459500455052,0.9594660194174758,0.9108414239482201,0.9962783171521036,0.04862459546925568,0.04214536138079827,0.05443837648327937,0.5691287878787882,research/results/p4_information_study/20260926T212553Z,PRELIMINARY
3-2-3,8,3,4,16,likelihood,boundary_risk,0.08253267480739562,0.6961152195592111,0.7212569521690767,0.958495145631068,0.9108414239482201,0.9962783171521036,0.04765372168284787,0.04172262675296655,0.05362459546925564,0.5577651515151514,research/results/p4_information_study/20260926T212553Z,PRELIMINARY
3-2-3,8,3,4,16,likelihood,eig_phi,0.2760892911621923,0.799324740485937,0.7547949742137728,0.9577669902912621,0.9108414239482201,0.9962783171521036,0.04692556634304201,0.04068905070118661,0.05348031283710894,0.5492424242424236,research/results/p4_information_study/20260926T212553Z,PRELIMINARY
3-2-3,8,3,4,16,likelihood,eig_cell,0.22613325857152589,0.869100558249395,0.8656623521084033,0.9771844660194174,0.9108414239482201,0.9962783171521036,0.06634304207119734,0.05941073354908306,0.07325512405609491,0.7765151515151508,research/results/p4_information_study/20260926T212553Z,PRELIMINARY
3-2-3,8,3,4,16,likelihood,fisher_phi,0.06739501550465891,0.3062938016231795,0.18720876731722116,0.8605177993527509,0.9108414239482201,0.9962783171521036,-0.05032362459546924,-0.05599244875943906,-0.044010248112189856,-0.5890151515151515,research/results/p4_information_study/20260926T212553Z,PRELIMINARY
3-2-3,8,3,4,16,likelihood,c1,0.1287701062460042,0.7188352290885268,0.7407836990595611,0.9606796116504854,0.9108414239482201,0.9962783171521036,0.049838187702265335,0.043324568500539354,0.05578546386192012,0.583333333333333,research/results/p4_information_study/20260926T212553Z,PRELIMINARY
3-2-3,8,3,4,16,likelihood,margin,0.11882815328836667,0.705586316207681,0.7308241480432804,0.9579827400215749,0.9108414239482201,0.9962783171521036,0.04714131607335481,0.04033104099244873,0.053216019417475696,0.5517676767676757,research/results/p4_information_study/20260926T212553Z,PRELIMINARY
3-2-3,8,3,4,16,likelihood,p_chunk_correct,0.08880314479175143,0.703810441609699,0.7254441804024674,0.9594660194174758,0.9108414239482201,0.9962783171521036,0.04862459546925568,0.04214536138079827,0.05443837648327937,0.5691287878787882,research/results/p4_information_study/20260926T212553Z,PRELIMINARY
3-2-3,8,3,4,16,likelihood,legacy_cw,0.12048473814965277,0.7088266330937446,0.7332960865608251,0.9588996763754045,0.9108414239482201,0.9962783171521036,0.04805825242718442,0.04128640776699027,0.05439590075512403,0.5624999999999996,research/results/p4_information_study/20260926T212553Z,PRELIMINARY
3-2-3,8,3,16,16,awqpe,ratio,0.10435124126378204,0.9112803141868163,0.9030084080288057,0.8596817691477887,0.8401833872707659,0.9,0.019498381877022797,0.013386596548004316,0.025695118662351666,0.325969341749326,research/results/p4_information_study/20260926T212553Z,PRELIMINARY
3-2-3,8,3,16,16,awqpe,entropy,0.09531298248051477,0.8406959651257097,0.8173655800709926,0.8589805825242719,0.8401833872707659,0.9,0.018797195253505983,0.013940129449838187,0.02491302588996763,0.3142470694319214,research/results/p4_information_study/20260926T212553Z,PRELIMINARY
3-2-3,8,3,16,16,awqpe,local_post_sd,-0.08261258787648428,0.20656920967259998,0.21874002464312164,0.8326860841423949,0.8401833872707659,0.9,-0.007497303128371047,-0.010869741100323623,-0.004042610571736786,-0.12533814247069355,research/results/p4_information_study/20260926T212553Z,PRELIMINARY
3-2-3,8,3,16,16,awqpe,chunk_risk,0.10014571402911121,0.9050874791906774,0.906937102581782,0.8593851132686084,0.8401833872707659,0.9,0.019201725997842534,0.013078478964401296,0.02540453074433657,0.32100991884580743,research/results/p4_information_study/20260926T212553Z,PRELIMINARY
3-2-3,8,3,16,16,awqpe,boundary_risk,0.10496481789707886,0.9121761094424847,0.9071378067621747,0.8621359223300971,0.8401833872707659,0.9,0.021952535059331146,0.01631472491909385,0.028404800431499455,0.3669972948602338,research/results/p4_information_study/20260926T212553Z,PRELIMINARY
3-2-3,8,3,16,16,awqpe,eig_phi,0.019541649602731803,0.48869232810238383,0.4150765947802549,0.8326860841423949,0.8401833872707659,0.9,-0.007497303128371047,-0.011193365695792878,-0.0035800970873786447,-0.12533814247069355,research/results/p4_information_study/20260926T212553Z,PRELIMINARY
3-2-3,8,3,16,16,awqpe,eig_cell,0.07723831560882399,0.7034256801592568,0.6179554029724967,0.851294498381877,0.8401833872707659,0.9,0.011111111111111072,0.006359223300970874,0.015562297734627832,0.18575293056807862,research/results/p4_information_study/20260926T212553Z,PRELIMINARY
3-2-3,8,3,16,16,awqpe,fisher_phi,-0.02975932752376777,0.34100107151033965,0.32308904083352485,0.8284789644012945,0.8401833872707659,0.9,-0.011704422869471376,-0.015184735706580363,-0.008090614886731387,-0.19567177637511202,research/results/p4_information_study/20260926T212553Z,PRELIMINARY
3-2-3,8,3,16,16,awqpe,c1,0.10513313671620565,0.90115589966123,0.8907706402104242,0.861866235167206,0.8401833872707659,0.9,0.02168284789644004,0.01588322545846818,0.027740695792880254,0.36248872858430853,research/results/p4_information_study/20260926T212553Z,PRELIMINARY
3-2-3,8,3,16,16,awqpe,margin,0.1048955962935657,0.9113697481926448,0.9049009327357695,0.8606796116504855,0.8401833872707659,0.9,0.02049622437971954,0.014211165048543688,0.0267947680690399,0.3426510369702436,research/results/p4_information_study/20260926T212553Z,PRELIMINARY
3-2-3,8,3,16,16,awqpe,p_chunk_correct,0.10014586812387123,0.9050874791906774,0.906937102581782,0.8593851132686084,0.8401833872707659,0.9,0.019201725997842534,0.013078478964401296,0.02540453074433657,0.32100991884580743,research/results/p4_information_study/20260926T212553Z,PRELIMINARY
3-2-3,8,3,16,16,awqpe,legacy_cw,0.1047564938747227,0.9116747939440506,0.9035718161852958,0.8601132686084142,0.8401833872707659,0.9,0.01992988133764828,0.01375134843581446,0.026113807982740014,0.3331830477908016,research/results/p4_information_study/20260926T212553Z,PRELIMINARY
3-2-3,8,3,16,16,awqpe_eps_safe,ratio,0.0727437358892451,0.7851300250362757,0.8439455328209959,0.9554746494066884,0.94487594390507,0.9754045307443365,0.010598705501618344,0.007294363538295577,0.014877966558791799,0.3471731448763316,research/results/p4_information_study/20260926T212553Z,PRELIMINARY
3-2-3,8,3,16,16,awqpe_eps_safe,entropy,0.08125300013802515,0.8033050149448682,0.8060610157461353,0.9580097087378641,0.94487594390507,0.9754045307443365,0.013133764832794048,0.009896170442286946,0.017347626752966555,0.4302120141342777,research/results/p4_information_study/20260926T212553Z,PRELIMINARY
3-2-3,8,3,16,16,awqpe_eps_safe,local_post_sd,-0.013220142246618594,0.4743338418429731,0.4386504881851174,0.9474110032362459,0.94487594390507,0.9754045307443365,0.002535059331175926,-0.00021574973031283532,0.005393743257820931,0.08303886925795331,research/results/p4_information_study/20260926T212553Z,PRELIMINARY
3-2-3,8,3,16,16,awqpe_eps_safe,chunk_risk,0.0729839721845749,0.7832705484040109,0.8404895793284972,0.9559870550161812,0.94487594390507,0.9754045307443365,0.011111111111111183,0.007820927723840344,0.01513079827400216,0.36395759717314646,research/results/p4_information_study/20260926T212553Z,PRELIMINARY
3-2-3,8,3,16,16,awqpe_eps_safe,boundary_risk,0.07468670258605518,0.7920346608535512,0.8488759701385339,0.9564724919093851,0.94487594390507,0.9754045307443365,0.011596548004315088,0.008224110032362463,0.015621628910463857,0.3798586572438185,research/results/p4_information_study/20260926T212553Z,PRELIMINARY
3-2-3,8,3,16,16,awqpe_eps_safe,eig_phi,0.05166676060313212,0.6096782970365789,0.5037009966496686,0.9436893203883495,0.94487594390507,0.9754045307443365,-0.0011866235167204975,-0.00410463861920172,0.001081445523193098,-0.03886925795052646,research/results/p4_information_study/20260926T212553Z,PRELIMINARY
3-2-3,8,3,16,16,awqpe_eps_safe,eig_cell,0.09216812193487083,0.7745874721900848,0.6421419306865855,0.955663430420712,0.94487594390507,0.9754045307443365,0.010787486515641986,0.0074946062567421805,0.014591423948220064,0.3533568904593675,research/results/p4_information_study/20260926T212553Z,PRELIMINARY
3-2-3,8,3,16,16,awqpe_eps_safe,fisher_phi,-0.008325129026117456,0.3802161358393862,0.35875163186068026,0.9364077669902913,0.94487594390507,0.9754045307443365,-0.008468176914778747,-0.010628371089536133,-0.006174487594390502,-0.2773851590105965,research/results/p4_information_study/20260926T212553Z,PRELIMINARY
3-2-3,8,3,16,16,awqpe_eps_safe,c1,0.07891124486654949,0.8027930924887033,0.8408339072131411,0.9561218985976268,0.94487594390507,0.9754045307443365,0.011245954692556737,0.007967233009708736,0.01542610571736785,0.36837455830388954,research/results/p4_information_study/20260926T212553Z,PRELIMINARY
3-2-3,8,3,16,16,awqpe_eps_safe,margin,0.07434291573098052,0.7894093700107983,0.8462058447017867,0.9559870550161812,0.94487594390507,0.9754045307443365,0.011111111111111183,0.007740021574973029,0.015116639697950376,0.36395759717314646,research/results/p4_information_study/20260926T212553Z,PRELIMINARY
3-2-3,8,3,16,16,awqpe_eps_safe,p_chunk_correct,0.07298397223594937,0.7832705484040109,0.8404895793284972,0.9559870550161812,0.94487594390507,0.9754045307443365,0.011111111111111183,0.007820927723840344,0.01513079827400216,0.36395759717314646,research/results/p4_information_study/20260926T212553Z,PRELIMINARY
3-2-3,8,3,16,16,awqpe_eps_safe,legacy_cw,0.07341868821478845,0.7872219362475735,0.8460537489490606,0.9558252427184466,0.94487594390507,0.9754045307443365,0.010949298813376585,0.007603829557713056,0.014862459546925565,0.358657243816257,research/results/p4_information_study/20260926T212553Z,PRELIMINARY
3-2-3,8,3,16,16,likelihood,ratio,0.04187224044229713,0.6494904179010086,0.7411971830985915,0.9980582524271845,0.996116504854369,0.9998381877022654,0.001941747572815511,0.0007807443365695801,0.003156688241639696,0.5217391304347787,research/results/p4_information_study/20260926T212553Z,PRELIMINARY
3-2-3,8,3,16,16,likelihood,entropy,0.06333213225186927,0.7507546475052425,0.8036294691224268,0.9988673139158576,0.996116504854369,0.9998381877022654,0.0027508090614886127,0.0015358683926645098,0.003937432578209278,0.7391304347825958,research/results/p4_information_study/20260926T212553Z,PRELIMINARY
3-2-3,8,3,16,16,likelihood,local_post_sd,0.02115976494360164,0.8095240571847019,0.8116197183098591,0.9988673139158576,0.996116504854369,0.9998381877022654,0.0027508090614886127,0.0016720604099244878,0.0038834951456310665,0.7391304347825958,research/results/p4_information_study/20260926T212553Z,PRELIMINARY
3-2-3,8,3,16,16,likelihood,chunk_risk,0.04262421036765354,0.6697478405951469,0.7517605633802817,0.9980582524271845,0.996116504854369,0.9998381877022654,0.001941747572815511,0.0007807443365695801,0.003156688241639696,0.5217391304347787,research/results/p4_information_study/20260926T212553Z,PRELIMINARY
3-2-3,8,3,16,16,likelihood,boundary_risk,0.042029462575678085,0.6685792031421629,0.7456663055254604,0.9980582524271845,0.996116504854369,0.9998381877022654,0.001941747572815511,0.0007807443365695801,0.003156688241639696,0.5217391304347787,research/results/p4_information_study/20260926T212553Z,PRELIMINARY
3-2-3,8,3,16,16,likelihood,eig_phi,0.16846256048880276,0.9263420347501914,0.8694474539544962,0.9990291262135922,0.996116504854369,0.9998381877022654,0.002912621359223211,0.0016976806903991378,0.0040992448759439035,0.7826086956521532,research/results/p4_information_study/20260926T212553Z,PRELIMINARY
3-2-3,8,3,16,16,likelihood,eig_cell,0.14018200342610712,0.9724618671570748,0.9401408450704225,0.9996763754045307,0.996116504854369,0.9998381877022654,0.0035598705501617145,0.0023193096008629985,0.004800431499460625,0.9565217391304127,research/results/p4_information_study/20260926T212553Z,PRELIMINARY
3-2-3,8,3,16,16,likelihood,fisher_phi,0.10326128041299994,0.34450100689012414,0.2313109425785482,0.9936893203883496,0.996116504854369,0.9998381877022654,-0.0024271844660194164,-0.0031823085221143474,-0.0015641855447680693,-0.6521739130434808,research/results/p4_information_study/20260926T212553Z,PRELIMINARY
3-2-3,8,3,16,16,likelihood,c1,0.050651290004658636,0.7178429667476617,0.7830444203683641,0.9986245954692556,0.996116504854369,0.9998381877022654,0.00250809061488666,0.001415183387270764,0.0035329018338727067,0.6739130434782447,research/results/p4_information_study/20260926T212553Z,PRELIMINARY
3-2-3,8,3,16,16,likelihood,margin,0.04444319759794721,0.6715171795426556,0.7565005417118094,0.9981391585760517,0.996116504854369,0.9998381877022654,0.0020226537216827545,0.0008758090614886733,0.0032106256742179045,0.5434782608695425,research/results/p4_information_study/20260926T212553Z,PRELIMINARY
3-2-3,8,3,16,16,likelihood,p_chunk_correct,0.0426242076902718,0.6697478405951469,0.7517605633802817,0.9980582524271845,0.996116504854369,0.9998381877022654,0.001941747572815511,0.0007807443365695801,0.003156688241639696,0.5217391304347787,research/results/p4_information_study/20260926T212553Z,PRELIMINARY
3-2-3,8,3,16,16,likelihood,legacy_cw,0.04331317329064439,0.6625175789701429,0.7505417118093174,0.9980582524271845,0.996116504854369,0.9998381877022654,0.001941747572815511,0.0007807443365695801,0.003156688241639696,0.5217391304347787,research/results/p4_information_study/20260926T212553Z,PRELIMINARY
3-2-3,8,3,16,64,awqpe,ratio,0.12149496912157651,0.8808726102420159,0.873798564879656,0.8677184466019418,0.8425566343042071,0.920873786407767,0.02516181229773462,0.016444174757281556,0.03362526968716289,0.32128099173553726,research/results/p4_information_study/20260926T212553Z,PRELIMINARY
3-2-3,8,3,16,64,awqpe,entropy,0.11305243529757951,0.8286492553006684,0.8131036482659477,0.8615695792880259,0.8425566343042071,0.920873786407767,0.01901294498381878,0.011534519956850054,0.026524406688241634,0.24276859504132256,research/results/p4_information_study/20260926T212553Z,PRELIMINARY
3-2-3,8,3,16,64,awqpe,local_post_sd,-0.08956382887287405,0.2506986184890238,0.2593301332082899,0.8317152103559871,0.8425566343042071,0.920873786407767,-0.010841423948220075,-0.015241370010787484,-0.006444174757281551,-0.1384297520661159,research/results/p4_information_study/20260926T212553Z,PRELIMINARY
3-2-3,8,3,16,64,awqpe,chunk_risk,0.11738244930876594,0.8745819809276513,0.8747731016738958,0.8662621359223301,0.8425566343042071,0.920873786407767,0.023705501618123015,0.014848975188781015,0.033226806903991365,0.30268595041322377,research/results/p4_information_study/20260926T212553Z,PRELIMINARY
3-2-3,8,3,16,64,awqpe,boundary_risk,0.12278703225229466,0.8825368235304875,0.8770522652813169,0.8670711974110032,0.8425566343042071,0.920873786407767,0.024514563106796117,0.015548813376483282,0.033903721682847894,0.31301652892562,research/results/p4_information_study/20260926T212553Z,PRELIMINARY
3-2-3,8,3,16,64,awqpe,eig_phi,0.017961269820240492,0.4994766532873744,0.42660741499410776,0.8270226537216828,0.8425566343042071,0.920873786407767,-0.01553398058252431,-0.01963861920172599,-0.011622168284789638,-0.19834710743801712,research/results/p4_information_study/20260926T212553Z,PRELIMINARY
3-2-3,8,3,16,64,awqpe,eig_cell,0.09822052618895068,0.7138645278085085,0.6289618514656614,0.852588996763754,0.8425566343042071,0.920873786407767,0.010032362459546862,0.003988673139158581,0.017100862998921253,0.12809917355371828,research/results/p4_information_study/20260926T212553Z,PRELIMINARY
3-2-3,8,3,16,64,awqpe,fisher_phi,-0.04647328397858786,0.3288261728214459,0.29271241446966567,0.8220064724919094,0.8425566343042071,0.920873786407767,-0.02055016181229774,-0.02551779935275081,-0.015664778856526427,-0.26239669421487627,research/results/p4_information_study/20260926T212553Z,PRELIMINARY
3-2-3,8,3,16,64,awqpe,c1,0.12264324878912056,0.8752851252137182,0.8671603620501367,0.8651024811218987,0.8425566343042071,0.920873786407767,0.02254584681769156,0.013457389428263217,0.03157025350593312,0.2878787878787891,research/results/p4_information_study/20260926T212553Z,PRELIMINARY
3-2-3,8,3,16,64,awqpe,margin,0.12212479350739693,0.8814807127901767,0.8755961672538362,0.867286947141316,0.8425566343042071,0.920873786407767,0.024730312837108914,0.015890641855447682,0.033785733549083055,0.31577134986225863,research/results/p4_information_study/20260926T212553Z,PRELIMINARY
3-2-3,8,3,16,64,awqpe,p_chunk_correct,0.1173824130383799,0.8745820266427728,0.8747731016738958,0.8662621359223301,0.8425566343042071,0.920873786407767,0.023705501618123015,0.014848975188781015,0.033226806903991365,0.30268595041322377,research/results/p4_information_study/20260926T212553Z,PRELIMINARY
3-2-3,8,3,16,64,awqpe,legacy_cw,0.12210832459958083,0.881794135664195,0.8750220574171536,0.8677993527508091,0.8425566343042071,0.920873786407767,0.025242718446601975,0.016529126213592236,0.03388956310679611,0.32231404958677745,research/results/p4_information_study/20260926T212553Z,PRELIMINARY
3-2-3,8,3,16,64,awqpe_eps_safe,ratio,0.11432305454320835,0.7675591395914769,0.8374674337820235,0.9663430420711974,0.94638619201726,0.9907766990291262,0.019956850053937325,0.014252292340884569,0.025787486515641847,0.4495747266099615,research/results/p4_information_study/20260926T212553Z,PRELIMINARY
3-2-3,8,3,16,64,awqpe_eps_safe,entropy,0.11834764168595759,0.7801650994318821,0.8119531589231437,0.9633495145631068,0.94638619201726,0.9907766990291262,0.01696332254584676,0.01208940129449838,0.022833737864077667,0.382138517618468,research/results/p4_information_study/20260926T212553Z,PRELIMINARY
3-2-3,8,3,16,64,awqpe_eps_safe,local_post_sd,-0.03035286097585825,0.4810064385573493,0.457663916630482,0.9480582524271844,0.94638619201726,0.9907766990291262,0.001672060409924403,-0.0019956850053937402,0.0049083063646170435,0.03766707168894102,research/results/p4_information_study/20260926T212553Z,PRELIMINARY
3-2-3,8,3,16,64,awqpe_eps_safe,chunk_risk,0.112344973241788,0.7612435085892413,0.8302187364307425,0.9650485436893204,0.94638619201726,0.9907766990291262,0.018662351672060318,0.013671790722761595,0.024007551240560945,0.42041312272174797,research/results/p4_information_study/20260926T212553Z,PRELIMINARY
3-2-3,8,3,16,64,awqpe_eps_safe,boundary_risk,0.1144563879097509,0.7692794056128072,0.8385529743812419,0.9656957928802589,0.94638619201726,0.9907766990291262,0.01930960086299882,0.014239482200647248,0.024490291262135918,0.43499392466585474,research/results/p4_information_study/20260926T212553Z,PRELIMINARY
3-2-3,8,3,16,64,awqpe_eps_safe,eig_phi,0.069089024934836,0.5980314775789091,0.5042824576639167,0.9359223300970874,0.94638619201726,0.9907766990291262,-0.010463861920172679,-0.014247572815533979,-0.00668554476806904,-0.23572296476306395,research/results/p4_information_study/20260926T212553Z,PRELIMINARY
3-2-3,8,3,16,64,awqpe_eps_safe,eig_cell,0.1263488424873363,0.7654554052169689,0.6631079027355623,0.9618122977346278,0.94638619201726,0.9907766990291262,0.0154261057173678,0.009896170442286946,0.02060679611650485,0.3475091130012141,research/results/p4_information_study/20260926T212553Z,PRELIMINARY
3-2-3,8,3,16,64,awqpe_eps_safe,fisher_phi,-0.006015418576897288,0.38084290223693623,0.3293285931393834,0.9273462783171521,0.94638619201726,0.9907766990291262,-0.019039913700107935,-0.022358414239482195,-0.015449029126213593,-0.42891859052248044,research/results/p4_information_study/20260926T212553Z,PRELIMINARY
3-2-3,8,3,16,64,awqpe_eps_safe,c1,0.11768585275146734,0.7749150409557696,0.8340696917064698,0.9642394822006473,0.94638619201726,0.9907766990291262,0.017853290183387216,0.012715075512405603,0.022986785329018322,0.40218712029161513,research/results/p4_information_study/20260926T212553Z,PRELIMINARY
3-2-3,8,3,16,64,awqpe_eps_safe,margin,0.11512656186926659,0.768735830788123,0.8382734476769431,0.9656148867313916,0.94638619201726,0.9907766990291262,0.019228694714131578,0.013859897518878096,0.02455703883495145,0.43317132442284295,research/results/p4_information_study/20260926T212553Z,PRELIMINARY
3-2-3,8,3,16,64,awqpe_eps_safe,p_chunk_correct,0.11234497342301321,0.7612435085892413,0.8302187364307425,0.9650485436893204,0.94638619201726,0.9907766990291262,0.018662351672060318,0.013671790722761595,0.024007551240560945,0.42041312272174797,research/results/p4_information_study/20260926T212553Z,PRELIMINARY
3-2-3,8,3,16,64,awqpe_eps_safe,legacy_cw,0.11478224312070057,0.7683837792886605,0.838557045158489,0.9658576051779936,0.94638619201726,0.9907766990291262,0.01947141316073353,0.01403249730312837,0.025088996763754035,0.4386391251518833,research/results/p4_information_study/20260926T212553Z,PRELIMINARY
3-2-3,8,3,16,64,likelihood,ratio,0.050893577828967265,0.6634449541520576,0.758531746031746,0.9990291262135922,0.9966019417475728,1.0,0.0024271844660194164,0.0014819309600863028,0.0035342502696871655,0.714285714285705,research/results/p4_information_study/20260926T212553Z,PRELIMINARY
3-2-3,8,3,16,64,likelihood,entropy,0.07323826794566494,0.769060619166036,0.8178571428571428,0.9990291262135922,0.9966019417475728,1.0,0.0024271844660194164,0.0014023732470334431,0.0036421251348435833,0.714285714285705,research/results/p4_information_study/20260926T212553Z,PRELIMINARY
3-2-3,8,3,16,64,likelihood,local_post_sd,0.01800423984018031,0.792461475886711,0.7992063492063493,0.9990291262135922,0.9966019417475728,1.0,0.0024271844660194164,0.001643743257820929,0.0035881877022653753,0.714285714285705,research/results/p4_information_study/20260926T212553Z,PRELIMINARY
3-2-3,8,3,16,64,likelihood,chunk_risk,0.04761716843784574,0.6809172420184422,0.7625,0.9988673139158576,0.9966019417475728,1.0,0.0022653721682848182,0.0013484358144552322,0.003344120819848979,0.6666666666666666,research/results/p4_information_study/20260926T212553Z,PRELIMINARY
3-2-3,8,3,16,64,likelihood,boundary_risk,0.04536085177171164,0.6836009298302519,0.7666666666666667,0.9990291262135922,0.9966019417475728,1.0,0.0024271844660194164,0.0014819309600863028,0.0035342502696871655,0.714285714285705,research/results/p4_information_study/20260926T212553Z,PRELIMINARY
3-2-3,8,3,16,64,likelihood,eig_phi,0.2628729560704121,0.9097354154117048,0.8607142857142858,0.9993527508090615,0.9966019417475728,1.0,0.0027508090614887237,0.0017259978425026986,0.0038578748651564225,0.8095238095238142,research/results/p4_information_study/20260926T212553Z,PRELIMINARY
3-2-3,8,3,16,64,likelihood,eig_cell,0.20143772554645306,0.9713289467587229,0.95,0.9998381877022654,0.9966019417475728,1.0,0.003236245954692629,0.002157497303128372,0.004422869471413164,0.9523809523809618,research/results/p4_information_study/20260926T212553Z,PRELIMINARY
3-2-3,8,3,16,64,likelihood,fisher_phi,0.1731179148877959,0.3048604997194034,0.1501984126984127,0.9944983818770227,0.9966019417475728,1.0,-0.002103559870550109,-0.002912621359223296,-0.0014023732470334394,-0.6190476190475958,research/results/p4_information_study/20260926T212553Z,PRELIMINARY
3-2-3,8,3,16,64,likelihood,c1,0.05981163437286539,0.7298659057092401,0.8007936507936508,0.9990291262135922,0.9966019417475728,1.0,0.0024271844660194164,0.0015230582524271856,0.003439185544768071,0.714285714285705,research/results/p4_information_study/20260926T212553Z,PRELIMINARY
3-2-3,8,3,16,64,likelihood,margin,0.052953172451235785,0.6842200443806022,0.7736111111111111,0.9990291262135922,0.9966019417475728,1.0,0.0024271844660194164,0.0014819309600863028,0.0035342502696871655,0.714285714285705,research/results/p4_information_study/20260926T212553Z,PRELIMINARY
3-2-3,8,3,16,64,likelihood,p_chunk_correct,0.04761716859329904,0.6809172420184422,0.7625,0.9988673139158576,0.9966019417475728,1.0,0.0022653721682848182,0.0013484358144552322,0.003344120819848979,0.6666666666666666,research/results/p4_information_study/20260926T212553Z,PRELIMINARY
3-2-3,8,3,16,64,likelihood,legacy_cw,0.0519448294270395,0.674218963182635,0.7660714285714286,0.9990291262135922,0.9966019417475728,1.0,0.0024271844660194164,0.0014819309600863028,0.0035342502696871655,0.714285714285705,research/results/p4_information_study/20260926T212553Z,PRELIMINARY
3-2-3,8,3,64,64,awqpe,ratio,0.053658356138580235,0.9148317784835253,0.9248061847633072,0.8832524271844661,0.878101402373247,0.9105177993527508,0.005151024811219096,0.0004443096008630003,0.009857740021574978,0.15890183028286506,research/results/p4_information_study/20260926T212553Z,PRELIMINARY
3-2-3,8,3,64,64,awqpe,entropy,0.05464323742359144,0.8181545256053989,0.7900212222270345,0.8836569579288026,0.878101402373247,0.9105177993527508,0.005555555555555647,0.0015898058252427206,0.009631877022653714,0.17138103161397925,research/results/p4_information_study/20260926T212553Z,PRELIMINARY
3-2-3,8,3,64,64,awqpe,local_post_sd,-0.05120372603545478,0.2230521784438269,0.26699294036121096,0.8744336569579289,0.878101402373247,0.9105177993527508,-0.0036677454153181133,-0.006069309600862997,-0.0013484358144552296,-0.11314475873543713,research/results/p4_information_study/20260926T212553Z,PRELIMINARY
3-2-3,8,3,64,64,awqpe,chunk_risk,0.05244088713525525,0.899429709210004,0.92183615574516,0.8831715210355987,0.878101402373247,0.9105177993527508,0.005070118662351741,0.00029530744336569623,0.009989212513484351,0.15640599001664082,research/results/p4_information_study/20260926T212553Z,PRELIMINARY
3-2-3,8,3,64,64,awqpe,boundary_risk,0.05476549246970603,0.9127172240968638,0.9245809692927368,0.883495145631068,0.878101402373247,0.9105177993527508,0.005393743257821049,0.0006472491909385104,0.010248112189859767,0.16638935108153427,research/results/p4_information_study/20260926T212553Z,PRELIMINARY
3-2-3,8,3,64,64,awqpe,eig_phi,0.008094418792323206,0.43035678840809843,0.41370132963748973,0.8729773462783171,0.878101402373247,0.9105177993527508,-0.00512405609492983,-0.007502696871628906,-0.0025067421790722745,-0.1580698835274524,research/results/p4_information_study/20260926T212553Z,PRELIMINARY
3-2-3,8,3,64,64,awqpe,eig_cell,0.028462632552421575,0.45698454247717346,0.42696413876737843,0.8774002157497303,0.878101402373247,0.9105177993527508,-0.000701186623516703,-0.002509439050701184,0.0013767529665587907,-0.021630615640598427,research/results/p4_information_study/20260926T212553Z,PRELIMINARY
3-2-3,8,3,64,64,awqpe,fisher_phi,-0.004798647651929748,0.36934336542278684,0.3535428125947421,0.8729773462783171,0.878101402373247,0.9105177993527508,-0.00512405609492983,-0.007502696871628906,-0.0025067421790722745,-0.1580698835274524,research/results/p4_information_study/20260926T212553Z,PRELIMINARY
3-2-3,8,3,64,64,awqpe,c1,0.05557619262849155,0.9054183207622072,0.9082181991424488,0.8832524271844661,0.878101402373247,0.9105177993527508,0.005151024811219096,0.00043149946062567775,0.010086299892125141,0.15890183028286506,research/results/p4_information_study/20260926T212553Z,PRELIMINARY
3-2-3,8,3,64,64,awqpe,margin,0.05383727376128122,0.9139744194124653,0.9246675906275715,0.8834142394822007,0.878101402373247,0.9105177993527508,0.005312837108953694,0.0006330906148867313,0.010100458468176919,0.16389351081531003,research/results/p4_information_study/20260926T212553Z,PRELIMINARY
3-2-3,8,3,64,64,awqpe,p_chunk_correct,0.05244088713525525,0.899429709210004,0.92183615574516,0.8831715210355987,0.878101402373247,0.9105177993527508,0.005070118662351741,0.00029530744336569623,0.009989212513484351,0.15640599001664082,research/results/p4_information_study/20260926T212553Z,PRELIMINARY
3-2-3,8,3,64,64,awqpe,legacy_cw,0.05509564388601281,0.9148949235807861,0.9254894105418164,0.8832524271844661,0.878101402373247,0.9105177993527508,0.005151024811219096,0.0004443096008630003,0.009857740021574978,0.15890183028286506,research/results/p4_information_study/20260926T212553Z,PRELIMINARY
3-2-3,8,3,64,64,awqpe_eps_safe,ratio,0.06118231417908026,0.7846934636049145,0.8494235746215983,0.984789644012945,0.9811758360302049,0.9920711974110032,0.003613807982740136,0.0009169363538295572,0.006418554476806904,0.3316831683168388,research/results/p4_information_study/20260926T212553Z,PRELIMINARY
3-2-3,8,3,64,64,awqpe_eps_safe,entropy,0.0580406722081251,0.764239644915682,0.722257077876245,0.9830097087378641,0.9811758360302049,0.9920711974110032,0.0018338727076592232,-0.000542071197411003,0.0043176914778856506,0.1683168316831765,research/results/p4_information_study/20260926T212553Z,PRELIMINARY
3-2-3,8,3,64,64,awqpe_eps_safe,local_post_sd,-0.055910082127995704,0.24194149407091645,0.31615167437848013,0.9788025889967638,0.9811758360302049,0.9920711974110032,-0.002373247033441106,-0.0035598705501618116,-0.0009142394822006508,-0.21782178217820622,research/results/p4_information_study/20260926T212553Z,PRELIMINARY
3-2-3,8,3,64,64,awqpe_eps_safe,chunk_risk,0.06262518429780978,0.774390904598178,0.8348560897184535,0.9851132686084142,0.9811758360302049,0.9920711974110032,0.003937432578209332,0.0011839266450916932,0.00652912621359223,0.36138613861386276,research/results/p4_information_study/20260926T212553Z,PRELIMINARY
3-2-3,8,3,64,64,awqpe_eps_safe,boundary_risk,0.06181151695747515,0.7845530657603683,0.846619872951141,0.9849514563106796,0.9811758360302049,0.9920711974110032,0.003775620280474734,0.0012378640776699033,0.006446871628910463,0.3465346534653508,research/results/p4_information_study/20260926T212553Z,PRELIMINARY
3-2-3,8,3,64,64,awqpe_eps_safe,eig_phi,0.02866660823990905,0.45134834786423494,0.4841581052466473,0.9771844660194174,0.9811758360302049,0.9920711974110032,-0.003991370010787421,-0.005853559870550161,-0.002344929881337649,-0.36633663366335656,research/results/p4_information_study/20260926T212553Z,PRELIMINARY
3-2-3,8,3,64,64,awqpe_eps_safe,eig_cell,0.0495707644992644,0.6091961579221383,0.42118265234099284,0.9798274002157499,0.9811758360302049,0.9920711974110032,-0.0013484358144549846,-0.003264563106796117,0.0003236245954692551,-0.1237623762375998,research/results/p4_information_study/20260926T212553Z,PRELIMINARY
3-2-3,8,3,64,64,awqpe_eps_safe,fisher_phi,0.021600897098603283,0.4513982303925326,0.45153321308132693,0.9771844660194174,0.9811758360302049,0.9920711974110032,-0.003991370010787421,-0.005853559870550161,-0.002344929881337649,-0.36633663366335656,research/results/p4_information_study/20260926T212553Z,PRELIMINARY
3-2-3,8,3,64,64,awqpe_eps_safe,c1,0.06172686727379629,0.7857816294871152,0.8324249078503647,0.984789644012945,0.9811758360302049,0.9920711974110032,0.003613807982740136,0.000902777777777777,0.0063787756202804725,0.3316831683168388,research/results/p4_information_study/20260926T212553Z,PRELIMINARY
3-2-3,8,3,64,64,awqpe_eps_safe,margin,0.061429758639640855,0.7841008195269947,0.8475217629989805,0.9847087378640776,0.9811758360302049,0.9920711974110032,0.0035329018338727813,0.0009964940668824177,0.006285059331175835,0.3242574257425777,research/results/p4_information_study/20260926T212553Z,PRELIMINARY
3-2-3,8,3,64,64,awqpe_eps_safe,p_chunk_correct,0.06262518429780978,0.774390904598178,0.8348560897184535,0.9851132686084142,0.9811758360302049,0.9920711974110032,0.003937432578209332,0.0011839266450916932,0.00652912621359223,0.36138613861386276,research/results/p4_information_study/20260926T212553Z,PRELIMINARY
3-2-3,8,3,64,64,awqpe_eps_safe,legacy_cw,0.06281696907354836,0.7842207358036306,0.8484824719629833,0.9846278317152104,0.9811758360302049,0.9920711974110032,0.0034519956850055378,0.0007497303128371096,0.006205501618122975,0.3168316831683268,research/results/p4_information_study/20260926T212553Z,PRELIMINARY
3-2-3,8,3,64,64,likelihood,ratio,0.027724069520148217,,,1.0,1.0,1.0,0.0,0.0,0.0,,research/results/p4_information_study/20260926T212553Z,PRELIMINARY
3-2-3,8,3,64,64,likelihood,entropy,0.0433359163095714,,,1.0,1.0,1.0,0.0,0.0,0.0,,research/results/p4_information_study/20260926T212553Z,PRELIMINARY
3-2-3,8,3,64,64,likelihood,local_post_sd,-0.020746847599642165,,,1.0,1.0,1.0,0.0,0.0,0.0,,research/results/p4_information_study/20260926T212553Z,PRELIMINARY
3-2-3,8,3,64,64,likelihood,chunk_risk,0.01902378712928182,,,1.0,1.0,1.0,0.0,0.0,0.0,,research/results/p4_information_study/20260926T212553Z,PRELIMINARY
3-2-3,8,3,64,64,likelihood,boundary_risk,0.02806170782628122,,,1.0,1.0,1.0,0.0,0.0,0.0,,research/results/p4_information_study/20260926T212553Z,PRELIMINARY
3-2-3,8,3,64,64,likelihood,eig_phi,0.13835178857454236,,,1.0,1.0,1.0,0.0,0.0,0.0,,research/results/p4_information_study/20260926T212553Z,PRELIMINARY
3-2-3,8,3,64,64,likelihood,eig_cell,0.058311670931248775,,,1.0,1.0,1.0,0.0,0.0,0.0,,research/results/p4_information_study/20260926T212553Z,PRELIMINARY
3-2-3,8,3,64,64,likelihood,fisher_phi,0.09737246940744551,,,1.0,1.0,1.0,0.0,0.0,0.0,,research/results/p4_information_study/20260926T212553Z,PRELIMINARY
3-2-3,8,3,64,64,likelihood,c1,0.032714537823313905,,,1.0,1.0,1.0,0.0,0.0,0.0,,research/results/p4_information_study/20260926T212553Z,PRELIMINARY
3-2-3,8,3,64,64,likelihood,margin,0.028861288655314753,,,1.0,1.0,1.0,0.0,0.0,0.0,,research/results/p4_information_study/20260926T212553Z,PRELIMINARY
3-2-3,8,3,64,64,likelihood,p_chunk_correct,0.01902378712928182,,,1.0,1.0,1.0,0.0,0.0,0.0,,research/results/p4_information_study/20260926T212553Z,PRELIMINARY
3-2-3,8,3,64,64,likelihood,legacy_cw,0.018355273778585406,,,1.0,1.0,1.0,0.0,0.0,0.0,,research/results/p4_information_study/20260926T212553Z,PRELIMINARY
3-2-3,8,3,64,256,awqpe,ratio,0.10176123484443358,0.8989811011501703,0.9139277225961875,0.8961165048543689,0.8797734627831715,0.9286407766990291,0.01634304207119741,0.008249730312837112,0.025324973031283716,0.33443708609271505,research/results/p4_information_study/20260926T212553Z,PRELIMINARY
3-2-3,8,3,64,256,awqpe,entropy,0.10440396308326932,0.8275157253617861,0.8187655282432134,0.8933656957928803,0.8797734627831715,0.9286407766990291,0.013592233009708798,0.006390237324703347,0.02120010787486516,0.2781456953642395,research/results/p4_information_study/20260926T212553Z,PRELIMINARY
3-2-3,8,3,64,256,awqpe,local_post_sd,-0.09727863922665386,0.20926618908160502,0.23507873930875403,0.8699029126213592,0.8797734627831715,0.9286407766990291,-0.009870550161812264,-0.014026429341963317,-0.005660733549083063,-0.2019867549668866,research/results/p4_information_study/20260926T212553Z,PRELIMINARY
3-2-3,8,3,64,256,awqpe,chunk_risk,0.10098178981773552,0.8842933653604318,0.9104973618828449,0.8956310679611651,0.8797734627831715,0.9286407766990291,0.015857605177993617,0.007278856526429345,0.024716828478964396,0.32450331125827975,research/results/p4_information_study/20260926T212553Z,PRELIMINARY
3-2-3,8,3,64,256,awqpe,boundary_risk,0.103951128708106,0.8981643013126838,0.9153215592646686,0.8967637540453074,0.8797734627831715,0.9286407766990291,0.016990291262135915,0.009084412081984902,0.026227076591154252,0.3476821192052976,research/results/p4_information_study/20260926T212553Z,PRELIMINARY
3-2-3,8,3,64,256,awqpe,eig_phi,0.01322391406122197,0.43606742619176597,0.419413470296256,0.8694174757281553,0.8797734627831715,0.9286407766990291,-0.01035598705501617,-0.015105177993527504,-0.005714670981661273,-0.21192052980132411,research/results/p4_information_study/20260926T212553Z,PRELIMINARY
3-2-3,8,3,64,256,awqpe,eig_cell,0.03906542791449421,0.4575597364233478,0.4176410274374963,0.8795577130528586,0.8797734627831715,0.9286407766990291,-0.00021574973031290856,-0.0038322545846817702,0.0031593851132686065,-0.004415011037529054,research/results/p4_information_study/20260926T212553Z,PRELIMINARY
3-2-3,8,3,64,256,awqpe,fisher_phi,-0.006986084221584533,0.3669569248423232,0.3465344733736102,0.8694174757281553,0.8797734627831715,0.9286407766990291,-0.01035598705501617,-0.015105177993527504,-0.005714670981661273,-0.21192052980132411,research/results/p4_information_study/20260926T212553Z,PRELIMINARY
3-2-3,8,3,64,256,awqpe,c1,0.10610799208395291,0.8946285132671026,0.9078828234051383,0.8954692556634304,0.8797734627831715,0.9286407766990291,0.015695792880258908,0.007676645091693636,0.02442219525350594,0.3211920529801324,research/results/p4_information_study/20260926T212553Z,PRELIMINARY
3-2-3,8,3,64,256,awqpe,margin,0.10215584479509748,0.8984470978515323,0.9144060329077495,0.8962783171521036,0.8797734627831715,0.9286407766990291,0.01650485436893212,0.008411542610571738,0.02559735706580367,0.3377483443708624,research/results/p4_information_study/20260926T212553Z,PRELIMINARY
3-2-3,8,3,64,256,awqpe,p_chunk_correct,0.1009818357613103,0.8842933653604318,0.9104973618828449,0.8956310679611651,0.8797734627831715,0.9286407766990291,0.015857605177993617,0.007278856526429345,0.024716828478964396,0.32450331125827975,research/results/p4_information_study/20260926T212553Z,PRELIMINARY
3-2-3,8,3,64,256,awqpe,legacy_cw,0.10451845797119749,0.8989530633319146,0.914344054670195,0.8962783171521036,0.8797734627831715,0.9286407766990291,0.01650485436893212,0.008411542610571738,0.02559735706580367,0.3377483443708624,research/results/p4_information_study/20260926T212553Z,PRELIMINARY
3-2-3,8,3,64,256,awqpe_eps_safe,ratio,0.11154039383091754,0.7808415158985501,0.8943977244620331,0.9912621359223301,0.981984897518878,0.9970873786407767,0.009277238403452182,0.004772114347357065,0.013918554476806901,0.6142857142857219,research/results/p4_information_study/20260926T212553Z,PRELIMINARY
3-2-3,8,3,64,256,awqpe_eps_safe,entropy,0.10622529763893787,0.7495516650649731,0.7557877813504823,0.9864077669902913,0.981984897518878,0.9970873786407767,0.004422869471413349,0.0013484358144552331,0.007962513484358136,0.29285714285715303,research/results/p4_information_study/20260926T212553Z,PRELIMINARY
3-2-3,8,3,64,256,awqpe_eps_safe,local_post_sd,-0.10107364819895584,0.2573747545230435,0.3003833786791986,0.9762135922330097,0.981984897518878,0.9970873786407767,-0.005771305285868222,-0.008064994606256743,-0.0036111111111111127,-0.3821428571428429,research/results/p4_information_study/20260926T212553Z,PRELIMINARY
3-2-3,8,3,64,256,awqpe_eps_safe,chunk_risk,0.11427506944052912,0.7705594785442694,0.8752906257729409,0.9909385113268608,0.981984897518878,0.9970873786407767,0.008953613807982874,0.004661542610571738,0.013566612729234087,0.5928571428571472,research/results/p4_information_study/20260926T212553Z,PRELIMINARY
3-2-3,8,3,64,256,awqpe_eps_safe,boundary_risk,0.11290098784171666,0.7792249195671249,0.8885728419490477,0.9914239482200647,0.981984897518878,0.9970873786407767,0.00943905070118678,0.004987864077669904,0.014003505933117576,0.6250000000000056,research/results/p4_information_study/20260926T212553Z,PRELIMINARY
3-2-3,8,3,64,256,awqpe_eps_safe,eig_phi,0.05780329087634158,0.4618146492290979,0.492728172149394,0.9752427184466019,0.981984897518878,0.9970873786407767,-0.006742179072276033,-0.009225997842502696,-0.004178802588996764,-0.44642857142855963,research/results/p4_information_study/20260926T212553Z,PRELIMINARY
3-2-3,8,3,64,256,awqpe_eps_safe,eig_cell,0.09567458149934036,0.6277733673170935,0.4628741033885728,0.978856526429342,0.981984897518878,0.9970873786407767,-0.0031283710895360084,-0.005987055016181233,-0.00048543689320388445,-0.20714285714284694,research/results/p4_information_study/20260926T212553Z,PRELIMINARY
3-2-3,8,3,64,256,awqpe_eps_safe,fisher_phi,0.04445391929989374,0.4659835791584841,0.45487261934207274,0.9752427184466019,0.981984897518878,0.9970873786407767,-0.006742179072276033,-0.009225997842502696,-0.004178802588996764,-0.44642857142855963,research/results/p4_information_study/20260926T212553Z,PRELIMINARY
3-2-3,8,3,64,256,awqpe_eps_safe,c1,0.11313608136342922,0.7755222913968162,0.8716794459559732,0.9908576051779935,0.981984897518878,0.9970873786407767,0.00887270765911552,0.004800431499460626,0.013311084142394819,0.5875000000000017,research/results/p4_information_study/20260926T212553Z,PRELIMINARY
3-2-3,8,3,64,256,awqpe_eps_safe,margin,0.11176448371272181,0.77900263234864,0.8906134058867178,0.991504854368932,0.981984897518878,0.9970873786407767,0.009519956850054023,0.004933926645091694,0.014216558791801504,0.6303571428571437,research/results/p4_information_study/20260926T212553Z,PRELIMINARY
3-2-3,8,3,64,256,awqpe_eps_safe,p_chunk_correct,0.11427506944036185,0.7705594785442694,0.8752906257729409,0.9909385113268608,0.981984897518878,0.9970873786407767,0.008953613807982874,0.004661542610571738,0.013566612729234087,0.5928571428571472,research/results/p4_information_study/20260926T212553Z,PRELIMINARY
3-2-3,8,3,64,256,awqpe_eps_safe,legacy_cw,0.11438698107667443,0.7794482513684035,0.8922334899826861,0.9914239482200647,0.981984897518878,0.9970873786407767,0.00943905070118678,0.0048489751887810136,0.014080366774541527,0.6250000000000056,research/results/p4_information_study/20260926T212553Z,PRELIMINARY
3-2-3,8,3,64,256,likelihood,ratio,0.07898904960026623,,,1.0,1.0,1.0,0.0,0.0,0.0,,research/results/p4_information_study/20260926T212553Z,PRELIMINARY
3-2-3,8,3,64,256,likelihood,entropy,0.09420718521506376,,,1.0,1.0,1.0,0.0,0.0,0.0,,research/results/p4_information_study/20260926T212553Z,PRELIMINARY
3-2-3,8,3,64,256,likelihood,local_post_sd,-0.03636248523184727,,,1.0,1.0,1.0,0.0,0.0,0.0,,research/results/p4_information_study/20260926T212553Z,PRELIMINARY
3-2-3,8,3,64,256,likelihood,chunk_risk,0.06362050599201381,,,1.0,1.0,1.0,0.0,0.0,0.0,,research/results/p4_information_study/20260926T212553Z,PRELIMINARY
3-2-3,8,3,64,256,likelihood,boundary_risk,0.0789472605118489,,,1.0,1.0,1.0,0.0,0.0,0.0,,research/results/p4_information_study/20260926T212553Z,PRELIMINARY
3-2-3,8,3,64,256,likelihood,eig_phi,0.19910532649967497,,,1.0,1.0,1.0,0.0,0.0,0.0,,research/results/p4_information_study/20260926T212553Z,PRELIMINARY
3-2-3,8,3,64,256,likelihood,eig_cell,0.10478469486045448,,,1.0,1.0,1.0,0.0,0.0,0.0,,research/results/p4_information_study/20260926T212553Z,PRELIMINARY
3-2-3,8,3,64,256,likelihood,fisher_phi,0.1321429036092154,,,1.0,1.0,1.0,0.0,0.0,0.0,,research/results/p4_information_study/20260926T212553Z,PRELIMINARY
3-2-3,8,3,64,256,likelihood,c1,0.0834826212294248,,,1.0,1.0,1.0,0.0,0.0,0.0,,research/results/p4_information_study/20260926T212553Z,PRELIMINARY
3-2-3,8,3,64,256,likelihood,margin,0.0800476812476648,,,1.0,1.0,1.0,0.0,0.0,0.0,,research/results/p4_information_study/20260926T212553Z,PRELIMINARY
3-2-3,8,3,64,256,likelihood,p_chunk_correct,0.06362050599192069,,,1.0,1.0,1.0,0.0,0.0,0.0,,research/results/p4_information_study/20260926T212553Z,PRELIMINARY
3-2-3,8,3,64,256,likelihood,legacy_cw,0.060636596551807205,,,1.0,1.0,1.0,0.0,0.0,0.0,,research/results/p4_information_study/20260926T212553Z,PRELIMINARY
3-3-3-3,12,4,4,4,awqpe,ratio,0.09836270794216583,0.840654846001662,0.8096460795559488,0.711057173678533,0.6911003236245955,0.8145631067961165,0.019956850053937547,0.012475391046386198,0.02687129180151025,0.16164263870685983,research/results/p4_information_study/20260926T212553Z,PRELIMINARY
3-3-3-3,12,4,4,4,awqpe,entropy,0.1265019671068904,0.8695277516121077,0.830290957399555,0.7320388349514563,0.6911003236245955,0.8145631067961165,0.04093851132686077,0.03319646709816613,0.04852009169363539,0.33158584534731267,research/results/p4_information_study/20260926T212553Z,PRELIMINARY
3-3-3-3,12,4,4,4,awqpe,local_post_sd,0.14282307826837592,0.8639613978722954,0.8224436056241449,0.744363538295577,0.6911003236245955,0.8145631067961165,0.053263214670981496,0.046000202265372166,0.06205535329018338,0.43141109654870985,research/results/p4_information_study/20260926T212553Z,PRELIMINARY
3-3-3-3,12,4,4,4,awqpe,chunk_risk,0.10612158481197667,0.8569081145291757,0.8251307137346962,0.716774541531823,0.6911003236245955,0.8145631067961165,0.02567421790722746,0.01803499190938512,0.03323523462783172,0.20795107033639015,research/results/p4_information_study/20260926T212553Z,PRELIMINARY
3-3-3-3,12,4,4,4,awqpe,boundary_risk,0.10015391092279209,0.8533801838242059,0.822314566355458,0.7153991370010786,0.6911003236245955,0.8145631067961165,0.024298813376483097,0.01637641585760518,0.03194916396979504,0.19681083442551184,research/results/p4_information_study/20260926T212553Z,PRELIMINARY
3-3-3-3,12,4,4,4,awqpe,eig_phi,0.17288897098052713,0.8748861570631155,0.8206642220243568,0.7587378640776699,0.6911003236245955,0.8145631067961165,0.06763754045307435,0.05982807443365696,0.07656654530744336,0.5478374836172994,research/results/p4_information_study/20260926T212553Z,PRELIMINARY
3-3-3-3,12,4,4,4,awqpe,eig_cell,0.1615004765493136,0.9106677377548803,0.8577695300894126,0.7567961165048543,0.6911003236245955,0.8145631067961165,0.06569579288025884,0.05773766181229774,0.07457625404530746,0.5321100917431187,research/results/p4_information_study/20260926T212553Z,PRELIMINARY
3-3-3-3,12,4,4,4,awqpe,fisher_phi,-0.032140863928550444,0.35673883724266814,0.36053009612605846,0.683495145631068,0.6911003236245955,0.8145631067961165,-0.0076051779935275565,-0.010843446601941746,-0.004307241100323624,-0.06159895150720878,research/results/p4_information_study/20260926T212553Z,PRELIMINARY
3-3-3-3,12,4,4,4,awqpe,c1,0.11547280555742001,0.8589377153720569,0.8231448516922724,0.7238942826321466,0.6911003236245955,0.8145631067961165,0.03279395900755111,0.025834681769147792,0.03972491909385113,0.26561817387505354,research/results/p4_information_study/20260926T212553Z,PRELIMINARY
3-3-3-3,12,4,4,4,awqpe,margin,0.09836270794216583,0.840654846001662,0.8096460795559488,0.711057173678533,0.6911003236245955,0.8145631067961165,0.019956850053937547,0.012475391046386198,0.02687129180151025,0.16164263870685983,research/results/p4_information_study/20260926T212553Z,PRELIMINARY
3-3-3-3,12,4,4,4,awqpe,p_chunk_correct,0.10609514744320145,0.8569016102321533,0.8251366465746358,0.716774541531823,0.6911003236245955,0.8145631067961165,0.02567421790722746,0.01803499190938512,0.03323523462783172,0.20795107033639015,research/results/p4_information_study/20260926T212553Z,PRELIMINARY
3-3-3-3,12,4,4,4,awqpe,legacy_cw,0.10336491989494873,0.848347679132006,0.8159987459849896,0.7150485436893204,0.6911003236245955,0.8145631067961165,0.023948220064724857,0.01627090075512406,0.030851200107874864,0.19397116644823015,research/results/p4_information_study/20260926T212553Z,PRELIMINARY
3-3-3-3,12,4,4,4,awqpe_eps_safe,ratio,0.1818900061435289,0.8049180627947091,0.7685673058638386,0.7586299892125136,0.7113673139158576,0.8538834951456311,0.047262675296655954,0.03951422599784251,0.05506573624595469,0.3316302393793173,research/results/p4_information_study/20260926T212553Z,PRELIMINARY
3-3-3-3,12,4,4,4,awqpe_eps_safe,entropy,0.2030356041401077,0.8371276823262751,0.7967133771482325,0.7763214670981661,0.7113673139158576,0.8538834951456311,0.06495415318230846,0.056106728694714135,0.07300026968716287,0.4557668653609608,research/results/p4_information_study/20260926T212553Z,PRELIMINARY
3-3-3-3,12,4,4,4,awqpe_eps_safe,local_post_sd,0.1947147961375201,0.8397222157366877,0.7966268887357214,0.7798139158576052,0.7113673139158576,0.8538834951456311,0.06844660194174756,0.06002393473570658,0.07639664239482201,0.48027249503264247,research/results/p4_information_study/20260926T212553Z,PRELIMINARY
3-3-3-3,12,4,4,4,awqpe_eps_safe,chunk_risk,0.19050350557247692,0.8181774797129886,0.7813951358007064,0.7646035598705502,0.7113673139158576,0.8538834951456311,0.05323624595469256,0.04429409385113269,0.06143102750809062,0.37354527391427755,research/results/p4_information_study/20260926T212553Z,PRELIMINARY
3-3-3-3,12,4,4,4,awqpe_eps_safe,boundary_risk,0.18276568599999732,0.8200104972267336,0.7852316455352332,0.7641990291262136,0.7113673139158576,0.8538834951456311,0.05283171521035601,0.044919430960086305,0.061100323624595464,0.3707067839909169,research/results/p4_information_study/20260926T212553Z,PRELIMINARY
3-3-3-3,12,4,4,4,awqpe_eps_safe,eig_phi,0.21448409597951223,0.8535784242766112,0.7936212742541875,0.7815533980582524,0.7113673139158576,0.8538834951456311,0.0701860841423948,0.06148058252427184,0.07763349514563106,0.4924780017030937,research/results/p4_information_study/20260926T212553Z,PRELIMINARY
3-3-3-3,12,4,4,4,awqpe_eps_safe,eig_cell,0.23152437659137495,0.8989557874367622,0.8428538396369635,0.8016181229773462,0.7113673139158576,0.8538834951456311,0.09025080906148863,0.08077467637540453,0.09898563915857604,0.6332671019017878,research/results/p4_information_study/20260926T212553Z,PRELIMINARY
3-3-3-3,12,4,4,4,awqpe_eps_safe,fisher_phi,-0.08585309563772615,0.35275956587803603,0.35382017865006055,0.683495145631068,0.7113673139158576,0.8538834951456311,-0.027872168284789667,-0.032241100323624594,-0.02348199838187702,-0.1955719557195573,research/results/p4_information_study/20260926T212553Z,PRELIMINARY
3-3-3-3,12,4,4,4,awqpe_eps_safe,c1,0.19545576125752137,0.8241020995387384,0.7853681696107895,0.7695388349514564,0.7113673139158576,0.8538834951456311,0.05817152103559875,0.04992381337648329,0.06581310679611649,0.40817485097927925,research/results/p4_information_study/20260926T212553Z,PRELIMINARY
3-3-3-3,12,4,4,4,awqpe_eps_safe,margin,0.1818900061435289,0.8049180627947091,0.7685673058638386,0.7586299892125136,0.7113673139158576,0.8538834951456311,0.047262675296655954,0.03951422599784251,0.05506573624595469,0.3316302393793173,research/results/p4_information_study/20260926T212553Z,PRELIMINARY
3-3-3-3,12,4,4,4,awqpe_eps_safe,p_chunk_correct,0.19047848909667286,0.8181595111505017,0.7813849644096076,0.7646035598705502,0.7113673139158576,0.8538834951456311,0.05323624595469256,0.04429409385113269,0.06143102750809062,0.37354527391427755,research/results/p4_information_study/20260926T212553Z,PRELIMINARY
3-3-3-3,12,4,4,4,awqpe_eps_safe,legacy_cw,0.18605000930763874,0.8110765167512017,0.7740229620733464,0.7622168284789644,0.7113673139158576,0.8538834951456311,0.050849514563106823,0.04283576051779936,0.05888147249190937,0.35679818336644914,research/results/p4_information_study/20260926T212553Z,PRELIMINARY
3-3-3-3,12,4,4,4,likelihood,ratio,0.09425196238810189,0.7363792486139605,0.711831679089566,0.8791666666666667,0.8368932038834952,0.9538834951456311,0.042273462783171456,0.03600053937432578,0.04766788025889966,0.3613416320885196,research/results/p4_information_study/20260926T212553Z,PRELIMINARY
3-3-3-3,12,4,4,4,likelihood,entropy,0.10883387187919333,0.7614527830666064,0.7318807073007576,0.8873112189859762,0.8368932038834952,0.9538834951456311,0.050418015102481006,0.043707861380798275,0.05652710355987053,0.43095896726602034,research/results/p4_information_study/20260926T212553Z,PRELIMINARY
3-3-3-3,12,4,4,4,likelihood,local_post_sd,0.11362156791339716,0.7746924875371349,0.741501826176482,0.8914104638619202,0.8368932038834952,0.9538834951456311,0.05451725997842505,0.047747437971952536,0.061118190399137004,0.465998155832181,research/results/p4_information_study/20260926T212553Z,PRELIMINARY
3-3-3-3,12,4,4,4,likelihood,chunk_risk,0.09442925680122854,0.7379898740356265,0.7123839939163207,0.881297195253506,0.8368932038834952,0.9538834951456311,0.04440399137001083,0.036218985976267534,0.05072882955771306,0.37955278930382713,research/results/p4_information_study/20260926T212553Z,PRELIMINARY
3-3-3-3,12,4,4,4,likelihood,boundary_risk,0.09239077857347165,0.7336166515989004,0.7080123764167047,0.8813241639697952,0.8368932038834952,0.9538834951456311,0.044430960086299987,0.037377292340884584,0.05049656148867313,0.3797833102812365,research/results/p4_information_study/20260926T212553Z,PRELIMINARY
3-3-3-3,12,4,4,4,likelihood,eig_phi,0.18762218869477332,0.8361542096582798,0.7828205668347727,0.8975728155339806,0.8368932038834952,0.9538834951456311,0.06067961165048541,0.053193770226537235,0.0675970873786408,0.5186721991701244,research/results/p4_information_study/20260926T212553Z,PRELIMINARY
3-3-3-3,12,4,4,4,likelihood,eig_cell,0.1642397770042347,0.8832378275258396,0.8388307677701019,0.9093851132686084,0.8368932038834952,0.9538834951456311,0.07249190938511318,0.06474413430420713,0.08030542071197413,0.6196403872752415,research/results/p4_information_study/20260926T212553Z,PRELIMINARY
3-3-3-3,12,4,4,4,likelihood,fisher_phi,0.01985152450046502,0.3235603032764074,0.3013776603259251,0.805663430420712,0.8368932038834952,0.9538834951456311,-0.031229773462783217,-0.03590311488673139,-0.026901294498381866,-0.26694329183955784,research/results/p4_information_study/20260926T212553Z,PRELIMINARY
3-3-3-3,12,4,4,4,likelihood,c1,0.10313073595582976,0.7514379974962577,0.7239145929565253,0.8845469255663431,0.8368932038834952,0.9538834951456311,0.04765372168284787,0.04124089805825242,0.05295644552319309,0.4073305670816043,research/results/p4_information_study/20260926T212553Z,PRELIMINARY
3-3-3-3,12,4,4,4,likelihood,margin,0.09425196238810189,0.7363792486139605,0.711831679089566,0.8791666666666667,0.8368932038834952,0.9538834951456311,0.042273462783171456,0.03600053937432578,0.04766788025889966,0.3613416320885196,research/results/p4_information_study/20260926T212553Z,PRELIMINARY
3-3-3-3,12,4,4,4,likelihood,p_chunk_correct,0.09442536917627944,0.7379827580053415,0.7124094414796195,0.881297195253506,0.8368932038834952,0.9538834951456311,0.04440399137001083,0.036218985976267534,0.05072882955771306,0.37955278930382713,research/results/p4_information_study/20260926T212553Z,PRELIMINARY
3-3-3-3,12,4,4,4,likelihood,legacy_cw,0.09646417309285005,0.7414232119259092,0.715948478612293,0.8814320388349515,0.8368932038834952,0.9538834951456311,0.044538834951456274,0.0380518473570658,0.05006641046386191,0.3807053941908711,research/results/p4_information_study/20260926T212553Z,PRELIMINARY
3-3-3-3,12,4,4,16,awqpe,ratio,0.14678982527338377,0.8240671459203263,0.8043706257447547,0.7476402373247032,0.7031553398058252,0.8694174757281553,0.044484897518877964,0.03507214131607335,0.053831243257820904,0.2675587996755872,research/results/p4_information_study/20260926T212553Z,PRELIMINARY
3-3-3-3,12,4,4,16,awqpe,entropy,0.17469940763053277,0.8547407946915142,0.8257218699564083,0.7679476806903991,0.7031553398058252,0.8694174757281553,0.06479234088457386,0.05513821467098166,0.0746760382955771,0.38969991889699906,research/results/p4_information_study/20260926T212553Z,PRELIMINARY
3-3-3-3,12,4,4,16,awqpe,local_post_sd,0.18119531593520713,0.8577208498564617,0.8270022705589997,0.7814994606256741,0.7031553398058252,0.8694174757281553,0.07834412081984887,0.0692819579288026,0.08923375134843582,0.4712084347120838,research/results/p4_information_study/20260926T212553Z,PRELIMINARY
3-3-3-3,12,4,4,16,awqpe,chunk_risk,0.15449419221496719,0.8379594118521976,0.817691835603421,0.7541801510248112,0.7031553398058252,0.8694174757281553,0.051024811218985944,0.04136596548004315,0.060999865156418545,0.3068937550689374,research/results/p4_information_study/20260926T212553Z,PRELIMINARY
3-3-3-3,12,4,4,16,awqpe,boundary_risk,0.1453729406609338,0.8320065931705386,0.8104201665422266,0.7496494066882415,0.7031553398058252,0.8694174757281553,0.04649406688241631,0.036437432578209285,0.05607065803667745,0.279643146796431,research/results/p4_information_study/20260926T212553Z,PRELIMINARY
3-3-3-3,12,4,4,16,awqpe,eig_phi,0.2162610945663862,0.8724162683791005,0.8298831866449462,0.794336569579288,0.7031553398058252,0.8694174757281553,0.09118122977346277,0.08113875404530743,0.10015271035598705,0.5484184914841849,research/results/p4_information_study/20260926T212553Z,PRELIMINARY
3-3-3-3,12,4,4,16,awqpe,eig_cell,0.2100890700047846,0.9107306660046357,0.8709638303769401,0.7990291262135922,0.7031553398058252,0.8694174757281553,0.095873786407767,0.08516484627831715,0.10653620550161812,0.5766423357664235,research/results/p4_information_study/20260926T212553Z,PRELIMINARY
3-3-3-3,12,4,4,16,awqpe,fisher_phi,-0.05162827092361867,0.34647766391901696,0.34333207714904146,0.6862459546925567,0.7031553398058252,0.8694174757281553,-0.01690938511326856,-0.021706108414239485,-0.011844660194174763,-0.10170316301703135,research/results/p4_information_study/20260926T212553Z,PRELIMINARY
3-3-3-3,12,4,4,16,awqpe,c1,0.1638341624591522,0.8424887522006264,0.8174269291973996,0.7596548004314994,0.7031553398058252,0.8694174757281553,0.056499460625674125,0.047476739482200644,0.06596952535059329,0.3398215733982152,research/results/p4_information_study/20260926T212553Z,PRELIMINARY
3-3-3-3,12,4,4,16,awqpe,margin,0.14678982527338377,0.8240671459203263,0.8043706257447547,0.7476402373247032,0.7031553398058252,0.8694174757281553,0.044484897518877964,0.03507214131607335,0.053831243257820904,0.2675587996755872,research/results/p4_information_study/20260926T212553Z,PRELIMINARY
3-3-3-3,12,4,4,16,awqpe,p_chunk_correct,0.1544788865026151,0.8379720253669185,0.8177097474244687,0.7541801510248112,0.7031553398058252,0.8694174757281553,0.051024811218985944,0.04136596548004315,0.060999865156418545,0.3068937550689374,research/results/p4_information_study/20260926T212553Z,PRELIMINARY
3-3-3-3,12,4,4,16,awqpe,legacy_cw,0.1514547622758275,0.8302367097097385,0.8091319884383908,0.7511192017259978,0.7031553398058252,0.8694174757281553,0.047963861920172546,0.03890540722761596,0.05748078478964399,0.28848337388483347,research/results/p4_information_study/20260926T212553Z,PRELIMINARY
3-3-3-3,12,4,4,16,awqpe_eps_safe,ratio,0.24571487972754538,0.8071923691007586,0.7918598952344745,0.8166127292340883,0.7317556634304208,0.9255663430420712,0.08485706580366759,0.07592704962243796,0.09460861650485435,0.4378348291936262,research/results/p4_information_study/20260926T212553Z,PRELIMINARY
3-3-3-3,12,4,4,16,awqpe_eps_safe,entropy,0.2691850857783696,0.8386144412223899,0.8163828751869985,0.8364617044228696,0.7317556634304208,0.9255663430420712,0.10470604099244885,0.09496460355987055,0.11487425836030203,0.5402490781326104,research/results/p4_information_study/20260926T212553Z,PRELIMINARY
3-3-3-3,12,4,4,16,awqpe_eps_safe,local_post_sd,0.25366300989785084,0.8461061683353241,0.8218214311103693,0.8419093851132686,0.7317556634304208,0.9255663430420712,0.11015372168284787,0.09931701725997842,0.12015237324703344,0.5683573366729284,research/results/p4_information_study/20260926T212553Z,PRELIMINARY
3-3-3-3,12,4,4,16,awqpe_eps_safe,chunk_risk,0.2532705765429245,0.8190428746096861,0.8034408594049429,0.8252157497303128,0.7317556634304208,0.9255663430420712,0.093460086299892,0.08307645631067961,0.10423779665587916,0.4822236137201692,research/results/p4_information_study/20260926T212553Z,PRELIMINARY
3-3-3-3,12,4,4,16,awqpe_eps_safe,boundary_risk,0.2410994752171821,0.8155696564102295,0.7990563433447078,0.8200107874865156,0.7317556634304208,0.9255663430420712,0.08825512405609481,0.07806937702265372,0.09810713322545847,0.4553677033326371,research/results/p4_information_study/20260926T212553Z,PRELIMINARY
3-3-3-3,12,4,4,16,awqpe_eps_safe,eig_phi,0.27975049728459567,0.8603997787129595,0.819406967471533,0.8357605177993528,0.7317556634304208,0.9255663430420712,0.10400485436893203,0.09428094660194175,0.1123806634304207,0.5366311834690045,research/results/p4_information_study/20260926T212553Z,PRELIMINARY
3-3-3-3,12,4,4,16,awqpe_eps_safe,eig_cell,0.30557023635875674,0.9071539925971331,0.8721490938299766,0.8715210355987055,0.7317556634304208,0.9255663430420712,0.13976537216828477,0.12728964401294499,0.1511630258899676,0.7211438113128784,research/results/p4_information_study/20260926T212553Z,PRELIMINARY
3-3-3-3,12,4,4,16,awqpe_eps_safe,fisher_phi,-0.11508040700037789,0.3414756928072216,0.3323465685001793,0.6862459546925567,0.7317556634304208,0.9255663430420712,-0.045509708737864085,-0.05212479773462784,-0.038873381877022654,-0.2348152786474641,research/results/p4_information_study/20260926T212553Z,PRELIMINARY
3-3-3-3,12,4,4,16,awqpe_eps_safe,c1,0.26076353682272424,0.825730206848918,0.8064402729096349,0.8286542610571738,0.7317556634304208,0.9255663430420712,0.09689859762675301,0.08776260787486515,0.10683454692556632,0.4999652125513119,research/results/p4_information_study/20260926T212553Z,PRELIMINARY
3-3-3-3,12,4,4,16,awqpe_eps_safe,margin,0.24571487972754538,0.8071923691007586,0.7918598952344745,0.8166127292340883,0.7317556634304208,0.9255663430420712,0.08485706580366759,0.07592704962243796,0.09460861650485435,0.4378348291936262,research/results/p4_information_study/20260926T212553Z,PRELIMINARY
3-3-3-3,12,4,4,16,awqpe_eps_safe,p_chunk_correct,0.2532610630079999,0.8190538167157397,0.8034576660886713,0.8252157497303128,0.7317556634304208,0.9255663430420712,0.093460086299892,0.08307645631067961,0.10423779665587916,0.4822236137201692,research/results/p4_information_study/20260926T212553Z,PRELIMINARY
3-3-3-3,12,4,4,16,awqpe_eps_safe,legacy_cw,0.24993201176511148,0.812845972475446,0.7964976706322713,0.8206580366774541,0.7317556634304208,0.9255663430420712,0.08890237324703332,0.07994875943905069,0.09887843851132684,0.4587072984067343,research/results/p4_information_study/20260926T212553Z,PRELIMINARY
3-3-3-3,12,4,4,16,likelihood,ratio,0.1183012579003849,0.7166971515716344,0.7070562523287773,0.9084142394822007,0.8546116504854369,0.9865695792880259,0.05380258899676382,0.04720165857605178,0.05971783980582523,0.4077253218884124,research/results/p4_information_study/20260926T212553Z,PRELIMINARY
3-3-3-3,12,4,4,16,likelihood,entropy,0.1333936352534474,0.7360770651529273,0.7237343522104368,0.91957928802589,0.8546116504854369,0.9865695792880259,0.0649676375404531,0.05819714131607335,0.07159553667745415,0.4923359901900674,research/results/p4_information_study/20260926T212553Z,PRELIMINARY
3-3-3-3,12,4,4,16,likelihood,local_post_sd,0.13388207262734672,0.7511499923748199,0.7366495122891118,0.9257686084142395,0.8546116504854369,0.9865695792880259,0.07115695792880261,0.06406856796116504,0.07876820388349515,0.5392397302268547,research/results/p4_information_study/20260926T212553Z,PRELIMINARY
3-3-3-3,12,4,4,16,likelihood,chunk_risk,0.1187541036886741,0.7186287825129204,0.7097961243678708,0.9089131607335492,0.8546116504854369,0.9865695792880259,0.05430151024811236,0.04683623247033442,0.060835693096008635,0.41150623339464654,research/results/p4_information_study/20260926T212553Z,PRELIMINARY
3-3-3-3,12,4,4,16,likelihood,boundary_risk,0.11588852223533772,0.7150440938744387,0.7049041659720191,0.9062702265372168,0.8546116504854369,0.9865695792880259,0.051658576051779925,0.04410902103559871,0.05809836839266451,0.39147762109135475,research/results/p4_information_study/20260926T212553Z,PRELIMINARY
3-3-3-3,12,4,4,16,likelihood,eig_phi,0.24673214089496426,0.805865112259595,0.7679408096538242,0.9312297734627831,0.8546116504854369,0.9865695792880259,0.07661812297734627,0.06802588996763755,0.08363774271844661,0.5806253832004902,research/results/p4_information_study/20260926T212553Z,PRELIMINARY
3-3-3-3,12,4,4,16,likelihood,eig_cell,0.21340308929319426,0.8620645463017876,0.8408592129393019,0.948705501618123,0.8546116504854369,0.9865695792880259,0.09409385113268609,0.08470064724919095,0.10316039644012943,0.7130594727161248,research/results/p4_information_study/20260926T212553Z,PRELIMINARY
3-3-3-3,12,4,4,16,likelihood,fisher_phi,0.03918132713819943,0.3080595916292468,0.2607258588348689,0.8072815533980583,0.8546116504854369,0.9865695792880259,-0.047330097087378564,-0.053951254045307435,-0.0407301779935275,-0.35867565910484295,research/results/p4_information_study/20260926T212553Z,PRELIMINARY
3-3-3-3,12,4,4,16,likelihood,c1,0.12747874793245673,0.7281819062950098,0.7170194565077769,0.9150215749730313,0.8546116504854369,0.9865695792880259,0.06040992448759441,0.053667071197411,0.06641821736785329,0.45779685264663805,research/results/p4_information_study/20260926T212553Z,PRELIMINARY
3-3-3-3,12,4,4,16,likelihood,margin,0.1183012579003849,0.7166971515716344,0.7070562523287773,0.9084142394822007,0.8546116504854369,0.9865695792880259,0.05380258899676382,0.04720165857605178,0.05971783980582523,0.4077253218884124,research/results/p4_information_study/20260926T212553Z,PRELIMINARY
3-3-3-3,12,4,4,16,likelihood,p_chunk_correct,0.11874439981438709,0.7186428670676946,0.7098068743230034,0.9089131607335492,0.8546116504854369,0.9865695792880259,0.05430151024811236,0.04683623247033442,0.060835693096008635,0.41150623339464654,research/results/p4_information_study/20260926T212553Z,PRELIMINARY
3-3-3-3,12,4,4,16,likelihood,legacy_cw,0.12038570227012248,0.7202867474370923,0.710304560805117,0.9101132686084142,0.8546116504854369,0.9865695792880259,0.05550161812297738,0.04893338727076591,0.06113875404530744,0.4206008583690988,research/results/p4_information_study/20260926T212553Z,PRELIMINARY
3-3-3-3,12,4,16,16,awqpe,ratio,0.09914196841899808,0.9078078225968942,0.8803705199764983,0.8362998921251348,0.811448220064725,0.8867313915857605,0.024851672060409835,0.018432443365695796,0.03190938511326861,0.3301092602543424,research/results/p4_information_study/20260926T212553Z,PRELIMINARY
3-3-3-3,12,4,16,16,awqpe,entropy,0.08679858202521384,0.8328192312628029,0.7851512517952736,0.8272923408845738,0.811448220064725,0.8867313915857605,0.015844120819848873,0.010052251887810143,0.022091423948220064,0.21046032598960998,research/results/p4_information_study/20260926T212553Z,PRELIMINARY
3-3-3-3,12,4,16,16,awqpe,local_post_sd,-0.08381318210451691,0.15449514929311248,0.18542584704269488,0.8008090614886731,0.811448220064725,0.8867313915857605,-0.0106391585760518,-0.013915857605177991,-0.007339199029126212,-0.1413218699623861,research/results/p4_information_study/20260926T212553Z,PRELIMINARY
3-3-3-3,12,4,16,16,awqpe,chunk_risk,0.09779738826088277,0.9039671799217075,0.8772938699569134,0.8351941747572815,0.811448220064725,0.8867313915857605,0.02374595469255658,0.01715008090614887,0.03153620550161813,0.31542181622783383,research/results/p4_information_study/20260926T212553Z,PRELIMINARY
3-3-3-3,12,4,16,16,awqpe,boundary_risk,0.10042559446827075,0.9100104372052636,0.8799272098185141,0.8367313915857605,0.811448220064725,0.8867313915857605,0.02528317152103554,0.018608414239482205,0.032214805825242714,0.33584094572810247,research/results/p4_information_study/20260926T212553Z,PRELIMINARY
3-3-3-3,12,4,16,16,awqpe,eig_phi,0.025019285633993506,0.5097191414326766,0.43129426981329155,0.8025889967637541,0.811448220064725,0.8867313915857605,-0.008859223300970887,-0.012176375404530745,-0.005314522653721681,-0.11767866738312754,research/results/p4_information_study/20260926T212553Z,PRELIMINARY
3-3-3-3,12,4,16,16,awqpe,eig_cell,0.08336112577824493,0.7353887371731215,0.6160069036427732,0.8249190938511327,0.811448220064725,0.8867313915857605,0.013470873786407767,0.007965210355987056,0.01962176375404531,0.17893605588393338,research/results/p4_information_study/20260926T212553Z,PRELIMINARY
3-3-3-3,12,4,16,16,awqpe,fisher_phi,-0.028048004953443614,0.32959620818521557,0.3219716999608304,0.7990291262135922,0.811448220064725,0.8867313915857605,-0.012419093851132712,-0.0159789644012945,-0.00873584142394822,-0.16496507254164466,research/results/p4_information_study/20260926T212553Z,PRELIMINARY
3-3-3-3,12,4,16,16,awqpe,c1,0.09851893805430653,0.8947651763740772,0.8580405813422117,0.8357874865156417,0.811448220064725,0.8867313915857605,0.024339266450916774,0.018047802049622436,0.0313646170442287,0.32330288375425187,research/results/p4_information_study/20260926T212553Z,PRELIMINARY
3-3-3-3,12,4,16,16,awqpe,margin,0.09957954563056982,0.9076701615263206,0.8795695831701267,0.8362459546925566,0.811448220064725,0.8867313915857605,0.024797734627831636,0.018497842502696874,0.03193803937432579,0.3293927995701226,research/results/p4_information_study/20260926T212553Z,PRELIMINARY
3-3-3-3,12,4,16,16,awqpe,p_chunk_correct,0.09779746565087667,0.9039672548800906,0.8772938699569134,0.8351941747572815,0.811448220064725,0.8867313915857605,0.02374595469255658,0.01715008090614887,0.03153620550161813,0.31542181622783383,research/results/p4_information_study/20260926T212553Z,PRELIMINARY
3-3-3-3,12,4,16,16,awqpe,legacy_cw,0.09932670132653283,0.9082598591262131,0.8806800006528267,0.8362998921251348,0.811448220064725,0.8867313915857605,0.024851672060409835,0.018432443365695796,0.03190938511326861,0.3301092602543424,research/results/p4_information_study/20260926T212553Z,PRELIMINARY
3-3-3-3,12,4,16,16,awqpe_eps_safe,ratio,0.08769868916761196,0.7838636397499726,0.7956966490299824,0.9436893203883495,0.9340210355987055,0.9763754045307443,0.009668284789643988,0.00497370550161813,0.014405339805825252,0.22827125119388686,research/results/p4_information_study/20260926T212553Z,PRELIMINARY
3-3-3-3,12,4,16,16,awqpe_eps_safe,entropy,0.09615755388477867,0.8233932665597077,0.8030220696887364,0.9474110032362459,0.9340210355987055,0.9763754045307443,0.013389967637540412,0.008450647249190948,0.01769923139158577,0.3161413562559687,research/results/p4_information_study/20260926T212553Z,PRELIMINARY
3-3-3-3,12,4,16,16,awqpe_eps_safe,local_post_sd,-0.039339720256437796,0.3753372021301656,0.35854044520711187,0.9312297734627831,0.9340210355987055,0.9763754045307443,-0.002791262135922401,-0.005465210355987045,-0.00030238673139157515,-0.06590257879656332,research/results/p4_information_study/20260926T212553Z,PRELIMINARY
3-3-3-3,12,4,16,16,awqpe_eps_safe,chunk_risk,0.08781401215932741,0.7877137193781307,0.7948510415177081,0.944336569579288,0.9340210355987055,0.9763754045307443,0.010315533980582492,0.005339805825242726,0.01528418284789644,0.2435530085959879,research/results/p4_information_study/20260926T212553Z,PRELIMINARY
3-3-3-3,12,4,16,16,awqpe_eps_safe,boundary_risk,0.0904809523831621,0.7959447330218643,0.8015024548357882,0.9449838187702265,0.9340210355987055,0.9763754045307443,0.010962783171520996,0.005763551779935286,0.01598098705501619,0.25883476599808897,research/results/p4_information_study/20260926T212553Z,PRELIMINARY
3-3-3-3,12,4,16,16,awqpe_eps_safe,eig_phi,0.06695031400945421,0.6684182029242922,0.5740006673340007,0.933009708737864,0.9340210355987055,0.9763754045307443,-0.0010113268608414883,-0.004209142394821996,0.0020266990291262234,-0.023877745940784723,research/results/p4_information_study/20260926T212553Z,PRELIMINARY
3-3-3-3,12,4,16,16,awqpe_eps_safe,eig_cell,0.11121220075550722,0.8351235969639217,0.7125582725582725,0.9533980582524272,0.9340210355987055,0.9763754045307443,0.019377022653721654,0.01492111650485438,0.02441444174757283,0.4574976122254055,research/results/p4_information_study/20260926T212553Z,PRELIMINARY
3-3-3-3,12,4,16,16,awqpe_eps_safe,fisher_phi,-0.008253641591745006,0.38713889187502176,0.37404738071404736,0.9242718446601942,0.9340210355987055,0.9763754045307443,-0.009749190938511343,-0.01252123786407766,-0.0070368122977346225,-0.23018147086915047,research/results/p4_information_study/20260926T212553Z,PRELIMINARY
3-3-3-3,12,4,16,16,awqpe_eps_safe,c1,0.09489312003975098,0.8098719952576515,0.8044739978073311,0.9461974110032363,0.9340210355987055,0.9763754045307443,0.01217637540453076,0.007077939590075521,0.017042543149946063,0.2874880611270301,research/results/p4_information_study/20260926T212553Z,PRELIMINARY
3-3-3-3,12,4,16,16,awqpe_eps_safe,margin,0.0896695904075389,0.7902136975208693,0.797992277992278,0.9441477885652644,0.9340210355987055,0.9763754045307443,0.01012675296655885,0.005219457928802596,0.015030002696871637,0.23909582935371052,research/results/p4_information_study/20260926T212553Z,PRELIMINARY
3-3-3-3,12,4,16,16,awqpe_eps_safe,p_chunk_correct,0.08781398043887698,0.7877137193781307,0.7948510415177081,0.944336569579288,0.9340210355987055,0.9763754045307443,0.010315533980582492,0.005339805825242726,0.01528418284789644,0.2435530085959879,research/results/p4_information_study/20260926T212553Z,PRELIMINARY
3-3-3-3,12,4,16,16,awqpe_eps_safe,legacy_cw,0.088700764885067,0.7872573028188725,0.7979312645979313,0.9440938511326861,0.9340210355987055,0.9763754045307443,0.01007281553398054,0.005133495145631073,0.01467131877022654,0.23782234957019968,research/results/p4_information_study/20260926T212553Z,PRELIMINARY
3-3-3-3,12,4,16,16,likelihood,ratio,0.03453156879383577,0.733893504446696,0.8065497076023391,0.9977346278317152,0.9959142394822007,0.9996763754045307,0.001820388349514479,0.000545105177993529,0.003076456310679615,0.4838709677419269,research/results/p4_information_study/20260926T212553Z,PRELIMINARY
3-3-3-3,12,4,16,16,likelihood,entropy,0.04227667702790897,0.8416251266464032,0.892280701754386,0.998705501618123,0.9959142394822007,0.9996763754045307,0.00279126213592229,0.0014967637540453094,0.0041262135922330145,0.7419354838709782,research/results/p4_information_study/20260926T212553Z,PRELIMINARY
3-3-3-3,12,4,16,16,likelihood,local_post_sd,0.025121279352284916,0.7465230215017449,0.7154385964912281,0.9978964401294499,0.9959142394822007,0.9996763754045307,0.001982200647249188,0.0009304207119741126,0.00311488673139159,0.5268817204301218,research/results/p4_information_study/20260926T212553Z,PRELIMINARY
3-3-3-3,12,4,16,16,likelihood,chunk_risk,0.03571386664016372,0.7467855454238433,0.8167251461988304,0.9980582524271845,0.9959142394822007,0.9996763754045307,0.0021440129449837864,0.0007878236245954716,0.003419296116504859,0.5698924731182872,research/results/p4_information_study/20260926T212553Z,PRELIMINARY
3-3-3-3,12,4,16,16,likelihood,boundary_risk,0.035187189400641694,0.7573018124507486,0.8269005847953217,0.9978964401294499,0.9959142394822007,0.9996763754045307,0.001982200647249188,0.0005663430420712002,0.003238268608414244,0.5268817204301218,research/results/p4_information_study/20260926T212553Z,PRELIMINARY
3-3-3-3,12,4,16,16,likelihood,eig_phi,0.1317014220021,0.9377822807610041,0.9052631578947369,0.9991909385113269,0.9959142394822007,0.9996763754045307,0.0032766990291261955,0.0020631067961165072,0.004368932038834954,0.8709677419355039,research/results/p4_information_study/20260926T212553Z,PRELIMINARY
3-3-3-3,12,4,16,16,likelihood,eig_cell,0.1103895173465665,0.9897926376224249,0.9815204678362573,0.9996763754045307,0.9959142394822007,0.9996763754045307,0.00376213592232999,0.0025060679611650506,0.005077872168284794,1.0,research/results/p4_information_study/20260926T212553Z,PRELIMINARY
3-3-3-3,12,4,16,16,likelihood,fisher_phi,0.08997034843559198,0.2925300011257458,0.20701754385964913,0.9944983818770227,0.9959142394822007,0.9996763754045307,-0.0014158576051780392,-0.0020631067961164977,-0.0007686084142394802,-0.37634408602152825,research/results/p4_information_study/20260926T212553Z,PRELIMINARY
3-3-3-3,12,4,16,16,likelihood,c1,0.03828264481918247,0.8071962174940899,0.8630409356725146,0.9982200647249191,0.9959142394822007,0.9996763754045307,0.0023058252427183845,0.0009476132686084158,0.003581108414239485,0.6129032258064525,research/results/p4_information_study/20260926T212553Z,PRELIMINARY
3-3-3-3,12,4,16,16,likelihood,margin,0.03549373519918791,0.7562562197455814,0.8230409356725146,0.9978964401294499,0.9959142394822007,0.9996763754045307,0.001982200647249188,0.0006472491909385131,0.0032382686084142425,0.5268817204301218,research/results/p4_information_study/20260926T212553Z,PRELIMINARY
3-3-3-3,12,4,16,16,likelihood,p_chunk_correct,0.035713887314548706,0.7467855454238433,0.8167251461988304,0.9980582524271845,0.9959142394822007,0.9996763754045307,0.0021440129449837864,0.0007878236245954716,0.003419296116504859,0.5698924731182872,research/results/p4_information_study/20260926T212553Z,PRELIMINARY
3-3-3-3,12,4,16,16,likelihood,legacy_cw,0.035158579477607955,0.7449789485534166,0.8138011695906433,0.9978155339805825,0.9959142394822007,0.9996763754045307,0.0019012944983818336,0.0006047734627831735,0.0031957928802589046,0.5053763440860244,research/results/p4_information_study/20260926T212553Z,PRELIMINARY
3-3-3-3,12,4,16,64,awqpe,ratio,0.1458750940139846,0.8905110404297929,0.8654526551461854,0.8614617044228694,0.8254449838187702,0.9257281553398058,0.03601672060409922,0.02727717098166128,0.04544430960086301,0.3591501949710902,research/results/p4_information_study/20260926T212553Z,PRELIMINARY
3-3-3-3,12,4,16,64,awqpe,entropy,0.1228844883089514,0.8379464674086725,0.8080853929189156,0.8542071197411003,0.8254449838187702,0.9257281553398058,0.028762135922330123,0.021559466019417477,0.0378661003236246,0.2868091972569587,research/results/p4_information_study/20260926T212553Z,PRELIMINARY
3-3-3-3,12,4,16,64,awqpe,local_post_sd,-0.12734696099542323,0.17259126974263558,0.19687070196094775,0.8071197411003236,0.8254449838187702,0.9257281553398058,-0.0183252427184466,-0.02292172330097087,-0.014054409385113271,-0.18273497377974984,research/results/p4_information_study/20260926T212553Z,PRELIMINARY
3-3-3-3,12,4,16,64,awqpe,chunk_risk,0.1420007368347518,0.888573256141167,0.8635628203992748,0.8585760517799352,0.8254449838187702,0.9257281553398058,0.03313106796116505,0.024225323624595473,0.042820590614886744,0.33037515127067363,research/results/p4_information_study/20260926T212553Z,PRELIMINARY
3-3-3-3,12,4,16,64,awqpe,boundary_risk,0.14510725566995553,0.8952707943481379,0.8686514381499156,0.8628640776699029,0.8254449838187702,0.9257281553398058,0.037419093851132734,0.028451658576051784,0.04791059870550161,0.3731343283582094,research/results/p4_information_study/20260926T212553Z,PRELIMINARY
3-3-3-3,12,4,16,64,awqpe,eig_phi,0.03629975244753104,0.5333249629825583,0.46275618917623523,0.8110032362459547,0.8254449838187702,0.9257281553398058,-0.014441747572815467,-0.017982402912621355,-0.010092030744336565,-0.14400968132311348,research/results/p4_information_study/20260926T212553Z,PRELIMINARY
3-3-3-3,12,4,16,64,awqpe,eig_cell,0.11963983136444875,0.7542177524376473,0.6568417943922312,0.8425566343042071,0.8254449838187702,0.9257281553398058,0.017111650485436947,0.010168891585760521,0.023709546925566344,0.17063331988705174,research/results/p4_information_study/20260926T212553Z,PRELIMINARY
3-3-3-3,12,4,16,64,awqpe,fisher_phi,-0.051410682893426665,0.32143983422932704,0.2991147016379436,0.8061488673139159,0.8254449838187702,0.9257281553398058,-0.0192961165048543,-0.023464805825242713,-0.014350728155339809,-0.19241629689390813,research/results/p4_information_study/20260926T212553Z,PRELIMINARY
3-3-3-3,12,4,16,64,awqpe,c1,0.14175184608442032,0.8851099726497031,0.8573173138037385,0.8603829557713053,0.8254449838187702,0.9257281553398058,0.03493797195253512,0.02607975997842503,0.04406688241639697,0.34839316928869224,research/results/p4_information_study/20260926T212553Z,PRELIMINARY
3-3-3-3,12,4,16,64,awqpe,margin,0.1454705838515837,0.8913922297549215,0.8661230841165316,0.8606526429341964,0.8254449838187702,0.9257281553398058,0.035207659115426226,0.026583400755124057,0.044579625134843565,0.35108242570929254,research/results/p4_information_study/20260926T212553Z,PRELIMINARY
3-3-3-3,12,4,16,64,awqpe,p_chunk_correct,0.14200071213070473,0.8885731729185012,0.8635626575947652,0.8585760517799352,0.8254449838187702,0.9257281553398058,0.03313106796116505,0.024225323624595473,0.042820590614886744,0.33037515127067363,research/results/p4_information_study/20260926T212553Z,PRELIMINARY
3-3-3-3,12,4,16,64,awqpe,legacy_cw,0.1458087118520743,0.8910727379413687,0.866078312876404,0.8613807982740022,0.8254449838187702,0.9257281553398058,0.035935814455231974,0.027193905070118665,0.0452905879180151,0.358343418044911,research/results/p4_information_study/20260926T212553Z,PRELIMINARY
3-3-3-3,12,4,16,64,awqpe_eps_safe,ratio,0.12082316513306275,0.7720890596421051,0.7916584859619107,0.9562297734627832,0.9413025889967638,0.9914239482200647,0.014927184466019372,0.008271642394822013,0.020635113268608417,0.29782082324455117,research/results/p4_information_study/20260926T212553Z,PRELIMINARY
3-3-3-3,12,4,16,64,awqpe_eps_safe,entropy,0.12572219823880626,0.8197873013572126,0.8186662062098561,0.9627831715210357,0.9413025889967638,0.9914239482200647,0.021480582524271874,0.015791868932038843,0.02684162621359224,0.4285714285714292,research/results/p4_information_study/20260926T212553Z,PRELIMINARY
3-3-3-3,12,4,16,64,awqpe_eps_safe,local_post_sd,-0.06183230302021787,0.40712156889730755,0.3990188413317252,0.9409385113268608,0.9413025889967638,0.9914239482200647,-0.0003640776699029846,-0.002691140776699017,0.0022249190938511444,-0.007263922518161244,research/results/p4_information_study/20260926T212553Z,PRELIMINARY
3-3-3-3,12,4,16,64,awqpe_eps_safe,chunk_risk,0.11949343877243508,0.7740492244034405,0.7895557526715844,0.9571197411003236,0.9413025889967638,0.9914239482200647,0.01581715210355983,0.008797532362459556,0.021616100323624588,0.3155770782889419,research/results/p4_information_study/20260926T212553Z,PRELIMINARY
3-3-3-3,12,4,16,64,awqpe_eps_safe,boundary_risk,0.12232850269486313,0.7846884319333397,0.8000010518048972,0.9567961165048544,0.9413025889967638,0.9914239482200647,0.015493527508090632,0.008510315533980592,0.021344053398058255,0.30912025827280104,research/results/p4_information_study/20260926T212553Z,PRELIMINARY
3-3-3-3,12,4,16,64,awqpe_eps_safe,eig_phi,0.09929913022563636,0.6632583321253659,0.5877029983451603,0.9377022653721683,0.9413025889967638,0.9914239482200647,-0.003600323624595503,-0.005850525889967625,-0.0011923543689320287,-0.07183212267958099,research/results/p4_information_study/20260926T212553Z,PRELIMINARY
3-3-3-3,12,4,16,64,awqpe_eps_safe,eig_cell,0.1525422824000636,0.8319086442695923,0.7322455333352033,0.963915857605178,0.9413025889967638,0.9914239482200647,0.022613268608414172,0.01668588187702266,0.028444579288025892,0.45117029862792446,research/results/p4_information_study/20260926T212553Z,PRELIMINARY
3-3-3-3,12,4,16,64,awqpe_eps_safe,fisher_phi,0.009299842077033351,0.40250633572158007,0.3753751437466693,0.9275080906148867,0.9413025889967638,0.9914239482200647,-0.013794498381877074,-0.017073220064724906,-0.010534991909385104,-0.2752219531880559,research/results/p4_information_study/20260926T212553Z,PRELIMINARY
3-3-3-3,12,4,16,64,awqpe_eps_safe,c1,0.12606587286284543,0.7981249664076459,0.80841899699885,0.9593581445523194,0.9413025889967638,0.9914239482200647,0.018055555555555602,0.011791059870550165,0.02388518069039913,0.3602367500672595,research/results/p4_information_study/20260926T212553Z,PRELIMINARY
3-3-3-3,12,4,16,64,awqpe_eps_safe,margin,0.1222475295994063,0.7782017992472056,0.7948989215493787,0.9565938511326861,0.9413025889967638,0.9914239482200647,0.015291262135922357,0.008658980582524277,0.021097626752966555,0.30508474576271244,research/results/p4_information_study/20260926T212553Z,PRELIMINARY
3-3-3-3,12,4,16,64,awqpe_eps_safe,p_chunk_correct,0.11949354283517288,0.7740492244034405,0.7895557526715844,0.9571197411003236,0.9413025889967638,0.9914239482200647,0.01581715210355983,0.008797532362459556,0.021616100323624588,0.3155770782889419,research/results/p4_information_study/20260926T212553Z,PRELIMINARY
3-3-3-3,12,4,16,64,awqpe_eps_safe,legacy_cw,0.12155461587741337,0.774952095267102,0.7933168316831684,0.9564724919093851,0.9413025889967638,0.9914239482200647,0.015169902912621325,0.008753033980582532,0.020798948220064725,0.3026634382566579,research/results/p4_information_study/20260926T212553Z,PRELIMINARY
3-3-3-3,12,4,16,64,likelihood,ratio,0.05198103030804428,0.7161034222214032,0.7755620723362658,0.9979773462783171,0.9960760517799353,1.0,0.0019012944983818336,0.0008899676375404582,0.00313612459546926,0.4845360824742189,research/results/p4_information_study/20260926T212553Z,PRELIMINARY
3-3-3-3,12,4,16,64,likelihood,entropy,0.06223225867115059,0.79961447026519,0.8197458455522971,0.9986245954692556,0.9960760517799353,1.0,0.0025485436893203373,0.001354166666666671,0.0038834951456310734,0.6494845360824655,research/results/p4_information_study/20260926T212553Z,PRELIMINARY
3-3-3-3,12,4,16,64,likelihood,local_post_sd,0.03562222414809842,0.739809815159501,0.7499511241446726,0.9983818770226537,0.9960760517799353,1.0,0.0023058252427183845,0.001173139158576057,0.003438511326860848,0.5876288659793695,research/results/p4_information_study/20260926T212553Z,PRELIMINARY
3-3-3-3,12,4,16,64,likelihood,chunk_risk,0.052848530962195786,0.7226080386266885,0.7691104594330401,0.9978964401294499,0.9960760517799353,1.0,0.00182038834951459,0.0007878236245954738,0.003155339805825249,0.4639175257732058,research/results/p4_information_study/20260926T212553Z,PRELIMINARY
3-3-3-3,12,4,16,64,likelihood,boundary_risk,0.05297115444910459,0.7259565449753976,0.7745845552297165,0.9980582524271845,0.9960760517799353,1.0,0.001982200647249188,0.000949635922330102,0.0032170307443365738,0.5051546391752604,research/results/p4_information_study/20260926T212553Z,PRELIMINARY
3-3-3-3,12,4,16,64,likelihood,eig_phi,0.2248910533733722,0.8899360521902585,0.8316715542521994,0.998705501618123,0.9960760517799353,1.0,0.002629449838187692,0.0015564320388349565,0.003847087378640779,0.6701030927835069,research/results/p4_information_study/20260926T212553Z,PRELIMINARY
3-3-3-3,12,4,16,64,likelihood,eig_cell,0.1972751962613675,0.9661448869395353,0.9448680351906158,0.9998381877022654,0.9960760517799353,1.0,0.003762135922330101,0.0024848300970873828,0.005322613268608417,0.9587628865979454,research/results/p4_information_study/20260926T212553Z,PRELIMINARY
3-3-3-3,12,4,16,64,likelihood,fisher_phi,0.16759221234817626,0.34582201500101356,0.24682306940371457,0.9938511326860842,0.9960760517799353,1.0,-0.002224919093851141,-0.0032170307443365616,-0.0013349514563106746,-0.5670103092783564,research/results/p4_information_study/20260926T212553Z,PRELIMINARY
3-3-3-3,12,4,16,64,likelihood,c1,0.05628429977560025,0.7694900761107937,0.8065493646138807,0.9983818770226537,0.9960760517799353,1.0,0.0023058252427183845,0.001294498381877026,0.0035406553398058295,0.5876288659793695,research/results/p4_information_study/20260926T212553Z,PRELIMINARY
3-3-3-3,12,4,16,64,likelihood,margin,0.053161728741027994,0.7325499880213037,0.7851417399804497,0.9982200647249191,0.9960760517799353,1.0,0.0021440129449837864,0.0011731391585760563,0.0032766990291262198,0.5463917525773149,research/results/p4_information_study/20260926T212553Z,PRELIMINARY
3-3-3-3,12,4,16,64,likelihood,p_chunk_correct,0.05284859926242111,0.7226080386266885,0.7691104594330401,0.9978964401294499,0.9960760517799353,1.0,0.00182038834951459,0.0007878236245954738,0.003155339805825249,0.4639175257732058,research/results/p4_information_study/20260926T212553Z,PRELIMINARY
3-3-3-3,12,4,16,64,likelihood,legacy_cw,0.05276382636565524,0.7248710907985183,0.7796676441837732,0.9979773462783171,0.9960760517799353,1.0,0.0019012944983818336,0.0008899676375404582,0.00313612459546926,0.4845360824742189,research/results/p4_information_study/20260926T212553Z,PRELIMINARY
3-3-3-3,12,4,64,64,awqpe,ratio,0.07953632376316837,0.9226263101653789,0.9236933797909408,0.9021035598705501,0.890331715210356,0.9276699029126214,0.011771844660194097,0.006591828478964405,0.017319983818770222,0.31527627302274974,research/results/p4_information_study/20260926T212553Z,PRELIMINARY
3-3-3-3,12,4,64,64,awqpe,entropy,0.07445943477193716,0.8824247848377652,0.848153748383845,0.904368932038835,0.890331715210356,0.9276699029126214,0.014037216828478916,0.008876415857605182,0.019651092233009704,0.37594799566630416,research/results/p4_information_study/20260926T212553Z,PRELIMINARY
3-3-3-3,12,4,64,64,awqpe,local_post_sd,-0.06597975264183338,0.16250849654544544,0.19451712576424957,0.884789644012945,0.890331715210356,0.9276699029126214,-0.005542071197411014,-0.007545509708737856,-0.0035770631067961146,-0.14842903575297967,research/results/p4_information_study/20260926T212553Z,PRELIMINARY
3-3-3-3,12,4,64,64,awqpe,chunk_risk,0.0787761454879404,0.9160159399436006,0.9198810802124193,0.9011326860841424,0.890331715210356,0.9276699029126214,0.010800970873786397,0.005195186084142398,0.016202467637540456,0.2892741061755143,research/results/p4_information_study/20260926T212553Z,PRELIMINARY
3-3-3-3,12,4,64,64,awqpe,boundary_risk,0.07977218716522606,0.925051095003144,0.923535599237394,0.9022653721682848,0.890331715210356,0.9276699029126214,0.011933656957928807,0.006432038834951459,0.017545509708737857,0.3196099674972915,research/results/p4_information_study/20260926T212553Z,PRELIMINARY
3-3-3-3,12,4,64,64,awqpe,eig_phi,0.0023829083348421657,0.39014130690563725,0.3735878275224801,0.8851132686084142,0.890331715210356,0.9276699029126214,-0.005218446601941817,-0.007362459546925562,-0.0029298139158576027,-0.13976164680390216,research/results/p4_information_study/20260926T212553Z,PRELIMINARY
3-3-3-3,12,4,64,64,awqpe,eig_cell,0.035322880056119645,0.4831908434050991,0.4642269118108971,0.8885922330097087,0.890331715210356,0.9276699029126214,-0.0017394822006473465,-0.0034850323624595466,-0.00010012135922329984,-0.0465872156013027,research/results/p4_information_study/20260926T212553Z,PRELIMINARY
3-3-3-3,12,4,64,64,awqpe,fisher_phi,-0.003982641776093361,0.36621958699652424,0.3581742744651166,0.8851132686084142,0.890331715210356,0.9276699029126214,-0.005218446601941817,-0.007362459546925562,-0.0029298139158576027,-0.13976164680390216,research/results/p4_information_study/20260926T212553Z,PRELIMINARY
3-3-3-3,12,4,64,64,awqpe,c1,0.08097070881887697,0.9258804967151835,0.914949707448557,0.9026968716289103,0.890331715210356,0.9276699029126214,0.01236515641855429,0.007244134304207121,0.018446601941747576,0.33116648609605853,research/results/p4_information_study/20260926T212553Z,PRELIMINARY
3-3-3-3,12,4,64,64,awqpe,margin,0.07976057924833335,0.9234785493571173,0.9246648989400945,0.9021035598705501,0.890331715210356,0.9276699029126214,0.011771844660194097,0.006651496763754049,0.017408980582524262,0.31527627302274974,research/results/p4_information_study/20260926T212553Z,PRELIMINARY
3-3-3-3,12,4,64,64,awqpe,p_chunk_correct,0.0787761454879404,0.9160159399436006,0.9198810802124193,0.9011326860841424,0.890331715210356,0.9276699029126214,0.010800970873786397,0.005195186084142398,0.016202467637540456,0.2892741061755143,research/results/p4_information_study/20260926T212553Z,PRELIMINARY
3-3-3-3,12,4,64,64,awqpe,legacy_cw,0.08182133811583864,0.9229513584828507,0.9240454641743183,0.9019417475728155,0.890331715210356,0.9276699029126214,0.0116100323624595,0.006449231391585764,0.017319983818770222,0.310942578548211,research/results/p4_information_study/20260926T212553Z,PRELIMINARY
3-3-3-3,12,4,64,64,awqpe_eps_safe,ratio,0.06602172417776936,0.7871870775885375,0.8682638888888888,0.9923948220064724,0.9896844660194175,0.997411003236246,0.0027103559870549354,0.0013309061488673169,0.004290048543689322,0.3507853403141257,research/results/p4_information_study/20260926T212553Z,PRELIMINARY
3-3-3-3,12,4,64,64,awqpe_eps_safe,entropy,0.060889625521563955,0.8482353338740201,0.8593055555555555,0.9927184466019418,0.9896844660194175,0.997411003236246,0.0030339805825242427,0.0014350728155339844,0.0047542475728155386,0.39267015706805913,research/results/p4_information_study/20260926T212553Z,PRELIMINARY
3-3-3-3,12,4,64,64,awqpe_eps_safe,local_post_sd,-0.05537355325639424,0.1565852257366856,0.16708333333333333,0.9878640776699029,0.9896844660194175,0.997411003236246,-0.00182038834951459,-0.002772046925566339,-0.001030542071197409,-0.23560209424084122,research/results/p4_information_study/20260926T212553Z,PRELIMINARY
3-3-3-3,12,4,64,64,awqpe_eps_safe,chunk_risk,0.06568960794069918,0.7792538523925385,0.8499305555555555,0.9919093851132686,0.9896844660194175,0.997411003236246,0.002224919093851141,0.0009091828478964429,0.0035811084142394842,0.2879581151832472,research/results/p4_information_study/20260926T212553Z,PRELIMINARY
3-3-3-3,12,4,64,64,awqpe_eps_safe,boundary_risk,0.06628139799150697,0.7928098810489321,0.8658333333333333,0.9923948220064724,0.9896844660194175,0.997411003236246,0.0027103559870549354,0.0012924757281553424,0.004370954692556636,0.3507853403141257,research/results/p4_information_study/20260926T212553Z,PRELIMINARY
3-3-3-3,12,4,64,64,awqpe_eps_safe,eig_phi,0.04691930766748991,0.5749384968910516,0.6067361111111111,0.9881877022653721,0.9896844660194175,0.997411003236246,-0.0014967637540453937,-0.002550566343042067,-0.0006877022653721666,-0.1937172774869222,research/results/p4_information_study/20260926T212553Z,PRELIMINARY
3-3-3-3,12,4,64,64,awqpe_eps_safe,eig_cell,0.06190652489043446,0.6498996350364964,0.5492361111111111,0.989279935275081,0.9896844660194175,0.997411003236246,-0.0004045307443365509,-0.0012773058252427184,0.0004449838187702282,-0.05235602094240597,research/results/p4_information_study/20260926T212553Z,PRELIMINARY
3-3-3-3,12,4,64,64,awqpe_eps_safe,fisher_phi,0.04063546689160453,0.5753514463368478,0.6022569444444444,0.9881877022653721,0.9896844660194175,0.997411003236246,-0.0014967637540453937,-0.002550566343042067,-0.0006877022653721666,-0.1937172774869222,research/results/p4_information_study/20260926T212553Z,PRELIMINARY
3-3-3-3,12,4,64,64,awqpe_eps_safe,c1,0.06542689879887408,0.7986492971073264,0.8585069444444444,0.9919902912621359,0.9896844660194175,0.997411003236246,0.0023058252427183845,0.0005643203883495153,0.004126213592233013,0.2984293193717198,research/results/p4_information_study/20260926T212553Z,PRELIMINARY
3-3-3-3,12,4,64,64,awqpe_eps_safe,margin,0.06618698473601169,0.789125101378751,0.8660763888888889,0.9923948220064724,0.9896844660194175,0.997411003236246,0.0027103559870549354,0.0012924757281553424,0.004370954692556636,0.3507853403141257,research/results/p4_information_study/20260926T212553Z,PRELIMINARY
3-3-3-3,12,4,64,64,awqpe_eps_safe,p_chunk_correct,0.06568960794069918,0.7792538523925385,0.8499305555555555,0.9919093851132686,0.9896844660194175,0.997411003236246,0.002224919093851141,0.0009091828478964429,0.0035811084142394842,0.2879581151832472,research/results/p4_information_study/20260926T212553Z,PRELIMINARY
3-3-3-3,12,4,64,64,awqpe_eps_safe,legacy_cw,0.06795907589891102,0.7885783319816166,0.8670486111111111,0.9923948220064724,0.9896844660194175,0.997411003236246,0.0027103559870549354,0.0012924757281553424,0.004370954692556636,0.3507853403141257,research/results/p4_information_study/20260926T212553Z,PRELIMINARY
3-3-3-3,12,4,64,64,likelihood,ratio,0.024471941078419362,,,1.0,1.0,1.0,0.0,0.0,0.0,,research/results/p4_information_study/20260926T212553Z,PRELIMINARY
3-3-3-3,12,4,64,64,likelihood,entropy,0.026724705078540426,,,1.0,1.0,1.0,0.0,0.0,0.0,,research/results/p4_information_study/20260926T212553Z,PRELIMINARY
3-3-3-3,12,4,64,64,likelihood,local_post_sd,0.006406408763239706,,,1.0,1.0,1.0,0.0,0.0,0.0,,research/results/p4_information_study/20260926T212553Z,PRELIMINARY
3-3-3-3,12,4,64,64,likelihood,chunk_risk,0.013907115618506303,,,1.0,1.0,1.0,0.0,0.0,0.0,,research/results/p4_information_study/20260926T212553Z,PRELIMINARY
3-3-3-3,12,4,64,64,likelihood,boundary_risk,0.024137884098258122,,,1.0,1.0,1.0,0.0,0.0,0.0,,research/results/p4_information_study/20260926T212553Z,PRELIMINARY
3-3-3-3,12,4,64,64,likelihood,eig_phi,0.137165436601423,,,1.0,1.0,1.0,0.0,0.0,0.0,,research/results/p4_information_study/20260926T212553Z,PRELIMINARY
3-3-3-3,12,4,64,64,likelihood,eig_cell,0.05094154310989363,,,1.0,1.0,1.0,0.0,0.0,0.0,,research/results/p4_information_study/20260926T212553Z,PRELIMINARY
3-3-3-3,12,4,64,64,likelihood,fisher_phi,0.10635699127172729,,,1.0,1.0,1.0,0.0,0.0,0.0,,research/results/p4_information_study/20260926T212553Z,PRELIMINARY
3-3-3-3,12,4,64,64,likelihood,c1,0.025029985601593852,,,1.0,1.0,1.0,0.0,0.0,0.0,,research/results/p4_information_study/20260926T212553Z,PRELIMINARY
3-3-3-3,12,4,64,64,likelihood,margin,0.024595003577376016,,,1.0,1.0,1.0,0.0,0.0,0.0,,research/results/p4_information_study/20260926T212553Z,PRELIMINARY
3-3-3-3,12,4,64,64,likelihood,p_chunk_correct,0.013907115618506303,,,1.0,1.0,1.0,0.0,0.0,0.0,,research/results/p4_information_study/20260926T212553Z,PRELIMINARY
3-3-3-3,12,4,64,64,likelihood,legacy_cw,0.0076385513970487,,,1.0,1.0,1.0,0.0,0.0,0.0,,research/results/p4_information_study/20260926T212553Z,PRELIMINARY
3-3-3-3,12,4,64,256,awqpe,ratio,0.14219012382125368,0.9138986274832408,0.9136594565010471,0.91957928802589,0.8948220064724919,0.9493527508090615,0.02475728155339807,0.016965008090614887,0.03337783171521035,0.4540059347181012,research/results/p4_information_study/20260926T212553Z,PRELIMINARY
3-3-3-3,12,4,64,256,awqpe,entropy,0.12599174799128904,0.8706094162327649,0.8481983509423187,0.9160194174757281,0.8948220064724919,0.9493527508090615,0.021197411003236244,0.014676375404530746,0.029525687702265362,0.38872403560830865,research/results/p4_information_study/20260926T212553Z,PRELIMINARY
3-3-3-3,12,4,64,256,awqpe,local_post_sd,-0.1118347612425758,0.17033013229971158,0.1903763325718637,0.883495145631068,0.8948220064724919,0.9493527508090615,-0.01132686084142387,-0.014543891585760513,-0.00839097896440129,-0.20771513353115587,research/results/p4_information_study/20260926T212553Z,PRELIMINARY
3-3-3-3,12,4,64,256,awqpe,chunk_risk,0.14162558379449364,0.908087731226087,0.9134363696935085,0.9186084142394823,0.8948220064724919,0.9493527508090615,0.02378640776699037,0.015966828478964402,0.031998381877022655,0.4362017804154318,research/results/p4_information_study/20260926T212553Z,PRELIMINARY
3-3-3-3,12,4,64,256,awqpe,boundary_risk,0.14250402276480817,0.9166435803508636,0.9157594469826765,0.91957928802589,0.8948220064724919,0.9493527508090615,0.02475728155339807,0.017246156957928804,0.033090614886731394,0.4540059347181012,research/results/p4_information_study/20260926T212553Z,PRELIMINARY
3-3-3-3,12,4,64,256,awqpe,eig_phi,0.011787032016573946,0.40342560601074917,0.3879975331556571,0.8844660194174757,0.8948220064724919,0.9493527508090615,-0.01035598705501617,-0.013675161812297727,-0.006815331715210354,-0.18991097922848646,research/results/p4_information_study/20260926T212553Z,PRELIMINARY
3-3-3-3,12,4,64,256,awqpe,eig_cell,0.06094862219777946,0.48600470234984416,0.45036169807728915,0.8925970873786407,0.8948220064724919,0.9493527508090615,-0.002224919093851141,-0.0049372977346278275,0.0004277912621359235,-0.04080118694362034,research/results/p4_information_study/20260926T212553Z,PRELIMINARY
3-3-3-3,12,4,64,256,awqpe,fisher_phi,0.0015498120459393882,0.3790503882533599,0.36623962894219175,0.8844660194174757,0.8948220064724919,0.9493527508090615,-0.01035598705501617,-0.013675161812297727,-0.006815331715210354,-0.18991097922848646,research/results/p4_information_study/20260926T212553Z,PRELIMINARY
3-3-3-3,12,4,64,256,awqpe,c1,0.14201789046198385,0.9148823666518269,0.907996026080335,0.9183656957928803,0.8948220064724919,0.9493527508090615,0.023543689320388417,0.015898058252427186,0.03198321197411002,0.4317507418397639,research/results/p4_information_study/20260926T212553Z,PRELIMINARY
3-3-3-3,12,4,64,256,awqpe,margin,0.14228860016241285,0.9143769376375097,0.9141894116060664,0.9194174757281554,0.8948220064724919,0.9493527508090615,0.02459546925566347,0.016826456310679614,0.033339401294498375,0.4510385756676566,research/results/p4_information_study/20260926T212553Z,PRELIMINARY
3-3-3-3,12,4,64,256,awqpe,p_chunk_correct,0.14162558379449364,0.908087731226087,0.9134363696935085,0.9186084142394823,0.8948220064724919,0.9493527508090615,0.02378640776699037,0.015966828478964402,0.031998381877022655,0.4362017804154318,research/results/p4_information_study/20260926T212553Z,PRELIMINARY
3-3-3-3,12,4,64,256,awqpe,legacy_cw,0.14624901448284358,0.9141453687842362,0.9139821887492862,0.91957928802589,0.8948220064724919,0.9493527508090615,0.02475728155339807,0.016965008090614887,0.03337783171521035,0.4540059347181012,research/results/p4_information_study/20260926T212553Z,PRELIMINARY
3-3-3-3,12,4,64,256,awqpe_eps_safe,ratio,0.11507716995532738,0.7799852478452162,0.8398708767361112,0.9930420711974111,0.9893608414239482,0.9983818770226537,0.0036812297734628574,0.001515978964401297,0.006374393203883498,0.40807174887893277,research/results/p4_information_study/20260926T212553Z,PRELIMINARY
3-3-3-3,12,4,64,256,awqpe_eps_safe,entropy,0.10050955490060748,0.8359642657506582,0.8443196614583334,0.9933656957928803,0.9893608414239482,0.9983818770226537,0.004004854368932054,0.001556432038834954,0.00659587378640777,0.4439461883408097,research/results/p4_information_study/20260926T212553Z,PRELIMINARY
3-3-3-3,12,4,64,256,awqpe_eps_safe,local_post_sd,-0.09051809059161844,0.16673907506581556,0.16455078125,0.9867313915857605,0.9893608414239482,0.9983818770226537,-0.002629449838187692,-0.003762135922330092,-0.0016777912621359198,-0.2914798206278021,research/results/p4_information_study/20260926T212553Z,PRELIMINARY
3-3-3-3,12,4,64,256,awqpe_eps_safe,chunk_risk,0.114215821029773,0.7697091718056908,0.8241373697916666,0.9927184466019418,0.9893608414239482,0.9983818770226537,0.00335760517799355,0.00129045307443366,0.00594862459546926,0.37219730941704354,research/results/p4_information_study/20260926T212553Z,PRELIMINARY
3-3-3-3,12,4,64,256,awqpe_eps_safe,boundary_risk,0.11463215118764465,0.784718841285297,0.8421223958333334,0.9927184466019418,0.9893608414239482,0.9983818770226537,0.00335760517799355,0.0010517799352750834,0.005967839805825244,0.37219730941704354,research/results/p4_information_study/20260926T212553Z,PRELIMINARY
3-3-3-3,12,4,64,256,awqpe_eps_safe,eig_phi,0.08918224301739287,0.5829400176710303,0.6178927951388888,0.9870550161812298,0.9893608414239482,0.9983818770226537,-0.0023058252427183845,-0.0035811084142394764,-0.0012328074433656925,-0.25560538116591286,research/results/p4_information_study/20260926T212553Z,PRELIMINARY
3-3-3-3,12,4,64,256,awqpe_eps_safe,eig_cell,0.10817808645587798,0.6334069814093548,0.5411512586805556,0.9889967637540453,0.9893608414239482,0.9983818770226537,-0.0003640776699028736,-0.00129449838187702,0.000610841423948218,-0.040358744394614586,research/results/p4_information_study/20260926T212553Z,PRELIMINARY
3-3-3-3,12,4,64,256,awqpe_eps_safe,fisher_phi,0.07506239890750109,0.5675649252587543,0.5834418402777778,0.9870550161812298,0.9893608414239482,0.9983818770226537,-0.0023058252427183845,-0.0035811084142394764,-0.0012328074433656925,-0.25560538116591286,research/results/p4_information_study/20260926T212553Z,PRELIMINARY
3-3-3-3,12,4,64,256,awqpe_eps_safe,c1,0.1131420865938284,0.7914979015651484,0.8471950954861112,0.9931229773462783,0.9893608414239482,0.9983818770226537,0.003762135922330101,0.0013137135922330122,0.006297532362459545,0.4170403587443958,research/results/p4_information_study/20260926T212553Z,PRELIMINARY
3-3-3-3,12,4,64,256,awqpe_eps_safe,margin,0.11512568487063221,0.7819805641205958,0.8438313802083334,0.9929611650485437,0.9893608414239482,0.9983818770226537,0.003600323624595503,0.0013946197411003267,0.006374393203883498,0.3991031390134574,research/results/p4_information_study/20260926T212553Z,PRELIMINARY
3-3-3-3,12,4,64,256,awqpe_eps_safe,p_chunk_correct,0.114215821029773,0.7697091718056908,0.8241373697916666,0.9927184466019418,0.9893608414239482,0.9983818770226537,0.00335760517799355,0.00129045307443366,0.00594862459546926,0.37219730941704354,research/results/p4_information_study/20260926T212553Z,PRELIMINARY
3-3-3-3,12,4,64,256,awqpe_eps_safe,legacy_cw,0.11839279046185949,0.7814511657470519,0.8429633246527778,0.9930420711974111,0.9893608414239482,0.9983818770226537,0.0036812297734628574,0.001515978964401297,0.006374393203883498,0.40807174887893277,research/results/p4_information_study/20260926T212553Z,PRELIMINARY
3-3-3-3,12,4,64,256,likelihood,ratio,0.04544215270861922,,,1.0,1.0,1.0,0.0,0.0,0.0,,research/results/p4_information_study/20260926T212553Z,PRELIMINARY
3-3-3-3,12,4,64,256,likelihood,entropy,0.046685443061634996,,,1.0,1.0,1.0,0.0,0.0,0.0,,research/results/p4_information_study/20260926T212553Z,PRELIMINARY
3-3-3-3,12,4,64,256,likelihood,local_post_sd,-0.006410231741015606,,,1.0,1.0,1.0,0.0,0.0,0.0,,research/results/p4_information_study/20260926T212553Z,PRELIMINARY
3-3-3-3,12,4,64,256,likelihood,chunk_risk,0.03399365753821968,,,1.0,1.0,1.0,0.0,0.0,0.0,,research/results/p4_information_study/20260926T212553Z,PRELIMINARY
3-3-3-3,12,4,64,256,likelihood,boundary_risk,0.04516910751312735,,,1.0,1.0,1.0,0.0,0.0,0.0,,research/results/p4_information_study/20260926T212553Z,PRELIMINARY
3-3-3-3,12,4,64,256,likelihood,eig_phi,0.18165233932972255,,,1.0,1.0,1.0,0.0,0.0,0.0,,research/results/p4_information_study/20260926T212553Z,PRELIMINARY
3-3-3-3,12,4,64,256,likelihood,eig_cell,0.06780455843574698,,,1.0,1.0,1.0,0.0,0.0,0.0,,research/results/p4_information_study/20260926T212553Z,PRELIMINARY
3-3-3-3,12,4,64,256,likelihood,fisher_phi,0.13741578771171167,,,1.0,1.0,1.0,0.0,0.0,0.0,,research/results/p4_information_study/20260926T212553Z,PRELIMINARY
3-3-3-3,12,4,64,256,likelihood,c1,0.04528297464316974,,,1.0,1.0,1.0,0.0,0.0,0.0,,research/results/p4_information_study/20260926T212553Z,PRELIMINARY
3-3-3-3,12,4,64,256,likelihood,margin,0.04512032153423218,,,1.0,1.0,1.0,0.0,0.0,0.0,,research/results/p4_information_study/20260926T212553Z,PRELIMINARY
3-3-3-3,12,4,64,256,likelihood,p_chunk_correct,0.03399365753821968,,,1.0,1.0,1.0,0.0,0.0,0.0,,research/results/p4_information_study/20260926T212553Z,PRELIMINARY
3-3-3-3,12,4,64,256,likelihood,legacy_cw,0.02922980737530982,,,1.0,1.0,1.0,0.0,0.0,0.0,,research/results/p4_information_study/20260926T212553Z,PRELIMINARY
4-4,8,2,4,4,awqpe,ratio,0.13048880955557746,0.8360767883512483,0.7810063027454331,0.8532362459546926,0.8370550161812298,0.9003236245954692,0.016181229773462813,0.011650485436893206,0.020916262135922337,0.2557544757033255,research/results/p4_information_study/20260926T212553Z,PRELIMINARY
4-4,8,2,4,4,awqpe,entropy,0.16274795864153505,0.8734249115697654,0.7946210467949598,0.8580097087378641,0.8370550161812298,0.9003236245954692,0.02095469255663429,0.01670509708737864,0.02578276699029125,0.3312020460358057,research/results/p4_information_study/20260926T212553Z,PRELIMINARY
4-4,8,2,4,4,awqpe,local_post_sd,0.16925222381609623,0.8709359677339347,0.7867240475936128,0.8605177993527509,0.8370550161812298,0.9003236245954692,0.023462783171521062,0.019008899676375406,0.028159385113268612,0.37084398976982175,research/results/p4_information_study/20260926T212553Z,PRELIMINARY
4-4,8,2,4,4,awqpe,chunk_risk,0.13337232616598504,0.8565958843214243,0.8010260401564749,0.8558252427184466,0.8370550161812298,0.9003236245954692,0.018770226537216828,0.014516585760517803,0.023381877022653732,0.29667519181585705,research/results/p4_information_study/20260926T212553Z,PRELIMINARY
4-4,8,2,4,4,awqpe,boundary_risk,0.12923341588831194,0.8529039077196637,0.7959787568483221,0.8549352750809062,0.8370550161812298,0.9003236245954692,0.01788025889967637,0.013511326860841428,0.022653721682847905,0.2826086956521741,research/results/p4_information_study/20260926T212553Z,PRELIMINARY
4-4,8,2,4,4,awqpe,eig_phi,0.1927827722323528,0.8217164814115259,0.7072346767998942,0.8656957928802589,0.8370550161812298,0.9003236245954692,0.02864077669902909,0.02350121359223301,0.03455906148867313,0.45268542199488476,research/results/p4_information_study/20260926T212553Z,PRELIMINARY
4-4,8,2,4,4,awqpe,eig_cell,0.18754114213986323,0.9048695964070805,0.8049836962880441,0.8671521035598706,0.8370550161812298,0.9003236245954692,0.030097087378640808,0.025281148867313922,0.03536003236245955,0.47570332480818506,research/results/p4_information_study/20260926T212553Z,PRELIMINARY
4-4,8,2,4,4,awqpe,fisher_phi,-0.053563464312072845,0.2920293355617371,0.26693881911273215,0.8260517799352751,0.8370550161812298,0.9003236245954692,-0.011003236245954673,-0.015942556634304203,-0.005416666666666665,-0.17391304347826073,research/results/p4_information_study/20260926T212553Z,PRELIMINARY
4-4,8,2,4,4,awqpe,c1,0.15070563114877608,0.8595904163375574,0.7904532991489513,0.8561488673139158,0.8370550161812298,0.9003236245954692,0.019093851132686024,0.01492516181229774,0.023602346278317143,0.3017902813299226,research/results/p4_information_study/20260926T212553Z,PRELIMINARY
4-4,8,2,4,4,awqpe,margin,0.13048880955557746,0.8360767883512483,0.7810063027454331,0.8532362459546926,0.8370550161812298,0.9003236245954692,0.016181229773462813,0.011650485436893206,0.020916262135922337,0.2557544757033255,research/results/p4_information_study/20260926T212553Z,PRELIMINARY
4-4,8,2,4,4,awqpe,p_chunk_correct,0.13338188934769052,0.8565594056572455,0.8010468966990706,0.8558252427184466,0.8370550161812298,0.9003236245954692,0.018770226537216828,0.014516585760517803,0.023381877022653732,0.29667519181585705,research/results/p4_information_study/20260926T212553Z,PRELIMINARY
4-4,8,2,4,4,awqpe,legacy_cw,0.13690810941558262,0.8457559211053494,0.7862855515029428,0.8542880258899677,0.8370550161812298,0.9003236245954692,0.017233009708737868,0.012698220064724921,0.021810275080906143,0.2723785166240412,research/results/p4_information_study/20260926T212553Z,PRELIMINARY
4-4,8,2,4,4,awqpe_eps_safe,ratio,0.13048880955557746,0.8360767883512483,0.7810063027454331,0.8532362459546926,0.8370550161812298,0.9003236245954692,0.016181229773462813,0.011650485436893206,0.020916262135922337,0.2557544757033255,research/results/p4_information_study/20260926T212553Z,PRELIMINARY
4-4,8,2,4,4,awqpe_eps_safe,entropy,0.16274795864153505,0.8734249115697654,0.7946210467949598,0.8580097087378641,0.8370550161812298,0.9003236245954692,0.02095469255663429,0.01670509708737864,0.02578276699029125,0.3312020460358057,research/results/p4_information_study/20260926T212553Z,PRELIMINARY
4-4,8,2,4,4,awqpe_eps_safe,local_post_sd,0.16925222381609623,0.8709359677339347,0.7867240475936128,0.8605177993527509,0.8370550161812298,0.9003236245954692,0.023462783171521062,0.019008899676375406,0.028159385113268612,0.37084398976982175,research/results/p4_information_study/20260926T212553Z,PRELIMINARY
4-4,8,2,4,4,awqpe_eps_safe,chunk_risk,0.13337232616598504,0.8565958843214243,0.8010260401564749,0.8558252427184466,0.8370550161812298,0.9003236245954692,0.018770226537216828,0.014516585760517803,0.023381877022653732,0.29667519181585705,research/results/p4_information_study/20260926T212553Z,PRELIMINARY
4-4,8,2,4,4,awqpe_eps_safe,boundary_risk,0.12923341588831194,0.8529039077196637,0.7959787568483221,0.8549352750809062,0.8370550161812298,0.9003236245954692,0.01788025889967637,0.013511326860841428,0.022653721682847905,0.2826086956521741,research/results/p4_information_study/20260926T212553Z,PRELIMINARY
4-4,8,2,4,4,awqpe_eps_safe,eig_phi,0.1927827722323528,0.8217164814115259,0.7072346767998942,0.8656957928802589,0.8370550161812298,0.9003236245954692,0.02864077669902909,0.02350121359223301,0.03455906148867313,0.45268542199488476,research/results/p4_information_study/20260926T212553Z,PRELIMINARY
4-4,8,2,4,4,awqpe_eps_safe,eig_cell,0.18754114213986323,0.9048695964070805,0.8049836962880441,0.8671521035598706,0.8370550161812298,0.9003236245954692,0.030097087378640808,0.025281148867313922,0.03536003236245955,0.47570332480818506,research/results/p4_information_study/20260926T212553Z,PRELIMINARY
4-4,8,2,4,4,awqpe_eps_safe,fisher_phi,-0.053563464312072845,0.2920293355617371,0.26693881911273215,0.8260517799352751,0.8370550161812298,0.9003236245954692,-0.011003236245954673,-0.015942556634304203,-0.005416666666666665,-0.17391304347826073,research/results/p4_information_study/20260926T212553Z,PRELIMINARY
4-4,8,2,4,4,awqpe_eps_safe,c1,0.15070563114877608,0.8595904163375574,0.7904532991489513,0.8561488673139158,0.8370550161812298,0.9003236245954692,0.019093851132686024,0.01492516181229774,0.023602346278317143,0.3017902813299226,research/results/p4_information_study/20260926T212553Z,PRELIMINARY
4-4,8,2,4,4,awqpe_eps_safe,margin,0.13048880955557746,0.8360767883512483,0.7810063027454331,0.8532362459546926,0.8370550161812298,0.9003236245954692,0.016181229773462813,0.011650485436893206,0.020916262135922337,0.2557544757033255,research/results/p4_information_study/20260926T212553Z,PRELIMINARY
4-4,8,2,4,4,awqpe_eps_safe,p_chunk_correct,0.13338188934769052,0.8565594056572455,0.8010468966990706,0.8558252427184466,0.8370550161812298,0.9003236245954692,0.018770226537216828,0.014516585760517803,0.023381877022653732,0.29667519181585705,research/results/p4_information_study/20260926T212553Z,PRELIMINARY
4-4,8,2,4,4,awqpe_eps_safe,legacy_cw,0.13690810941558262,0.8457559211053494,0.7862855515029428,0.8542880258899677,0.8370550161812298,0.9003236245954692,0.017233009708737868,0.012698220064724921,0.021810275080906143,0.2723785166240412,research/results/p4_information_study/20260926T212553Z,PRELIMINARY
4-4,8,2,4,4,likelihood,ratio,0.13128614994140797,0.7532756323078817,0.703702053896651,0.9529126213592233,0.9338996763754045,0.9807443365695793,0.01901294498381878,0.015410598705501623,0.023543689320388358,0.4058721934369604,research/results/p4_information_study/20260926T212553Z,PRELIMINARY
4-4,8,2,4,4,likelihood,entropy,0.15158099716017304,0.7850520512593135,0.7326650766297667,0.9547734627831715,0.9338996763754045,0.9807443365695793,0.020873786407767048,0.017394822006472493,0.024965614886731387,0.4455958549222809,research/results/p4_information_study/20260926T212553Z,PRELIMINARY
4-4,8,2,4,4,likelihood,local_post_sd,0.17047080233266038,0.813422166089139,0.7610477443790838,0.9572815533980582,0.9338996763754045,0.9807443365695793,0.023381877022653708,0.01957524271844661,0.027469660194174763,0.49913644214162306,research/results/p4_information_study/20260926T212553Z,PRELIMINARY
4-4,8,2,4,4,likelihood,chunk_risk,0.1242573095748003,0.7521211404940616,0.6963457999353464,0.9538025889967637,0.9338996763754045,0.9807443365695793,0.019902912621359237,0.0162156148867314,0.024514563106796124,0.4248704663212437,research/results/p4_information_study/20260926T212553Z,PRELIMINARY
4-4,8,2,4,4,likelihood,boundary_risk,0.11909471388174618,0.7429160200954116,0.6982561350903496,0.952831715210356,0.9338996763754045,0.9807443365695793,0.018932038834951537,0.014886731391585764,0.023752022653721682,0.40414507772020886,research/results/p4_information_study/20260926T212553Z,PRELIMINARY
4-4,8,2,4,4,likelihood,eig_phi,0.22657520946876564,0.8458560552188885,0.7623688155922039,0.9545307443365696,0.9338996763754045,0.9807443365695793,0.020631067961165095,0.015772653721682864,0.025242718446601954,0.4404145077720216,research/results/p4_information_study/20260926T212553Z,PRELIMINARY
4-4,8,2,4,4,likelihood,eig_cell,0.19410922304447073,0.9016094648656882,0.8578308468855556,0.9648867313915858,0.9338996763754045,0.9807443365695793,0.030987055016181264,0.025966828478964414,0.03567961165048545,0.6614853195164082,research/results/p4_information_study/20260926T212553Z,PRELIMINARY
4-4,8,2,4,4,likelihood,fisher_phi,0.01363461147723246,0.29285854908718767,0.18458979338853493,0.908252427184466,0.9338996763754045,0.9807443365695793,-0.025647249190938526,-0.03143406148867312,-0.020831310679611637,-0.5474956822107083,research/results/p4_information_study/20260926T212553Z,PRELIMINARY
4-4,8,2,4,4,likelihood,c1,0.14356183786918048,0.7723570213680881,0.7212183381993214,0.9540453074433657,0.9338996763754045,0.9807443365695793,0.02014563106796119,0.016620145631067965,0.024433656957928807,0.430051813471503,research/results/p4_information_study/20260926T212553Z,PRELIMINARY
4-4,8,2,4,4,likelihood,margin,0.13128614994140797,0.7532756323078817,0.703702053896651,0.9529126213592233,0.9338996763754045,0.9807443365695793,0.01901294498381878,0.015410598705501623,0.023543689320388358,0.4058721934369604,research/results/p4_information_study/20260926T212553Z,PRELIMINARY
4-4,8,2,4,4,likelihood,p_chunk_correct,0.12422334587400069,0.752110459293175,0.6963445272270486,0.9538025889967637,0.9338996763754045,0.9807443365695793,0.019902912621359237,0.0162156148867314,0.024514563106796124,0.4248704663212437,research/results/p4_information_study/20260926T212553Z,PRELIMINARY
4-4,8,2,4,4,likelihood,legacy_cw,0.13387068457867088,0.7596619914768628,0.7097715997688762,0.9533171521035598,0.9338996763754045,0.9807443365695793,0.01941747572815533,0.015938511326860843,0.023948220064724923,0.4145077720207251,research/results/p4_information_study/20260926T212553Z,PRELIMINARY
4-4,8,2,4,16,awqpe,ratio,0.14296000221761357,0.811288276007261,0.7396269584554308,0.8621359223300971,0.8435275080906149,0.9255663430420712,0.01860841423948212,0.013345469255663437,0.023628640776699034,0.22682445759368752,research/results/p4_information_study/20260926T212553Z,PRELIMINARY
4-4,8,2,4,16,awqpe,entropy,0.17349318531441596,0.8455850014421421,0.7644972399692682,0.8701456310679612,0.8435275080906149,0.9255663430420712,0.026618122977346226,0.02139765372168286,0.03306027508090614,0.3244575936883625,research/results/p4_information_study/20260926T212553Z,PRELIMINARY
4-4,8,2,4,16,awqpe,local_post_sd,0.17860168741898585,0.8514196512566082,0.7612681181162991,0.8745954692556634,0.8435275080906149,0.9255663430420712,0.031067961165048508,0.024548948220064724,0.03745954692556635,0.37869822485207083,research/results/p4_information_study/20260926T212553Z,PRELIMINARY
4-4,8,2,4,16,awqpe,chunk_risk,0.1428144670234788,0.8252295462963728,0.7540255202474097,0.8642394822006473,0.8435275080906149,0.9255663430420712,0.02071197411003234,0.015117313915857614,0.026013349514563112,0.2524654832347139,research/results/p4_information_study/20260926T212553Z,PRELIMINARY
4-4,8,2,4,16,awqpe,boundary_risk,0.14040960135298072,0.8251338304425089,0.7559048429643516,0.8639967637540453,0.8435275080906149,0.9255663430420712,0.020469255663430386,0.014882686084142404,0.02621763754045308,0.24950690335305695,research/results/p4_information_study/20260926T212553Z,PRELIMINARY
4-4,8,2,4,16,awqpe,eig_phi,0.2144311906620555,0.8154150615533285,0.698111549023403,0.8786407766990292,0.8435275080906149,0.9255663430420712,0.03511326860841424,0.02900283171521036,0.041223705501618135,0.4280078895463514,research/results/p4_information_study/20260926T212553Z,PRELIMINARY
4-4,8,2,4,16,awqpe,eig_cell,0.21109204284833633,0.9056831462895726,0.8108776737137394,0.8822006472491909,0.8435275080906149,0.9255663430420712,0.03867313915857595,0.03166868932038836,0.0467334142394822,0.4714003944773167,research/results/p4_information_study/20260926T212553Z,PRELIMINARY
4-4,8,2,4,16,awqpe,fisher_phi,-0.050670500134830626,0.28909081466651,0.24505658253172283,0.827831715210356,0.8435275080906149,0.9255663430420712,-0.015695792880258908,-0.021529126213592226,-0.00974716828478964,-0.19132149901380693,research/results/p4_information_study/20260926T212553Z,PRELIMINARY
4-4,8,2,4,16,awqpe,c1,0.16192985834737664,0.8325756798591137,0.755363909058868,0.8672330097087378,0.8435275080906149,0.9255663430420712,0.023705501618122904,0.018446601941747576,0.029832119741100317,0.2889546351084806,research/results/p4_information_study/20260926T212553Z,PRELIMINARY
4-4,8,2,4,16,awqpe,margin,0.14296000221761357,0.811288276007261,0.7396269584554308,0.8621359223300971,0.8435275080906149,0.9255663430420712,0.01860841423948212,0.013345469255663437,0.023628640776699034,0.22682445759368752,research/results/p4_information_study/20260926T212553Z,PRELIMINARY
4-4,8,2,4,16,awqpe,p_chunk_correct,0.14275518349438135,0.8251906544530753,0.7540196037828184,0.8642394822006473,0.8435275080906149,0.9255663430420712,0.02071197411003234,0.015117313915857614,0.026013349514563112,0.2524654832347139,research/results/p4_information_study/20260926T212553Z,PRELIMINARY
4-4,8,2,4,16,awqpe,legacy_cw,0.14850783900523587,0.8195663582760853,0.7462305781484677,0.8643203883495145,0.8435275080906149,0.9255663430420712,0.020792880258899582,0.015398462783171528,0.026298543689320393,0.2534516765285986,research/results/p4_information_study/20260926T212553Z,PRELIMINARY
4-4,8,2,4,16,awqpe_eps_safe,ratio,0.20767137583290976,0.8034537674407036,0.7404615434514671,0.8966019417475728,0.8673139158576052,0.9514563106796117,0.029288025889967595,0.02309263754045308,0.03478964401294499,0.34807692307692256,research/results/p4_information_study/20260926T212553Z,PRELIMINARY
4-4,8,2,4,16,awqpe_eps_safe,entropy,0.23982240583840805,0.8398027431788744,0.7731682981753256,0.9059061488673139,0.8673139158576052,0.9514563106796117,0.03859223300970871,0.032639563106796124,0.04470266990291262,0.4586538461538458,research/results/p4_information_study/20260926T212553Z,PRELIMINARY
4-4,8,2,4,16,awqpe_eps_safe,local_post_sd,0.23536782758338476,0.847362486442079,0.7705781687769708,0.9079288025889968,0.8673139158576052,0.9514563106796117,0.040614886731391575,0.03421925566343043,0.04729166666666667,0.4826923076923076,research/results/p4_information_study/20260926T212553Z,PRELIMINARY
4-4,8,2,4,16,awqpe_eps_safe,chunk_risk,0.20544402966970104,0.8163991288732129,0.7549203963809236,0.9004045307443366,0.8673139158576052,0.9514563106796117,0.03309061488673137,0.02714199029126214,0.03915857605177994,0.39326923076923054,research/results/p4_information_study/20260926T212553Z,PRELIMINARY
4-4,8,2,4,16,awqpe_eps_safe,boundary_risk,0.20367932179902276,0.8191705602982101,0.7625359482777261,0.8999190938511327,0.8673139158576052,0.9514563106796117,0.03260517799352747,0.026775889967637547,0.039120145631067964,0.3874999999999995,research/results/p4_information_study/20260926T212553Z,PRELIMINARY
4-4,8,2,4,16,awqpe_eps_safe,eig_phi,0.2425735455053346,0.8056988153748282,0.6876901667752966,0.8982200647249191,0.8673139158576052,0.9514563106796117,0.03090614886731391,0.025442961165048548,0.03710153721682848,0.3673076923076922,research/results/p4_information_study/20260926T212553Z,PRELIMINARY
4-4,8,2,4,16,awqpe_eps_safe,eig_cell,0.2808001499731862,0.907581175562593,0.8309789978654986,0.920388349514563,0.8673139158576052,0.9514563106796117,0.05307443365695785,0.045345873786407774,0.06133090614886732,0.6307692307692299,research/results/p4_information_study/20260926T212553Z,PRELIMINARY
4-4,8,2,4,16,awqpe_eps_safe,fisher_phi,-0.11748997202185966,0.2677207517121551,0.19227231727772304,0.827831715210356,0.8673139158576052,0.9514563106796117,-0.039482200647249166,-0.04734627831715209,-0.033048139158576045,-0.46923076923076895,research/results/p4_information_study/20260926T212553Z,PRELIMINARY
4-4,8,2,4,16,awqpe_eps_safe,c1,0.22784483799652633,0.825475697948756,0.7603215189247797,0.9024271844660194,0.8673139158576052,0.9514563106796117,0.03511326860841424,0.02912216828478965,0.04127427184466018,0.4173076923076923,research/results/p4_information_study/20260926T212553Z,PRELIMINARY
4-4,8,2,4,16,awqpe_eps_safe,margin,0.20767137583290976,0.8034537674407036,0.7404615434514671,0.8966019417475728,0.8673139158576052,0.9514563106796117,0.029288025889967595,0.02309263754045308,0.03478964401294499,0.34807692307692256,research/results/p4_information_study/20260926T212553Z,PRELIMINARY
4-4,8,2,4,16,awqpe_eps_safe,p_chunk_correct,0.20538961791382804,0.81636881664561,0.7549258021369726,0.9004045307443366,0.8673139158576052,0.9514563106796117,0.03309061488673137,0.02714199029126214,0.03915857605177994,0.39326923076923054,research/results/p4_information_study/20260926T212553Z,PRELIMINARY
4-4,8,2,4,16,awqpe_eps_safe,legacy_cw,0.21325198062489112,0.8111486527186377,0.7474747396742337,0.898948220064725,0.8673139158576052,0.9514563106796117,0.03163430420711977,0.02540048543689321,0.037502022653721684,0.3759615384615388,research/results/p4_information_study/20260926T212553Z,PRELIMINARY
4-4,8,2,4,16,likelihood,ratio,0.1727554240963342,0.7636712815486401,0.7648289412852519,0.9754045307443365,0.9470873786407767,0.997411003236246,0.028317152103559784,0.023373786407766987,0.03378033980582524,0.5627009646302236,research/results/p4_information_study/20260926T212553Z,PRELIMINARY
4-4,8,2,4,16,likelihood,entropy,0.19470245297145397,0.7914388017642735,0.7878906611188164,0.9791262135922331,0.9470873786407767,0.997411003236246,0.03203883495145632,0.027018608414239486,0.03742111650485437,0.636655948553055,research/results/p4_information_study/20260926T212553Z,PRELIMINARY
4-4,8,2,4,16,likelihood,local_post_sd,0.21470375224040122,0.8159526464101936,0.8018319463707814,0.9814724919093851,0.9470873786407767,0.997411003236246,0.03438511326860838,0.029407362459546935,0.04005258899676375,0.6832797427652728,research/results/p4_information_study/20260926T212553Z,PRELIMINARY
4-4,8,2,4,16,likelihood,chunk_risk,0.1607532691435221,0.764391448174467,0.7647676837725381,0.975,0.9470873786407767,0.997411003236246,0.027912621359223233,0.022872168284789655,0.03321804207119741,0.5546623794212207,research/results/p4_information_study/20260926T212553Z,PRELIMINARY
4-4,8,2,4,16,likelihood,boundary_risk,0.1538713491294969,0.7556194560156825,0.7669070735090152,0.9742718446601941,0.9470873786407767,0.997411003236246,0.027184466019417375,0.022287621359223308,0.032566747572815545,0.5401929260450142,research/results/p4_information_study/20260926T212553Z,PRELIMINARY
4-4,8,2,4,16,likelihood,eig_phi,0.31530583087109443,0.8245659764763539,0.7532304669440592,0.972168284789644,0.9470873786407767,0.997411003236246,0.025080906148867266,0.020546116504854384,0.030463187702265387,0.49839228295819854,research/results/p4_information_study/20260926T212553Z,PRELIMINARY
4-4,8,2,4,16,likelihood,eig_cell,0.2710196856567413,0.8990723474638569,0.8912101248266296,0.9894822006472492,0.9470873786407767,0.997411003236246,0.04239482200647249,0.0373361650485437,0.04927588996763754,0.8424437299035371,research/results/p4_information_study/20260926T212553Z,PRELIMINARY
4-4,8,2,4,16,likelihood,fisher_phi,0.05148011943828957,0.28148603283508944,0.11054900601017106,0.9077669902912622,0.9470873786407767,0.997411003236246,-0.03932038834951457,-0.046571601941747545,-0.033009708737864046,-0.7813504823151128,research/results/p4_information_study/20260926T212553Z,PRELIMINARY
4-4,8,2,4,16,likelihood,c1,0.18625195485982293,0.7809746385689782,0.7791747572815534,0.9777508090614887,0.9470873786407767,0.997411003236246,0.030663430420711957,0.025477346278317155,0.03612661812297734,0.6093247588424435,research/results/p4_information_study/20260926T212553Z,PRELIMINARY
4-4,8,2,4,16,likelihood,margin,0.1727554240963342,0.7636712815486401,0.7648289412852519,0.9754045307443365,0.9470873786407767,0.997411003236246,0.028317152103559784,0.023373786407766987,0.03378033980582524,0.5627009646302236,research/results/p4_information_study/20260926T212553Z,PRELIMINARY
4-4,8,2,4,16,likelihood,p_chunk_correct,0.16072372538533225,0.7643814628767459,0.7647653721682848,0.975,0.9470873786407767,0.997411003236246,0.027912621359223233,0.022872168284789655,0.03321804207119741,0.5546623794212207,research/results/p4_information_study/20260926T212553Z,PRELIMINARY
4-4,8,2,4,16,likelihood,legacy_cw,0.17566358611779198,0.7705104753736829,0.7704588534442903,0.9763754045307443,0.9470873786407767,0.997411003236246,0.029288025889967595,0.024101941747572818,0.03458940129449838,0.5819935691318321,research/results/p4_information_study/20260926T212553Z,PRELIMINARY
4-4,8,2,16,16,awqpe,ratio,0.12179114197555654,0.8735692464922314,0.8154430053567256,0.8975728155339806,0.8866504854368932,0.9279935275080906,0.01092233009708743,0.006877022653721686,0.015376213592233007,0.26418786692759405,research/results/p4_information_study/20260926T212553Z,PRELIMINARY
4-4,8,2,16,16,awqpe,entropy,0.09958519595824737,0.8165669193177629,0.702808732358073,0.8970064724919093,0.8866504854368932,0.9279935275080906,0.01035598705501617,0.006587783171521039,0.014724919093851136,0.25048923679060625,research/results/p4_information_study/20260926T212553Z,PRELIMINARY
4-4,8,2,16,16,awqpe,local_post_sd,-0.10577069818444473,0.18735912819890438,0.24581321558582225,0.8784789644012945,0.8866504854368932,0.9279935275080906,-0.008171521035598706,-0.01218244336569579,-0.004484223300970875,-0.19765166340508797,research/results/p4_information_study/20260926T212553Z,PRELIMINARY
4-4,8,2,16,16,awqpe,chunk_risk,0.11373871263520544,0.8633054510847001,0.8103297672783335,0.8969255663430421,0.8866504854368932,0.9279935275080906,0.010275080906148926,0.006336974110032367,0.014563106796116512,0.24853228962818133,research/results/p4_information_study/20260926T212553Z,PRELIMINARY
4-4,8,2,16,16,awqpe,boundary_risk,0.12066319405558229,0.8776073925362721,0.8127690100430416,0.8977346278317152,0.8866504854368932,0.9279935275080906,0.011084142394822027,0.0075242718446601985,0.015495550161812298,0.26810176125244656,research/results/p4_information_study/20260926T212553Z,PRELIMINARY
4-4,8,2,16,16,awqpe,eig_phi,0.002895659694548861,0.39396722338501844,0.22537991697402873,0.8715210355987055,0.8866504854368932,0.9279935275080906,-0.015129449838187647,-0.01913632686084142,-0.01132281553398058,-0.3659491193737754,research/results/p4_information_study/20260926T212553Z,PRELIMINARY
4-4,8,2,16,16,awqpe,eig_cell,0.08968696398771736,0.6959031378321455,0.46944176935725845,0.884789644012945,0.8866504854368932,0.9279935275080906,-0.0018608414239481563,-0.0059061488673139125,0.0024817961165048428,-0.04500978473581057,research/results/p4_information_study/20260926T212553Z,PRELIMINARY
4-4,8,2,16,16,awqpe,fisher_phi,-0.064250223106425,0.20523579224617197,0.18486053514846187,0.8689320388349514,0.8866504854368932,0.9279935275080906,-0.017718446601941773,-0.021929611650485438,-0.013792475728155338,-0.42857142857142894,research/results/p4_information_study/20260926T212553Z,PRELIMINARY
4-4,8,2,16,16,awqpe,c1,0.11697421851403017,0.8664622902587962,0.784320276724121,0.898948220064725,0.8866504854368932,0.9279935275080906,0.012297734627831791,0.008695388349514563,0.01679004854368932,0.29745596868884705,research/results/p4_information_study/20260926T212553Z,PRELIMINARY
4-4,8,2,16,16,awqpe,margin,0.1213685714980275,0.8744377840742797,0.8151798641274084,0.8976537216828478,0.8866504854368932,0.9279935275080906,0.011003236245954673,0.006872977346278318,0.015495550161812296,0.26614481409001894,research/results/p4_information_study/20260926T212553Z,PRELIMINARY
4-4,8,2,16,16,awqpe,p_chunk_correct,0.11373832412756354,0.8633054510847001,0.8103297672783335,0.8969255663430421,0.8866504854368932,0.9279935275080906,0.010275080906148926,0.006336974110032367,0.014563106796116512,0.24853228962818133,research/results/p4_information_study/20260926T212553Z,PRELIMINARY
4-4,8,2,16,16,awqpe,legacy_cw,0.12189318750380937,0.8743994762105907,0.8160751994304793,0.8979773462783172,0.8866504854368932,0.9279935275080906,0.01132686084142398,0.007239077669902916,0.015788834951456304,0.2739726027397267,research/results/p4_information_study/20260926T212553Z,PRELIMINARY
4-4,8,2,16,16,awqpe_eps_safe,ratio,0.10924258360382257,0.8167491251630312,0.7758031597777724,0.9273462783171521,0.920388349514563,0.9559870550161812,0.006957928802589053,0.002870145631067965,0.011777912621359223,0.1954545454545469,research/results/p4_information_study/20260926T212553Z,PRELIMINARY
4-4,8,2,16,16,awqpe_eps_safe,entropy,0.10776978553861921,0.8097270719627968,0.6954381714877841,0.93042071197411,0.920388349514563,0.9559870550161812,0.010032362459546973,0.006268203883495151,0.014401294498381881,0.28181818181818297,research/results/p4_information_study/20260926T212553Z,PRELIMINARY
4-4,8,2,16,16,awqpe_eps_safe,local_post_sd,-0.08671138805315808,0.2566596987793095,0.28948234396278,0.9156957928802589,0.920388349514563,0.9559870550161812,-0.004692556634304124,-0.008414239482200643,-0.0010477346278317142,-0.1318181818181794,research/results/p4_information_study/20260926T212553Z,PRELIMINARY
4-4,8,2,16,16,awqpe_eps_safe,chunk_risk,0.10433888192761748,0.8080273779453933,0.7647232831442344,0.9276699029126214,0.920388349514563,0.9559870550161812,0.00728155339805836,0.0029935275080906184,0.01213592233009709,0.20454545454545744,research/results/p4_information_study/20260926T212553Z,PRELIMINARY
4-4,8,2,16,16,awqpe_eps_safe,boundary_risk,0.10905010970055662,0.8221354033894422,0.7691622352994717,0.9289644012944984,0.920388349514563,0.9559870550161812,0.008576051779935367,0.004445792880258904,0.012864077669902916,0.24090909090909335,research/results/p4_information_study/20260926T212553Z,PRELIMINARY
4-4,8,2,16,16,awqpe_eps_safe,eig_phi,0.019262606114289555,0.4227621867495948,0.21651969347425024,0.9058252427184466,0.920388349514563,0.9559870550161812,-0.014563106796116498,-0.019174757281553392,-0.010629045307443371,-0.40909090909090867,research/results/p4_information_study/20260926T212553Z,PRELIMINARY
4-4,8,2,16,16,awqpe_eps_safe,eig_cell,0.11322395558568339,0.7311708185580718,0.48919143156207007,0.9216828478964402,0.920388349514563,0.9559870550161812,0.0012944983818771183,-0.0026355177993527437,0.005420711974110038,0.036363636363639026,research/results/p4_information_study/20260926T212553Z,PRELIMINARY
4-4,8,2,16,16,awqpe_eps_safe,fisher_phi,-0.05483783617465028,0.22596913953414194,0.17770686812321243,0.9024271844660194,0.920388349514563,0.9559870550161812,-0.017961165048543615,-0.021968042071197406,-0.013992718446601939,-0.5045454545454522,research/results/p4_information_study/20260926T212553Z,PRELIMINARY
4-4,8,2,16,16,awqpe_eps_safe,c1,0.11237595805266848,0.8264826518190305,0.7485620665632778,0.9300161812297735,0.920388349514563,0.9559870550161812,0.009627831715210422,0.005825242718446606,0.013915857605177996,0.27045454545454717,research/results/p4_information_study/20260926T212553Z,PRELIMINARY
4-4,8,2,16,16,awqpe_eps_safe,margin,0.1094359297966884,0.818433373124717,0.7715952571826656,0.927831715210356,0.920388349514563,0.9559870550161812,0.007443365695792958,0.0032746763754045323,0.011935679611650488,0.20909090909091116,research/results/p4_information_study/20260926T212553Z,PRELIMINARY
4-4,8,2,16,16,awqpe_eps_safe,p_chunk_correct,0.10433838545907259,0.8080273779453933,0.7647232831442344,0.9276699029126214,0.920388349514563,0.9559870550161812,0.00728155339805836,0.0029935275080906184,0.01213592233009709,0.20454545454545744,research/results/p4_information_study/20260926T212553Z,PRELIMINARY
4-4,8,2,16,16,awqpe_eps_safe,legacy_cw,0.10949941079754398,0.8177917967128282,0.7750329945773369,0.9277508090614887,0.920388349514563,0.9559870550161812,0.007362459546925604,0.0031088187702265403,0.012059061488673145,0.20681818181818273,research/results/p4_information_study/20260926T212553Z,PRELIMINARY
4-4,8,2,16,16,likelihood,ratio,0.07722715225819615,0.7379233905783592,0.602974828375286,0.9986245954692556,0.998462783171521,1.0,0.00016181229773459815,-0.0005663430420711933,0.0008899676375404572,0.10526315789471784,research/results/p4_information_study/20260926T212553Z,PRELIMINARY
4-4,8,2,16,16,likelihood,entropy,0.09149993217211881,0.8757977945452174,0.7414187643020596,0.9991909385113269,0.998462783171521,1.0,0.0007281553398058582,0.00016181229773463185,0.0013754045307443428,0.4736842105263386,research/results/p4_information_study/20260926T212553Z,PRELIMINARY
4-4,8,2,16,16,likelihood,local_post_sd,0.039382924776047705,0.8999492512801717,0.8787185354691075,0.9996763754045307,0.998462783171521,1.0,0.0012135922330096527,0.0005663430420712008,0.0019417475728155389,0.7894736842104921,research/results/p4_information_study/20260926T212553Z,PRELIMINARY
4-4,8,2,16,16,likelihood,chunk_risk,0.07665453881513346,0.7556043855352051,0.6155606407322655,0.998705501618123,0.998462783171521,1.0,0.00024271844660195274,-0.00048543689320387935,0.0009708737864077716,0.15789473684211286,research/results/p4_information_study/20260926T212553Z,PRELIMINARY
4-4,8,2,16,16,likelihood,boundary_risk,0.07216607371671371,0.7641558972479392,0.6247139588100686,0.998705501618123,0.998462783171521,1.0,0.00024271844660195274,-0.00048543689320387935,0.0009708737864077716,0.15789473684211286,research/results/p4_information_study/20260926T212553Z,PRELIMINARY
4-4,8,2,16,16,likelihood,eig_phi,0.19821124442940405,0.9126910565953953,0.7963386727688787,0.9995145631067961,0.998462783171521,1.0,0.0010517799352750545,0.00024271844660194548,0.0018608414239482246,0.6842105263157743,research/results/p4_information_study/20260926T212553Z,PRELIMINARY
4-4,8,2,16,16,likelihood,eig_cell,0.15977479563477998,0.9674221412435551,0.8878718535469108,0.9996763754045307,0.998462783171521,1.0,0.0012135922330096527,0.0005238673139158607,0.002022653721682853,0.7894736842104921,research/results/p4_information_study/20260926T212553Z,PRELIMINARY
4-4,8,2,16,16,likelihood,fisher_phi,0.10886595628543051,0.2759179703331442,0.04805491990846682,0.9969255663430421,0.998462783171521,1.0,-0.00153721682847896,-0.0023462783171520974,-0.0009708737864077636,-1.0,research/results/p4_information_study/20260926T212553Z,PRELIMINARY
4-4,8,2,16,16,likelihood,c1,0.08101990108884195,0.8476534003404393,0.7276887871853547,0.9991909385113269,0.998462783171521,1.0,0.0007281553398058582,0.00024271844660194358,0.001456310679611653,0.4736842105263386,research/results/p4_information_study/20260926T212553Z,PRELIMINARY
4-4,8,2,16,16,likelihood,margin,0.07739958521728417,0.7695884772212257,0.6304347826086957,0.9986245954692556,0.998462783171521,1.0,0.00016181229773459815,-0.0005663430420711933,0.0008899676375404572,0.10526315789471784,research/results/p4_information_study/20260926T212553Z,PRELIMINARY
4-4,8,2,16,16,likelihood,p_chunk_correct,0.07665456384840034,0.7556043855352051,0.6155606407322655,0.998705501618123,0.998462783171521,1.0,0.00024271844660195274,-0.00048543689320387935,0.0009708737864077716,0.15789473684211286,research/results/p4_information_study/20260926T212553Z,PRELIMINARY
4-4,8,2,16,16,likelihood,legacy_cw,0.0773006714425135,0.7523532956712047,0.61441647597254,0.9986245954692556,0.998462783171521,1.0,0.00016181229773459815,-0.0005663430420711933,0.0008899676375404572,0.10526315789471784,research/results/p4_information_study/20260926T212553Z,PRELIMINARY
4-4,8,2,16,64,awqpe,ratio,0.1666342073322646,0.8522121598152324,0.7954356560370917,0.9164239482200647,0.9,0.9559870550161812,0.016423948220064655,0.012008495145631072,0.021887135922330096,0.29335260115606837,research/results/p4_information_study/20260926T212553Z,PRELIMINARY
4-4,8,2,16,64,awqpe,entropy,0.14987661382946252,0.8105005052241013,0.7274811038060737,0.9152912621359224,0.9,0.9559870550161812,0.015291262135922357,0.010879854368932042,0.01982605177993527,0.27312138728323776,research/results/p4_information_study/20260926T212553Z,PRELIMINARY
4-4,8,2,16,64,awqpe,local_post_sd,-0.1285595754481786,0.22303613145277337,0.27191231718770964,0.8856796116504855,0.9,0.9559870550161812,-0.014320388349514546,-0.018901699029126206,-0.009785598705501617,-0.2557803468208092,research/results/p4_information_study/20260926T212553Z,PRELIMINARY
4-4,8,2,16,64,awqpe,chunk_risk,0.15710380072763858,0.8418350800946882,0.7917682290501961,0.9161812297734628,0.9,0.9559870550161812,0.016181229773462813,0.011569579288025895,0.021158980582524273,0.2890173410404632,research/results/p4_information_study/20260926T212553Z,PRELIMINARY
4-4,8,2,16,64,awqpe,boundary_risk,0.1656943878384171,0.8549967990606262,0.7953312983586028,0.9175566343042071,0.9,0.9559870550161812,0.017556634304207064,0.013222087378640782,0.02281957928802589,0.31358381502890104,research/results/p4_information_study/20260926T212553Z,PRELIMINARY
4-4,8,2,16,64,awqpe,eig_phi,0.03383964167671879,0.43705186039632093,0.25168835815555257,0.8797734627831715,0.9,0.9559870550161812,-0.020226537216828544,-0.02520428802588997,-0.014955501618122986,-0.36127167630057955,research/results/p4_information_study/20260926T212553Z,PRELIMINARY
4-4,8,2,16,64,awqpe,eig_cell,0.14517137853079912,0.7281858732738716,0.5296916230600653,0.8995145631067961,0.9,0.9559870550161812,-0.0004854368932039055,-0.005629045307443364,0.003891585760517794,-0.008670520231214274,research/results/p4_information_study/20260926T212553Z,PRELIMINARY
4-4,8,2,16,64,awqpe,fisher_phi,-0.0797751853952299,0.20718411842116335,0.1460932957645691,0.8736245954692556,0.9,0.9559870550161812,-0.026375404530744384,-0.032328074433656956,-0.020584546925566348,-0.47109826589595505,research/results/p4_information_study/20260926T212553Z,PRELIMINARY
4-4,8,2,16,64,awqpe,c1,0.16613889588160358,0.848367472371265,0.7857648672421247,0.9183656957928803,0.9,0.9559870550161812,0.018365695792880277,0.013792475728155342,0.02302791262135922,0.3280346820809255,research/results/p4_information_study/20260926T212553Z,PRELIMINARY
4-4,8,2,16,64,awqpe,margin,0.16732306874033637,0.8535367952673998,0.7976905273044411,0.9169902912621359,0.9,0.9559870550161812,0.016990291262135915,0.012536407766990294,0.022495954692556632,0.3034682080924857,research/results/p4_information_study/20260926T212553Z,PRELIMINARY
4-4,8,2,16,64,awqpe,p_chunk_correct,0.15710383758189692,0.8418350800946882,0.7917682290501961,0.9161812297734628,0.9,0.9559870550161812,0.016181229773462813,0.011569579288025895,0.021158980582524273,0.2890173410404632,research/results/p4_information_study/20260926T212553Z,PRELIMINARY
4-4,8,2,16,64,awqpe,legacy_cw,0.16711159078407242,0.853480398534753,0.7970233835741014,0.9164239482200647,0.9,0.9559870550161812,0.016423948220064655,0.012055016181229774,0.022048948220064726,0.29335260115606837,research/results/p4_information_study/20260926T212553Z,PRELIMINARY
4-4,8,2,16,64,awqpe_eps_safe,ratio,0.17602390890603525,0.7971704385049491,0.7857105517655977,0.9527508090614887,0.9380258899676376,0.9818770226537217,0.014724919093851097,0.008691343042071203,0.02046925566343043,0.3357933579335789,research/results/p4_information_study/20260926T212553Z,PRELIMINARY
4-4,8,2,16,64,awqpe_eps_safe,entropy,0.1718749578455034,0.7990604004415811,0.7386954703468465,0.9536407766990291,0.9380258899676376,0.9818770226537217,0.015614886731391553,0.009862459546925573,0.020916262135922337,0.35608856088560853,research/results/p4_information_study/20260926T212553Z,PRELIMINARY
4-4,8,2,16,64,awqpe_eps_safe,local_post_sd,-0.12583673295624342,0.28597216472468745,0.29172710996105494,0.9269417475728156,0.9380258899676376,0.9818770226537217,-0.011084142394822027,-0.01513349514563106,-0.006391585760517793,-0.2527675276752775,research/results/p4_information_study/20260926T212553Z,PRELIMINARY
4-4,8,2,16,64,awqpe_eps_safe,chunk_risk,0.16861839688696847,0.7877120940314684,0.7756001855772497,0.9532362459546926,0.9380258899676376,0.9818770226537217,0.015210355987055002,0.009014967637540458,0.020835355987055024,0.3468634686346864,research/results/p4_information_study/20260926T212553Z,PRELIMINARY
4-4,8,2,16,64,awqpe_eps_safe,boundary_risk,0.17511603982777305,0.801041460034901,0.7819941059619959,0.9536407766990291,0.9380258899676376,0.9818770226537217,0.015614886731391553,0.009466019417475734,0.021563511326860848,0.35608856088560853,research/results/p4_information_study/20260926T212553Z,PRELIMINARY
4-4,8,2,16,64,awqpe_eps_safe,eig_phi,0.049421621134536825,0.46385686994920095,0.2296436786115685,0.9176375404530744,0.9380258899676376,0.9818770226537217,-0.020388349514563142,-0.02605582524271844,-0.014844255663430419,-0.4649446494464958,research/results/p4_information_study/20260926T212553Z,PRELIMINARY
4-4,8,2,16,64,awqpe_eps_safe,eig_cell,0.18064410880865114,0.7547625028389408,0.5458209179539455,0.941747572815534,0.9380258899676376,0.9818770226537217,0.0037216828478964237,-0.002022653721682841,0.009269822006472498,0.08487084870848681,research/results/p4_information_study/20260926T212553Z,PRELIMINARY
4-4,8,2,16,64,awqpe_eps_safe,fisher_phi,-0.0789687919797539,0.22645880229760149,0.10956408949528215,0.9097087378640777,0.9380258899676376,0.9818770226537217,-0.028317152103559895,-0.03438511326860841,-0.022071197411003243,-0.6457564575645769,research/results/p4_information_study/20260926T212553Z,PRELIMINARY
4-4,8,2,16,64,awqpe_eps_safe,c1,0.17989743086387805,0.8060795018413586,0.7749026372879584,0.9547734627831715,0.9380258899676376,0.9818770226537217,0.016747572815533962,0.011446197411003238,0.021887135922330107,0.38191881918819187,research/results/p4_information_study/20260926T212553Z,PRELIMINARY
4-4,8,2,16,64,awqpe_eps_safe,margin,0.17720417366956723,0.7992347796838211,0.7853299223712068,0.9531553398058252,0.9380258899676376,0.9818770226537217,0.015129449838187647,0.00934263754045308,0.020792880258899686,0.345018450184501,research/results/p4_information_study/20260926T212553Z,PRELIMINARY
4-4,8,2,16,64,awqpe_eps_safe,p_chunk_correct,0.16861843605021234,0.7877120940314684,0.7756001855772497,0.9532362459546926,0.9380258899676376,0.9818770226537217,0.015210355987055002,0.009014967637540458,0.020835355987055024,0.3468634686346864,research/results/p4_information_study/20260926T212553Z,PRELIMINARY
4-4,8,2,16,64,awqpe_eps_safe,legacy_cw,0.1767037805945655,0.7986734600004025,0.7865796283227476,0.9529935275080906,0.9380258899676376,0.9818770226537217,0.01496763754045305,0.008925970873786415,0.020754449838187708,0.34132841328413266,research/results/p4_information_study/20260926T212553Z,PRELIMINARY
4-4,8,2,16,64,likelihood,ratio,0.08822226010501416,0.6447277031959766,0.6399147727272727,0.9986245954692556,0.9981391585760517,1.0,0.0004854368932039055,-0.00032362459546925155,0.0013754045307443423,0.2608695652173965,research/results/p4_information_study/20260926T212553Z,PRELIMINARY
4-4,8,2,16,64,likelihood,entropy,0.11282236371413822,0.8274317103341986,0.8835227272727273,0.9995145631067961,0.9981391585760517,1.0,0.0013754045307443619,0.0005238673139158609,0.002184466019417481,0.7391304347826035,research/results/p4_information_study/20260926T212553Z,PRELIMINARY
4-4,8,2,16,64,likelihood,local_post_sd,0.06756828992085293,0.8554434012005191,0.8522727272727273,0.9995145631067961,0.9981391585760517,1.0,0.0013754045307443619,0.0006856796116504885,0.0022269417475728184,0.7391304347826035,research/results/p4_information_study/20260926T212553Z,PRELIMINARY
4-4,8,2,16,64,likelihood,chunk_risk,0.08787488073471839,0.6637798608857884,0.703125,0.9988673139158576,0.9981391585760517,1.0,0.0007281553398058582,-8.090614886730824e-05,0.0016181229773462816,0.39130434782609474,research/results/p4_information_study/20260926T212553Z,PRELIMINARY
4-4,8,2,16,64,likelihood,boundary_risk,0.0872468943807889,0.6740283805158988,0.7059659090909091,0.9990291262135922,0.9981391585760517,1.0,0.0008899676375404564,0.00011933656957929147,0.0016990291262135972,0.478260869565207,research/results/p4_information_study/20260926T212553Z,PRELIMINARY
4-4,8,2,16,64,likelihood,eig_phi,0.3097161163548272,0.9285100482641142,0.8352272727272727,0.9993527508090615,0.9981391585760517,1.0,0.0012135922330097637,0.0006472491909385133,0.001860841423948226,0.6521739130434913,research/results/p4_information_study/20260926T212553Z,PRELIMINARY
4-4,8,2,16,64,likelihood,eig_cell,0.22769235342992808,0.9653722724691759,0.9417613636363636,1.0,0.9981391585760517,1.0,0.0018608414239482673,0.0010517799352750827,0.002793284789644017,1.0,research/results/p4_information_study/20260926T212553Z,PRELIMINARY
4-4,8,2,16,64,likelihood,fisher_phi,0.18154552743650304,0.3003110297696301,0.07741477272727272,0.9962783171521036,0.9981391585760517,1.0,-0.0018608414239481563,-0.002793284789644007,-0.001051779935275077,-0.9999999999999404,research/results/p4_information_study/20260926T212553Z,PRELIMINARY
4-4,8,2,16,64,likelihood,c1,0.09683182889281274,0.7430823126216742,0.8018465909090909,0.9994336569579289,0.9981391585760517,1.0,0.0012944983818771183,0.0005238673139158612,0.0020226537216828542,0.6956521739130772,research/results/p4_information_study/20260926T212553Z,PRELIMINARY
4-4,8,2,16,64,likelihood,margin,0.09033069935398769,0.675487203926022,0.7038352272727273,0.998948220064725,0.9981391585760517,1.0,0.0008090614886732128,8.09061488673174e-05,0.0016181229773462816,0.4347826086956807,research/results/p4_information_study/20260926T212553Z,PRELIMINARY
4-4,8,2,16,64,likelihood,p_chunk_correct,0.0878749364280154,0.6637798608857884,0.703125,0.9988673139158576,0.9981391585760517,1.0,0.0007281553398058582,-8.090614886730824e-05,0.0016181229773462816,0.39130434782609474,research/results/p4_information_study/20260926T212553Z,PRELIMINARY
4-4,8,2,16,64,likelihood,legacy_cw,0.0893410382859787,0.6629547574626866,0.6818181818181818,0.9988673139158576,0.9981391585760517,1.0,0.0007281553398058582,-8.090614886730824e-05,0.0016181229773462816,0.39130434782609474,research/results/p4_information_study/20260926T212553Z,PRELIMINARY
4-4,8,2,64,64,awqpe,ratio,0.10982742002709621,0.8830595301183537,0.8575348075348075,0.9362459546925567,0.9288025889967637,0.9555016181229773,0.007443365695792958,0.004326456310679615,0.011165048543689323,0.27878787878788186,research/results/p4_information_study/20260926T212553Z,PRELIMINARY
4-4,8,2,64,64,awqpe,entropy,0.10576604487482323,0.8526240649943072,0.7511261261261262,0.9373786407766991,0.9288025889967637,0.9555016181229773,0.008576051779935367,0.005212378640776703,0.012220873786407767,0.32121212121212483,research/results/p4_information_study/20260926T212553Z,PRELIMINARY
4-4,8,2,64,64,awqpe,local_post_sd,-0.09790645282188351,0.18288592596551073,0.28923598923598925,0.920873786407767,0.9288025889967637,0.9555016181229773,-0.007928802588996753,-0.011207524271844654,-0.00497370550161812,-0.2969696969696967,research/results/p4_information_study/20260926T212553Z,PRELIMINARY
4-4,8,2,64,64,awqpe,chunk_risk,0.1054946770919034,0.8634338738144967,0.8432724932724933,0.9364077669902913,0.9288025889967637,0.9555016181229773,0.0076051779935275565,0.004083737864077672,0.01148867313915858,0.2848484848484868,research/results/p4_information_study/20260926T212553Z,PRELIMINARY
4-4,8,2,64,64,awqpe,boundary_risk,0.11174856471618427,0.8894180883800261,0.8626418626418626,0.9362459546925567,0.9288025889967637,0.9555016181229773,0.007443365695792958,0.004207119741100326,0.011207524271844661,0.27878787878788186,research/results/p4_information_study/20260926T212553Z,PRELIMINARY
4-4,8,2,64,64,awqpe,eig_phi,0.0029451924654012585,0.28904349233068954,0.23047268047268046,0.9189320388349514,0.9288025889967637,0.9555016181229773,-0.009870550161812264,-0.013311084142394819,-0.0070772653721682816,-0.3696969696969686,research/results/p4_information_study/20260926T212553Z,PRELIMINARY
4-4,8,2,64,64,awqpe,eig_cell,0.06261650313479074,0.5616439474570962,0.43531356031356033,0.9246763754045307,0.9288025889967637,0.9555016181229773,-0.004126213592232975,-0.00619134304207119,-0.0021844660194174706,-0.1545454545454533,research/results/p4_information_study/20260926T212553Z,PRELIMINARY
4-4,8,2,64,64,awqpe,fisher_phi,-0.024192044084636082,0.22380907848035875,0.18166315666315666,0.9189320388349514,0.9288025889967637,0.9555016181229773,-0.009870550161812264,-0.013311084142394819,-0.0070772653721682816,-0.3696969696969686,research/results/p4_information_study/20260926T212553Z,PRELIMINARY
4-4,8,2,64,64,awqpe,c1,0.11576848352542866,0.8930343467540699,0.8453989703989704,0.9369741100323624,0.9288025889967637,0.9555016181229773,0.008171521035598706,0.005177993527508095,0.011692961165048543,0.3060606060606062,research/results/p4_information_study/20260926T212553Z,PRELIMINARY
4-4,8,2,64,64,awqpe,margin,0.11063767177607475,0.8846115022585611,0.8592342342342343,0.9361650485436893,0.9288025889967637,0.9555016181229773,0.007362459546925604,0.004045307443365701,0.011126618122977348,0.27575757575757726,research/results/p4_information_study/20260926T212553Z,PRELIMINARY
4-4,8,2,64,64,awqpe,p_chunk_correct,0.1054946770919034,0.8634338738144967,0.8432724932724933,0.9364077669902913,0.9288025889967637,0.9555016181229773,0.0076051779935275565,0.004083737864077672,0.01148867313915858,0.2848484848484868,research/results/p4_information_study/20260926T212553Z,PRELIMINARY
4-4,8,2,64,64,awqpe,legacy_cw,0.11250419898831202,0.8835367745402347,0.857996957996958,0.9362459546925567,0.9288025889967637,0.9555016181229773,0.007443365695792958,0.004326456310679615,0.011165048543689323,0.27878787878788186,research/results/p4_information_study/20260926T212553Z,PRELIMINARY
4-4,8,2,64,64,awqpe_eps_safe,ratio,0.09530313953550938,0.7949091137807409,0.7652190524707081,0.9735436893203884,0.970873786407767,0.9859223300970874,0.002669902912621369,-0.0002427184466019358,0.005548139158576052,0.17741935483871016,research/results/p4_information_study/20260926T212553Z,PRELIMINARY
4-4,8,2,64,64,awqpe_eps_safe,entropy,0.09631457982527956,0.8472498270331468,0.7582144676515538,0.9758899676375404,0.970873786407767,0.9859223300970874,0.005016181229773431,0.0029126213592233054,0.007686084142394829,0.3333333333333309,research/results/p4_information_study/20260926T212553Z,PRELIMINARY
4-4,8,2,64,64,awqpe_eps_safe,local_post_sd,-0.09039665689566985,0.17007799232656143,0.27106469689251145,0.9661812297734628,0.970873786407767,0.9859223300970874,-0.004692556634304235,-0.00724312297734627,-0.002993527508090608,-0.3118279569892488,research/results/p4_information_study/20260926T212553Z,PRELIMINARY
4-4,8,2,64,64,awqpe_eps_safe,chunk_risk,0.09423031232875198,0.7799779860368576,0.747682119205298,0.9731391585760518,0.970873786407767,0.9859223300970874,0.0022653721682848182,-0.000889967637540446,0.0051395631067961195,0.1505376344086039,research/results/p4_information_study/20260926T212553Z,PRELIMINARY
4-4,8,2,64,64,awqpe_eps_safe,boundary_risk,0.09614013349913506,0.8023819108120007,0.7730514518593988,0.973462783171521,0.970873786407767,0.9859223300970874,0.0025889967637540146,-0.0010133495145631007,0.005501618122977352,0.17204301075268594,research/results/p4_information_study/20260926T212553Z,PRELIMINARY
4-4,8,2,64,64,awqpe_eps_safe,eig_phi,0.015576909468115626,0.2627611799484244,0.1958227203260316,0.9642394822006473,0.970873786407767,0.9859223300970874,-0.0066343042071197456,-0.00922330097087378,-0.004565129449838188,-0.44086021505376327,research/results/p4_information_study/20260926T212553Z,PRELIMINARY
4-4,8,2,64,64,awqpe_eps_safe,eig_cell,0.0844641438138949,0.6280671740361029,0.41058329088130413,0.9674757281553398,0.970873786407767,0.9859223300970874,-0.0033980582524272274,-0.005347896440129448,-0.0018183656957928783,-0.22580645161290586,research/results/p4_information_study/20260926T212553Z,PRELIMINARY
4-4,8,2,64,64,awqpe_eps_safe,fisher_phi,-0.0002641968049720373,0.24714227309893705,0.1697019867549669,0.9642394822006473,0.970873786407767,0.9859223300970874,-0.0066343042071197456,-0.00922330097087378,-0.004565129449838188,-0.44086021505376327,research/results/p4_information_study/20260926T212553Z,PRELIMINARY
4-4,8,2,64,64,awqpe_eps_safe,c1,0.09957579475068155,0.8204726712371847,0.7795720835455935,0.9739482200647249,0.970873786407767,0.9859223300970874,0.00307443365695792,-8.495145631067573e-05,0.005948624595469257,0.2043010752688164,research/results/p4_information_study/20260926T212553Z,PRELIMINARY
4-4,8,2,64,64,awqpe_eps_safe,margin,0.09610431273123081,0.7979492420906975,0.7685175751400917,0.9733818770226538,0.970873786407767,0.9859223300970874,0.002508090614886771,-0.000932443365695787,0.0054288025889967645,0.16666666666666913,research/results/p4_information_study/20260926T212553Z,PRELIMINARY
4-4,8,2,64,64,awqpe_eps_safe,p_chunk_correct,0.09423031232875198,0.7799779860368576,0.747682119205298,0.9731391585760518,0.970873786407767,0.9859223300970874,0.0022653721682848182,-0.000889967637540446,0.0051395631067961195,0.1505376344086039,research/results/p4_information_study/20260926T212553Z,PRELIMINARY
4-4,8,2,64,64,awqpe_eps_safe,legacy_cw,0.09785521488458374,0.7964290206931254,0.768046357615894,0.973705501618123,0.970873786407767,0.9859223300970874,0.0028317152103559673,-0.00012338187702264867,0.005663430420711981,0.1881720430107512,research/results/p4_information_study/20260926T212553Z,PRELIMINARY
4-4,8,2,64,64,likelihood,ratio,0.019242249212857696,,,1.0,1.0,1.0,0.0,0.0,0.0,,research/results/p4_information_study/20260926T212553Z,PRELIMINARY
4-4,8,2,64,64,likelihood,entropy,0.023197145642031198,,,1.0,1.0,1.0,0.0,0.0,0.0,,research/results/p4_information_study/20260926T212553Z,PRELIMINARY
4-4,8,2,64,64,likelihood,local_post_sd,0.02458819290975747,,,1.0,1.0,1.0,0.0,0.0,0.0,,research/results/p4_information_study/20260926T212553Z,PRELIMINARY
4-4,8,2,64,64,likelihood,chunk_risk,0.0006541268082168734,,,1.0,1.0,1.0,0.0,0.0,0.0,,research/results/p4_information_study/20260926T212553Z,PRELIMINARY
4-4,8,2,64,64,likelihood,boundary_risk,0.019415954150023614,,,1.0,1.0,1.0,0.0,0.0,0.0,,research/results/p4_information_study/20260926T212553Z,PRELIMINARY
4-4,8,2,64,64,likelihood,eig_phi,0.15339042448182175,,,1.0,1.0,1.0,0.0,0.0,0.0,,research/results/p4_information_study/20260926T212553Z,PRELIMINARY
4-4,8,2,64,64,likelihood,eig_cell,0.03807864134603957,,,1.0,1.0,1.0,0.0,0.0,0.0,,research/results/p4_information_study/20260926T212553Z,PRELIMINARY
4-4,8,2,64,64,likelihood,fisher_phi,0.07487010000616291,,,1.0,1.0,1.0,0.0,0.0,0.0,,research/results/p4_information_study/20260926T212553Z,PRELIMINARY
4-4,8,2,64,64,likelihood,c1,0.02063213252858214,,,1.0,1.0,1.0,0.0,0.0,0.0,,research/results/p4_information_study/20260926T212553Z,PRELIMINARY
4-4,8,2,64,64,likelihood,margin,0.019581218461194563,,,1.0,1.0,1.0,0.0,0.0,0.0,,research/results/p4_information_study/20260926T212553Z,PRELIMINARY
4-4,8,2,64,64,likelihood,p_chunk_correct,0.0006541268082168734,,,1.0,1.0,1.0,0.0,0.0,0.0,,research/results/p4_information_study/20260926T212553Z,PRELIMINARY
4-4,8,2,64,64,likelihood,legacy_cw,0.0014652965039908816,,,1.0,1.0,1.0,0.0,0.0,0.0,,research/results/p4_information_study/20260926T212553Z,PRELIMINARY
4-4,8,2,64,256,awqpe,ratio,0.150552241234608,0.8763763893497014,0.856057168784029,0.9384304207119741,0.9276699029126214,0.9624595469255663,0.01076051779935272,0.00549352750809062,0.016810275080906135,0.3093023255813949,research/results/p4_information_study/20260926T212553Z,PRELIMINARY
4-4,8,2,64,256,awqpe,entropy,0.13247530925137568,0.8333156890650648,0.7386635313416167,0.9393203883495146,0.9276699029126214,0.9624595469255663,0.011650485436893177,0.006834546925566347,0.016909385113268616,0.3348837209302323,research/results/p4_information_study/20260926T212553Z,PRELIMINARY
4-4,8,2,64,256,awqpe,local_post_sd,-0.11506491000318742,0.20616836342681522,0.30431994276141283,0.9179611650485436,0.9276699029126214,0.9624595469255663,-0.009708737864077777,-0.014767394822006471,-0.005258899676375401,-0.27906976744186396,research/results/p4_information_study/20260926T212553Z,PRELIMINARY
4-4,8,2,64,256,awqpe,chunk_risk,0.14423012743609684,0.8569179901686865,0.8415337498254921,0.9377022653721683,0.9276699029126214,0.9624595469255663,0.010032362459546862,0.004407362459546931,0.016512944983818768,0.2883720930232544,research/results/p4_information_study/20260926T212553Z,PRELIMINARY
4-4,8,2,64,256,awqpe,boundary_risk,0.1510603779358448,0.8806406179059127,0.8586049839452743,0.9383495145631068,0.9276699029126214,0.9624595469255663,0.010679611650485366,0.005378236245954696,0.016427993527508095,0.3069767441860449,research/results/p4_information_study/20260926T212553Z,PRELIMINARY
4-4,8,2,64,256,awqpe,eig_phi,0.01953741829311984,0.30932785160479165,0.2308782981990786,0.9140776699029126,0.9276699029126214,0.9624595469255663,-0.013592233009708798,-0.01913632686084142,-0.008533576051779936,-0.390697674418607,research/results/p4_information_study/20260926T212553Z,PRELIMINARY
4-4,8,2,64,256,awqpe,eig_cell,0.0811545239476404,0.5324555855568749,0.41432971520312717,0.9233818770226537,0.9276699029126214,0.9624595469255663,-0.004288025889967684,-0.00821399676375404,-0.0006472491909385104,-0.12325581395348989,research/results/p4_information_study/20260926T212553Z,PRELIMINARY
4-4,8,2,64,256,awqpe,fisher_phi,-0.02144854023483062,0.23642328126637097,0.1706599888314952,0.9140776699029126,0.9276699029126214,0.9624595469255663,-0.013592233009708798,-0.01913632686084142,-0.008533576051779936,-0.390697674418607,research/results/p4_information_study/20260926T212553Z,PRELIMINARY
4-4,8,2,64,256,awqpe,c1,0.15053177679873592,0.8770609687685538,0.8339317499650984,0.9387540453074433,0.9276699029126214,0.9624595469255663,0.011084142394821916,0.005825242718446606,0.017113673139158576,0.3186046511627886,research/results/p4_information_study/20260926T212553Z,PRELIMINARY
4-4,8,2,64,256,awqpe,margin,0.15060396243205754,0.8765008087259456,0.8556797954767555,0.9383495145631068,0.9276699029126214,0.9624595469255663,0.010679611650485366,0.005378236245954695,0.016721278317152095,0.3069767441860449,research/results/p4_information_study/20260926T212553Z,PRELIMINARY
4-4,8,2,64,256,awqpe,p_chunk_correct,0.14423012743609684,0.8569179901686865,0.8415337498254921,0.9377022653721683,0.9276699029126214,0.9624595469255663,0.010032362459546862,0.004407362459546931,0.016512944983818768,0.2883720930232544,research/results/p4_information_study/20260926T212553Z,PRELIMINARY
4-4,8,2,64,256,awqpe,legacy_cw,0.1540367823027178,0.8765740688191946,0.8562120445344129,0.9384304207119741,0.9276699029126214,0.9624595469255663,0.01076051779935272,0.00549352750809062,0.016810275080906135,0.3093023255813949,research/results/p4_information_study/20260926T212553Z,PRELIMINARY
4-4,8,2,64,256,awqpe_eps_safe,ratio,0.15576707853131389,0.7937608006912442,0.7905973882536382,0.9793689320388349,0.9716019417475729,0.9925566343042072,0.007766990291262044,0.002627427184466023,0.012382686084142397,0.3706563706563665,research/results/p4_information_study/20260926T212553Z,PRELIMINARY
4-4,8,2,64,256,awqpe_eps_safe,entropy,0.1503892958267277,0.829141768369879,0.7594285992723493,0.9813915857605178,0.9716019417475729,0.9925566343042072,0.00978964401294491,0.0054591423948220094,0.014524676375404532,0.4671814671814639,research/results/p4_information_study/20260926T212553Z,PRELIMINARY
4-4,8,2,64,256,awqpe_eps_safe,local_post_sd,-0.13514628677937662,0.1960309635640857,0.28349142411642414,0.9635922330097088,0.9716019417475729,0.9925566343042072,-0.008009708737864107,-0.012710355987055012,-0.003313106796116505,-0.3822393822393839,research/results/p4_information_study/20260926T212553Z,PRELIMINARY
4-4,8,2,64,256,awqpe_eps_safe,chunk_risk,0.1536508148415432,0.7780552900440574,0.7581860706860707,0.9791262135922331,0.9716019417475729,0.9925566343042072,0.007524271844660202,0.001980177993527514,0.01217839805825243,0.3590733590733597,research/results/p4_information_study/20260926T212553Z,PRELIMINARY
4-4,8,2,64,256,awqpe_eps_safe,boundary_risk,0.15614425752958155,0.7974791265761888,0.7920023388773388,0.9791262135922331,0.9716019417475729,0.9925566343042072,0.007524271844660202,0.002061084142394826,0.012259304207119745,0.3590733590733597,research/results/p4_information_study/20260926T212553Z,PRELIMINARY
4-4,8,2,64,256,awqpe_eps_safe,eig_phi,0.027193291667413137,0.2830267730541348,0.15852390852390852,0.9587378640776699,0.9716019417475729,0.9925566343042072,-0.01286407766990294,-0.017113673139158573,-0.008614482200647245,-0.6138996138996156,research/results/p4_information_study/20260926T212553Z,PRELIMINARY
4-4,8,2,64,256,awqpe_eps_safe,eig_cell,0.11208888502141381,0.5802825666556946,0.3863451793139293,0.9664239482200647,0.9716019417475729,0.9925566343042072,-0.00517799352750814,-0.008090614886731391,-0.0019377022653721703,-0.2471042471042496,research/results/p4_information_study/20260926T212553Z,PRELIMINARY
4-4,8,2,64,256,awqpe_eps_safe,fisher_phi,-0.010172287626169266,0.24980574580949005,0.11510037681912681,0.9587378640776699,0.9716019417475729,0.9925566343042072,-0.01286407766990294,-0.017113673139158573,-0.008614482200647245,-0.6138996138996156,research/results/p4_information_study/20260926T212553Z,PRELIMINARY
4-4,8,2,64,256,awqpe_eps_safe,c1,0.15824140676823495,0.8080183065782144,0.7888757146569647,0.9792071197411003,0.9716019417475729,0.9925566343042072,0.0076051779935274455,0.002261326860841429,0.012220873786407769,0.36293436293436016,research/results/p4_information_study/20260926T212553Z,PRELIMINARY
4-4,8,2,64,256,awqpe_eps_safe,margin,0.15614925153319964,0.7947245546791918,0.7918399168399168,0.9790453074433657,0.9716019417475729,0.9925566343042072,0.007443365695792847,0.0021035598705501663,0.012097491909385116,0.35521235521235384,research/results/p4_information_study/20260926T212553Z,PRELIMINARY
4-4,8,2,64,256,awqpe_eps_safe,p_chunk_correct,0.1536508148415432,0.7780552900440574,0.7581860706860707,0.9791262135922331,0.9716019417475729,0.9925566343042072,0.007524271844660202,0.001980177993527514,0.01217839805825243,0.3590733590733597,research/results/p4_information_study/20260926T212553Z,PRELIMINARY
4-4,8,2,64,256,awqpe_eps_safe,legacy_cw,0.15946896850592995,0.7941637495568947,0.7917993113305614,0.9792071197411003,0.9716019417475729,0.9925566343042072,0.0076051779935274455,0.002465614886731396,0.012097491909385118,0.36293436293436016,research/results/p4_information_study/20260926T212553Z,PRELIMINARY
4-4,8,2,64,256,likelihood,ratio,0.07846068586163421,,,1.0,1.0,1.0,0.0,0.0,0.0,,research/results/p4_information_study/20260926T212553Z,PRELIMINARY
4-4,8,2,64,256,likelihood,entropy,0.07831893388134968,,,1.0,1.0,1.0,0.0,0.0,0.0,,research/results/p4_information_study/20260926T212553Z,PRELIMINARY
4-4,8,2,64,256,likelihood,local_post_sd,0.0005225256988137867,,,1.0,1.0,1.0,0.0,0.0,0.0,,research/results/p4_information_study/20260926T212553Z,PRELIMINARY
4-4,8,2,64,256,likelihood,chunk_risk,0.05160261417381966,,,1.0,1.0,1.0,0.0,0.0,0.0,,research/results/p4_information_study/20260926T212553Z,PRELIMINARY
4-4,8,2,64,256,likelihood,boundary_risk,0.07479007220930423,,,1.0,1.0,1.0,0.0,0.0,0.0,,research/results/p4_information_study/20260926T212553Z,PRELIMINARY
4-4,8,2,64,256,likelihood,eig_phi,0.22819007319059806,,,1.0,1.0,1.0,0.0,0.0,0.0,,research/results/p4_information_study/20260926T212553Z,PRELIMINARY
4-4,8,2,64,256,likelihood,eig_cell,0.1124574208112953,,,1.0,1.0,1.0,0.0,0.0,0.0,,research/results/p4_information_study/20260926T212553Z,PRELIMINARY
4-4,8,2,64,256,likelihood,fisher_phi,0.11166849769250999,,,1.0,1.0,1.0,0.0,0.0,0.0,,research/results/p4_information_study/20260926T212553Z,PRELIMINARY
4-4,8,2,64,256,likelihood,c1,0.07820818905708904,,,1.0,1.0,1.0,0.0,0.0,0.0,,research/results/p4_information_study/20260926T212553Z,PRELIMINARY
4-4,8,2,64,256,likelihood,margin,0.07837350466132767,,,1.0,1.0,1.0,0.0,0.0,0.0,,research/results/p4_information_study/20260926T212553Z,PRELIMINARY
4-4,8,2,64,256,likelihood,p_chunk_correct,0.05160261417381966,,,1.0,1.0,1.0,0.0,0.0,0.0,,research/results/p4_information_study/20260926T212553Z,PRELIMINARY
4-4,8,2,64,256,likelihood,legacy_cw,0.04671260992689287,,,1.0,1.0,1.0,0.0,0.0,0.0,,research/results/p4_information_study/20260926T212553Z,PRELIMINARY
4-4-4,12,3,4,4,awqpe,ratio,0.12093856079848007,0.8485546689534595,0.8098295756819724,0.8070388349514563,0.7813376483279396,0.873948220064725,0.025701186623516725,0.0199925836030205,0.03186893203883494,0.2775189283634246,research/results/p4_information_study/20260926T212553Z,PRELIMINARY
4-4-4,12,3,4,4,awqpe,entropy,0.14897250279118937,0.8788960415080271,0.8299878923520023,0.8213592233009709,0.7813376483279396,0.873948220064725,0.04002157497303127,0.034679072276159656,0.04543352211434735,0.4321490972626673,research/results/p4_information_study/20260926T212553Z,PRELIMINARY
4-4-4,12,3,4,4,awqpe,local_post_sd,0.157035812355832,0.8740540317006457,0.820340481737631,0.8275889967637541,0.7813376483279396,0.873948220064725,0.046251348435814466,0.04058252427184467,0.05168621898597627,0.4994175888177054,research/results/p4_information_study/20260926T212553Z,PRELIMINARY
4-4-4,12,3,4,4,awqpe,chunk_risk,0.12243405079274353,0.8638297697028341,0.8238953605694264,0.8088727076591153,0.7813376483279396,0.873948220064725,0.027535059331175726,0.021857470334412085,0.03322613268608414,0.2973209085614432,research/results/p4_information_study/20260926T212553Z,PRELIMINARY
4-4-4,12,3,4,4,awqpe,boundary_risk,0.12065858724555666,0.8630847016105286,0.8232444827649466,0.8108414239482201,0.7813376483279396,0.873948220064725,0.029503775620280503,0.02389023732470335,0.03524474110032362,0.3185789167152012,research/results/p4_information_study/20260926T212553Z,PRELIMINARY
4-4-4,12,3,4,4,awqpe,eig_phi,0.18262622080730498,0.8761804490401409,0.8106437232852085,0.8339805825242719,0.7813376483279396,0.873948220064725,0.05264293419633226,0.046432038834951464,0.05801375404530744,0.5684333139196273,research/results/p4_information_study/20260926T212553Z,PRELIMINARY
4-4-4,12,3,4,4,awqpe,eig_cell,0.17745016753432769,0.9234695749481756,0.8603720350021097,0.8354368932038835,0.7813376483279396,0.873948220064725,0.054099244875943864,0.04770631067961165,0.060289913700107854,0.5841584158415837,research/results/p4_information_study/20260926T212553Z,PRELIMINARY
4-4-4,12,3,4,4,awqpe,fisher_phi,-0.03451304855821785,0.3793688118927326,0.3683608812900149,0.7713592233009708,0.7813376483279396,0.873948220064725,-0.009978425026968774,-0.014414778856526426,-0.005498921251348436,-0.10774606872452012,research/results/p4_information_study/20260926T212553Z,PRELIMINARY
4-4-4,12,3,4,4,awqpe,c1,0.1384129195557276,0.8679418304313637,0.8231347801361193,0.8151294498381877,0.7813376483279396,0.873948220064725,0.033791801510248076,0.02853020496224379,0.03901227076591153,0.3648806057076292,research/results/p4_information_study/20260926T212553Z,PRELIMINARY
4-4-4,12,3,4,4,awqpe,margin,0.12093856079848007,0.8485546689534595,0.8098295756819724,0.8070388349514563,0.7813376483279396,0.873948220064725,0.025701186623516725,0.0199925836030205,0.03186893203883494,0.2775189283634246,research/results/p4_information_study/20260926T212553Z,PRELIMINARY
4-4-4,12,3,4,4,awqpe,p_chunk_correct,0.1224702412102861,0.8638333454078154,0.8239091192603327,0.8088727076591153,0.7813376483279396,0.873948220064725,0.027535059331175726,0.021857470334412085,0.03322613268608414,0.2973209085614432,research/results/p4_information_study/20260926T212553Z,PRELIMINARY
4-4-4,12,3,4,4,awqpe,legacy_cw,0.12672283776450102,0.8569876193547002,0.8162816679202363,0.8087378640776699,0.7813376483279396,0.873948220064725,0.027400215749730283,0.02166868932038835,0.0331641046386192,0.2958648806057073,research/results/p4_information_study/20260926T212553Z,PRELIMINARY
4-4-4,12,3,4,4,awqpe_eps_safe,ratio,0.12093856079848007,0.8485546689534595,0.8098295756819724,0.8070388349514563,0.7813376483279396,0.873948220064725,0.025701186623516725,0.0199925836030205,0.03186893203883494,0.2775189283634246,research/results/p4_information_study/20260926T212553Z,PRELIMINARY
4-4-4,12,3,4,4,awqpe_eps_safe,entropy,0.14897250279118937,0.8788960415080271,0.8299878923520023,0.8213592233009709,0.7813376483279396,0.873948220064725,0.04002157497303127,0.034679072276159656,0.04543352211434735,0.4321490972626673,research/results/p4_information_study/20260926T212553Z,PRELIMINARY
4-4-4,12,3,4,4,awqpe_eps_safe,local_post_sd,0.157035812355832,0.8740540317006457,0.820340481737631,0.8275889967637541,0.7813376483279396,0.873948220064725,0.046251348435814466,0.04058252427184467,0.05168621898597627,0.4994175888177054,research/results/p4_information_study/20260926T212553Z,PRELIMINARY
4-4-4,12,3,4,4,awqpe_eps_safe,chunk_risk,0.12243405079274353,0.8638297697028341,0.8238953605694264,0.8088727076591153,0.7813376483279396,0.873948220064725,0.027535059331175726,0.021857470334412085,0.03322613268608414,0.2973209085614432,research/results/p4_information_study/20260926T212553Z,PRELIMINARY
4-4-4,12,3,4,4,awqpe_eps_safe,boundary_risk,0.12065858724555666,0.8630847016105286,0.8232444827649466,0.8108414239482201,0.7813376483279396,0.873948220064725,0.029503775620280503,0.02389023732470335,0.03524474110032362,0.3185789167152012,research/results/p4_information_study/20260926T212553Z,PRELIMINARY
4-4-4,12,3,4,4,awqpe_eps_safe,eig_phi,0.18262622080730498,0.8761804490401409,0.8106437232852085,0.8339805825242719,0.7813376483279396,0.873948220064725,0.05264293419633226,0.046432038834951464,0.05801375404530744,0.5684333139196273,research/results/p4_information_study/20260926T212553Z,PRELIMINARY
4-4-4,12,3,4,4,awqpe_eps_safe,eig_cell,0.17745016753432769,0.9234695749481756,0.8603720350021097,0.8354368932038835,0.7813376483279396,0.873948220064725,0.054099244875943864,0.04770631067961165,0.060289913700107854,0.5841584158415837,research/results/p4_information_study/20260926T212553Z,PRELIMINARY
4-4-4,12,3,4,4,awqpe_eps_safe,fisher_phi,-0.03451304855821785,0.3793688118927326,0.3683608812900149,0.7713592233009708,0.7813376483279396,0.873948220064725,-0.009978425026968774,-0.014414778856526426,-0.005498921251348436,-0.10774606872452012,research/results/p4_information_study/20260926T212553Z,PRELIMINARY
4-4-4,12,3,4,4,awqpe_eps_safe,c1,0.1384129195557276,0.8679418304313637,0.8231347801361193,0.8151294498381877,0.7813376483279396,0.873948220064725,0.033791801510248076,0.02853020496224379,0.03901227076591153,0.3648806057076292,research/results/p4_information_study/20260926T212553Z,PRELIMINARY
4-4-4,12,3,4,4,awqpe_eps_safe,margin,0.12093856079848007,0.8485546689534595,0.8098295756819724,0.8070388349514563,0.7813376483279396,0.873948220064725,0.025701186623516725,0.0199925836030205,0.03186893203883494,0.2775189283634246,research/results/p4_information_study/20260926T212553Z,PRELIMINARY
4-4-4,12,3,4,4,awqpe_eps_safe,p_chunk_correct,0.1224702412102861,0.8638333454078154,0.8239091192603327,0.8088727076591153,0.7813376483279396,0.873948220064725,0.027535059331175726,0.021857470334412085,0.03322613268608414,0.2973209085614432,research/results/p4_information_study/20260926T212553Z,PRELIMINARY
4-4-4,12,3,4,4,awqpe_eps_safe,legacy_cw,0.12672283776450102,0.8569876193547002,0.8162816679202363,0.8087378640776699,0.7813376483279396,0.873948220064725,0.027400215749730283,0.02166868932038835,0.0331641046386192,0.2958648806057073,research/results/p4_information_study/20260926T212553Z,PRELIMINARY
4-4-4,12,3,4,4,likelihood,ratio,0.1165714895666412,0.7652170927668936,0.7315610818579285,0.9172869471413162,0.8857065803667744,0.9663430420711974,0.03158036677454179,0.026694983818770213,0.03688578748651563,0.3916387959866249,research/results/p4_information_study/20260926T212553Z,PRELIMINARY
4-4-4,12,3,4,4,likelihood,entropy,0.13280892004291367,0.7908917644191276,0.7586595412423076,0.9234897518878102,0.8857065803667744,0.9663430420711974,0.03778317152103583,0.03322411003236245,0.042840480043149935,0.46856187290970136,research/results/p4_information_study/20260926T212553Z,PRELIMINARY
4-4-4,12,3,4,4,likelihood,local_post_sd,0.14489262051993268,0.8160509959821102,0.7855260244127045,0.9279935275080906,0.8857065803667744,0.9663430420711974,0.0422869471413162,0.03721548004314994,0.04846413160733548,0.5244147157190645,research/results/p4_information_study/20260926T212553Z,PRELIMINARY
4-4-4,12,3,4,4,likelihood,chunk_risk,0.1114789676963693,0.7661015641699584,0.7309889589532927,0.9178263214670982,0.8857065803667744,0.9663430420711974,0.032119741100323784,0.02671183926645091,0.037612594390506994,0.39832775919732594,research/results/p4_information_study/20260926T212553Z,PRELIMINARY
4-4-4,12,3,4,4,likelihood,boundary_risk,0.11074581487333587,0.7600556047067056,0.7309347141714811,0.9166666666666666,0.8857065803667744,0.9663430420711974,0.03096008629989222,0.025911542610571735,0.03623718985976266,0.38394648829431516,research/results/p4_information_study/20260926T212553Z,PRELIMINARY
4-4-4,12,3,4,4,likelihood,eig_phi,0.2044782806963427,0.8606528570652188,0.8091202708920586,0.9323624595469255,0.8857065803667744,0.9663430420711974,0.04665587918015113,0.04147249190938511,0.0532106256742179,0.5785953177257531,research/results/p4_information_study/20260926T212553Z,PRELIMINARY
4-4-4,12,3,4,4,likelihood,eig_cell,0.1790477805667786,0.9043349889764271,0.8631656233586965,0.9411003236245955,0.8857065803667744,0.9663430420711974,0.05539374325782109,0.04983818770226537,0.06168149946062567,0.6869565217391317,research/results/p4_information_study/20260926T212553Z,PRELIMINARY
4-4-4,12,3,4,4,likelihood,fisher_phi,0.022635544178337692,0.33533802833855636,0.28891951414544365,0.8605177993527509,0.8857065803667744,0.9663430420711974,-0.025188781014023554,-0.02931634304207119,-0.021543959007551235,-0.3123745819397968,research/results/p4_information_study/20260926T212553Z,PRELIMINARY
4-4-4,12,3,4,4,likelihood,c1,0.12615692940160758,0.7803260795163118,0.7473472706259401,0.9211974110032363,0.8857065803667744,0.9663430420711974,0.035490830636461856,0.030930420711974094,0.04057510787486514,0.44013377926421543,research/results/p4_information_study/20260926T212553Z,PRELIMINARY
4-4-4,12,3,4,4,likelihood,margin,0.1165714895666412,0.7652170927668936,0.7315610818579285,0.9172869471413162,0.8857065803667744,0.9663430420711974,0.03158036677454179,0.026694983818770213,0.03688578748651563,0.3916387959866249,research/results/p4_information_study/20260926T212553Z,PRELIMINARY
4-4-4,12,3,4,4,likelihood,p_chunk_correct,0.1114468713290429,0.7661118565893458,0.7310071469095472,0.9178263214670982,0.8857065803667744,0.9663430420711974,0.032119741100323784,0.02671183926645091,0.037612594390506994,0.39832775919732594,research/results/p4_information_study/20260926T212553Z,PRELIMINARY
4-4-4,12,3,4,4,likelihood,legacy_cw,0.11847454198125792,0.7697603946134961,0.7360350000095726,0.9186353829557714,0.8857065803667744,0.9663430420711974,0.032928802588997,0.028139832793958992,0.037978694714131594,0.4083612040133804,research/results/p4_information_study/20260926T212553Z,PRELIMINARY
4-4-4,12,3,4,16,awqpe,ratio,0.17359681283516462,0.836342139819841,0.8057837604760093,0.8346278317152104,0.7928263214670982,0.912621359223301,0.041801510248112184,0.033979234088457384,0.049643338727076575,0.34894191805493013,research/results/p4_information_study/20260926T212553Z,PRELIMINARY
4-4-4,12,3,4,16,awqpe,entropy,0.19947748626267664,0.8635870265949922,0.8212126759040886,0.8454422869471414,0.7928263214670982,0.912621359223301,0.052615965480043214,0.04522249190938512,0.06021103020496225,0.43921656911301266,research/results/p4_information_study/20260926T212553Z,PRELIMINARY
4-4-4,12,3,4,16,awqpe,local_post_sd,0.19972454598582942,0.865071327904787,0.8171454490835937,0.853101402373247,0.7928263214670982,0.912621359223301,0.06027508090614886,0.052947006472491905,0.0682348975188781,0.5031517334533993,research/results/p4_information_study/20260926T212553Z,PRELIMINARY
4-4-4,12,3,4,16,awqpe,chunk_risk,0.17151010482116807,0.8496093860705445,0.8170194353749743,0.8362189859762674,0.7928263214670982,0.912621359223301,0.04339266450916923,0.035395765911542615,0.05254989212513482,0.36222422332282644,research/results/p4_information_study/20260926T212553Z,PRELIMINARY
4-4-4,12,3,4,16,awqpe,boundary_risk,0.16766506979741316,0.8506772894769704,0.8201758996094769,0.8349784250269687,0.7928263214670982,0.912621359223301,0.042152103559870535,0.034045981661272914,0.05085625674217904,0.35186852769022947,research/results/p4_information_study/20260926T212553Z,PRELIMINARY
4-4-4,12,3,4,16,awqpe,eig_phi,0.22742985112013464,0.8663888075298393,0.8085121662950955,0.8590614886731391,0.7928263214670982,0.912621359223301,0.06623516720604095,0.05854234088457389,0.07405879180151025,0.552904097253489,research/results/p4_information_study/20260926T212553Z,PRELIMINARY
4-4-4,12,3,4,16,awqpe,eig_cell,0.2266819278518598,0.9212064370020521,0.8700674740701413,0.8634304207119741,0.7928263214670982,0.912621359223301,0.07060409924487587,0.06218716289104639,0.0790749730312837,0.5893741557856815,research/results/p4_information_study/20260926T212553Z,PRELIMINARY
4-4-4,12,3,4,16,awqpe,fisher_phi,-0.041982442158391184,0.36105725569617597,0.3422365104116587,0.7750809061488673,0.7928263214670982,0.912621359223301,-0.017745415318230928,-0.02368122977346278,-0.01229503775620281,-0.148131472309771,research/results/p4_information_study/20260926T212553Z,PRELIMINARY
4-4-4,12,3,4,16,awqpe,c1,0.19003357462371775,0.8537753041974925,0.8162573809095801,0.8411272923408845,0.7928263214670982,0.912621359223301,0.048300970873786264,0.04066612729234088,0.055770631067961145,0.4031967582170181,research/results/p4_information_study/20260926T212553Z,PRELIMINARY
4-4-4,12,3,4,16,awqpe,margin,0.17359681283516462,0.836342139819841,0.8057837604760093,0.8346278317152104,0.7928263214670982,0.912621359223301,0.041801510248112184,0.033979234088457384,0.049643338727076575,0.34894191805493013,research/results/p4_information_study/20260926T212553Z,PRELIMINARY
4-4-4,12,3,4,16,awqpe,p_chunk_correct,0.17155058928432085,0.8496009733890177,0.8170233173138655,0.8362189859762674,0.7928263214670982,0.912621359223301,0.04339266450916923,0.035395765911542615,0.05254989212513482,0.36222422332282644,research/results/p4_information_study/20260926T212553Z,PRELIMINARY
4-4-4,12,3,4,16,awqpe,legacy_cw,0.1790592189198135,0.8439635817999929,0.8113020859150716,0.8364617044228696,0.7928263214670982,0.912621359223301,0.04363538295577141,0.03556094929881338,0.05145293959007549,0.36425033768572795,research/results/p4_information_study/20260926T212553Z,PRELIMINARY
4-4-4,12,3,4,16,awqpe_eps_safe,ratio,0.23297711406938898,0.8275698122491862,0.8011562582149306,0.8688511326860842,0.8099784250269686,0.9367313915857605,0.058872707659115564,0.0516922869471413,0.06672464940668822,0.4644680851063838,research/results/p4_information_study/20260926T212553Z,PRELIMINARY
4-4-4,12,3,4,16,awqpe_eps_safe,entropy,0.25538879172041035,0.8552120269656982,0.8182581276637922,0.8781283710895362,0.8099784250269686,0.9367313915857605,0.06814994606256763,0.060069444444444446,0.07593514023732469,0.5376595744680865,research/results/p4_information_study/20260926T212553Z,PRELIMINARY
4-4-4,12,3,4,16,awqpe_eps_safe,local_post_sd,0.24190918999744884,0.8584901906267559,0.8159382851318914,0.884277238403452,0.8099784250269686,0.9367313915857605,0.07429881337648336,0.06577535059331176,0.08341693635382956,0.5861702127659578,research/results/p4_information_study/20260926T212553Z,PRELIMINARY
4-4-4,12,3,4,16,awqpe_eps_safe,chunk_risk,0.2277506906736811,0.8392157415857912,0.8101594181351192,0.8706850053937432,0.8099784250269686,0.9367313915857605,0.060706580366774565,0.05182578209277239,0.0691531823085221,0.4789361702127659,research/results/p4_information_study/20260926T212553Z,PRELIMINARY
4-4-4,12,3,4,16,awqpe_eps_safe,boundary_risk,0.22394023905517177,0.8413375801274059,0.814918287028059,0.8696332254584681,0.8099784250269686,0.9367313915857605,0.05965480043149951,0.05159857065803668,0.0678586839266451,0.47063829787234057,research/results/p4_information_study/20260926T212553Z,PRELIMINARY
4-4-4,12,3,4,16,awqpe_eps_safe,eig_phi,0.2592312441566708,0.8571222219313032,0.8002372633561304,0.879126213592233,0.8099784250269686,0.9367313915857605,0.06914778856526438,0.060810409924487586,0.07786003236245954,0.5455319148936174,research/results/p4_information_study/20260926T212553Z,PRELIMINARY
4-4-4,12,3,4,16,awqpe_eps_safe,eig_cell,0.28331115913126403,0.9194168642837907,0.8736407656638526,0.8993527508090615,0.8099784250269686,0.9367313915857605,0.08937432578209292,0.07939050701186623,0.09917071197411001,0.7051063829787242,research/results/p4_information_study/20260926T212553Z,PRELIMINARY
4-4-4,12,3,4,16,awqpe_eps_safe,fisher_phi,-0.07795889143203463,0.3535388270893803,0.3276953321956328,0.7750809061488673,0.8099784250269686,0.9367313915857605,-0.03489751887810133,-0.04134439050701186,-0.02899002157497303,-0.2753191489361695,research/results/p4_information_study/20260926T212553Z,PRELIMINARY
4-4-4,12,3,4,16,awqpe_eps_safe,c1,0.2477545099092832,0.8448310758018559,0.8122298499872871,0.8745954692556634,0.8099784250269686,0.9367313915857605,0.06461704422869485,0.056807578209277225,0.07184870550161811,0.509787234042554,research/results/p4_information_study/20260926T212553Z,PRELIMINARY
4-4-4,12,3,4,16,awqpe_eps_safe,margin,0.23297711406938898,0.8275698122491862,0.8011562582149306,0.8688511326860842,0.8099784250269686,0.9367313915857605,0.058872707659115564,0.0516922869471413,0.06672464940668822,0.4644680851063838,research/results/p4_information_study/20260926T212553Z,PRELIMINARY
4-4-4,12,3,4,16,awqpe_eps_safe,p_chunk_correct,0.22779002468306822,0.8392075594887805,0.8101606301740596,0.8706850053937432,0.8099784250269686,0.9367313915857605,0.060706580366774565,0.05182578209277239,0.0691531823085221,0.4789361702127659,research/results/p4_information_study/20260926T212553Z,PRELIMINARY
4-4-4,12,3,4,16,awqpe_eps_safe,legacy_cw,0.23812492584693584,0.8344501246380136,0.8062015723107818,0.8707659115426106,0.8099784250269686,0.9367313915857605,0.06078748651564203,0.053276024811218986,0.06853425026968715,0.4795744680851075,research/results/p4_information_study/20260926T212553Z,PRELIMINARY
4-4-4,12,3,4,16,likelihood,ratio,0.16122952014392808,0.7558948264723306,0.7417914623180931,0.9477615965480044,0.9045846817691477,0.9927184466019418,0.043176914778856657,0.03783306364617042,0.049355447680690376,0.48990208078335495,research/results/p4_information_study/20260926T212553Z,PRELIMINARY
4-4-4,12,3,4,16,likelihood,entropy,0.17710532724397954,0.7773217890371986,0.7591406487277224,0.9523462783171521,0.9045846817691477,0.9927184466019418,0.04776159654800438,0.04192084681769146,0.053991370010787465,0.5419216646266835,research/results/p4_information_study/20260926T212553Z,PRELIMINARY
4-4-4,12,3,4,16,likelihood,local_post_sd,0.18138410153665038,0.7937932516633845,0.7731253096303964,0.9572276159654799,0.9045846817691477,0.9927184466019418,0.05264293419633215,0.0463309061488673,0.059064185544768055,0.5973072215422262,research/results/p4_information_study/20260926T212553Z,PRELIMINARY
4-4-4,12,3,4,16,likelihood,chunk_risk,0.14958549164768656,0.7559355433193868,0.7398155186904439,0.9478964401294498,0.9045846817691477,0.9927184466019418,0.0433117583603021,0.037280879180151015,0.049623786407766976,0.49143206854345195,research/results/p4_information_study/20260926T212553Z,PRELIMINARY
4-4-4,12,3,4,16,likelihood,boundary_risk,0.1504106674485812,0.7528615212327657,0.7434343379884972,0.9465480043149945,0.9045846817691477,0.9927184466019418,0.04196332254584678,0.03621628910463861,0.04843851132686082,0.47613219094247183,research/results/p4_information_study/20260926T212553Z,PRELIMINARY
4-4-4,12,3,4,16,likelihood,eig_phi,0.2666466634972492,0.8107135412021108,0.7589004324492057,0.9524271844660194,0.9045846817691477,0.9927184466019418,0.047842502696871625,0.042096817691477884,0.05461839266450915,0.5428396572827414,research/results/p4_information_study/20260926T212553Z,PRELIMINARY
4-4-4,12,3,4,16,likelihood,eig_cell,0.2397274841863957,0.8722172660089541,0.8450473214087816,0.9728155339805825,0.9045846817691477,0.9927184466019418,0.06823085221143477,0.0610207659115426,0.07578478964401293,0.774173806609547,research/results/p4_information_study/20260926T212553Z,PRELIMINARY
4-4-4,12,3,4,16,likelihood,fisher_phi,0.04775750052529361,0.32866858649311187,0.2562784208505334,0.866504854368932,0.9045846817691477,0.9927184466019418,-0.03807982740021576,-0.044069579288025885,-0.0325755124056095,-0.4320685434516523,research/results/p4_information_study/20260926T212553Z,PRELIMINARY
4-4-4,12,3,4,16,likelihood,c1,0.17094458567730572,0.7689840230744398,0.7525239182929189,0.9508629989212513,0.9045846817691477,0.9927184466019418,0.04627831715210351,0.04053128371089534,0.052266720604099225,0.525091799265605,research/results/p4_information_study/20260926T212553Z,PRELIMINARY
4-4-4,12,3,4,16,likelihood,margin,0.16122952014392808,0.7558948264723306,0.7417914623180931,0.9477615965480044,0.9045846817691477,0.9927184466019418,0.043176914778856657,0.03783306364617042,0.049355447680690376,0.48990208078335495,research/results/p4_information_study/20260926T212553Z,PRELIMINARY
4-4-4,12,3,4,16,likelihood,p_chunk_correct,0.14958713438431706,0.7559434470100909,0.7398197119920639,0.9478964401294498,0.9045846817691477,0.9927184466019418,0.0433117583603021,0.037280879180151015,0.049623786407766976,0.49143206854345195,research/results/p4_information_study/20260926T212553Z,PRELIMINARY
4-4-4,12,3,4,16,likelihood,legacy_cw,0.16340713408924537,0.760646257111681,0.7459071878581155,0.9491909385113269,0.9045846817691477,0.9927184466019418,0.04460625674217911,0.039021035598705484,0.050905474649406666,0.5061199510403918,research/results/p4_information_study/20260926T212553Z,PRELIMINARY
4-4-4,12,3,16,16,awqpe,ratio,0.11996237618875444,0.9075213526612045,0.8657094364899098,0.8903721682847896,0.8704962243797196,0.9270226537216828,0.01987594390506997,0.014329153182308521,0.025676914778856526,0.3516221374045785,research/results/p4_information_study/20260926T212553Z,PRELIMINARY
4-4-4,12,3,16,16,awqpe,entropy,0.10240482617107313,0.8394790913127036,0.7688923695224089,0.8867313915857605,0.8704962243797196,0.9270226537216828,0.0162351672060409,0.010819174757281554,0.022064455231930957,0.28721374045801445,research/results/p4_information_study/20260926T212553Z,PRELIMINARY
4-4-4,12,3,16,16,awqpe,local_post_sd,-0.09972254369022071,0.15971219313796411,0.21100781128027438,0.8585760517799352,0.8704962243797196,0.9270226537216828,-0.011920172599784395,-0.015133495145631067,-0.008278047464940668,-0.210877862595423,research/results/p4_information_study/20260926T212553Z,PRELIMINARY
4-4-4,12,3,16,16,awqpe,chunk_risk,0.1146644220764094,0.8995382050414323,0.8592312612372142,0.8890776699029126,0.8704962243797196,0.9270226537216828,0.018581445523192963,0.012998921251348435,0.02394822006472492,0.32872137404580004,research/results/p4_information_study/20260926T212553Z,PRELIMINARY
4-4-4,12,3,16,16,awqpe,boundary_risk,0.11970575249880651,0.9112923366377825,0.8668682860006346,0.8910194174757281,0.8704962243797196,0.9270226537216828,0.020523193096008474,0.014886731391585757,0.02613403451995685,0.3630725190839677,research/results/p4_information_study/20260926T212553Z,PRELIMINARY
4-4-4,12,3,16,16,awqpe,eig_phi,0.028285470709142807,0.5173104495313436,0.4069248938602632,0.86084142394822,0.8704962243797196,0.9270226537216828,-0.009654800431499577,-0.013674487594390505,-0.005689050701186619,-0.17080152671755977,research/results/p4_information_study/20260926T212553Z,PRELIMINARY
4-4-4,12,3,16,16,awqpe,eig_cell,0.09372722380811707,0.7483000766864023,0.5950996932901556,0.883495145631068,0.8704962243797196,0.9270226537216828,0.012998921251348383,0.008439859762675295,0.018338727076591153,0.2299618320610684,research/results/p4_information_study/20260926T212553Z,PRELIMINARY
4-4-4,12,3,16,16,awqpe,fisher_phi,-0.03579335237124533,0.3146518840948676,0.30447071147618593,0.8571197411003236,0.8704962243797196,0.9270226537216828,-0.013376483279396001,-0.016939050701186623,-0.009598166127292342,-0.23664122137404822,research/results/p4_information_study/20260926T212553Z,PRELIMINARY
4-4-4,12,3,16,16,awqpe,c1,0.11791029010700366,0.8982287614369852,0.843249109836371,0.8898058252427185,0.8704962243797196,0.9270226537216828,0.01930960086299882,0.013638754045307445,0.024906283710895365,0.34160305343511366,research/results/p4_information_study/20260926T212553Z,PRELIMINARY
4-4-4,12,3,16,16,awqpe,margin,0.12002304507351128,0.9080005340105747,0.8655548224960843,0.890480043149946,0.8704962243797196,0.9270226537216828,0.01998381877022637,0.014223975188781013,0.025310814455231933,0.353530534351143,research/results/p4_information_study/20260926T212553Z,PRELIMINARY
4-4-4,12,3,16,16,awqpe,p_chunk_correct,0.11466444369235303,0.8995382050414323,0.8592312612372142,0.8890776699029126,0.8704962243797196,0.9270226537216828,0.018581445523192963,0.012998921251348435,0.02394822006472492,0.32872137404580004,research/results/p4_information_study/20260926T212553Z,PRELIMINARY
4-4-4,12,3,16,16,awqpe,legacy_cw,0.12013592440864057,0.9081339124657317,0.8664628649419064,0.8906957928802589,0.8704962243797196,0.9270226537216828,0.020199568500539278,0.014641316073354907,0.02567556634304207,0.35734732824427407,research/results/p4_information_study/20260926T212553Z,PRELIMINARY
4-4-4,12,3,16,16,awqpe_eps_safe,ratio,0.10323287560526818,0.8577104921315244,0.8228048639647124,0.9257011866235166,0.9138079827400216,0.9584142394822006,0.011893203883495018,0.006943770226537216,0.016653856526429343,0.26662636033857073,research/results/p4_information_study/20260926T212553Z,PRELIMINARY
4-4-4,12,3,16,16,awqpe_eps_safe,entropy,0.09871501452651882,0.8338306154789743,0.7669350241968833,0.9262675296655879,0.9138079827400216,0.9584142394822006,0.012459546925566278,0.00818163430420712,0.017220199568500537,0.27932285368802806,research/results/p4_information_study/20260926T212553Z,PRELIMINARY
4-4-4,12,3,16,16,awqpe_eps_safe,local_post_sd,-0.08472911299089705,0.206850199591638,0.24466979357208585,0.9040453074433656,0.9138079827400216,0.9584142394822006,-0.009762675296655976,-0.012621359223300972,-0.0068190399137001145,-0.21886336154776553,research/results/p4_information_study/20260926T212553Z,PRELIMINARY
4-4-4,12,3,16,16,awqpe_eps_safe,chunk_risk,0.1000632530614364,0.8518715933108384,0.8146675210395532,0.9254854368932038,0.9138079827400216,0.9584142394822006,0.01167745415318222,0.006835895361380799,0.01686218985976267,0.2617896009673504,research/results/p4_information_study/20260926T212553Z,PRELIMINARY
4-4-4,12,3,16,16,awqpe_eps_safe,boundary_risk,0.10324719169116038,0.8632719017402495,0.82376137663315,0.9277508090614887,0.9138079827400216,0.9584142394822006,0.013942826321467039,0.009385113268608412,0.019118797195253497,0.3125755743651745,research/results/p4_information_study/20260926T212553Z,PRELIMINARY
4-4-4,12,3,16,16,awqpe_eps_safe,eig_phi,0.04172881901950328,0.5530185233926749,0.4301363892065881,0.9061488673139159,0.9138079827400216,0.9584142394822006,-0.007659115426105756,-0.01068500539374326,-0.004314994606256744,-0.17170495767835667,research/results/p4_information_study/20260926T212553Z,PRELIMINARY
4-4-4,12,3,16,16,awqpe_eps_safe,eig_cell,0.10785890955760044,0.7922815448702791,0.6363910693196931,0.9266990291262136,0.9138079827400216,0.9584142394822006,0.012891046386191984,0.00808791801510248,0.01790722761596548,0.2889963724304713,research/results/p4_information_study/20260926T212553Z,PRELIMINARY
4-4-4,12,3,16,16,awqpe_eps_safe,fisher_phi,-0.024765393909990267,0.33359324518922456,0.3162042745964392,0.9022653721682848,0.9138079827400216,0.9584142394822006,-0.011542610571736778,-0.014915048543689325,-0.008275350593311762,-0.25876662636033887,research/results/p4_information_study/20260926T212553Z,PRELIMINARY
4-4-4,12,3,16,16,awqpe_eps_safe,c1,0.1050145507107798,0.8615573496953697,0.8100302507609258,0.9272923408845738,0.9138079827400216,0.9584142394822006,0.013484358144552178,0.009006202804746493,0.01882079288025889,0.30229746070132746,research/results/p4_information_study/20260926T212553Z,PRELIMINARY
4-4-4,12,3,16,16,awqpe_eps_safe,margin,0.10361642207930895,0.8591727052736323,0.823101969652377,0.9264293419633225,0.9138079827400216,0.9584142394822006,0.012621359223300876,0.008062297734627829,0.017448759439050703,0.28295042321644337,research/results/p4_information_study/20260926T212553Z,PRELIMINARY
4-4-4,12,3,16,16,awqpe_eps_safe,p_chunk_correct,0.10006330064538267,0.8518715933108384,0.8146675210395532,0.9254854368932038,0.9138079827400216,0.9584142394822006,0.01167745415318222,0.006835895361380799,0.01686218985976267,0.2617896009673504,research/results/p4_information_study/20260926T212553Z,PRELIMINARY
4-4-4,12,3,16,16,awqpe_eps_safe,legacy_cw,0.10345074219186386,0.8586204622307702,0.8234745159691979,0.9260248112189859,0.9138079827400216,0.9584142394822006,0.012216828478964326,0.007375269687162888,0.0171022114347357,0.27388149939540385,research/results/p4_information_study/20260926T212553Z,PRELIMINARY
4-4-4,12,3,16,16,likelihood,ratio,0.06637616415556215,0.7410950669980549,0.6498724489795918,0.9974919093851132,0.9971952535059332,1.0,0.0002966558791800411,-0.000431499460625673,0.0010800970873786407,0.10576923076919423,research/results/p4_information_study/20260926T212553Z,PRELIMINARY
4-4-4,12,3,16,16,likelihood,entropy,0.0796289722587485,0.8495000472768532,0.8029336734693877,0.9991100323624595,0.9971952535059332,1.0,0.0019147788565263557,0.0011454962243797205,0.0028216019417475727,0.6826923076922986,research/results/p4_information_study/20260926T212553Z,PRELIMINARY
4-4-4,12,3,16,16,likelihood,local_post_sd,0.037616719303230954,0.8455625607845256,0.8903061224489796,0.9993527508090615,0.9971952535059332,1.0,0.0021574973031283085,0.001266181229773464,0.003210625674217908,0.7692307692307662,research/results/p4_information_study/20260926T212553Z,PRELIMINARY
4-4-4,12,3,16,16,likelihood,chunk_risk,0.06661627242010264,0.7507513642749082,0.6505102040816326,0.9977346278317152,0.9971952535059332,1.0,0.0005393743257819938,-0.00024406688241639392,0.0013767529665587926,0.19230769230766187,research/results/p4_information_study/20260926T212553Z,PRELIMINARY
4-4-4,12,3,16,16,likelihood,boundary_risk,0.0664081448696872,0.7556765993084071,0.6581632653061225,0.9978964401294499,0.9971952535059332,1.0,0.000701186623516703,-0.00010787486515641602,0.0016464401294498383,0.25,research/results/p4_information_study/20260926T212553Z,PRELIMINARY
4-4-4,12,3,16,16,likelihood,eig_phi,0.1961111490627903,0.9286237708018155,0.8883928571428571,0.9991909385113269,0.9971952535059332,1.0,0.0019956850053937103,0.0011866235167206044,0.0030204962243797215,0.7115384615384677,research/results/p4_information_study/20260926T212553Z,PRELIMINARY
4-4-4,12,3,16,16,likelihood,eig_cell,0.15883003173674073,0.9785802085584612,0.9502551020408163,0.9998381877022654,0.9971952535059332,1.0,0.002642934196332214,0.0016976806903991385,0.0037500000000000007,0.9423076923077014,research/results/p4_information_study/20260926T212553Z,PRELIMINARY
4-4-4,12,3,16,16,likelihood,fisher_phi,0.1396487815341647,0.4241814350551113,0.39732142857142855,0.996116504854369,0.9971952535059332,1.0,-0.0010787486515642097,-0.0016181229773462764,-0.000539374325782092,-0.3846153846154029,research/results/p4_information_study/20260926T212553Z,PRELIMINARY
4-4-4,12,3,16,16,likelihood,c1,0.0720124144028174,0.8102568821590663,0.7270408163265306,0.9981391585760517,0.9971952535059332,1.0,0.0009439050701185447,0.00021574973031283795,0.0017954422869471405,0.33653846153842804,research/results/p4_information_study/20260926T212553Z,PRELIMINARY
4-4-4,12,3,16,16,likelihood,margin,0.0678435108395879,0.7606963880484114,0.6623086734693877,0.9977346278317152,0.9971952535059332,1.0,0.0005393743257819938,-0.00012203344120819833,0.0012675296655879186,0.19230769230766187,research/results/p4_information_study/20260926T212553Z,PRELIMINARY
4-4-4,12,3,16,16,likelihood,p_chunk_correct,0.06661625846782046,0.7507513642749082,0.6505102040816326,0.9977346278317152,0.9971952535059332,1.0,0.0005393743257819938,-0.00024406688241639392,0.0013767529665587926,0.19230769230766187,research/results/p4_information_study/20260926T212553Z,PRELIMINARY
4-4-4,12,3,16,16,likelihood,legacy_cw,0.06749798275863386,0.7506070010265831,0.6533801020408163,0.9974919093851132,0.9971952535059332,1.0,0.0002966558791800411,-0.000431499460625673,0.0010800970873786407,0.10576923076919423,research/results/p4_information_study/20260926T212553Z,PRELIMINARY
4-4-4,12,3,16,64,awqpe,ratio,0.16195082738009914,0.8883923146543697,0.8430441136193276,0.9146440129449838,0.8860302049622437,0.954368932038835,0.028613807982740047,0.020449703344120822,0.03635517799352751,0.4187056037884763,research/results/p4_information_study/20260926T212553Z,PRELIMINARY
4-4-4,12,3,16,64,awqpe,entropy,0.14640263019802938,0.8477044451703927,0.7947379706509831,0.9139967637540453,0.8860302049622437,0.954368932038835,0.027966558791801543,0.02184466019417476,0.03498247033441208,0.4092344119968427,research/results/p4_information_study/20260926T212553Z,PRELIMINARY
4-4-4,12,3,16,64,awqpe,local_post_sd,-0.1306508517679118,0.1873066768299419,0.2221483451536643,0.8707119741100323,0.8860302049622437,0.954368932038835,-0.0153182308522114,-0.019482200647249183,-0.01127022653721683,-0.22415153906866525,research/results/p4_information_study/20260926T212553Z,PRELIMINARY
4-4-4,12,3,16,64,awqpe,chunk_risk,0.15727228669835425,0.8819329535519385,0.8388817714639912,0.9127831715210356,0.8860302049622437,0.954368932038835,0.02675296655879189,0.019244875943905077,0.033821467098166136,0.3914759273875302,research/results/p4_information_study/20260926T212553Z,PRELIMINARY
4-4-4,12,3,16,64,awqpe,boundary_risk,0.16291514183634803,0.8940675333068204,0.8492551930173557,0.9166666666666666,0.8860302049622437,0.954368932038835,0.030636461704422913,0.02278721682847897,0.03872707659115427,0.4483030781373321,research/results/p4_information_study/20260926T212553Z,PRELIMINARY
4-4-4,12,3,16,64,awqpe,eig_phi,0.048621556937171594,0.535169134101576,0.4167378409156432,0.8694174757281553,0.8860302049622437,0.954368932038835,-0.016612729234088408,-0.02060679611650485,-0.012295037756202805,-0.24309392265193255,research/results/p4_information_study/20260926T212553Z,PRELIMINARY
4-4-4,12,3,16,64,awqpe,eig_cell,0.13608815303111835,0.7731662310977284,0.6391492605085626,0.9011326860841424,0.8860302049622437,0.954368932038835,0.015102481121898714,0.008709546925566344,0.02225862998921251,0.22099447513812287,research/results/p4_information_study/20260926T212553Z,PRELIMINARY
4-4-4,12,3,16,64,awqpe,fisher_phi,-0.0440097314187043,0.30773152619568406,0.28427265323185147,0.8621359223300971,0.8860302049622437,0.954368932038835,-0.023894282632146657,-0.02878505933117584,-0.019514563106796123,-0.34964483030781235,research/results/p4_information_study/20260926T212553Z,PRELIMINARY
4-4-4,12,3,16,64,awqpe,c1,0.16247338044228327,0.888105338244531,0.8403462492071729,0.9162891046386192,0.8860302049622437,0.954368932038835,0.030258899676375517,0.022355717367853287,0.03769080366774541,0.4427782162588801,research/results/p4_information_study/20260926T212553Z,PRELIMINARY
4-4-4,12,3,16,64,awqpe,margin,0.16305253124499205,0.8906067033428338,0.8455789079167387,0.9150485436893204,0.8860302049622437,0.954368932038835,0.02901833872707671,0.020723435814455234,0.03656485976267529,0.42462509865824877,research/results/p4_information_study/20260926T212553Z,PRELIMINARY
4-4-4,12,3,16,64,awqpe,p_chunk_correct,0.157272305593293,0.8819329535519385,0.8388817714639912,0.9127831715210356,0.8860302049622437,0.954368932038835,0.02675296655879189,0.019244875943905077,0.033821467098166136,0.3914759273875302,research/results/p4_information_study/20260926T212553Z,PRELIMINARY
4-4-4,12,3,16,64,awqpe,legacy_cw,0.1624637128785732,0.8896070450119465,0.8443414670183936,0.9147249190938511,0.8860302049622437,0.954368932038835,0.0286947141316074,0.020564994606256746,0.03623314455231932,0.41988950276243114,research/results/p4_information_study/20260926T212553Z,PRELIMINARY
4-4-4,12,3,16,64,awqpe_eps_safe,ratio,0.16169310866180966,0.8426267104405093,0.8065542815542815,0.9477346278317152,0.9245954692556634,0.9809061488673139,0.023139158576051866,0.016476537216828478,0.031049083063646163,0.4109195402298866,research/results/p4_information_study/20260926T212553Z,PRELIMINARY
4-4-4,12,3,16,64,awqpe_eps_safe,entropy,0.15504415654684486,0.8367469093819884,0.8037863621196955,0.9499190938511327,0.9245954692556634,0.9809061488673139,0.02532362459546933,0.020293284789644008,0.03183724379719525,0.44971264367816227,research/results/p4_information_study/20260926T212553Z,PRELIMINARY
4-4-4,12,3,16,64,awqpe_eps_safe,local_post_sd,-0.1280195071047012,0.24011184160810095,0.26163056996390327,0.9106796116504854,0.9245954692556634,0.9809061488673139,-0.013915857605177995,-0.01774811218985976,-0.010517799352750809,-0.24712643678160923,research/results/p4_information_study/20260926T212553Z,PRELIMINARY
4-4-4,12,3,16,64,awqpe_eps_safe,chunk_risk,0.15797857155829279,0.8378672286735462,0.8022825856159189,0.9470873786407767,0.9245954692556634,0.9809061488673139,0.022491909385113362,0.015602750809061488,0.030099784250269684,0.39942528735632354,research/results/p4_information_study/20260926T212553Z,PRELIMINARY
4-4-4,12,3,16,64,awqpe_eps_safe,boundary_risk,0.1626805431648864,0.8498671391106969,0.8161745078411745,0.948705501618123,0.9245954692556634,0.9809061488673139,0.024110032362459566,0.017390776699029123,0.03174352750809061,0.4281609195402302,research/results/p4_information_study/20260926T212553Z,PRELIMINARY
4-4-4,12,3,16,64,awqpe_eps_safe,eig_phi,0.06392160977522299,0.5705334867097128,0.44289592622925955,0.9092233009708738,0.9245954692556634,0.9809061488673139,-0.0153721682847896,-0.019530744336569573,-0.01121628910463862,-0.2729885057471257,research/results/p4_information_study/20260926T212553Z,PRELIMINARY
4-4-4,12,3,16,64,awqpe_eps_safe,eig_cell,0.15507664788427303,0.7989438300992748,0.6738587071920406,0.9393203883495146,0.9245954692556634,0.9809061488673139,0.014724919093851208,0.008925296655879182,0.02134169363538295,0.26149425287356454,research/results/p4_information_study/20260926T212553Z,PRELIMINARY
4-4-4,12,3,16,64,awqpe_eps_safe,fisher_phi,-0.038647871897666795,0.3233736646039223,0.28592683592683593,0.9001618122977346,0.9245954692556634,0.9809061488673139,-0.024433656957928762,-0.029532092772384035,-0.020382955771305285,-0.43390804597701077,research/results/p4_information_study/20260926T212553Z,PRELIMINARY
4-4-4,12,3,16,64,awqpe_eps_safe,c1,0.16514456046964432,0.8534287177678699,0.8206206206206206,0.9499460625674219,0.9245954692556634,0.9809061488673139,0.025350593311758485,0.018725053937432578,0.03204692556634303,0.4501915708812283,research/results/p4_information_study/20260926T212553Z,PRELIMINARY
4-4-4,12,3,16,64,awqpe_eps_safe,margin,0.16298099824314724,0.8457996982851513,0.8107812357812357,0.9478155339805825,0.9245954692556634,0.9809061488673139,0.02322006472491911,0.016494066882416395,0.03093581445523192,0.4123563218390808,research/results/p4_information_study/20260926T212553Z,PRELIMINARY
4-4-4,12,3,16,64,awqpe_eps_safe,p_chunk_correct,0.15797859232216363,0.8378672286735462,0.8022825856159189,0.9470873786407767,0.9245954692556634,0.9809061488673139,0.022491909385113362,0.015602750809061488,0.030099784250269684,0.39942528735632354,research/results/p4_information_study/20260926T212553Z,PRELIMINARY
4-4-4,12,3,16,64,awqpe_eps_safe,legacy_cw,0.1624266622049911,0.8443853889406674,0.8087595170928504,0.9474919093851133,0.9245954692556634,0.9809061488673139,0.022896440129449913,0.016338996763754044,0.030648597626752955,0.4066091954023002,research/results/p4_information_study/20260926T212553Z,PRELIMINARY
4-4-4,12,3,16,64,likelihood,ratio,0.0647072381921404,0.7347073509265268,0.7108918128654971,0.9983009708737864,0.9968176914778856,1.0,0.0014832793959008717,0.000579153182308521,0.0024413430420711967,0.46610169491527875,research/results/p4_information_study/20260926T212553Z,PRELIMINARY
4-4-4,12,3,16,64,likelihood,entropy,0.07328235933955737,0.8203496782392385,0.7845394736842105,0.9983818770226537,0.9968176914778856,1.0,0.0015641855447681152,0.0007011866235167213,0.002566073354908305,0.49152542372881536,research/results/p4_information_study/20260926T212553Z,PRELIMINARY
4-4-4,12,3,16,64,likelihood,local_post_sd,0.029743439644941225,0.7689332999855794,0.7291666666666666,0.9978964401294499,0.9968176914778856,1.0,0.0010787486515643208,0.00016181229773462938,0.001941747572815534,0.3389830508474913,research/results/p4_information_study/20260926T212553Z,PRELIMINARY
4-4-4,12,3,16,64,likelihood,chunk_risk,0.06433260060975064,0.7395720672002307,0.712171052631579,0.9983818770226537,0.9968176914778856,1.0,0.0015641855447681152,0.000564994606256741,0.0025633764832793957,0.49152542372881536,research/results/p4_information_study/20260926T212553Z,PRELIMINARY
4-4-4,12,3,16,64,likelihood,boundary_risk,0.06352872290210597,0.7501312504506453,0.7244152046783626,0.9985436893203884,0.9968176914778856,1.0,0.0017259978425028244,0.0007551240560949294,0.002833063646170441,0.5423728813559582,research/results/p4_information_study/20260926T212553Z,PRELIMINARY
4-4-4,12,3,16,64,likelihood,eig_phi,0.2648137378279236,0.8706253605162593,0.7529239766081871,0.9993527508090615,0.9968176914778856,1.0,0.002535059331175926,0.0014819309600863006,0.0036138079827400236,0.7966101694915331,research/results/p4_information_study/20260926T212553Z,PRELIMINARY
4-4-4,12,3,16,64,likelihood,eig_cell,0.2043894220897304,0.9558626703439325,0.8943713450292398,1.0,0.9968176914778856,1.0,0.00318230852211443,0.002237055016181229,0.0043689320388349525,1.0,research/results/p4_information_study/20260926T212553Z,PRELIMINARY
4-4-4,12,3,16,64,likelihood,fisher_phi,0.1988586172566025,0.2983035456774101,0.1610014619883041,0.9944983818770227,0.9968176914778856,1.0,-0.0023193096008629066,-0.0033441208198489733,-0.0015102481121898582,-0.728813559321986,research/results/p4_information_study/20260926T212553Z,PRELIMINARY
4-4-4,12,3,16,64,likelihood,c1,0.06929551753950595,0.7945181249549355,0.764985380116959,0.9987864077669902,0.9968176914778856,1.0,0.001968716289104666,0.001186623516720604,0.0029395900755124047,0.6186440677966027,research/results/p4_information_study/20260926T212553Z,PRELIMINARY
4-4-4,12,3,16,64,likelihood,margin,0.06602662401713068,0.7531291684692479,0.7308114035087719,0.9985167206040992,0.9968176914778856,1.0,0.0016990291262136692,0.000807713052858683,0.0026840614886731364,0.5338983050847561,research/results/p4_information_study/20260926T212553Z,PRELIMINARY
4-4-4,12,3,16,64,likelihood,p_chunk_correct,0.0643325848897636,0.7395720672002307,0.712171052631579,0.9983818770226537,0.9968176914778856,1.0,0.0015641855447681152,0.000564994606256741,0.0025633764832793957,0.49152542372881536,research/results/p4_information_study/20260926T212553Z,PRELIMINARY
4-4-4,12,3,16,64,likelihood,legacy_cw,0.06554338376771936,0.7432341237652318,0.7198464912280702,0.9983009708737864,0.9968176914778856,1.0,0.0014832793959008717,0.000579153182308521,0.0024413430420711967,0.46610169491527875,research/results/p4_information_study/20260926T212553Z,PRELIMINARY
4-4-4,12,3,64,64,awqpe,ratio,0.10752077327155551,0.9104657059320009,0.8674251539526682,0.9439320388349515,0.9335490830636463,0.9618122977346278,0.010382955771305213,0.0062115695792880265,0.014401294498381876,0.3673664122137389,research/results/p4_information_study/20260926T212553Z,PRELIMINARY
4-4-4,12,3,64,64,awqpe,entropy,0.09532056780476958,0.8747495059279995,0.7897643666144615,0.9427184466019417,0.9335490830636463,0.9618122977346278,0.00916936353829545,0.0062284250269687156,0.012405609492988134,0.3244274809160269,research/results/p4_information_study/20260926T212553Z,PRELIMINARY
4-4-4,12,3,64,64,awqpe,local_post_sd,-0.08401124092249634,0.1667884813606228,0.2552635835368283,0.9275080906148867,0.9335490830636463,0.9618122977346278,-0.006040992448759552,-0.00811893203883495,-0.004261057173678532,-0.21374045801527175,research/results/p4_information_study/20260926T212553Z,PRELIMINARY
4-4-4,12,3,64,64,awqpe,chunk_risk,0.10531587943445139,0.8989803381450755,0.858395105074422,0.9428802588996764,0.9335490830636463,0.9618122977346278,0.009331175836030159,0.005311488673139158,0.01343042071197411,0.33015267175572444,research/results/p4_information_study/20260926T212553Z,PRELIMINARY
4-4-4,12,3,64,64,awqpe,boundary_risk,0.10827069046325032,0.9133377580184656,0.8677368070157444,0.9435275080906149,0.9335490830636463,0.9618122977346278,0.009978425026968663,0.006364617044228696,0.013813376483279394,0.3530534351145029,research/results/p4_information_study/20260926T212553Z,PRELIMINARY
4-4-4,12,3,64,64,awqpe,eig_phi,0.022309640821642135,0.40060921343935124,0.3767727733572136,0.926537216828479,0.9335490830636463,0.9618122977346278,-0.007011866235167252,-0.00938511326860841,-0.004879989212513484,-0.24809160305343742,research/results/p4_information_study/20260926T212553Z,PRELIMINARY
4-4-4,12,3,64,64,awqpe,eig_cell,0.056813945290819345,0.5400268099362258,0.47735584073344983,0.9312837108953613,0.9335490830636463,0.9618122977346278,-0.0022653721682849293,-0.0037499999999999994,-0.0007807443365695819,-0.08015267175573035,research/results/p4_information_study/20260926T212553Z,PRELIMINARY
4-4-4,12,3,64,64,awqpe,fisher_phi,0.009822554403654368,0.3604422280949063,0.3506945129336021,0.926537216828479,0.9335490830636463,0.9618122977346278,-0.007011866235167252,-0.00938511326860841,-0.004879989212513484,-0.24809160305343742,research/results/p4_information_study/20260926T212553Z,PRELIMINARY
4-4-4,12,3,64,64,awqpe,c1,0.10781266917726495,0.9143777730956584,0.8586949232110522,0.9440129449838188,0.9335490830636463,0.9618122977346278,0.010463861920172568,0.007145361380798275,0.014053398058252425,0.3702290076335877,research/results/p4_information_study/20260926T212553Z,PRELIMINARY
4-4-4,12,3,64,64,awqpe,margin,0.10763637986707271,0.9111825148036347,0.8680050653485188,0.9436893203883495,0.9335490830636463,0.9618122977346278,0.01014023732470326,0.006225728155339805,0.014081715210355984,0.3587786259541965,research/results/p4_information_study/20260926T212553Z,PRELIMINARY
4-4-4,12,3,64,64,awqpe,p_chunk_correct,0.10531587943445139,0.8989803381450755,0.858395105074422,0.9428802588996764,0.9335490830636463,0.9618122977346278,0.009331175836030159,0.005311488673139158,0.01343042071197411,0.33015267175572444,research/results/p4_information_study/20260926T212553Z,PRELIMINARY
4-4-4,12,3,64,64,awqpe,legacy_cw,0.11098019923659534,0.9109534175505539,0.8680918548091223,0.9439320388349515,0.9335490830636463,0.9618122977346278,0.010382955771305213,0.0062115695792880265,0.014401294498381876,0.3673664122137389,research/results/p4_information_study/20260926T212553Z,PRELIMINARY
4-4-4,12,3,64,64,awqpe_eps_safe,ratio,0.1074164358222716,0.8522826596233928,0.8291902279860084,0.9786407766990292,0.9722761596548005,0.989967637540453,0.006364617044228638,0.0029894822006472526,0.009873247033441208,0.35975609756097515,research/results/p4_information_study/20260926T212553Z,PRELIMINARY
4-4-4,12,3,64,64,awqpe_eps_safe,entropy,0.10124378694603188,0.872741010228185,0.80675109568776,0.9788025889967638,0.9722761596548005,0.989967637540453,0.006526429341963236,0.0038268608414239523,0.009654800431499464,0.3689024390243882,research/results/p4_information_study/20260926T212553Z,PRELIMINARY
4-4-4,12,3,64,64,awqpe_eps_safe,local_post_sd,-0.09182378841600385,0.1550459009651249,0.23046081101632818,0.9674757281553398,0.9722761596548005,0.989967637540453,-0.004800431499460744,-0.006881067961165047,-0.003017799352750807,-0.27134146341464294,research/results/p4_information_study/20260926T212553Z,PRELIMINARY
4-4-4,12,3,64,64,awqpe_eps_safe,chunk_risk,0.10589798434638349,0.8400497850176052,0.8133113965352763,0.9786407766990292,0.9722761596548005,0.989967637540453,0.006364617044228638,0.0032901833872707683,0.009305555555555556,0.35975609756097515,research/results/p4_information_study/20260926T212553Z,PRELIMINARY
4-4-4,12,3,64,64,awqpe_eps_safe,boundary_risk,0.10839719349985287,0.8575458478452602,0.8273444952923447,0.9788025889967638,0.9722761596548005,0.989967637540453,0.006526429341963236,0.0035315533980582554,0.00960625674217907,0.3689024390243882,research/results/p4_information_study/20260926T212553Z,PRELIMINARY
4-4-4,12,3,64,64,awqpe_eps_safe,eig_phi,0.035931514066610985,0.4397838615728738,0.41602953172309864,0.9663430420711974,0.9722761596548005,0.989967637540453,-0.0059331175836031536,-0.008118932038834946,-0.0042583603020496215,-0.3353658536585467,research/results/p4_information_study/20260926T212553Z,PRELIMINARY
4-4-4,12,3,64,64,awqpe_eps_safe,eig_cell,0.06597270709869311,0.5572135155662812,0.48934728808638306,0.9701186623516722,0.9722761596548005,0.989967637540453,-0.0021574973031283085,-0.0035059331175836,-0.0008346817691477874,-0.12195121951219252,research/results/p4_information_study/20260926T212553Z,PRELIMINARY
4-4-4,12,3,64,64,awqpe_eps_safe,fisher_phi,0.023591951942219556,0.40253981378876447,0.3920142681358791,0.9663430420711974,0.9722761596548005,0.989967637540453,-0.0059331175836031536,-0.008118932038834946,-0.0042583603020496215,-0.3353658536585467,research/results/p4_information_study/20260926T212553Z,PRELIMINARY
4-4-4,12,3,64,64,awqpe_eps_safe,c1,0.108477502283849,0.8654056070808239,0.8192633660081019,0.9779126213592233,0.9722761596548005,0.989967637540453,0.005636461704422779,0.002614617044228698,0.00873921251348436,0.3185975609756071,research/results/p4_information_study/20260926T212553Z,PRELIMINARY
4-4-4,12,3,64,64,awqpe_eps_safe,margin,0.1077367461675285,0.8539353176513889,0.8278698723886685,0.9780744336569579,0.9722761596548005,0.989967637540453,0.0057982740021573775,0.0024372977346278357,0.009197680690399137,0.32774390243902013,research/results/p4_information_study/20260926T212553Z,PRELIMINARY
4-4-4,12,3,64,64,awqpe_eps_safe,p_chunk_correct,0.10589798434638349,0.8400497850176052,0.8133113965352763,0.9786407766990292,0.9722761596548005,0.989967637540453,0.006364617044228638,0.0032901833872707683,0.009305555555555556,0.35975609756097515,research/results/p4_information_study/20260926T212553Z,PRELIMINARY
4-4-4,12,3,64,64,awqpe_eps_safe,legacy_cw,0.11092839000100524,0.8532443992755531,0.8291556637033555,0.9783171521035599,0.9722761596548005,0.989967637540453,0.00604099244875933,0.002640237324703348,0.009580636461704421,0.3414634146341428,research/results/p4_information_study/20260926T212553Z,PRELIMINARY
4-4-4,12,3,64,64,likelihood,ratio,0.020004806601145945,,,1.0,1.0,1.0,0.0,0.0,0.0,,research/results/p4_information_study/20260926T212553Z,PRELIMINARY
4-4-4,12,3,64,64,likelihood,entropy,0.02829408789058109,,,1.0,1.0,1.0,0.0,0.0,0.0,,research/results/p4_information_study/20260926T212553Z,PRELIMINARY
4-4-4,12,3,64,64,likelihood,local_post_sd,0.010281002241003288,,,1.0,1.0,1.0,0.0,0.0,0.0,,research/results/p4_information_study/20260926T212553Z,PRELIMINARY
4-4-4,12,3,64,64,likelihood,chunk_risk,0.007268715308571651,,,1.0,1.0,1.0,0.0,0.0,0.0,,research/results/p4_information_study/20260926T212553Z,PRELIMINARY
4-4-4,12,3,64,64,likelihood,boundary_risk,0.020629138818708596,,,1.0,1.0,1.0,0.0,0.0,0.0,,research/results/p4_information_study/20260926T212553Z,PRELIMINARY
4-4-4,12,3,64,64,likelihood,eig_phi,0.16034472907491654,,,1.0,1.0,1.0,0.0,0.0,0.0,,research/results/p4_information_study/20260926T212553Z,PRELIMINARY
4-4-4,12,3,64,64,likelihood,eig_cell,0.04724439983692027,,,1.0,1.0,1.0,0.0,0.0,0.0,,research/results/p4_information_study/20260926T212553Z,PRELIMINARY
4-4-4,12,3,64,64,likelihood,fisher_phi,0.11161265610889842,,,1.0,1.0,1.0,0.0,0.0,0.0,,research/results/p4_information_study/20260926T212553Z,PRELIMINARY
4-4-4,12,3,64,64,likelihood,c1,0.02267200186811182,,,1.0,1.0,1.0,0.0,0.0,0.0,,research/results/p4_information_study/20260926T212553Z,PRELIMINARY
4-4-4,12,3,64,64,likelihood,margin,0.02065984868609976,,,1.0,1.0,1.0,0.0,0.0,0.0,,research/results/p4_information_study/20260926T212553Z,PRELIMINARY
4-4-4,12,3,64,64,likelihood,p_chunk_correct,0.007268715308571651,,,1.0,1.0,1.0,0.0,0.0,0.0,,research/results/p4_information_study/20260926T212553Z,PRELIMINARY
4-4-4,12,3,64,64,likelihood,legacy_cw,0.008797293996348165,,,1.0,1.0,1.0,0.0,0.0,0.0,,research/results/p4_information_study/20260926T212553Z,PRELIMINARY
4-4-4,12,3,64,256,awqpe,ratio,0.13127937236347212,0.9106328910682543,0.8718964947089947,0.9525889967637541,0.9386192017259979,0.9742718446601941,0.013969795037756194,0.008214670981661275,0.020364077669902912,0.39183055975794334,research/results/p4_information_study/20260926T212553Z,PRELIMINARY
4-4-4,12,3,64,256,awqpe,entropy,0.11799617126886282,0.8749443554131054,0.815828373015873,0.9555825242718446,0.9386192017259979,0.9742718446601941,0.01696332254584676,0.011661947141316076,0.02382281553398058,0.4757942511346442,research/results/p4_information_study/20260926T212553Z,PRELIMINARY
4-4-4,12,3,64,256,awqpe,local_post_sd,-0.10449155120015473,0.1651978398105535,0.22539351851851852,0.9284789644012945,0.9386192017259979,0.9742718446601941,-0.010140237324703372,-0.014137001078748644,-0.006765102481121895,-0.28441754916792894,research/results/p4_information_study/20260926T212553Z,PRELIMINARY
4-4-4,12,3,64,256,awqpe,chunk_risk,0.12817748554267006,0.8976463005576254,0.8623346560846561,0.9519417475728156,0.9386192017259979,0.9742718446601941,0.01332254584681769,0.007134573894282636,0.01974919093851132,0.3736762481089269,research/results/p4_information_study/20260926T212553Z,PRELIMINARY
4-4-4,12,3,64,256,awqpe,boundary_risk,0.13155304929078038,0.9131745645834856,0.8751223544973545,0.9532362459546926,0.9386192017259979,0.9742718446601941,0.014617044228694698,0.008375134843581447,0.02106391585760518,0.4099848714069598,research/results/p4_information_study/20260926T212553Z,PRELIMINARY
4-4-4,12,3,64,256,awqpe,eig_phi,0.02429207322555096,0.4003802094747608,0.3762962962962963,0.929126213592233,0.9386192017259979,0.9742718446601941,-0.009492988133764868,-0.013325242718446593,-0.00574298813376483,-0.26626323751891245,research/results/p4_information_study/20260926T212553Z,PRELIMINARY
4-4-4,12,3,64,256,awqpe,eig_cell,0.06587949979673192,0.5329503463851755,0.4548214285714286,0.9367313915857605,0.9386192017259979,0.9742718446601941,-0.0018878101402374226,-0.004374325782092772,0.0009196332254584679,-0.052950075642968095,research/results/p4_information_study/20260926T212553Z,PRELIMINARY
4-4-4,12,3,64,256,awqpe,fisher_phi,0.006108520906515003,0.3545370598655855,0.3306332671957672,0.929126213592233,0.9386192017259979,0.9742718446601941,-0.009492988133764868,-0.013325242718446593,-0.00574298813376483,-0.26626323751891245,research/results/p4_information_study/20260926T212553Z,PRELIMINARY
4-4-4,12,3,64,256,awqpe,c1,0.1321046286606049,0.9139709955682178,0.8706332671957672,0.9544498381877022,0.9386192017259979,0.9742718446601941,0.01583063646170435,0.009844255663430421,0.022183791801510252,0.4440242057488646,research/results/p4_information_study/20260926T212553Z,PRELIMINARY
4-4-4,12,3,64,256,awqpe,margin,0.13137885043280212,0.9110804257372099,0.8730505952380953,0.9529935275080906,0.9386192017259979,0.9742718446601941,0.014374325782092745,0.008576725997842505,0.02075849514563106,0.4031770045385783,research/results/p4_information_study/20260926T212553Z,PRELIMINARY
4-4-4,12,3,64,256,awqpe,p_chunk_correct,0.12817748554267006,0.8976463005576254,0.8623346560846561,0.9519417475728156,0.9386192017259979,0.9742718446601941,0.01332254584681769,0.007134573894282636,0.01974919093851132,0.3736762481089269,research/results/p4_information_study/20260926T212553Z,PRELIMINARY
4-4-4,12,3,64,256,awqpe,legacy_cw,0.1354017621614659,0.9107677697421287,0.8721742724867725,0.9525889967637541,0.9386192017259979,0.9742718446601941,0.013969795037756194,0.008214670981661275,0.020364077669902912,0.39183055975794334,research/results/p4_information_study/20260926T212553Z,PRELIMINARY
4-4-4,12,3,64,256,awqpe_eps_safe,ratio,0.13376464563689927,0.853151923734876,0.8242049713403881,0.9828478964401295,0.9753505933117582,0.9941747572815534,0.007497303128371269,0.003636731391585762,0.011116504854368927,0.39828080229227103,research/results/p4_information_study/20260926T212553Z,PRELIMINARY
4-4-4,12,3,64,256,awqpe_eps_safe,entropy,0.12013804149565256,0.8604056185395996,0.8055693342151675,0.984789644012945,0.9753505933117582,0.9941747572815534,0.00943905070118678,0.005987055016181229,0.013135113268608415,0.5014326647564527,research/results/p4_information_study/20260926T212553Z,PRELIMINARY
4-4-4,12,3,64,256,awqpe_eps_safe,local_post_sd,-0.10742706485781187,0.16653577390024157,0.22689318783068782,0.9686084142394822,0.9753505933117582,0.9941747572815534,-0.006742179072276033,-0.009331175836030202,-0.004530744336569578,-0.35816618911173925,research/results/p4_information_study/20260926T212553Z,PRELIMINARY
4-4-4,12,3,64,256,awqpe_eps_safe,chunk_risk,0.13157336639306058,0.8390291126248017,0.7977154982363316,0.9818770226537217,0.9753505933117582,0.9941747572815534,0.006526429341963458,0.003179611650485438,0.010142934196332252,0.3467048710601773,research/results/p4_information_study/20260926T212553Z,PRELIMINARY
4-4-4,12,3,64,256,awqpe_eps_safe,boundary_risk,0.13333745858294493,0.8546140996132832,0.8234540343915344,0.9828478964401295,0.9753505933117582,0.9941747572815534,0.007497303128371269,0.004045307443365697,0.011088187702265368,0.39828080229227103,research/results/p4_information_study/20260926T212553Z,PRELIMINARY
4-4-4,12,3,64,256,awqpe_eps_safe,eig_phi,0.04484166221702128,0.43203490300975605,0.4209518298059965,0.9679611650485437,0.9753505933117582,0.9941747572815534,-0.007389428263214537,-0.009870550161812295,-0.00520361380798274,-0.3925501432664664,research/results/p4_information_study/20260926T212553Z,PRELIMINARY
4-4-4,12,3,64,256,awqpe_eps_safe,eig_cell,0.09064367914577554,0.5942018068385638,0.47488839285714285,0.9727076591154262,0.9753505933117582,0.9941747572815534,-0.002642934196331992,-0.0043972491909385104,-0.001186623516720603,-0.14040114613179044,research/results/p4_information_study/20260926T212553Z,PRELIMINARY
4-4-4,12,3,64,256,awqpe_eps_safe,fisher_phi,0.029782334782591673,0.4049707176033923,0.3800292107583774,0.9679611650485437,0.9753505933117582,0.9941747572815534,-0.007389428263214537,-0.009870550161812295,-0.00520361380798274,-0.3925501432664664,research/results/p4_information_study/20260926T212553Z,PRELIMINARY
4-4-4,12,3,64,256,awqpe_eps_safe,c1,0.13316283001601828,0.8611943770541093,0.8239845127865961,0.9831715210355987,0.9753505933117582,0.9941747572815534,0.007820927723840465,0.0039232740021574964,0.011448894282632146,0.4154727793696317,research/results/p4_information_study/20260926T212553Z,PRELIMINARY
4-4-4,12,3,64,256,awqpe_eps_safe,margin,0.13378241657090217,0.8537704244554343,0.824246307319224,0.9829288025889967,0.9753505933117582,0.9941747572815534,0.007578209277238512,0.003721682847896441,0.011224379719525343,0.4025787965616082,research/results/p4_information_study/20260926T212553Z,PRELIMINARY
4-4-4,12,3,64,256,awqpe_eps_safe,p_chunk_correct,0.13157336639306058,0.8390291126248017,0.7977154982363316,0.9818770226537217,0.9753505933117582,0.9941747572815534,0.006526429341963458,0.003179611650485438,0.010142934196332252,0.3467048710601773,research/results/p4_information_study/20260926T212553Z,PRELIMINARY
4-4-4,12,3,64,256,awqpe_eps_safe,legacy_cw,0.13796575359272084,0.853339353104621,0.8245012125220459,0.9828478964401295,0.9753505933117582,0.9941747572815534,0.007497303128371269,0.003636731391585762,0.011116504854368927,0.39828080229227103,research/results/p4_information_study/20260926T212553Z,PRELIMINARY
4-4-4,12,3,64,256,likelihood,ratio,0.04630095553756112,,,1.0,1.0,1.0,0.0,0.0,0.0,,research/results/p4_information_study/20260926T212553Z,PRELIMINARY
4-4-4,12,3,64,256,likelihood,entropy,0.05119507460181182,,,1.0,1.0,1.0,0.0,0.0,0.0,,research/results/p4_information_study/20260926T212553Z,PRELIMINARY
4-4-4,12,3,64,256,likelihood,local_post_sd,-0.013694378245213731,,,1.0,1.0,1.0,0.0,0.0,0.0,,research/results/p4_information_study/20260926T212553Z,PRELIMINARY
4-4-4,12,3,64,256,likelihood,chunk_risk,0.03133852057942959,,,1.0,1.0,1.0,0.0,0.0,0.0,,research/results/p4_information_study/20260926T212553Z,PRELIMINARY
4-4-4,12,3,64,256,likelihood,boundary_risk,0.04532011230265351,,,1.0,1.0,1.0,0.0,0.0,0.0,,research/results/p4_information_study/20260926T212553Z,PRELIMINARY
4-4-4,12,3,64,256,likelihood,eig_phi,0.2175736904371796,,,1.0,1.0,1.0,0.0,0.0,0.0,,research/results/p4_information_study/20260926T212553Z,PRELIMINARY
4-4-4,12,3,64,256,likelihood,eig_cell,0.06592376098410975,,,1.0,1.0,1.0,0.0,0.0,0.0,,research/results/p4_information_study/20260926T212553Z,PRELIMINARY
4-4-4,12,3,64,256,likelihood,fisher_phi,0.1601704845075109,,,1.0,1.0,1.0,0.0,0.0,0.0,,research/results/p4_information_study/20260926T212553Z,PRELIMINARY
4-4-4,12,3,64,256,likelihood,c1,0.04831056797548348,,,1.0,1.0,1.0,0.0,0.0,0.0,,research/results/p4_information_study/20260926T212553Z,PRELIMINARY
4-4-4,12,3,64,256,likelihood,margin,0.04665383000172118,,,1.0,1.0,1.0,0.0,0.0,0.0,,research/results/p4_information_study/20260926T212553Z,PRELIMINARY
4-4-4,12,3,64,256,likelihood,p_chunk_correct,0.03133852057942959,,,1.0,1.0,1.0,0.0,0.0,0.0,,research/results/p4_information_study/20260926T212553Z,PRELIMINARY
4-4-4,12,3,64,256,likelihood,legacy_cw,0.03751764834521485,,,1.0,1.0,1.0,0.0,0.0,0.0,,research/results/p4_information_study/20260926T212553Z,PRELIMINARY
