variant,widths,epsilon,failures,beyond_1lsb,n,fail_rate,golden_all_reproduce,run
borrow_source=raw,2-2-2-2,0.5,1543,1543,8192,0.1883544921875,False,research/results/verify_epsilon_floor/20260926T210310Z
borrow_source=raw,2-2-2-2,0.9,3407,3407,8192,0.4158935546875,False,research/results/verify_epsilon_floor/20260926T210310Z
borrow_source=raw,3-2-3,0.5,840,840,8192,0.1025390625,False,research/results/verify_epsilon_floor/20260926T210310Z
borrow_source=raw,3-2-3,0.9,1963,1963,8192,0.2396240234375,False,research/results/verify_epsilon_floor/20260926T210310Z
borrow_source=raw,3-3-2,0.5,555,555,8192,0.0677490234375,False,research/results/verify_epsilon_floor/20260926T210310Z
borrow_source=raw,3-3-2,0.9,1476,1476,8192,0.18017578125,False,research/results/verify_epsilon_floor/20260926T210310Z
borrow_source=raw,4-4,0.5,0,0,8192,0.0,False,research/results/verify_epsilon_floor/20260926T210310Z
borrow_source=raw,4-4,0.9,136,136,8192,0.0166015625,False,research/results/verify_epsilon_floor/20260926T210310Z
"borrow_source=raw,final_block=min",2-2-2-2,0.5,2188,1720,8192,0.26708984375,False,research/results/verify_epsilon_floor/20260926T210310Z
"borrow_source=raw,final_block=min",2-2-2-2,0.9,3424,3424,8192,0.41796875,False,research/results/verify_epsilon_floor/20260926T210310Z
"borrow_source=raw,final_block=min",3-2-3,0.5,1560,864,8192,0.1904296875,False,research/results/verify_epsilon_floor/20260926T210310Z
"borrow_source=raw,final_block=min",3-2-3,0.9,1976,1976,8192,0.2412109375,False,research/results/verify_epsilon_floor/20260926T210310Z
"borrow_source=raw,final_block=min",3-3-2,0.5,1320,768,8192,0.1611328125,False,research/results/verify_epsilon_floor/20260926T210310Z
"borrow_source=raw,final_block=min",3-3-2,0.9,1496,1496,8192,0.1826171875,False,research/results/verify_epsilon_floor/20260926T210310Z
"borrow_source=raw,final_block=min",4-4,0.5,768,0,8192,0.09375,False,research/results/verify_epsilon_floor/20260926T210310Z
"borrow_source=raw,final_block=min",4-4,0.9,144,144,8192,0.017578125,False,research/results/verify_epsilon_floor/20260926T210310Z
"borrow_source=raw,final_block=min,special=flagged_only",2-2-2-2,0.5,2184,1716,8192,0.2666015625,False,research/results/verify_epsilon_floor/20260926T210310Z
"borrow_source=raw,final_block=min,special=flagged_only",2-2-2-2,0.9,3832,3832,8192,0.4677734375,False,research/results/verify_epsilon_floor/20260926T210310Z
"borrow_source=raw,final_block=min,special=flagged_only",3-2-3,0.5,1560,864,8192,0.1904296875,False,research/results/verify_epsilon_floor/20260926T210310Z
"borrow_source=raw,final_block=min,special=flagged_only",3-2-3,0.9,2160,2160,8192,0.263671875,False,research/results/verify_epsilon_floor/20260926T210310Z
"borrow_source=raw,final_block=min,special=flagged_only",3-3-2,0.5,1336,784,8192,0.1630859375,False,research/results/verify_epsilon_floor/20260926T210310Z
"borrow_source=raw,final_block=min,special=flagged_only",3-3-2,0.9,1712,1712,8192,0.208984375,False,research/results/verify_epsilon_floor/20260926T210310Z
"borrow_source=raw,final_block=min,special=flagged_only",4-4,0.5,768,0,8192,0.09375,False,research/results/verify_epsilon_floor/20260926T210310Z
"borrow_source=raw,final_block=min,special=flagged_only",4-4,0.9,160,160,8192,0.01953125,False,research/results/verify_epsilon_floor/20260926T210310Z
"borrow_source=raw,final_block=min,special=flagged_only,ties=high",2-2-2-2,0.5,2184,1716,8192,0.2666015625,False,research/results/verify_epsilon_floor/20260926T210310Z
"borrow_source=raw,final_block=min,special=flagged_only,ties=high",2-2-2-2,0.9,3832,3832,8192,0.4677734375,False,research/results/verify_epsilon_floor/20260926T210310Z
"borrow_source=raw,final_block=min,special=flagged_only,ties=high",3-2-3,0.5,1560,864,8192,0.1904296875,False,research/results/verify_epsilon_floor/20260926T210310Z
"borrow_source=raw,final_block=min,special=flagged_only,ties=high",3-2-3,0.9,2160,2160,8192,0.263671875,False,research/results/verify_epsilon_floor/20260926T210310Z
"borrow_source=raw,final_block=min,special=flagged_only,ties=high",3-3-2,0.5,1336,784,8192,0.1630859375,False,research/results/verify_epsilon_floor/20260926T210310Z
"borrow_source=raw,final_block=min,special=flagged_only,ties=high",3-3-2,0.9,1712,1712,8192,0.208984375,False,research/results/verify_epsilon_floor/20260926T210310Z
"borrow_source=raw,final_block=min,special=flagged_only,ties=high",4-4,0.5,768,0,8192,0.09375,False,research/results/verify_epsilon_floor/20260926T210310Z
"borrow_source=raw,final_block=min,special=flagged_only,ties=high",4-4,0.9,160,160,8192,0.01953125,False,research/results/verify_epsilon_floor/20260926T210310Z
"borrow_source=raw,final_block=min,special=flagged_only,ties=low",2-2-2-2,0.5,2184,1716,8192,0.2666015625,False,research/results/verify_epsilon_floor/20260926T210310Z
"borrow_source=raw,final_block=min,special=flagged_only,ties=low",2-2-2-2,0.9,3832,3832,8192,0.4677734375,False,research/results/verify_epsilon_floor/20260926T210310Z
"borrow_source=raw,final_block=min,special=flagged_only,ties=low",3-2-3,0.5,1560,864,8192,0.1904296875,False,research/results/verify_epsilon_floor/20260926T210310Z
"borrow_source=raw,final_block=min,special=flagged_only,ties=low",3-2-3,0.9,2160,2160,8192,0.263671875,False,research/results/verify_epsilon_floor/20260926T210310Z
"borrow_source=raw,final_block=min,special=flagged_only,ties=low",3-3-2,0.5,1336,784,8192,0.1630859375,False,research/results/verify_epsilon_floor/20260926T210310Z
"borrow_source=raw,final_block=min,special=flagged_only,ties=low",3-3-2,0.9,1712,1712,8192,0.208984375,False,research/results/verify_epsilon_floor/20260926T210310Z
"borrow_source=raw,final_block=min,special=flagged_only,ties=low",4-4,0.5,768,0,8192,0.09375,False,research/results/verify_epsilon_floor/20260926T210310Z
"borrow_source=raw,final_block=min,special=flagged_only,ties=low",4-4,0.9,160,160,8192,0.01953125,False,research/results/verify_epsilon_floor/20260926T210310Z
"borrow_source=raw,final_block=min,special=off",2-2-2-2,0.5,2100,1516,8192,0.25634765625,False,research/results/verify_epsilon_floor/20260926T210310Z
"borrow_source=raw,final_block=min,special=off",2-2-2-2,0.9,3808,3808,8192,0.46484375,False,research/results/verify_epsilon_floor/20260926T210310Z
"borrow_source=raw,final_block=min,special=off",3-2-3,0.5,1560,864,8192,0.1904296875,False,research/results/verify_epsilon_floor/20260926T210310Z
"borrow_source=raw,final_block=min,special=off",3-2-3,0.9,2144,2144,8192,0.26171875,False,research/results/verify_epsilon_floor/20260926T210310Z
"borrow_source=raw,final_block=min,special=off",3-3-2,0.5,1168,448,8192,0.142578125,False,research/results/verify_epsilon_floor/20260926T210310Z
"borrow_source=raw,final_block=min,special=off",3-3-2,0.9,1664,1664,8192,0.203125,False,research/results/verify_epsilon_floor/20260926T210310Z
"borrow_source=raw,final_block=min,special=off",4-4,0.5,768,0,8192,0.09375,False,research/results/verify_epsilon_floor/20260926T210310Z
"borrow_source=raw,final_block=min,special=off",4-4,0.9,144,144,8192,0.017578125,False,research/results/verify_epsilon_floor/20260926T210310Z
"borrow_source=raw,final_block=min,special=off,ties=high",2-2-2-2,0.5,2100,1516,8192,0.25634765625,False,research/results/verify_epsilon_floor/20260926T210310Z
"borrow_source=raw,final_block=min,special=off,ties=high",2-2-2-2,0.9,3808,3808,8192,0.46484375,False,research/results/verify_epsilon_floor/20260926T210310Z
"borrow_source=raw,final_block=min,special=off,ties=high",3-2-3,0.5,1560,864,8192,0.1904296875,False,research/results/verify_epsilon_floor/20260926T210310Z
"borrow_source=raw,final_block=min,special=off,ties=high",3-2-3,0.9,2144,2144,8192,0.26171875,False,research/results/verify_epsilon_floor/20260926T210310Z
"borrow_source=raw,final_block=min,special=off,ties=high",3-3-2,0.5,1168,448,8192,0.142578125,False,research/results/verify_epsilon_floor/20260926T210310Z
"borrow_source=raw,final_block=min,special=off,ties=high",3-3-2,0.9,1664,1664,8192,0.203125,False,research/results/verify_epsilon_floor/20260926T210310Z
"borrow_source=raw,final_block=min,special=off,ties=high",4-4,0.5,768,0,8192,0.09375,False,research/results/verify_epsilon_floor/20260926T210310Z
"borrow_source=raw,final_block=min,special=off,ties=high",4-4,0.9,144,144,8192,0.017578125,False,research/results/verify_epsilon_floor/20260926T210310Z
"borrow_source=raw,final_block=min,special=off,ties=low",2-2-2-2,0.5,2100,1516,8192,0.25634765625,False,research/results/verify_epsilon_floor/20260926T210310Z
"borrow_source=raw,final_block=min,special=off,ties=low",2-2-2-2,0.9,3808,3808,8192,0.46484375,False,research/results/verify_epsilon_floor/20260926T210310Z
"borrow_source=raw,final_block=min,special=off,ties=low",3-2-3,0.5,1560,864,8192,0.1904296875,False,research/results/verify_epsilon_floor/20260926T210310Z
"borrow_source=raw,final_block=min,special=off,ties=low",3-2-3,0.9,2144,2144,8192,0.26171875,False,research/results/verify_epsilon_floor/20260926T210310Z
"borrow_source=raw,final_block=min,special=off,ties=low",3-3-2,0.5,1168,448,8192,0.142578125,False,research/results/verify_epsilon_floor/20260926T210310Z
"borrow_source=raw,final_block=min,special=off,ties=low",3-3-2,0.9,1664,1664,8192,0.203125,False,research/results/verify_epsilon_floor/20260926T210310Z
"borrow_source=raw,final_block=min,special=off,ties=low",4-4,0.5,768,0,8192,0.09375,False,research/results/verify_epsilon_floor/20260926T210310Z
"borrow_source=raw,final_block=min,special=off,ties=low",4-4,0.9,144,144,8192,0.017578125,False,research/results/verify_epsilon_floor/20260926T210310Z
"borrow_source=raw,final_block=min,ties=high",2-2-2-2,0.5,2188,1720,8192,0.26708984375,False,research/results/verify_epsilon_floor/20260926T210310Z
"borrow_source=raw,final_block=min,ties=high",2-2-2-2,0.9,3424,3424,8192,0.41796875,False,research/results/verify_epsilon_floor/20260926T210310Z
"borrow_source=raw,final_block=min,ties=high",3-2-3,0.5,1560,864,8192,0.1904296875,False,research/results/verify_epsilon_floor/20260926T210310Z
"borrow_source=raw,final_block=min,ties=high",3-2-3,0.9,1976,1976,8192,0.2412109375,False,research/results/verify_epsilon_floor/20260926T210310Z
"borrow_source=raw,final_block=min,ties=high",3-3-2,0.5,1320,768,8192,0.1611328125,False,research/results/verify_epsilon_floor/20260926T210310Z
"borrow_source=raw,final_block=min,ties=high",3-3-2,0.9,1496,1496,8192,0.1826171875,False,research/results/verify_epsilon_floor/20260926T210310Z
"borrow_source=raw,final_block=min,ties=high",4-4,0.5,768,0,8192,0.09375,False,research/results/verify_epsilon_floor/20260926T210310Z
"borrow_source=raw,final_block=min,ties=high",4-4,0.9,144,144,8192,0.017578125,False,research/results/verify_epsilon_floor/20260926T210310Z
"borrow_source=raw,final_block=min,ties=low",2-2-2-2,0.5,2188,1720,8192,0.26708984375,False,research/results/verify_epsilon_floor/20260926T210310Z
"borrow_source=raw,final_block=min,ties=low",2-2-2-2,0.9,3424,3424,8192,0.41796875,False,research/results/verify_epsilon_floor/20260926T210310Z
"borrow_source=raw,final_block=min,ties=low",3-2-3,0.5,1560,864,8192,0.1904296875,False,research/results/verify_epsilon_floor/20260926T210310Z
"borrow_source=raw,final_block=min,ties=low",3-2-3,0.9,1976,1976,8192,0.2412109375,False,research/results/verify_epsilon_floor/20260926T210310Z
"borrow_source=raw,final_block=min,ties=low",3-3-2,0.5,1320,768,8192,0.1611328125,False,research/results/verify_epsilon_floor/20260926T210310Z
"borrow_source=raw,final_block=min,ties=low",3-3-2,0.9,1496,1496,8192,0.1826171875,False,research/results/verify_epsilon_floor/20260926T210310Z
"borrow_source=raw,final_block=min,ties=low",4-4,0.5,768,0,8192,0.09375,False,research/results/verify_epsilon_floor/20260926T210310Z
"borrow_source=raw,final_block=min,ties=low",4-4,0.9,144,144,8192,0.017578125,False,research/results/verify_epsilon_floor/20260926T210310Z
"borrow_source=raw,special=flagged_only",2-2-2-2,0.5,1539,1539,8192,0.1878662109375,False,research/results/verify_epsilon_floor/20260926T210310Z
"borrow_source=raw,special=flagged_only",2-2-2-2,0.9,3820,3820,8192,0.46630859375,False,research/results/verify_epsilon_floor/20260926T210310Z
"borrow_source=raw,special=flagged_only",3-2-3,0.5,840,840,8192,0.1025390625,False,research/results/verify_epsilon_floor/20260926T210310Z
"borrow_source=raw,special=flagged_only",3-2-3,0.9,2150,2150,8192,0.262451171875,False,research/results/verify_epsilon_floor/20260926T210310Z
"borrow_source=raw,special=flagged_only",3-3-2,0.5,571,571,8192,0.0697021484375,False,research/results/verify_epsilon_floor/20260926T210310Z
"borrow_source=raw,special=flagged_only",3-3-2,0.9,1694,1694,8192,0.206787109375,False,research/results/verify_epsilon_floor/20260926T210310Z
"borrow_source=raw,special=flagged_only",4-4,0.5,0,0,8192,0.0,False,research/results/verify_epsilon_floor/20260926T210310Z
"borrow_source=raw,special=flagged_only",4-4,0.9,152,152,8192,0.0185546875,False,research/results/verify_epsilon_floor/20260926T210310Z
"borrow_source=raw,special=flagged_only,ties=high",2-2-2-2,0.5,1524,1524,8192,0.18603515625,False,research/results/verify_epsilon_floor/20260926T210310Z
"borrow_source=raw,special=flagged_only,ties=high",2-2-2-2,0.9,3808,3808,8192,0.46484375,False,research/results/verify_epsilon_floor/20260926T210310Z
"borrow_source=raw,special=flagged_only,ties=high",3-2-3,0.5,840,840,8192,0.1025390625,False,research/results/verify_epsilon_floor/20260926T210310Z
"borrow_source=raw,special=flagged_only,ties=high",3-2-3,0.9,2144,2144,8192,0.26171875,False,research/results/verify_epsilon_floor/20260926T210310Z
"borrow_source=raw,special=flagged_only,ties=high",3-3-2,0.5,536,536,8192,0.0654296875,False,research/results/verify_epsilon_floor/20260926T210310Z
"borrow_source=raw,special=flagged_only,ties=high",3-3-2,0.9,1664,1664,8192,0.203125,False,research/results/verify_epsilon_floor/20260926T210310Z
"borrow_source=raw,special=flagged_only,ties=high",4-4,0.5,0,0,8192,0.0,False,research/results/verify_epsilon_floor/20260926T210310Z
"borrow_source=raw,special=flagged_only,ties=high",4-4,0.9,144,144,8192,0.017578125,False,research/results/verify_epsilon_floor/20260926T210310Z
"borrow_source=raw,special=flagged_only,ties=low",2-2-2-2,0.5,1552,1552,8192,0.189453125,False,research/results/verify_epsilon_floor/20260926T210310Z
"borrow_source=raw,special=flagged_only,ties=low",2-2-2-2,0.9,3832,3832,8192,0.4677734375,False,research/results/verify_epsilon_floor/20260926T210310Z
"borrow_source=raw,special=flagged_only,ties=low",3-2-3,0.5,840,840,8192,0.1025390625,False,research/results/verify_epsilon_floor/20260926T210310Z
"borrow_source=raw,special=flagged_only,ties=low",3-2-3,0.9,2160,2160,8192,0.263671875,False,research/results/verify_epsilon_floor/20260926T210310Z
"borrow_source=raw,special=flagged_only,ties=low",3-3-2,0.5,592,592,8192,0.072265625,False,research/results/verify_epsilon_floor/20260926T210310Z
"borrow_source=raw,special=flagged_only,ties=low",3-3-2,0.9,1712,1712,8192,0.208984375,False,research/results/verify_epsilon_floor/20260926T210310Z
"borrow_source=raw,special=flagged_only,ties=low",4-4,0.5,0,0,8192,0.0,False,research/results/verify_epsilon_floor/20260926T210310Z
"borrow_source=raw,special=flagged_only,ties=low",4-4,0.9,160,160,8192,0.01953125,False,research/results/verify_epsilon_floor/20260926T210310Z
"borrow_source=raw,special=off",2-2-2-2,0.5,1647,1647,8192,0.2010498046875,False,research/results/verify_epsilon_floor/20260926T210310Z
"borrow_source=raw,special=off",2-2-2-2,0.9,3828,3828,8192,0.46728515625,False,research/results/verify_epsilon_floor/20260926T210310Z
"borrow_source=raw,special=off",3-2-3,0.5,840,840,8192,0.1025390625,False,research/results/verify_epsilon_floor/20260926T210310Z
"borrow_source=raw,special=off",3-2-3,0.9,2162,2162,8192,0.263916015625,False,research/results/verify_epsilon_floor/20260926T210310Z
"borrow_source=raw,special=off",3-3-2,0.5,644,644,8192,0.07861328125,False,research/results/verify_epsilon_floor/20260926T210310Z
"borrow_source=raw,special=off",3-3-2,0.9,1692,1692,8192,0.20654296875,False,research/results/verify_epsilon_floor/20260926T210310Z
"borrow_source=raw,special=off",4-4,0.5,0,0,8192,0.0,False,research/results/verify_epsilon_floor/20260926T210310Z
"borrow_source=raw,special=off",4-4,0.9,150,150,8192,0.018310546875,False,research/results/verify_epsilon_floor/20260926T210310Z
"borrow_source=raw,special=off,ties=high",2-2-2-2,0.5,1676,1676,8192,0.20458984375,False,research/results/verify_epsilon_floor/20260926T210310Z
"borrow_source=raw,special=off,ties=high",2-2-2-2,0.9,3856,3856,8192,0.470703125,False,research/results/verify_epsilon_floor/20260926T210310Z
"borrow_source=raw,special=off,ties=high",3-2-3,0.5,840,840,8192,0.1025390625,False,research/results/verify_epsilon_floor/20260926T210310Z
"borrow_source=raw,special=off,ties=high",3-2-3,0.9,2176,2176,8192,0.265625,False,research/results/verify_epsilon_floor/20260926T210310Z
"borrow_source=raw,special=off,ties=high",3-3-2,0.5,680,680,8192,0.0830078125,False,research/results/verify_epsilon_floor/20260926T210310Z
"borrow_source=raw,special=off,ties=high",3-3-2,0.9,1728,1728,8192,0.2109375,False,research/results/verify_epsilon_floor/20260926T210310Z
"borrow_source=raw,special=off,ties=high",4-4,0.5,0,0,8192,0.0,False,research/results/verify_epsilon_floor/20260926T210310Z
"borrow_source=raw,special=off,ties=high",4-4,0.9,160,160,8192,0.01953125,False,research/results/verify_epsilon_floor/20260926T210310Z
"borrow_source=raw,special=off,ties=low",2-2-2-2,0.5,1624,1624,8192,0.1982421875,False,research/results/verify_epsilon_floor/20260926T210310Z
"borrow_source=raw,special=off,ties=low",2-2-2-2,0.9,3808,3808,8192,0.46484375,False,research/results/verify_epsilon_floor/20260926T210310Z
"borrow_source=raw,special=off,ties=low",3-2-3,0.5,840,840,8192,0.1025390625,False,research/results/verify_epsilon_floor/20260926T210310Z
"borrow_source=raw,special=off,ties=low",3-2-3,0.9,2144,2144,8192,0.26171875,False,research/results/verify_epsilon_floor/20260926T210310Z
"borrow_source=raw,special=off,ties=low",3-3-2,0.5,616,616,8192,0.0751953125,False,research/results/verify_epsilon_floor/20260926T210310Z
"borrow_source=raw,special=off,ties=low",3-3-2,0.9,1664,1664,8192,0.203125,False,research/results/verify_epsilon_floor/20260926T210310Z
"borrow_source=raw,special=off,ties=low",4-4,0.5,0,0,8192,0.0,False,research/results/verify_epsilon_floor/20260926T210310Z
"borrow_source=raw,special=off,ties=low",4-4,0.9,144,144,8192,0.017578125,False,research/results/verify_epsilon_floor/20260926T210310Z
"borrow_source=raw,ties=high",2-2-2-2,0.5,1528,1528,8192,0.1865234375,False,research/results/verify_epsilon_floor/20260926T210310Z
"borrow_source=raw,ties=high",2-2-2-2,0.9,3392,3392,8192,0.4140625,False,research/results/verify_epsilon_floor/20260926T210310Z
"borrow_source=raw,ties=high",3-2-3,0.5,840,840,8192,0.1025390625,False,research/results/verify_epsilon_floor/20260926T210310Z
"borrow_source=raw,ties=high",3-2-3,0.9,1952,1952,8192,0.23828125,False,research/results/verify_epsilon_floor/20260926T210310Z
"borrow_source=raw,ties=high",3-3-2,0.5,520,520,8192,0.0634765625,False,research/results/verify_epsilon_floor/20260926T210310Z
"borrow_source=raw,ties=high",3-3-2,0.9,1440,1440,8192,0.17578125,False,research/results/verify_epsilon_floor/20260926T210310Z
"borrow_source=raw,ties=high",4-4,0.5,0,0,8192,0.0,False,research/results/verify_epsilon_floor/20260926T210310Z
"borrow_source=raw,ties=high",4-4,0.9,128,128,8192,0.015625,False,research/results/verify_epsilon_floor/20260926T210310Z
"borrow_source=raw,ties=low",2-2-2-2,0.5,1556,1556,8192,0.18994140625,False,research/results/verify_epsilon_floor/20260926T210310Z
"borrow_source=raw,ties=low",2-2-2-2,0.9,3424,3424,8192,0.41796875,False,research/results/verify_epsilon_floor/20260926T210310Z
"borrow_source=raw,ties=low",3-2-3,0.5,840,840,8192,0.1025390625,False,research/results/verify_epsilon_floor/20260926T210310Z
"borrow_source=raw,ties=low",3-2-3,0.9,1976,1976,8192,0.2412109375,False,research/results/verify_epsilon_floor/20260926T210310Z
"borrow_source=raw,ties=low",3-3-2,0.5,576,576,8192,0.0703125,False,research/results/verify_epsilon_floor/20260926T210310Z
"borrow_source=raw,ties=low",3-3-2,0.9,1496,1496,8192,0.1826171875,False,research/results/verify_epsilon_floor/20260926T210310Z
"borrow_source=raw,ties=low",4-4,0.5,0,0,8192,0.0,False,research/results/verify_epsilon_floor/20260926T210310Z
"borrow_source=raw,ties=low",4-4,0.9,144,144,8192,0.017578125,False,research/results/verify_epsilon_floor/20260926T210310Z
default,2-2-2-2,0.5,291,291,8192,0.0355224609375,True,research/results/verify_epsilon_floor/20260926T210310Z
default,2-2-2-2,0.9,1066,1066,8192,0.130126953125,True,research/results/verify_epsilon_floor/20260926T210310Z
default,3-2-3,0.5,0,0,8192,0.0,True,research/results/verify_epsilon_floor/20260926T210310Z
default,3-2-3,0.9,420,420,8192,0.05126953125,True,research/results/verify_epsilon_floor/20260926T210310Z
default,3-3-2,0.5,297,297,8192,0.0362548828125,True,research/results/verify_epsilon_floor/20260926T210310Z
default,3-3-2,0.9,959,959,8192,0.1170654296875,True,research/results/verify_epsilon_floor/20260926T210310Z
default,4-4,0.5,0,0,8192,0.0,True,research/results/verify_epsilon_floor/20260926T210310Z
default,4-4,0.9,136,136,8192,0.0166015625,True,research/results/verify_epsilon_floor/20260926T210310Z
final_block=min,2-2-2-2,0.5,1088,512,8192,0.1328125,True,research/results/verify_epsilon_floor/20260926T210310Z
final_block=min,2-2-2-2,0.9,1104,1104,8192,0.134765625,True,research/results/verify_epsilon_floor/20260926T210310Z
final_block=min,3-2-3,0.5,768,0,8192,0.09375,True,research/results/verify_epsilon_floor/20260926T210310Z
final_block=min,3-2-3,0.9,440,440,8192,0.0537109375,True,research/results/verify_epsilon_floor/20260926T210310Z
final_block=min,3-3-2,0.5,1088,512,8192,0.1328125,True,research/results/verify_epsilon_floor/20260926T210310Z
final_block=min,3-3-2,0.9,984,984,8192,0.1201171875,True,research/results/verify_epsilon_floor/20260926T210310Z
final_block=min,4-4,0.5,768,0,8192,0.09375,True,research/results/verify_epsilon_floor/20260926T210310Z
final_block=min,4-4,0.9,144,144,8192,0.017578125,True,research/results/verify_epsilon_floor/20260926T210310Z
"final_block=min,special=flagged_only",2-2-2-2,0.5,1024,448,8192,0.125,True,research/results/verify_epsilon_floor/20260926T210310Z
"final_block=min,special=flagged_only",2-2-2-2,0.9,1104,1104,8192,0.134765625,True,research/results/verify_epsilon_floor/20260926T210310Z
"final_block=min,special=flagged_only",3-2-3,0.5,768,0,8192,0.09375,True,research/results/verify_epsilon_floor/20260926T210310Z
"final_block=min,special=flagged_only",3-2-3,0.9,432,432,8192,0.052734375,True,research/results/verify_epsilon_floor/20260926T210310Z
"final_block=min,special=flagged_only",3-3-2,0.5,1088,512,8192,0.1328125,True,research/results/verify_epsilon_floor/20260926T210310Z
"final_block=min,special=flagged_only",3-3-2,0.9,976,976,8192,0.119140625,True,research/results/verify_epsilon_floor/20260926T210310Z
"final_block=min,special=flagged_only",4-4,0.5,768,0,8192,0.09375,True,research/results/verify_epsilon_floor/20260926T210310Z
"final_block=min,special=flagged_only",4-4,0.9,160,160,8192,0.01953125,True,research/results/verify_epsilon_floor/20260926T210310Z
"final_block=min,special=flagged_only,ties=high",2-2-2-2,0.5,1024,448,8192,0.125,True,research/results/verify_epsilon_floor/20260926T210310Z
"final_block=min,special=flagged_only,ties=high",2-2-2-2,0.9,1104,1104,8192,0.134765625,True,research/results/verify_epsilon_floor/20260926T210310Z
"final_block=min,special=flagged_only,ties=high",3-2-3,0.5,768,0,8192,0.09375,True,research/results/verify_epsilon_floor/20260926T210310Z
"final_block=min,special=flagged_only,ties=high",3-2-3,0.9,432,432,8192,0.052734375,True,research/results/verify_epsilon_floor/20260926T210310Z
"final_block=min,special=flagged_only,ties=high",3-3-2,0.5,1088,512,8192,0.1328125,True,research/results/verify_epsilon_floor/20260926T210310Z
"final_block=min,special=flagged_only,ties=high",3-3-2,0.9,976,976,8192,0.119140625,True,research/results/verify_epsilon_floor/20260926T210310Z
"final_block=min,special=flagged_only,ties=high",4-4,0.5,768,0,8192,0.09375,True,research/results/verify_epsilon_floor/20260926T210310Z
"final_block=min,special=flagged_only,ties=high",4-4,0.9,160,160,8192,0.01953125,True,research/results/verify_epsilon_floor/20260926T210310Z
"final_block=min,special=flagged_only,ties=low",2-2-2-2,0.5,1024,448,8192,0.125,True,research/results/verify_epsilon_floor/20260926T210310Z
"final_block=min,special=flagged_only,ties=low",2-2-2-2,0.9,1104,1104,8192,0.134765625,True,research/results/verify_epsilon_floor/20260926T210310Z
"final_block=min,special=flagged_only,ties=low",3-2-3,0.5,768,0,8192,0.09375,True,research/results/verify_epsilon_floor/20260926T210310Z
"final_block=min,special=flagged_only,ties=low",3-2-3,0.9,432,432,8192,0.052734375,True,research/results/verify_epsilon_floor/20260926T210310Z
"final_block=min,special=flagged_only,ties=low",3-3-2,0.5,1088,512,8192,0.1328125,True,research/results/verify_epsilon_floor/20260926T210310Z
"final_block=min,special=flagged_only,ties=low",3-3-2,0.9,976,976,8192,0.119140625,True,research/results/verify_epsilon_floor/20260926T210310Z
"final_block=min,special=flagged_only,ties=low",4-4,0.5,768,0,8192,0.09375,True,research/results/verify_epsilon_floor/20260926T210310Z
"final_block=min,special=flagged_only,ties=low",4-4,0.9,160,160,8192,0.01953125,True,research/results/verify_epsilon_floor/20260926T210310Z
"final_block=min,special=off",2-2-2-2,0.5,832,64,8192,0.1015625,True,research/results/verify_epsilon_floor/20260926T210310Z
"final_block=min,special=off",2-2-2-2,0.9,1040,1040,8192,0.126953125,True,research/results/verify_epsilon_floor/20260926T210310Z
"final_block=min,special=off",3-2-3,0.5,768,0,8192,0.09375,True,research/results/verify_epsilon_floor/20260926T210310Z
"final_block=min,special=off",3-2-3,0.9,400,400,8192,0.048828125,True,research/results/verify_epsilon_floor/20260926T210310Z
"final_block=min,special=off",3-3-2,0.5,896,128,8192,0.109375,True,research/results/verify_epsilon_floor/20260926T210310Z
"final_block=min,special=off",3-3-2,0.9,912,912,8192,0.111328125,True,research/results/verify_epsilon_floor/20260926T210310Z
"final_block=min,special=off",4-4,0.5,768,0,8192,0.09375,True,research/results/verify_epsilon_floor/20260926T210310Z
"final_block=min,special=off",4-4,0.9,144,144,8192,0.017578125,True,research/results/verify_epsilon_floor/20260926T210310Z
"final_block=min,special=off,ties=high",2-2-2-2,0.5,832,64,8192,0.1015625,True,research/results/verify_epsilon_floor/20260926T210310Z
"final_block=min,special=off,ties=high",2-2-2-2,0.9,1040,1040,8192,0.126953125,True,research/results/verify_epsilon_floor/20260926T210310Z
"final_block=min,special=off,ties=high",3-2-3,0.5,768,0,8192,0.09375,True,research/results/verify_epsilon_floor/20260926T210310Z
"final_block=min,special=off,ties=high",3-2-3,0.9,400,400,8192,0.048828125,True,research/results/verify_epsilon_floor/20260926T210310Z
"final_block=min,special=off,ties=high",3-3-2,0.5,896,128,8192,0.109375,True,research/results/verify_epsilon_floor/20260926T210310Z
"final_block=min,special=off,ties=high",3-3-2,0.9,912,912,8192,0.111328125,True,research/results/verify_epsilon_floor/20260926T210310Z
"final_block=min,special=off,ties=high",4-4,0.5,768,0,8192,0.09375,True,research/results/verify_epsilon_floor/20260926T210310Z
"final_block=min,special=off,ties=high",4-4,0.9,144,144,8192,0.017578125,True,research/results/verify_epsilon_floor/20260926T210310Z
"final_block=min,special=off,ties=low",2-2-2-2,0.5,832,64,8192,0.1015625,True,research/results/verify_epsilon_floor/20260926T210310Z
"final_block=min,special=off,ties=low",2-2-2-2,0.9,1040,1040,8192,0.126953125,True,research/results/verify_epsilon_floor/20260926T210310Z
"final_block=min,special=off,ties=low",3-2-3,0.5,768,0,8192,0.09375,True,research/results/verify_epsilon_floor/20260926T210310Z
"final_block=min,special=off,ties=low",3-2-3,0.9,400,400,8192,0.048828125,True,research/results/verify_epsilon_floor/20260926T210310Z
"final_block=min,special=off,ties=low",3-3-2,0.5,896,128,8192,0.109375,True,research/results/verify_epsilon_floor/20260926T210310Z
"final_block=min,special=off,ties=low",3-3-2,0.9,912,912,8192,0.111328125,True,research/results/verify_epsilon_floor/20260926T210310Z
"final_block=min,special=off,ties=low",4-4,0.5,768,0,8192,0.09375,True,research/results/verify_epsilon_floor/20260926T210310Z
"final_block=min,special=off,ties=low",4-4,0.9,144,144,8192,0.017578125,True,research/results/verify_epsilon_floor/20260926T210310Z
"final_block=min,ties=high",2-2-2-2,0.5,1088,512,8192,0.1328125,True,research/results/verify_epsilon_floor/20260926T210310Z
"final_block=min,ties=high",2-2-2-2,0.9,1104,1104,8192,0.134765625,True,research/results/verify_epsilon_floor/20260926T210310Z
"final_block=min,ties=high",3-2-3,0.5,768,0,8192,0.09375,True,research/results/verify_epsilon_floor/20260926T210310Z
"final_block=min,ties=high",3-2-3,0.9,440,440,8192,0.0537109375,True,research/results/verify_epsilon_floor/20260926T210310Z
"final_block=min,ties=high",3-3-2,0.5,1088,512,8192,0.1328125,True,research/results/verify_epsilon_floor/20260926T210310Z
"final_block=min,ties=high",3-3-2,0.9,984,984,8192,0.1201171875,True,research/results/verify_epsilon_floor/20260926T210310Z
"final_block=min,ties=high",4-4,0.5,768,0,8192,0.09375,True,research/results/verify_epsilon_floor/20260926T210310Z
"final_block=min,ties=high",4-4,0.9,144,144,8192,0.017578125,True,research/results/verify_epsilon_floor/20260926T210310Z
"final_block=min,ties=low",2-2-2-2,0.5,1088,512,8192,0.1328125,True,research/results/verify_epsilon_floor/20260926T210310Z
"final_block=min,ties=low",2-2-2-2,0.9,1104,1104,8192,0.134765625,True,research/results/verify_epsilon_floor/20260926T210310Z
"final_block=min,ties=low",3-2-3,0.5,768,0,8192,0.09375,True,research/results/verify_epsilon_floor/20260926T210310Z
"final_block=min,ties=low",3-2-3,0.9,440,440,8192,0.0537109375,True,research/results/verify_epsilon_floor/20260926T210310Z
"final_block=min,ties=low",3-3-2,0.5,1088,512,8192,0.1328125,True,research/results/verify_epsilon_floor/20260926T210310Z
"final_block=min,ties=low",3-3-2,0.9,984,984,8192,0.1201171875,True,research/results/verify_epsilon_floor/20260926T210310Z
"final_block=min,ties=low",4-4,0.5,768,0,8192,0.09375,True,research/results/verify_epsilon_floor/20260926T210310Z
"final_block=min,ties=low",4-4,0.9,144,144,8192,0.017578125,True,research/results/verify_epsilon_floor/20260926T210310Z
flag_index=next,2-2-2-2,0.5,3024,3024,8192,0.369140625,True,research/results/verify_epsilon_floor/20260926T210310Z
flag_index=next,2-2-2-2,0.9,1418,1418,8192,0.173095703125,True,research/results/verify_epsilon_floor/20260926T210310Z
flag_index=next,3-2-3,0.5,1867,1867,8192,0.2279052734375,True,research/results/verify_epsilon_floor/20260926T210310Z
flag_index=next,3-2-3,0.9,645,645,8192,0.0787353515625,True,research/results/verify_epsilon_floor/20260926T210310Z
flag_index=next,3-3-2,0.5,1578,1578,8192,0.192626953125,True,research/results/verify_epsilon_floor/20260926T210310Z
flag_index=next,3-3-2,0.9,1142,1142,8192,0.139404296875,True,research/results/verify_epsilon_floor/20260926T210310Z
flag_index=next,4-4,0.5,1024,1024,8192,0.125,True,research/results/verify_epsilon_floor/20260926T210310Z
flag_index=next,4-4,0.9,256,256,8192,0.03125,True,research/results/verify_epsilon_floor/20260926T210310Z
"flag_index=next,borrow_source=raw",2-2-2-2,0.5,4448,4448,8192,0.54296875,False,research/results/verify_epsilon_floor/20260926T210310Z
"flag_index=next,borrow_source=raw",2-2-2-2,0.9,3654,3654,8192,0.446044921875,False,research/results/verify_epsilon_floor/20260926T210310Z
"flag_index=next,borrow_source=raw",3-2-3,0.5,3051,3051,8192,0.3724365234375,False,research/results/verify_epsilon_floor/20260926T210310Z
"flag_index=next,borrow_source=raw",3-2-3,0.9,2133,2133,8192,0.2603759765625,False,research/results/verify_epsilon_floor/20260926T210310Z
"flag_index=next,borrow_source=raw",3-3-2,0.5,1994,1994,8192,0.243408203125,False,research/results/verify_epsilon_floor/20260926T210310Z
"flag_index=next,borrow_source=raw",3-3-2,0.9,1638,1638,8192,0.199951171875,False,research/results/verify_epsilon_floor/20260926T210310Z
"flag_index=next,borrow_source=raw",4-4,0.5,1024,1024,8192,0.125,False,research/results/verify_epsilon_floor/20260926T210310Z
"flag_index=next,borrow_source=raw",4-4,0.9,256,256,8192,0.03125,False,research/results/verify_epsilon_floor/20260926T210310Z
"flag_index=next,borrow_source=raw,final_block=min",2-2-2-2,0.5,4788,4536,8192,0.58447265625,False,research/results/verify_epsilon_floor/20260926T210310Z
"flag_index=next,borrow_source=raw,final_block=min",2-2-2-2,0.9,3656,3656,8192,0.4462890625,False,research/results/verify_epsilon_floor/20260926T210310Z
"flag_index=next,borrow_source=raw,final_block=min",3-2-3,0.5,3456,3120,8192,0.421875,False,research/results/verify_epsilon_floor/20260926T210310Z
"flag_index=next,borrow_source=raw,final_block=min",3-2-3,0.9,2136,2136,8192,0.2607421875,False,research/results/verify_epsilon_floor/20260926T210310Z
"flag_index=next,borrow_source=raw,final_block=min",3-3-2,0.5,2520,2160,8192,0.3076171875,False,research/results/verify_epsilon_floor/20260926T210310Z
"flag_index=next,borrow_source=raw,final_block=min",3-3-2,0.9,1640,1640,8192,0.2001953125,False,research/results/verify_epsilon_floor/20260926T210310Z
"flag_index=next,borrow_source=raw,final_block=min",4-4,0.5,1504,1072,8192,0.18359375,False,research/results/verify_epsilon_floor/20260926T210310Z
"flag_index=next,borrow_source=raw,final_block=min",4-4,0.9,256,256,8192,0.03125,False,research/results/verify_epsilon_floor/20260926T210310Z
"flag_index=next,borrow_source=raw,final_block=min,special=flagged_only",2-2-2-2,0.5,5760,5544,8192,0.703125,False,research/results/verify_epsilon_floor/20260926T210310Z
"flag_index=next,borrow_source=raw,final_block=min,special=flagged_only",2-2-2-2,0.9,4400,4400,8192,0.537109375,False,research/results/verify_epsilon_floor/20260926T210310Z
"flag_index=next,borrow_source=raw,final_block=min,special=flagged_only",3-2-3,0.5,4104,3792,8192,0.5009765625,False,research/results/verify_epsilon_floor/20260926T210310Z
"flag_index=next,borrow_source=raw,final_block=min,special=flagged_only",3-2-3,0.9,2648,2648,8192,0.3232421875,False,research/results/verify_epsilon_floor/20260926T210310Z
"flag_index=next,borrow_source=raw,final_block=min,special=flagged_only",3-3-2,0.5,3664,3328,8192,0.447265625,False,research/results/verify_epsilon_floor/20260926T210310Z
"flag_index=next,borrow_source=raw,final_block=min,special=flagged_only",3-3-2,0.9,2168,2168,8192,0.2646484375,False,research/results/verify_epsilon_floor/20260926T210310Z
"flag_index=next,borrow_source=raw,final_block=min,special=flagged_only",4-4,0.5,1920,1488,8192,0.234375,False,research/results/verify_epsilon_floor/20260926T210310Z
"flag_index=next,borrow_source=raw,final_block=min,special=flagged_only",4-4,0.9,496,496,8192,0.060546875,False,research/results/verify_epsilon_floor/20260926T210310Z
"flag_index=next,borrow_source=raw,final_block=min,special=flagged_only,ties=high",2-2-2-2,0.5,5760,5544,8192,0.703125,False,research/results/verify_epsilon_floor/20260926T210310Z
"flag_index=next,borrow_source=raw,final_block=min,special=flagged_only,ties=high",2-2-2-2,0.9,4400,4400,8192,0.537109375,False,research/results/verify_epsilon_floor/20260926T210310Z
"flag_index=next,borrow_source=raw,final_block=min,special=flagged_only,ties=high",3-2-3,0.5,4104,3792,8192,0.5009765625,False,research/results/verify_epsilon_floor/20260926T210310Z
"flag_index=next,borrow_source=raw,final_block=min,special=flagged_only,ties=high",3-2-3,0.9,2648,2648,8192,0.3232421875,False,research/results/verify_epsilon_floor/20260926T210310Z
"flag_index=next,borrow_source=raw,final_block=min,special=flagged_only,ties=high",3-3-2,0.5,3664,3328,8192,0.447265625,False,research/results/verify_epsilon_floor/20260926T210310Z
"flag_index=next,borrow_source=raw,final_block=min,special=flagged_only,ties=high",3-3-2,0.9,2168,2168,8192,0.2646484375,False,research/results/verify_epsilon_floor/20260926T210310Z
"flag_index=next,borrow_source=raw,final_block=min,special=flagged_only,ties=high",4-4,0.5,1920,1488,8192,0.234375,False,research/results/verify_epsilon_floor/20260926T210310Z
"flag_index=next,borrow_source=raw,final_block=min,special=flagged_only,ties=high",4-4,0.9,496,496,8192,0.060546875,False,research/results/verify_epsilon_floor/20260926T210310Z
"flag_index=next,borrow_source=raw,final_block=min,special=flagged_only,ties=low",2-2-2-2,0.5,5760,5544,8192,0.703125,False,research/results/verify_epsilon_floor/20260926T210310Z
"flag_index=next,borrow_source=raw,final_block=min,special=flagged_only,ties=low",2-2-2-2,0.9,4400,4400,8192,0.537109375,False,research/results/verify_epsilon_floor/20260926T210310Z
"flag_index=next,borrow_source=raw,final_block=min,special=flagged_only,ties=low",3-2-3,0.5,4104,3792,8192,0.5009765625,False,research/results/verify_epsilon_floor/20260926T210310Z
"flag_index=next,borrow_source=raw,final_block=min,special=flagged_only,ties=low",3-2-3,0.9,2648,2648,8192,0.3232421875,False,research/results/verify_epsilon_floor/20260926T210310Z
"flag_index=next,borrow_source=raw,final_block=min,special=flagged_only,ties=low",3-3-2,0.5,3664,3328,8192,0.447265625,False,research/results/verify_epsilon_floor/20260926T210310Z
"flag_index=next,borrow_source=raw,final_block=min,special=flagged_only,ties=low",3-3-2,0.9,2168,2168,8192,0.2646484375,False,research/results/verify_epsilon_floor/20260926T210310Z
"flag_index=next,borrow_source=raw,final_block=min,special=flagged_only,ties=low",4-4,0.5,1920,1488,8192,0.234375,False,research/results/verify_epsilon_floor/20260926T210310Z
"flag_index=next,borrow_source=raw,final_block=min,special=flagged_only,ties=low",4-4,0.9,496,496,8192,0.060546875,False,research/results/verify_epsilon_floor/20260926T210310Z
"flag_index=next,borrow_source=raw,final_block=min,special=off",2-2-2-2,0.5,5760,5544,8192,0.703125,False,research/results/verify_epsilon_floor/20260926T210310Z
"flag_index=next,borrow_source=raw,final_block=min,special=off",2-2-2-2,0.9,4400,4400,8192,0.537109375,False,research/results/verify_epsilon_floor/20260926T210310Z
"flag_index=next,borrow_source=raw,final_block=min,special=off",3-2-3,0.5,4104,3792,8192,0.5009765625,False,research/results/verify_epsilon_floor/20260926T210310Z
"flag_index=next,borrow_source=raw,final_block=min,special=off",3-2-3,0.9,2648,2648,8192,0.3232421875,False,research/results/verify_epsilon_floor/20260926T210310Z
"flag_index=next,borrow_source=raw,final_block=min,special=off",3-3-2,0.5,3664,3328,8192,0.447265625,False,research/results/verify_epsilon_floor/20260926T210310Z
"flag_index=next,borrow_source=raw,final_block=min,special=off",3-3-2,0.9,2168,2168,8192,0.2646484375,False,research/results/verify_epsilon_floor/20260926T210310Z
"flag_index=next,borrow_source=raw,final_block=min,special=off",4-4,0.5,1920,1488,8192,0.234375,False,research/results/verify_epsilon_floor/20260926T210310Z
"flag_index=next,borrow_source=raw,final_block=min,special=off",4-4,0.9,496,496,8192,0.060546875,False,research/results/verify_epsilon_floor/20260926T210310Z
"flag_index=next,borrow_source=raw,final_block=min,special=off,ties=high",2-2-2-2,0.5,5760,5544,8192,0.703125,False,research/results/verify_epsilon_floor/20260926T210310Z
"flag_index=next,borrow_source=raw,final_block=min,special=off,ties=high",2-2-2-2,0.9,4400,4400,8192,0.537109375,False,research/results/verify_epsilon_floor/20260926T210310Z
"flag_index=next,borrow_source=raw,final_block=min,special=off,ties=high",3-2-3,0.5,4104,3792,8192,0.5009765625,False,research/results/verify_epsilon_floor/20260926T210310Z
"flag_index=next,borrow_source=raw,final_block=min,special=off,ties=high",3-2-3,0.9,2648,2648,8192,0.3232421875,False,research/results/verify_epsilon_floor/20260926T210310Z
"flag_index=next,borrow_source=raw,final_block=min,special=off,ties=high",3-3-2,0.5,3664,3328,8192,0.447265625,False,research/results/verify_epsilon_floor/20260926T210310Z
"flag_index=next,borrow_source=raw,final_block=min,special=off,ties=high",3-3-2,0.9,2168,2168,8192,0.2646484375,False,research/results/verify_epsilon_floor/20260926T210310Z
"flag_index=next,borrow_source=raw,final_block=min,special=off,ties=high",4-4,0.5,1920,1488,8192,0.234375,False,research/results/verify_epsilon_floor/20260926T210310Z
"flag_index=next,borrow_source=raw,final_block=min,special=off,ties=high",4-4,0.9,496,496,8192,0.060546875,False,research/results/verify_epsilon_floor/20260926T210310Z
"flag_index=next,borrow_source=raw,final_block=min,special=off,ties=low",2-2-2-2,0.5,5760,5544,8192,0.703125,False,research/results/verify_epsilon_floor/20260926T210310Z
"flag_index=next,borrow_source=raw,final_block=min,special=off,ties=low",2-2-2-2,0.9,4400,4400,8192,0.537109375,False,research/results/verify_epsilon_floor/20260926T210310Z
"flag_index=next,borrow_source=raw,final_block=min,special=off,ties=low",3-2-3,0.5,4104,3792,8192,0.5009765625,False,research/results/verify_epsilon_floor/20260926T210310Z
"flag_index=next,borrow_source=raw,final_block=min,special=off,ties=low",3-2-3,0.9,2648,2648,8192,0.3232421875,False,research/results/verify_epsilon_floor/20260926T210310Z
"flag_index=next,borrow_source=raw,final_block=min,special=off,ties=low",3-3-2,0.5,3664,3328,8192,0.447265625,False,research/results/verify_epsilon_floor/20260926T210310Z
"flag_index=next,borrow_source=raw,final_block=min,special=off,ties=low",3-3-2,0.9,2168,2168,8192,0.2646484375,False,research/results/verify_epsilon_floor/20260926T210310Z
"flag_index=next,borrow_source=raw,final_block=min,special=off,ties=low",4-4,0.5,1920,1488,8192,0.234375,False,research/results/verify_epsilon_floor/20260926T210310Z
"flag_index=next,borrow_source=raw,final_block=min,special=off,ties=low",4-4,0.9,496,496,8192,0.060546875,False,research/results/verify_epsilon_floor/20260926T210310Z
"flag_index=next,borrow_source=raw,final_block=min,ties=high",2-2-2-2,0.5,4788,4536,8192,0.58447265625,False,research/results/verify_epsilon_floor/20260926T210310Z
"flag_index=next,borrow_source=raw,final_block=min,ties=high",2-2-2-2,0.9,3656,3656,8192,0.4462890625,False,research/results/verify_epsilon_floor/20260926T210310Z
"flag_index=next,borrow_source=raw,final_block=min,ties=high",3-2-3,0.5,3456,3120,8192,0.421875,False,research/results/verify_epsilon_floor/20260926T210310Z
"flag_index=next,borrow_source=raw,final_block=min,ties=high",3-2-3,0.9,2136,2136,8192,0.2607421875,False,research/results/verify_epsilon_floor/20260926T210310Z
"flag_index=next,borrow_source=raw,final_block=min,ties=high",3-3-2,0.5,2520,2160,8192,0.3076171875,False,research/results/verify_epsilon_floor/20260926T210310Z
"flag_index=next,borrow_source=raw,final_block=min,ties=high",3-3-2,0.9,1640,1640,8192,0.2001953125,False,research/results/verify_epsilon_floor/20260926T210310Z
"flag_index=next,borrow_source=raw,final_block=min,ties=high",4-4,0.5,1504,1072,8192,0.18359375,False,research/results/verify_epsilon_floor/20260926T210310Z
"flag_index=next,borrow_source=raw,final_block=min,ties=high",4-4,0.9,256,256,8192,0.03125,False,research/results/verify_epsilon_floor/20260926T210310Z
"flag_index=next,borrow_source=raw,final_block=min,ties=low",2-2-2-2,0.5,4788,4536,8192,0.58447265625,False,research/results/verify_epsilon_floor/20260926T210310Z
"flag_index=next,borrow_source=raw,final_block=min,ties=low",2-2-2-2,0.9,3656,3656,8192,0.4462890625,False,research/results/verify_epsilon_floor/20260926T210310Z
"flag_index=next,borrow_source=raw,final_block=min,ties=low",3-2-3,0.5,3456,3120,8192,0.421875,False,research/results/verify_epsilon_floor/20260926T210310Z
"flag_index=next,borrow_source=raw,final_block=min,ties=low",3-2-3,0.9,2136,2136,8192,0.2607421875,False,research/results/verify_epsilon_floor/20260926T210310Z
"flag_index=next,borrow_source=raw,final_block=min,ties=low",3-3-2,0.5,2520,2160,8192,0.3076171875,False,research/results/verify_epsilon_floor/20260926T210310Z
"flag_index=next,borrow_source=raw,final_block=min,ties=low",3-3-2,0.9,1640,1640,8192,0.2001953125,False,research/results/verify_epsilon_floor/20260926T210310Z
"flag_index=next,borrow_source=raw,final_block=min,ties=low",4-4,0.5,1504,1072,8192,0.18359375,False,research/results/verify_epsilon_floor/20260926T210310Z
"flag_index=next,borrow_source=raw,final_block=min,ties=low",4-4,0.9,256,256,8192,0.03125,False,research/results/verify_epsilon_floor/20260926T210310Z
"flag_index=next,borrow_source=raw,special=flagged_only",2-2-2-2,0.5,5448,5448,8192,0.6650390625,False,research/results/verify_epsilon_floor/20260926T210310Z
"flag_index=next,borrow_source=raw,special=flagged_only",2-2-2-2,0.9,4400,4400,8192,0.537109375,False,research/results/verify_epsilon_floor/20260926T210310Z
"flag_index=next,borrow_source=raw,special=flagged_only",3-2-3,0.5,3720,3720,8192,0.4541015625,False,research/results/verify_epsilon_floor/20260926T210310Z
"flag_index=next,borrow_source=raw,special=flagged_only",3-2-3,0.9,2648,2648,8192,0.3232421875,False,research/results/verify_epsilon_floor/20260926T210310Z
"flag_index=next,borrow_source=raw,special=flagged_only",3-3-2,0.5,3160,3160,8192,0.3857421875,False,research/results/verify_epsilon_floor/20260926T210310Z
"flag_index=next,borrow_source=raw,special=flagged_only",3-3-2,0.9,2168,2168,8192,0.2646484375,False,research/results/verify_epsilon_floor/20260926T210310Z
"flag_index=next,borrow_source=raw,special=flagged_only",4-4,0.5,1440,1440,8192,0.17578125,False,research/results/verify_epsilon_floor/20260926T210310Z
"flag_index=next,borrow_source=raw,special=flagged_only",4-4,0.9,496,496,8192,0.060546875,False,research/results/verify_epsilon_floor/20260926T210310Z
"flag_index=next,borrow_source=raw,special=flagged_only,ties=high",2-2-2-2,0.5,5448,5448,8192,0.6650390625,False,research/results/verify_epsilon_floor/20260926T210310Z
"flag_index=next,borrow_source=raw,special=flagged_only,ties=high",2-2-2-2,0.9,4400,4400,8192,0.537109375,False,research/results/verify_epsilon_floor/20260926T210310Z
"flag_index=next,borrow_source=raw,special=flagged_only,ties=high",3-2-3,0.5,3720,3720,8192,0.4541015625,False,research/results/verify_epsilon_floor/20260926T210310Z
"flag_index=next,borrow_source=raw,special=flagged_only,ties=high",3-2-3,0.9,2648,2648,8192,0.3232421875,False,research/results/verify_epsilon_floor/20260926T210310Z
"flag_index=next,borrow_source=raw,special=flagged_only,ties=high",3-3-2,0.5,3160,3160,8192,0.3857421875,False,research/results/verify_epsilon_floor/20260926T210310Z
"flag_index=next,borrow_source=raw,special=flagged_only,ties=high",3-3-2,0.9,2168,2168,8192,0.2646484375,False,research/results/verify_epsilon_floor/20260926T210310Z
"flag_index=next,borrow_source=raw,special=flagged_only,ties=high",4-4,0.5,1440,1440,8192,0.17578125,False,research/results/verify_epsilon_floor/20260926T210310Z
"flag_index=next,borrow_source=raw,special=flagged_only,ties=high",4-4,0.9,496,496,8192,0.060546875,False,research/results/verify_epsilon_floor/20260926T210310Z
"flag_index=next,borrow_source=raw,special=flagged_only,ties=low",2-2-2-2,0.5,5448,5448,8192,0.6650390625,False,research/results/verify_epsilon_floor/20260926T210310Z
"flag_index=next,borrow_source=raw,special=flagged_only,ties=low",2-2-2-2,0.9,4400,4400,8192,0.537109375,False,research/results/verify_epsilon_floor/20260926T210310Z
"flag_index=next,borrow_source=raw,special=flagged_only,ties=low",3-2-3,0.5,3720,3720,8192,0.4541015625,False,research/results/verify_epsilon_floor/20260926T210310Z
"flag_index=next,borrow_source=raw,special=flagged_only,ties=low",3-2-3,0.9,2648,2648,8192,0.3232421875,False,research/results/verify_epsilon_floor/20260926T210310Z
"flag_index=next,borrow_source=raw,special=flagged_only,ties=low",3-3-2,0.5,3160,3160,8192,0.3857421875,False,research/results/verify_epsilon_floor/20260926T210310Z
"flag_index=next,borrow_source=raw,special=flagged_only,ties=low",3-3-2,0.9,2168,2168,8192,0.2646484375,False,research/results/verify_epsilon_floor/20260926T210310Z
"flag_index=next,borrow_source=raw,special=flagged_only,ties=low",4-4,0.5,1440,1440,8192,0.17578125,False,research/results/verify_epsilon_floor/20260926T210310Z
"flag_index=next,borrow_source=raw,special=flagged_only,ties=low",4-4,0.9,496,496,8192,0.060546875,False,research/results/verify_epsilon_floor/20260926T210310Z
"flag_index=next,borrow_source=raw,special=off",2-2-2-2,0.5,5448,5448,8192,0.6650390625,False,research/results/verify_epsilon_floor/20260926T210310Z
"flag_index=next,borrow_source=raw,special=off",2-2-2-2,0.9,4400,4400,8192,0.537109375,False,research/results/verify_epsilon_floor/20260926T210310Z
"flag_index=next,borrow_source=raw,special=off",3-2-3,0.5,3720,3720,8192,0.4541015625,False,research/results/verify_epsilon_floor/20260926T210310Z
"flag_index=next,borrow_source=raw,special=off",3-2-3,0.9,2648,2648,8192,0.3232421875,False,research/results/verify_epsilon_floor/20260926T210310Z
"flag_index=next,borrow_source=raw,special=off",3-3-2,0.5,3160,3160,8192,0.3857421875,False,research/results/verify_epsilon_floor/20260926T210310Z
"flag_index=next,borrow_source=raw,special=off",3-3-2,0.9,2168,2168,8192,0.2646484375,False,research/results/verify_epsilon_floor/20260926T210310Z
"flag_index=next,borrow_source=raw,special=off",4-4,0.5,1440,1440,8192,0.17578125,False,research/results/verify_epsilon_floor/20260926T210310Z
"flag_index=next,borrow_source=raw,special=off",4-4,0.9,496,496,8192,0.060546875,False,research/results/verify_epsilon_floor/20260926T210310Z
"flag_index=next,borrow_source=raw,special=off,ties=high",2-2-2-2,0.5,5448,5448,8192,0.6650390625,False,research/results/verify_epsilon_floor/20260926T210310Z
"flag_index=next,borrow_source=raw,special=off,ties=high",2-2-2-2,0.9,4400,4400,8192,0.537109375,False,research/results/verify_epsilon_floor/20260926T210310Z
"flag_index=next,borrow_source=raw,special=off,ties=high",3-2-3,0.5,3720,3720,8192,0.4541015625,False,research/results/verify_epsilon_floor/20260926T210310Z
"flag_index=next,borrow_source=raw,special=off,ties=high",3-2-3,0.9,2648,2648,8192,0.3232421875,False,research/results/verify_epsilon_floor/20260926T210310Z
"flag_index=next,borrow_source=raw,special=off,ties=high",3-3-2,0.5,3160,3160,8192,0.3857421875,False,research/results/verify_epsilon_floor/20260926T210310Z
"flag_index=next,borrow_source=raw,special=off,ties=high",3-3-2,0.9,2168,2168,8192,0.2646484375,False,research/results/verify_epsilon_floor/20260926T210310Z
"flag_index=next,borrow_source=raw,special=off,ties=high",4-4,0.5,1440,1440,8192,0.17578125,False,research/results/verify_epsilon_floor/20260926T210310Z
"flag_index=next,borrow_source=raw,special=off,ties=high",4-4,0.9,496,496,8192,0.060546875,False,research/results/verify_epsilon_floor/20260926T210310Z
"flag_index=next,borrow_source=raw,special=off,ties=low",2-2-2-2,0.5,5448,5448,8192,0.6650390625,False,research/results/verify_epsilon_floor/20260926T210310Z
"flag_index=next,borrow_source=raw,special=off,ties=low",2-2-2-2,0.9,4400,4400,8192,0.537109375,False,research/results/verify_epsilon_floor/20260926T210310Z
"flag_index=next,borrow_source=raw,special=off,ties=low",3-2-3,0.5,3720,3720,8192,0.4541015625,False,research/results/verify_epsilon_floor/20260926T210310Z
"flag_index=next,borrow_source=raw,special=off,ties=low",3-2-3,0.9,2648,2648,8192,0.3232421875,False,research/results/verify_epsilon_floor/20260926T210310Z
"flag_index=next,borrow_source=raw,special=off,ties=low",3-3-2,0.5,3160,3160,8192,0.3857421875,False,research/results/verify_epsilon_floor/20260926T210310Z
"flag_index=next,borrow_source=raw,special=off,ties=low",3-3-2,0.9,2168,2168,8192,0.2646484375,False,research/results/verify_epsilon_floor/20260926T210310Z
"flag_index=next,borrow_source=raw,special=off,ties=low",4-4,0.5,1440,1440,8192,0.17578125,False,research/results/verify_epsilon_floor/20260926T210310Z
"flag_index=next,borrow_source=raw,special=off,ties=low",4-4,0.9,496,496,8192,0.060546875,False,research/results/verify_epsilon_floor/20260926T210310Z
"flag_index=next,borrow_source=raw,ties=high",2-2-2-2,0.5,4452,4452,8192,0.54345703125,False,research/results/verify_epsilon_floor/20260926T210310Z
"flag_index=next,borrow_source=raw,ties=high",2-2-2-2,0.9,3652,3652,8192,0.44580078125,False,research/results/verify_epsilon_floor/20260926T210310Z
"flag_index=next,borrow_source=raw,ties=high",3-2-3,0.5,3056,3056,8192,0.373046875,False,research/results/verify_epsilon_floor/20260926T210310Z
"flag_index=next,borrow_source=raw,ties=high",3-2-3,0.9,2128,2128,8192,0.259765625,False,research/results/verify_epsilon_floor/20260926T210310Z
"flag_index=next,borrow_source=raw,ties=high",3-3-2,0.5,2000,2000,8192,0.244140625,False,research/results/verify_epsilon_floor/20260926T210310Z
"flag_index=next,borrow_source=raw,ties=high",3-3-2,0.9,1632,1632,8192,0.19921875,False,research/results/verify_epsilon_floor/20260926T210310Z
"flag_index=next,borrow_source=raw,ties=high",4-4,0.5,1024,1024,8192,0.125,False,research/results/verify_epsilon_floor/20260926T210310Z
"flag_index=next,borrow_source=raw,ties=high",4-4,0.9,256,256,8192,0.03125,False,research/results/verify_epsilon_floor/20260926T210310Z
"flag_index=next,borrow_source=raw,ties=low",2-2-2-2,0.5,4440,4440,8192,0.5419921875,False,research/results/verify_epsilon_floor/20260926T210310Z
"flag_index=next,borrow_source=raw,ties=low",2-2-2-2,0.9,3656,3656,8192,0.4462890625,False,research/results/verify_epsilon_floor/20260926T210310Z
"flag_index=next,borrow_source=raw,ties=low",3-2-3,0.5,3048,3048,8192,0.3720703125,False,research/results/verify_epsilon_floor/20260926T210310Z
"flag_index=next,borrow_source=raw,ties=low",3-2-3,0.9,2136,2136,8192,0.2607421875,False,research/results/verify_epsilon_floor/20260926T210310Z
"flag_index=next,borrow_source=raw,ties=low",3-3-2,0.5,1992,1992,8192,0.2431640625,False,research/results/verify_epsilon_floor/20260926T210310Z
"flag_index=next,borrow_source=raw,ties=low",3-3-2,0.9,1640,1640,8192,0.2001953125,False,research/results/verify_epsilon_floor/20260926T210310Z
"flag_index=next,borrow_source=raw,ties=low",4-4,0.5,1024,1024,8192,0.125,False,research/results/verify_epsilon_floor/20260926T210310Z
"flag_index=next,borrow_source=raw,ties=low",4-4,0.9,256,256,8192,0.03125,False,research/results/verify_epsilon_floor/20260926T210310Z
"flag_index=next,final_block=min",2-2-2-2,0.5,3460,3136,8192,0.42236328125,True,research/results/verify_epsilon_floor/20260926T210310Z
"flag_index=next,final_block=min",2-2-2-2,0.9,1424,1424,8192,0.173828125,True,research/results/verify_epsilon_floor/20260926T210310Z
"flag_index=next,final_block=min",3-2-3,0.5,2272,1936,8192,0.27734375,True,research/results/verify_epsilon_floor/20260926T210310Z
"flag_index=next,final_block=min",3-2-3,0.9,648,648,8192,0.0791015625,True,research/results/verify_epsilon_floor/20260926T210310Z
"flag_index=next,final_block=min",3-3-2,0.5,2104,1744,8192,0.2568359375,True,research/results/verify_epsilon_floor/20260926T210310Z
"flag_index=next,final_block=min",3-3-2,0.9,1144,1144,8192,0.1396484375,True,research/results/verify_epsilon_floor/20260926T210310Z
"flag_index=next,final_block=min",4-4,0.5,1504,1072,8192,0.18359375,True,research/results/verify_epsilon_floor/20260926T210310Z
"flag_index=next,final_block=min",4-4,0.9,256,256,8192,0.03125,True,research/results/verify_epsilon_floor/20260926T210310Z
"flag_index=next,final_block=min,special=flagged_only",2-2-2-2,0.5,4368,4080,8192,0.533203125,True,research/results/verify_epsilon_floor/20260926T210310Z
"flag_index=next,final_block=min,special=flagged_only",2-2-2-2,0.9,1760,1760,8192,0.21484375,True,research/results/verify_epsilon_floor/20260926T210310Z
"flag_index=next,final_block=min,special=flagged_only",3-2-3,0.5,2920,2608,8192,0.3564453125,True,research/results/verify_epsilon_floor/20260926T210310Z
"flag_index=next,final_block=min,special=flagged_only",3-2-3,0.9,968,968,8192,0.1181640625,True,research/results/verify_epsilon_floor/20260926T210310Z
"flag_index=next,final_block=min,special=flagged_only",3-3-2,0.5,3216,2880,8192,0.392578125,True,research/results/verify_epsilon_floor/20260926T210310Z
"flag_index=next,final_block=min,special=flagged_only",3-3-2,0.9,1448,1448,8192,0.1767578125,True,research/results/verify_epsilon_floor/20260926T210310Z
"flag_index=next,final_block=min,special=flagged_only",4-4,0.5,1920,1488,8192,0.234375,True,research/results/verify_epsilon_floor/20260926T210310Z
"flag_index=next,final_block=min,special=flagged_only",4-4,0.9,496,496,8192,0.060546875,True,research/results/verify_epsilon_floor/20260926T210310Z
"flag_index=next,final_block=min,special=flagged_only,ties=high",2-2-2-2,0.5,4368,4080,8192,0.533203125,True,research/results/verify_epsilon_floor/20260926T210310Z
"flag_index=next,final_block=min,special=flagged_only,ties=high",2-2-2-2,0.9,1760,1760,8192,0.21484375,True,research/results/verify_epsilon_floor/20260926T210310Z
"flag_index=next,final_block=min,special=flagged_only,ties=high",3-2-3,0.5,2920,2608,8192,0.3564453125,True,research/results/verify_epsilon_floor/20260926T210310Z
"flag_index=next,final_block=min,special=flagged_only,ties=high",3-2-3,0.9,968,968,8192,0.1181640625,True,research/results/verify_epsilon_floor/20260926T210310Z
"flag_index=next,final_block=min,special=flagged_only,ties=high",3-3-2,0.5,3216,2880,8192,0.392578125,True,research/results/verify_epsilon_floor/20260926T210310Z
"flag_index=next,final_block=min,special=flagged_only,ties=high",3-3-2,0.9,1448,1448,8192,0.1767578125,True,research/results/verify_epsilon_floor/20260926T210310Z
"flag_index=next,final_block=min,special=flagged_only,ties=high",4-4,0.5,1920,1488,8192,0.234375,True,research/results/verify_epsilon_floor/20260926T210310Z
"flag_index=next,final_block=min,special=flagged_only,ties=high",4-4,0.9,496,496,8192,0.060546875,True,research/results/verify_epsilon_floor/20260926T210310Z
"flag_index=next,final_block=min,special=flagged_only,ties=low",2-2-2-2,0.5,4368,4080,8192,0.533203125,True,research/results/verify_epsilon_floor/20260926T210310Z
"flag_index=next,final_block=min,special=flagged_only,ties=low",2-2-2-2,0.9,1760,1760,8192,0.21484375,True,research/results/verify_epsilon_floor/20260926T210310Z
"flag_index=next,final_block=min,special=flagged_only,ties=low",3-2-3,0.5,2920,2608,8192,0.3564453125,True,research/results/verify_epsilon_floor/20260926T210310Z
"flag_index=next,final_block=min,special=flagged_only,ties=low",3-2-3,0.9,968,968,8192,0.1181640625,True,research/results/verify_epsilon_floor/20260926T210310Z
"flag_index=next,final_block=min,special=flagged_only,ties=low",3-3-2,0.5,3216,2880,8192,0.392578125,True,research/results/verify_epsilon_floor/20260926T210310Z
"flag_index=next,final_block=min,special=flagged_only,ties=low",3-3-2,0.9,1448,1448,8192,0.1767578125,True,research/results/verify_epsilon_floor/20260926T210310Z
"flag_index=next,final_block=min,special=flagged_only,ties=low",4-4,0.5,1920,1488,8192,0.234375,True,research/results/verify_epsilon_floor/20260926T210310Z
"flag_index=next,final_block=min,special=flagged_only,ties=low",4-4,0.9,496,496,8192,0.060546875,True,research/results/verify_epsilon_floor/20260926T210310Z
"flag_index=next,final_block=min,special=off",2-2-2-2,0.5,4368,4080,8192,0.533203125,True,research/results/verify_epsilon_floor/20260926T210310Z
"flag_index=next,final_block=min,special=off",2-2-2-2,0.9,1760,1760,8192,0.21484375,True,research/results/verify_epsilon_floor/20260926T210310Z
"flag_index=next,final_block=min,special=off",3-2-3,0.5,2920,2608,8192,0.3564453125,True,research/results/verify_epsilon_floor/20260926T210310Z
"flag_index=next,final_block=min,special=off",3-2-3,0.9,968,968,8192,0.1181640625,True,research/results/verify_epsilon_floor/20260926T210310Z
"flag_index=next,final_block=min,special=off",3-3-2,0.5,3216,2880,8192,0.392578125,True,research/results/verify_epsilon_floor/20260926T210310Z
"flag_index=next,final_block=min,special=off",3-3-2,0.9,1448,1448,8192,0.1767578125,True,research/results/verify_epsilon_floor/20260926T210310Z
"flag_index=next,final_block=min,special=off",4-4,0.5,1920,1488,8192,0.234375,True,research/results/verify_epsilon_floor/20260926T210310Z
"flag_index=next,final_block=min,special=off",4-4,0.9,496,496,8192,0.060546875,True,research/results/verify_epsilon_floor/20260926T210310Z
"flag_index=next,final_block=min,special=off,ties=high",2-2-2-2,0.5,4368,4080,8192,0.533203125,True,research/results/verify_epsilon_floor/20260926T210310Z
"flag_index=next,final_block=min,special=off,ties=high",2-2-2-2,0.9,1760,1760,8192,0.21484375,True,research/results/verify_epsilon_floor/20260926T210310Z
"flag_index=next,final_block=min,special=off,ties=high",3-2-3,0.5,2920,2608,8192,0.3564453125,True,research/results/verify_epsilon_floor/20260926T210310Z
"flag_index=next,final_block=min,special=off,ties=high",3-2-3,0.9,968,968,8192,0.1181640625,True,research/results/verify_epsilon_floor/20260926T210310Z
"flag_index=next,final_block=min,special=off,ties=high",3-3-2,0.5,3216,2880,8192,0.392578125,True,research/results/verify_epsilon_floor/20260926T210310Z
"flag_index=next,final_block=min,special=off,ties=high",3-3-2,0.9,1448,1448,8192,0.1767578125,True,research/results/verify_epsilon_floor/20260926T210310Z
"flag_index=next,final_block=min,special=off,ties=high",4-4,0.5,1920,1488,8192,0.234375,True,research/results/verify_epsilon_floor/20260926T210310Z
"flag_index=next,final_block=min,special=off,ties=high",4-4,0.9,496,496,8192,0.060546875,True,research/results/verify_epsilon_floor/20260926T210310Z
"flag_index=next,final_block=min,special=off,ties=low",2-2-2-2,0.5,4368,4080,8192,0.533203125,True,research/results/verify_epsilon_floor/20260926T210310Z
"flag_index=next,final_block=min,special=off,ties=low",2-2-2-2,0.9,1760,1760,8192,0.21484375,True,research/results/verify_epsilon_floor/20260926T210310Z
"flag_index=next,final_block=min,special=off,ties=low",3-2-3,0.5,2920,2608,8192,0.3564453125,True,research/results/verify_epsilon_floor/20260926T210310Z
"flag_index=next,final_block=min,special=off,ties=low",3-2-3,0.9,968,968,8192,0.1181640625,True,research/results/verify_epsilon_floor/20260926T210310Z
"flag_index=next,final_block=min,special=off,ties=low",3-3-2,0.5,3216,2880,8192,0.392578125,True,research/results/verify_epsilon_floor/20260926T210310Z
"flag_index=next,final_block=min,special=off,ties=low",3-3-2,0.9,1448,1448,8192,0.1767578125,True,research/results/verify_epsilon_floor/20260926T210310Z
"flag_index=next,final_block=min,special=off,ties=low",4-4,0.5,1920,1488,8192,0.234375,True,research/results/verify_epsilon_floor/20260926T210310Z
"flag_index=next,final_block=min,special=off,ties=low",4-4,0.9,496,496,8192,0.060546875,True,research/results/verify_epsilon_floor/20260926T210310Z
"flag_index=next,final_block=min,ties=high",2-2-2-2,0.5,3460,3136,8192,0.42236328125,True,research/results/verify_epsilon_floor/20260926T210310Z
"flag_index=next,final_block=min,ties=high",2-2-2-2,0.9,1424,1424,8192,0.173828125,True,research/results/verify_epsilon_floor/20260926T210310Z
"flag_index=next,final_block=min,ties=high",3-2-3,0.5,2272,1936,8192,0.27734375,True,research/results/verify_epsilon_floor/20260926T210310Z
"flag_index=next,final_block=min,ties=high",3-2-3,0.9,648,648,8192,0.0791015625,True,research/results/verify_epsilon_floor/20260926T210310Z
"flag_index=next,final_block=min,ties=high",3-3-2,0.5,2104,1744,8192,0.2568359375,True,research/results/verify_epsilon_floor/20260926T210310Z
"flag_index=next,final_block=min,ties=high",3-3-2,0.9,1144,1144,8192,0.1396484375,True,research/results/verify_epsilon_floor/20260926T210310Z
"flag_index=next,final_block=min,ties=high",4-4,0.5,1504,1072,8192,0.18359375,True,research/results/verify_epsilon_floor/20260926T210310Z
"flag_index=next,final_block=min,ties=high",4-4,0.9,256,256,8192,0.03125,True,research/results/verify_epsilon_floor/20260926T210310Z
"flag_index=next,final_block=min,ties=low",2-2-2-2,0.5,3460,3136,8192,0.42236328125,True,research/results/verify_epsilon_floor/20260926T210310Z
"flag_index=next,final_block=min,ties=low",2-2-2-2,0.9,1424,1424,8192,0.173828125,True,research/results/verify_epsilon_floor/20260926T210310Z
"flag_index=next,final_block=min,ties=low",3-2-3,0.5,2272,1936,8192,0.27734375,True,research/results/verify_epsilon_floor/20260926T210310Z
"flag_index=next,final_block=min,ties=low",3-2-3,0.9,648,648,8192,0.0791015625,True,research/results/verify_epsilon_floor/20260926T210310Z
"flag_index=next,final_block=min,ties=low",3-3-2,0.5,2104,1744,8192,0.2568359375,True,research/results/verify_epsilon_floor/20260926T210310Z
"flag_index=next,final_block=min,ties=low",3-3-2,0.9,1144,1144,8192,0.1396484375,True,research/results/verify_epsilon_floor/20260926T210310Z
"flag_index=next,final_block=min,ties=low",4-4,0.5,1504,1072,8192,0.18359375,True,research/results/verify_epsilon_floor/20260926T210310Z
"flag_index=next,final_block=min,ties=low",4-4,0.9,256,256,8192,0.03125,True,research/results/verify_epsilon_floor/20260926T210310Z
"flag_index=next,minmod=circular_lower",2-2-2-2,0.5,3024,3024,8192,0.369140625,True,research/results/verify_epsilon_floor/20260926T210310Z
"flag_index=next,minmod=circular_lower",2-2-2-2,0.9,1418,1418,8192,0.173095703125,True,research/results/verify_epsilon_floor/20260926T210310Z
"flag_index=next,minmod=circular_lower",3-2-3,0.5,1867,1867,8192,0.2279052734375,True,research/results/verify_epsilon_floor/20260926T210310Z
"flag_index=next,minmod=circular_lower",3-2-3,0.9,645,645,8192,0.0787353515625,True,research/results/verify_epsilon_floor/20260926T210310Z
"flag_index=next,minmod=circular_lower",3-3-2,0.5,1578,1578,8192,0.192626953125,True,research/results/verify_epsilon_floor/20260926T210310Z
"flag_index=next,minmod=circular_lower",3-3-2,0.9,1142,1142,8192,0.139404296875,True,research/results/verify_epsilon_floor/20260926T210310Z
"flag_index=next,minmod=circular_lower",4-4,0.5,1024,1024,8192,0.125,True,research/results/verify_epsilon_floor/20260926T210310Z
"flag_index=next,minmod=circular_lower",4-4,0.9,256,256,8192,0.03125,True,research/results/verify_epsilon_floor/20260926T210310Z
"flag_index=next,minmod=circular_lower,borrow_source=raw",2-2-2-2,0.5,4448,4448,8192,0.54296875,False,research/results/verify_epsilon_floor/20260926T210310Z
"flag_index=next,minmod=circular_lower,borrow_source=raw",2-2-2-2,0.9,3654,3654,8192,0.446044921875,False,research/results/verify_epsilon_floor/20260926T210310Z
"flag_index=next,minmod=circular_lower,borrow_source=raw",3-2-3,0.5,3051,3051,8192,0.3724365234375,False,research/results/verify_epsilon_floor/20260926T210310Z
"flag_index=next,minmod=circular_lower,borrow_source=raw",3-2-3,0.9,2133,2133,8192,0.2603759765625,False,research/results/verify_epsilon_floor/20260926T210310Z
"flag_index=next,minmod=circular_lower,borrow_source=raw",3-3-2,0.5,1994,1994,8192,0.243408203125,False,research/results/verify_epsilon_floor/20260926T210310Z
"flag_index=next,minmod=circular_lower,borrow_source=raw",3-3-2,0.9,1638,1638,8192,0.199951171875,False,research/results/verify_epsilon_floor/20260926T210310Z
"flag_index=next,minmod=circular_lower,borrow_source=raw",4-4,0.5,1024,1024,8192,0.125,False,research/results/verify_epsilon_floor/20260926T210310Z
"flag_index=next,minmod=circular_lower,borrow_source=raw",4-4,0.9,256,256,8192,0.03125,False,research/results/verify_epsilon_floor/20260926T210310Z
"flag_index=next,minmod=circular_lower,borrow_source=raw,final_block=min",2-2-2-2,0.5,4788,4536,8192,0.58447265625,False,research/results/verify_epsilon_floor/20260926T210310Z
"flag_index=next,minmod=circular_lower,borrow_source=raw,final_block=min",2-2-2-2,0.9,3656,3656,8192,0.4462890625,False,research/results/verify_epsilon_floor/20260926T210310Z
"flag_index=next,minmod=circular_lower,borrow_source=raw,final_block=min",3-2-3,0.5,3456,3120,8192,0.421875,False,research/results/verify_epsilon_floor/20260926T210310Z
"flag_index=next,minmod=circular_lower,borrow_source=raw,final_block=min",3-2-3,0.9,2136,2136,8192,0.2607421875,False,research/results/verify_epsilon_floor/20260926T210310Z
"flag_index=next,minmod=circular_lower,borrow_source=raw,final_block=min",3-3-2,0.5,2520,2160,8192,0.3076171875,False,research/results/verify_epsilon_floor/20260926T210310Z
"flag_index=next,minmod=circular_lower,borrow_source=raw,final_block=min",3-3-2,0.9,1640,1640,8192,0.2001953125,False,research/results/verify_epsilon_floor/20260926T210310Z
"flag_index=next,minmod=circular_lower,borrow_source=raw,final_block=min",4-4,0.5,1504,1072,8192,0.18359375,False,research/results/verify_epsilon_floor/20260926T210310Z
"flag_index=next,minmod=circular_lower,borrow_source=raw,final_block=min",4-4,0.9,256,256,8192,0.03125,False,research/results/verify_epsilon_floor/20260926T210310Z
"flag_index=next,minmod=circular_lower,borrow_source=raw,final_block=min,special=flagged_only",2-2-2-2,0.5,5760,5544,8192,0.703125,False,research/results/verify_epsilon_floor/20260926T210310Z
"flag_index=next,minmod=circular_lower,borrow_source=raw,final_block=min,special=flagged_only",2-2-2-2,0.9,4400,4400,8192,0.537109375,False,research/results/verify_epsilon_floor/20260926T210310Z
"flag_index=next,minmod=circular_lower,borrow_source=raw,final_block=min,special=flagged_only",3-2-3,0.5,4104,3792,8192,0.5009765625,False,research/results/verify_epsilon_floor/20260926T210310Z
"flag_index=next,minmod=circular_lower,borrow_source=raw,final_block=min,special=flagged_only",3-2-3,0.9,2648,2648,8192,0.3232421875,False,research/results/verify_epsilon_floor/20260926T210310Z
"flag_index=next,minmod=circular_lower,borrow_source=raw,final_block=min,special=flagged_only",3-3-2,0.5,3664,3328,8192,0.447265625,False,research/results/verify_epsilon_floor/20260926T210310Z
"flag_index=next,minmod=circular_lower,borrow_source=raw,final_block=min,special=flagged_only",3-3-2,0.9,2168,2168,8192,0.2646484375,False,research/results/verify_epsilon_floor/20260926T210310Z
"flag_index=next,minmod=circular_lower,borrow_source=raw,final_block=min,special=flagged_only",4-4,0.5,1920,1488,8192,0.234375,False,research/results/verify_epsilon_floor/20260926T210310Z
"flag_index=next,minmod=circular_lower,borrow_source=raw,final_block=min,special=flagged_only",4-4,0.9,496,496,8192,0.060546875,False,research/results/verify_epsilon_floor/20260926T210310Z
"flag_index=next,minmod=circular_lower,borrow_source=raw,final_block=min,special=flagged_only,ties=high",2-2-2-2,0.5,5760,5544,8192,0.703125,False,research/results/verify_epsilon_floor/20260926T210310Z
"flag_index=next,minmod=circular_lower,borrow_source=raw,final_block=min,special=flagged_only,ties=high",2-2-2-2,0.9,4400,4400,8192,0.537109375,False,research/results/verify_epsilon_floor/20260926T210310Z
"flag_index=next,minmod=circular_lower,borrow_source=raw,final_block=min,special=flagged_only,ties=high",3-2-3,0.5,4104,3792,8192,0.5009765625,False,research/results/verify_epsilon_floor/20260926T210310Z
"flag_index=next,minmod=circular_lower,borrow_source=raw,final_block=min,special=flagged_only,ties=high",3-2-3,0.9,2648,2648,8192,0.3232421875,False,research/results/verify_epsilon_floor/20260926T210310Z
"flag_index=next,minmod=circular_lower,borrow_source=raw,final_block=min,special=flagged_only,ties=high",3-3-2,0.5,3664,3328,8192,0.447265625,False,research/results/verify_epsilon_floor/20260926T210310Z
"flag_index=next,minmod=circular_lower,borrow_source=raw,final_block=min,special=flagged_only,ties=high",3-3-2,0.9,2168,2168,8192,0.2646484375,False,research/results/verify_epsilon_floor/20260926T210310Z
"flag_index=next,minmod=circular_lower,borrow_source=raw,final_block=min,special=flagged_only,ties=high",4-4,0.5,1920,1488,8192,0.234375,False,research/results/verify_epsilon_floor/20260926T210310Z
"flag_index=next,minmod=circular_lower,borrow_source=raw,final_block=min,special=flagged_only,ties=high",4-4,0.9,496,496,8192,0.060546875,False,research/results/verify_epsilon_floor/20260926T210310Z
"flag_index=next,minmod=circular_lower,borrow_source=raw,final_block=min,special=flagged_only,ties=low",2-2-2-2,0.5,5760,5544,8192,0.703125,False,research/results/verify_epsilon_floor/20260926T210310Z
"flag_index=next,minmod=circular_lower,borrow_source=raw,final_block=min,special=flagged_only,ties=low",2-2-2-2,0.9,4400,4400,8192,0.537109375,False,research/results/verify_epsilon_floor/20260926T210310Z
"flag_index=next,minmod=circular_lower,borrow_source=raw,final_block=min,special=flagged_only,ties=low",3-2-3,0.5,4104,3792,8192,0.5009765625,False,research/results/verify_epsilon_floor/20260926T210310Z
"flag_index=next,minmod=circular_lower,borrow_source=raw,final_block=min,special=flagged_only,ties=low",3-2-3,0.9,2648,2648,8192,0.3232421875,False,research/results/verify_epsilon_floor/20260926T210310Z
"flag_index=next,minmod=circular_lower,borrow_source=raw,final_block=min,special=flagged_only,ties=low",3-3-2,0.5,3664,3328,8192,0.447265625,False,research/results/verify_epsilon_floor/20260926T210310Z
"flag_index=next,minmod=circular_lower,borrow_source=raw,final_block=min,special=flagged_only,ties=low",3-3-2,0.9,2168,2168,8192,0.2646484375,False,research/results/verify_epsilon_floor/20260926T210310Z
"flag_index=next,minmod=circular_lower,borrow_source=raw,final_block=min,special=flagged_only,ties=low",4-4,0.5,1920,1488,8192,0.234375,False,research/results/verify_epsilon_floor/20260926T210310Z
"flag_index=next,minmod=circular_lower,borrow_source=raw,final_block=min,special=flagged_only,ties=low",4-4,0.9,496,496,8192,0.060546875,False,research/results/verify_epsilon_floor/20260926T210310Z
"flag_index=next,minmod=circular_lower,borrow_source=raw,final_block=min,special=off",2-2-2-2,0.5,5760,5544,8192,0.703125,False,research/results/verify_epsilon_floor/20260926T210310Z
"flag_index=next,minmod=circular_lower,borrow_source=raw,final_block=min,special=off",2-2-2-2,0.9,4400,4400,8192,0.537109375,False,research/results/verify_epsilon_floor/20260926T210310Z
"flag_index=next,minmod=circular_lower,borrow_source=raw,final_block=min,special=off",3-2-3,0.5,4104,3792,8192,0.5009765625,False,research/results/verify_epsilon_floor/20260926T210310Z
"flag_index=next,minmod=circular_lower,borrow_source=raw,final_block=min,special=off",3-2-3,0.9,2648,2648,8192,0.3232421875,False,research/results/verify_epsilon_floor/20260926T210310Z
"flag_index=next,minmod=circular_lower,borrow_source=raw,final_block=min,special=off",3-3-2,0.5,3664,3328,8192,0.447265625,False,research/results/verify_epsilon_floor/20260926T210310Z
"flag_index=next,minmod=circular_lower,borrow_source=raw,final_block=min,special=off",3-3-2,0.9,2168,2168,8192,0.2646484375,False,research/results/verify_epsilon_floor/20260926T210310Z
"flag_index=next,minmod=circular_lower,borrow_source=raw,final_block=min,special=off",4-4,0.5,1920,1488,8192,0.234375,False,research/results/verify_epsilon_floor/20260926T210310Z
"flag_index=next,minmod=circular_lower,borrow_source=raw,final_block=min,special=off",4-4,0.9,496,496,8192,0.060546875,False,research/results/verify_epsilon_floor/20260926T210310Z
"flag_index=next,minmod=circular_lower,borrow_source=raw,final_block=min,special=off,ties=high",2-2-2-2,0.5,5760,5544,8192,0.703125,False,research/results/verify_epsilon_floor/20260926T210310Z
"flag_index=next,minmod=circular_lower,borrow_source=raw,final_block=min,special=off,ties=high",2-2-2-2,0.9,4400,4400,8192,0.537109375,False,research/results/verify_epsilon_floor/20260926T210310Z
"flag_index=next,minmod=circular_lower,borrow_source=raw,final_block=min,special=off,ties=high",3-2-3,0.5,4104,3792,8192,0.5009765625,False,research/results/verify_epsilon_floor/20260926T210310Z
"flag_index=next,minmod=circular_lower,borrow_source=raw,final_block=min,special=off,ties=high",3-2-3,0.9,2648,2648,8192,0.3232421875,False,research/results/verify_epsilon_floor/20260926T210310Z
"flag_index=next,minmod=circular_lower,borrow_source=raw,final_block=min,special=off,ties=high",3-3-2,0.5,3664,3328,8192,0.447265625,False,research/results/verify_epsilon_floor/20260926T210310Z
"flag_index=next,minmod=circular_lower,borrow_source=raw,final_block=min,special=off,ties=high",3-3-2,0.9,2168,2168,8192,0.2646484375,False,research/results/verify_epsilon_floor/20260926T210310Z
"flag_index=next,minmod=circular_lower,borrow_source=raw,final_block=min,special=off,ties=high",4-4,0.5,1920,1488,8192,0.234375,False,research/results/verify_epsilon_floor/20260926T210310Z
"flag_index=next,minmod=circular_lower,borrow_source=raw,final_block=min,special=off,ties=high",4-4,0.9,496,496,8192,0.060546875,False,research/results/verify_epsilon_floor/20260926T210310Z
"flag_index=next,minmod=circular_lower,borrow_source=raw,final_block=min,special=off,ties=low",2-2-2-2,0.5,5760,5544,8192,0.703125,False,research/results/verify_epsilon_floor/20260926T210310Z
"flag_index=next,minmod=circular_lower,borrow_source=raw,final_block=min,special=off,ties=low",2-2-2-2,0.9,4400,4400,8192,0.537109375,False,research/results/verify_epsilon_floor/20260926T210310Z
"flag_index=next,minmod=circular_lower,borrow_source=raw,final_block=min,special=off,ties=low",3-2-3,0.5,4104,3792,8192,0.5009765625,False,research/results/verify_epsilon_floor/20260926T210310Z
"flag_index=next,minmod=circular_lower,borrow_source=raw,final_block=min,special=off,ties=low",3-2-3,0.9,2648,2648,8192,0.3232421875,False,research/results/verify_epsilon_floor/20260926T210310Z
"flag_index=next,minmod=circular_lower,borrow_source=raw,final_block=min,special=off,ties=low",3-3-2,0.5,3664,3328,8192,0.447265625,False,research/results/verify_epsilon_floor/20260926T210310Z
"flag_index=next,minmod=circular_lower,borrow_source=raw,final_block=min,special=off,ties=low",3-3-2,0.9,2168,2168,8192,0.2646484375,False,research/results/verify_epsilon_floor/20260926T210310Z
"flag_index=next,minmod=circular_lower,borrow_source=raw,final_block=min,special=off,ties=low",4-4,0.5,1920,1488,8192,0.234375,False,research/results/verify_epsilon_floor/20260926T210310Z
"flag_index=next,minmod=circular_lower,borrow_source=raw,final_block=min,special=off,ties=low",4-4,0.9,496,496,8192,0.060546875,False,research/results/verify_epsilon_floor/20260926T210310Z
"flag_index=next,minmod=circular_lower,borrow_source=raw,final_block=min,ties=high",2-2-2-2,0.5,4788,4536,8192,0.58447265625,False,research/results/verify_epsilon_floor/20260926T210310Z
"flag_index=next,minmod=circular_lower,borrow_source=raw,final_block=min,ties=high",2-2-2-2,0.9,3656,3656,8192,0.4462890625,False,research/results/verify_epsilon_floor/20260926T210310Z
"flag_index=next,minmod=circular_lower,borrow_source=raw,final_block=min,ties=high",3-2-3,0.5,3456,3120,8192,0.421875,False,research/results/verify_epsilon_floor/20260926T210310Z
"flag_index=next,minmod=circular_lower,borrow_source=raw,final_block=min,ties=high",3-2-3,0.9,2136,2136,8192,0.2607421875,False,research/results/verify_epsilon_floor/20260926T210310Z
"flag_index=next,minmod=circular_lower,borrow_source=raw,final_block=min,ties=high",3-3-2,0.5,2520,2160,8192,0.3076171875,False,research/results/verify_epsilon_floor/20260926T210310Z
"flag_index=next,minmod=circular_lower,borrow_source=raw,final_block=min,ties=high",3-3-2,0.9,1640,1640,8192,0.2001953125,False,research/results/verify_epsilon_floor/20260926T210310Z
"flag_index=next,minmod=circular_lower,borrow_source=raw,final_block=min,ties=high",4-4,0.5,1504,1072,8192,0.18359375,False,research/results/verify_epsilon_floor/20260926T210310Z
"flag_index=next,minmod=circular_lower,borrow_source=raw,final_block=min,ties=high",4-4,0.9,256,256,8192,0.03125,False,research/results/verify_epsilon_floor/20260926T210310Z
"flag_index=next,minmod=circular_lower,borrow_source=raw,final_block=min,ties=low",2-2-2-2,0.5,4788,4536,8192,0.58447265625,False,research/results/verify_epsilon_floor/20260926T210310Z
"flag_index=next,minmod=circular_lower,borrow_source=raw,final_block=min,ties=low",2-2-2-2,0.9,3656,3656,8192,0.4462890625,False,research/results/verify_epsilon_floor/20260926T210310Z
"flag_index=next,minmod=circular_lower,borrow_source=raw,final_block=min,ties=low",3-2-3,0.5,3456,3120,8192,0.421875,False,research/results/verify_epsilon_floor/20260926T210310Z
"flag_index=next,minmod=circular_lower,borrow_source=raw,final_block=min,ties=low",3-2-3,0.9,2136,2136,8192,0.2607421875,False,research/results/verify_epsilon_floor/20260926T210310Z
"flag_index=next,minmod=circular_lower,borrow_source=raw,final_block=min,ties=low",3-3-2,0.5,2520,2160,8192,0.3076171875,False,research/results/verify_epsilon_floor/20260926T210310Z
"flag_index=next,minmod=circular_lower,borrow_source=raw,final_block=min,ties=low",3-3-2,0.9,1640,1640,8192,0.2001953125,False,research/results/verify_epsilon_floor/20260926T210310Z
"flag_index=next,minmod=circular_lower,borrow_source=raw,final_block=min,ties=low",4-4,0.5,1504,1072,8192,0.18359375,False,research/results/verify_epsilon_floor/20260926T210310Z
"flag_index=next,minmod=circular_lower,borrow_source=raw,final_block=min,ties=low",4-4,0.9,256,256,8192,0.03125,False,research/results/verify_epsilon_floor/20260926T210310Z
"flag_index=next,minmod=circular_lower,borrow_source=raw,special=flagged_only",2-2-2-2,0.5,5448,5448,8192,0.6650390625,False,research/results/verify_epsilon_floor/20260926T210310Z
"flag_index=next,minmod=circular_lower,borrow_source=raw,special=flagged_only",2-2-2-2,0.9,4400,4400,8192,0.537109375,False,research/results/verify_epsilon_floor/20260926T210310Z
"flag_index=next,minmod=circular_lower,borrow_source=raw,special=flagged_only",3-2-3,0.5,3720,3720,8192,0.4541015625,False,research/results/verify_epsilon_floor/20260926T210310Z
"flag_index=next,minmod=circular_lower,borrow_source=raw,special=flagged_only",3-2-3,0.9,2648,2648,8192,0.3232421875,False,research/results/verify_epsilon_floor/20260926T210310Z
"flag_index=next,minmod=circular_lower,borrow_source=raw,special=flagged_only",3-3-2,0.5,3160,3160,8192,0.3857421875,False,research/results/verify_epsilon_floor/20260926T210310Z
"flag_index=next,minmod=circular_lower,borrow_source=raw,special=flagged_only",3-3-2,0.9,2168,2168,8192,0.2646484375,False,research/results/verify_epsilon_floor/20260926T210310Z
"flag_index=next,minmod=circular_lower,borrow_source=raw,special=flagged_only",4-4,0.5,1440,1440,8192,0.17578125,False,research/results/verify_epsilon_floor/20260926T210310Z
"flag_index=next,minmod=circular_lower,borrow_source=raw,special=flagged_only",4-4,0.9,496,496,8192,0.060546875,False,research/results/verify_epsilon_floor/20260926T210310Z
"flag_index=next,minmod=circular_lower,borrow_source=raw,special=flagged_only,ties=high",2-2-2-2,0.5,5448,5448,8192,0.6650390625,False,research/results/verify_epsilon_floor/20260926T210310Z
"flag_index=next,minmod=circular_lower,borrow_source=raw,special=flagged_only,ties=high",2-2-2-2,0.9,4400,4400,8192,0.537109375,False,research/results/verify_epsilon_floor/20260926T210310Z
"flag_index=next,minmod=circular_lower,borrow_source=raw,special=flagged_only,ties=high",3-2-3,0.5,3720,3720,8192,0.4541015625,False,research/results/verify_epsilon_floor/20260926T210310Z
"flag_index=next,minmod=circular_lower,borrow_source=raw,special=flagged_only,ties=high",3-2-3,0.9,2648,2648,8192,0.3232421875,False,research/results/verify_epsilon_floor/20260926T210310Z
"flag_index=next,minmod=circular_lower,borrow_source=raw,special=flagged_only,ties=high",3-3-2,0.5,3160,3160,8192,0.3857421875,False,research/results/verify_epsilon_floor/20260926T210310Z
"flag_index=next,minmod=circular_lower,borrow_source=raw,special=flagged_only,ties=high",3-3-2,0.9,2168,2168,8192,0.2646484375,False,research/results/verify_epsilon_floor/20260926T210310Z
"flag_index=next,minmod=circular_lower,borrow_source=raw,special=flagged_only,ties=high",4-4,0.5,1440,1440,8192,0.17578125,False,research/results/verify_epsilon_floor/20260926T210310Z
"flag_index=next,minmod=circular_lower,borrow_source=raw,special=flagged_only,ties=high",4-4,0.9,496,496,8192,0.060546875,False,research/results/verify_epsilon_floor/20260926T210310Z
"flag_index=next,minmod=circular_lower,borrow_source=raw,special=flagged_only,ties=low",2-2-2-2,0.5,5448,5448,8192,0.6650390625,False,research/results/verify_epsilon_floor/20260926T210310Z
"flag_index=next,minmod=circular_lower,borrow_source=raw,special=flagged_only,ties=low",2-2-2-2,0.9,4400,4400,8192,0.537109375,False,research/results/verify_epsilon_floor/20260926T210310Z
"flag_index=next,minmod=circular_lower,borrow_source=raw,special=flagged_only,ties=low",3-2-3,0.5,3720,3720,8192,0.4541015625,False,research/results/verify_epsilon_floor/20260926T210310Z
"flag_index=next,minmod=circular_lower,borrow_source=raw,special=flagged_only,ties=low",3-2-3,0.9,2648,2648,8192,0.3232421875,False,research/results/verify_epsilon_floor/20260926T210310Z
"flag_index=next,minmod=circular_lower,borrow_source=raw,special=flagged_only,ties=low",3-3-2,0.5,3160,3160,8192,0.3857421875,False,research/results/verify_epsilon_floor/20260926T210310Z
"flag_index=next,minmod=circular_lower,borrow_source=raw,special=flagged_only,ties=low",3-3-2,0.9,2168,2168,8192,0.2646484375,False,research/results/verify_epsilon_floor/20260926T210310Z
"flag_index=next,minmod=circular_lower,borrow_source=raw,special=flagged_only,ties=low",4-4,0.5,1440,1440,8192,0.17578125,False,research/results/verify_epsilon_floor/20260926T210310Z
"flag_index=next,minmod=circular_lower,borrow_source=raw,special=flagged_only,ties=low",4-4,0.9,496,496,8192,0.060546875,False,research/results/verify_epsilon_floor/20260926T210310Z
"flag_index=next,minmod=circular_lower,borrow_source=raw,special=off",2-2-2-2,0.5,5448,5448,8192,0.6650390625,False,research/results/verify_epsilon_floor/20260926T210310Z
"flag_index=next,minmod=circular_lower,borrow_source=raw,special=off",2-2-2-2,0.9,4400,4400,8192,0.537109375,False,research/results/verify_epsilon_floor/20260926T210310Z
"flag_index=next,minmod=circular_lower,borrow_source=raw,special=off",3-2-3,0.5,3720,3720,8192,0.4541015625,False,research/results/verify_epsilon_floor/20260926T210310Z
"flag_index=next,minmod=circular_lower,borrow_source=raw,special=off",3-2-3,0.9,2648,2648,8192,0.3232421875,False,research/results/verify_epsilon_floor/20260926T210310Z
"flag_index=next,minmod=circular_lower,borrow_source=raw,special=off",3-3-2,0.5,3160,3160,8192,0.3857421875,False,research/results/verify_epsilon_floor/20260926T210310Z
"flag_index=next,minmod=circular_lower,borrow_source=raw,special=off",3-3-2,0.9,2168,2168,8192,0.2646484375,False,research/results/verify_epsilon_floor/20260926T210310Z
"flag_index=next,minmod=circular_lower,borrow_source=raw,special=off",4-4,0.5,1440,1440,8192,0.17578125,False,research/results/verify_epsilon_floor/20260926T210310Z
"flag_index=next,minmod=circular_lower,borrow_source=raw,special=off",4-4,0.9,496,496,8192,0.060546875,False,research/results/verify_epsilon_floor/20260926T210310Z
"flag_index=next,minmod=circular_lower,borrow_source=raw,special=off,ties=high",2-2-2-2,0.5,5448,5448,8192,0.6650390625,False,research/results/verify_epsilon_floor/20260926T210310Z
"flag_index=next,minmod=circular_lower,borrow_source=raw,special=off,ties=high",2-2-2-2,0.9,4400,4400,8192,0.537109375,False,research/results/verify_epsilon_floor/20260926T210310Z
"flag_index=next,minmod=circular_lower,borrow_source=raw,special=off,ties=high",3-2-3,0.5,3720,3720,8192,0.4541015625,False,research/results/verify_epsilon_floor/20260926T210310Z
"flag_index=next,minmod=circular_lower,borrow_source=raw,special=off,ties=high",3-2-3,0.9,2648,2648,8192,0.3232421875,False,research/results/verify_epsilon_floor/20260926T210310Z
"flag_index=next,minmod=circular_lower,borrow_source=raw,special=off,ties=high",3-3-2,0.5,3160,3160,8192,0.3857421875,False,research/results/verify_epsilon_floor/20260926T210310Z
"flag_index=next,minmod=circular_lower,borrow_source=raw,special=off,ties=high",3-3-2,0.9,2168,2168,8192,0.2646484375,False,research/results/verify_epsilon_floor/20260926T210310Z
"flag_index=next,minmod=circular_lower,borrow_source=raw,special=off,ties=high",4-4,0.5,1440,1440,8192,0.17578125,False,research/results/verify_epsilon_floor/20260926T210310Z
"flag_index=next,minmod=circular_lower,borrow_source=raw,special=off,ties=high",4-4,0.9,496,496,8192,0.060546875,False,research/results/verify_epsilon_floor/20260926T210310Z
"flag_index=next,minmod=circular_lower,borrow_source=raw,special=off,ties=low",2-2-2-2,0.5,5448,5448,8192,0.6650390625,False,research/results/verify_epsilon_floor/20260926T210310Z
"flag_index=next,minmod=circular_lower,borrow_source=raw,special=off,ties=low",2-2-2-2,0.9,4400,4400,8192,0.537109375,False,research/results/verify_epsilon_floor/20260926T210310Z
"flag_index=next,minmod=circular_lower,borrow_source=raw,special=off,ties=low",3-2-3,0.5,3720,3720,8192,0.4541015625,False,research/results/verify_epsilon_floor/20260926T210310Z
"flag_index=next,minmod=circular_lower,borrow_source=raw,special=off,ties=low",3-2-3,0.9,2648,2648,8192,0.3232421875,False,research/results/verify_epsilon_floor/20260926T210310Z
"flag_index=next,minmod=circular_lower,borrow_source=raw,special=off,ties=low",3-3-2,0.5,3160,3160,8192,0.3857421875,False,research/results/verify_epsilon_floor/20260926T210310Z
"flag_index=next,minmod=circular_lower,borrow_source=raw,special=off,ties=low",3-3-2,0.9,2168,2168,8192,0.2646484375,False,research/results/verify_epsilon_floor/20260926T210310Z
"flag_index=next,minmod=circular_lower,borrow_source=raw,special=off,ties=low",4-4,0.5,1440,1440,8192,0.17578125,False,research/results/verify_epsilon_floor/20260926T210310Z
"flag_index=next,minmod=circular_lower,borrow_source=raw,special=off,ties=low",4-4,0.9,496,496,8192,0.060546875,False,research/results/verify_epsilon_floor/20260926T210310Z
"flag_index=next,minmod=circular_lower,borrow_source=raw,ties=high",2-2-2-2,0.5,4452,4452,8192,0.54345703125,False,research/results/verify_epsilon_floor/20260926T210310Z
"flag_index=next,minmod=circular_lower,borrow_source=raw,ties=high",2-2-2-2,0.9,3652,3652,8192,0.44580078125,False,research/results/verify_epsilon_floor/20260926T210310Z
"flag_index=next,minmod=circular_lower,borrow_source=raw,ties=high",3-2-3,0.5,3056,3056,8192,0.373046875,False,research/results/verify_epsilon_floor/20260926T210310Z
"flag_index=next,minmod=circular_lower,borrow_source=raw,ties=high",3-2-3,0.9,2128,2128,8192,0.259765625,False,research/results/verify_epsilon_floor/20260926T210310Z
"flag_index=next,minmod=circular_lower,borrow_source=raw,ties=high",3-3-2,0.5,2000,2000,8192,0.244140625,False,research/results/verify_epsilon_floor/20260926T210310Z
"flag_index=next,minmod=circular_lower,borrow_source=raw,ties=high",3-3-2,0.9,1632,1632,8192,0.19921875,False,research/results/verify_epsilon_floor/20260926T210310Z
"flag_index=next,minmod=circular_lower,borrow_source=raw,ties=high",4-4,0.5,1024,1024,8192,0.125,False,research/results/verify_epsilon_floor/20260926T210310Z
"flag_index=next,minmod=circular_lower,borrow_source=raw,ties=high",4-4,0.9,256,256,8192,0.03125,False,research/results/verify_epsilon_floor/20260926T210310Z
"flag_index=next,minmod=circular_lower,borrow_source=raw,ties=low",2-2-2-2,0.5,4440,4440,8192,0.5419921875,False,research/results/verify_epsilon_floor/20260926T210310Z
"flag_index=next,minmod=circular_lower,borrow_source=raw,ties=low",2-2-2-2,0.9,3656,3656,8192,0.4462890625,False,research/results/verify_epsilon_floor/20260926T210310Z
"flag_index=next,minmod=circular_lower,borrow_source=raw,ties=low",3-2-3,0.5,3048,3048,8192,0.3720703125,False,research/results/verify_epsilon_floor/20260926T210310Z
"flag_index=next,minmod=circular_lower,borrow_source=raw,ties=low",3-2-3,0.9,2136,2136,8192,0.2607421875,False,research/results/verify_epsilon_floor/20260926T210310Z
"flag_index=next,minmod=circular_lower,borrow_source=raw,ties=low",3-3-2,0.5,1992,1992,8192,0.2431640625,False,research/results/verify_epsilon_floor/20260926T210310Z
"flag_index=next,minmod=circular_lower,borrow_source=raw,ties=low",3-3-2,0.9,1640,1640,8192,0.2001953125,False,research/results/verify_epsilon_floor/20260926T210310Z
"flag_index=next,minmod=circular_lower,borrow_source=raw,ties=low",4-4,0.5,1024,1024,8192,0.125,False,research/results/verify_epsilon_floor/20260926T210310Z
"flag_index=next,minmod=circular_lower,borrow_source=raw,ties=low",4-4,0.9,256,256,8192,0.03125,False,research/results/verify_epsilon_floor/20260926T210310Z
"flag_index=next,minmod=circular_lower,final_block=min",2-2-2-2,0.5,3460,3136,8192,0.42236328125,True,research/results/verify_epsilon_floor/20260926T210310Z
"flag_index=next,minmod=circular_lower,final_block=min",2-2-2-2,0.9,1424,1424,8192,0.173828125,True,research/results/verify_epsilon_floor/20260926T210310Z
"flag_index=next,minmod=circular_lower,final_block=min",3-2-3,0.5,2272,1936,8192,0.27734375,True,research/results/verify_epsilon_floor/20260926T210310Z
"flag_index=next,minmod=circular_lower,final_block=min",3-2-3,0.9,648,648,8192,0.0791015625,True,research/results/verify_epsilon_floor/20260926T210310Z
"flag_index=next,minmod=circular_lower,final_block=min",3-3-2,0.5,2104,1744,8192,0.2568359375,True,research/results/verify_epsilon_floor/20260926T210310Z
"flag_index=next,minmod=circular_lower,final_block=min",3-3-2,0.9,1144,1144,8192,0.1396484375,True,research/results/verify_epsilon_floor/20260926T210310Z
"flag_index=next,minmod=circular_lower,final_block=min",4-4,0.5,1504,1072,8192,0.18359375,True,research/results/verify_epsilon_floor/20260926T210310Z
"flag_index=next,minmod=circular_lower,final_block=min",4-4,0.9,256,256,8192,0.03125,True,research/results/verify_epsilon_floor/20260926T210310Z
"flag_index=next,minmod=circular_lower,final_block=min,special=flagged_only",2-2-2-2,0.5,4368,4080,8192,0.533203125,True,research/results/verify_epsilon_floor/20260926T210310Z
"flag_index=next,minmod=circular_lower,final_block=min,special=flagged_only",2-2-2-2,0.9,1760,1760,8192,0.21484375,True,research/results/verify_epsilon_floor/20260926T210310Z
"flag_index=next,minmod=circular_lower,final_block=min,special=flagged_only",3-2-3,0.5,2920,2608,8192,0.3564453125,True,research/results/verify_epsilon_floor/20260926T210310Z
"flag_index=next,minmod=circular_lower,final_block=min,special=flagged_only",3-2-3,0.9,968,968,8192,0.1181640625,True,research/results/verify_epsilon_floor/20260926T210310Z
"flag_index=next,minmod=circular_lower,final_block=min,special=flagged_only",3-3-2,0.5,3216,2880,8192,0.392578125,True,research/results/verify_epsilon_floor/20260926T210310Z
"flag_index=next,minmod=circular_lower,final_block=min,special=flagged_only",3-3-2,0.9,1448,1448,8192,0.1767578125,True,research/results/verify_epsilon_floor/20260926T210310Z
"flag_index=next,minmod=circular_lower,final_block=min,special=flagged_only",4-4,0.5,1920,1488,8192,0.234375,True,research/results/verify_epsilon_floor/20260926T210310Z
"flag_index=next,minmod=circular_lower,final_block=min,special=flagged_only",4-4,0.9,496,496,8192,0.060546875,True,research/results/verify_epsilon_floor/20260926T210310Z
"flag_index=next,minmod=circular_lower,final_block=min,special=flagged_only,ties=high",2-2-2-2,0.5,4368,4080,8192,0.533203125,True,research/results/verify_epsilon_floor/20260926T210310Z
"flag_index=next,minmod=circular_lower,final_block=min,special=flagged_only,ties=high",2-2-2-2,0.9,1760,1760,8192,0.21484375,True,research/results/verify_epsilon_floor/20260926T210310Z
"flag_index=next,minmod=circular_lower,final_block=min,special=flagged_only,ties=high",3-2-3,0.5,2920,2608,8192,0.3564453125,True,research/results/verify_epsilon_floor/20260926T210310Z
"flag_index=next,minmod=circular_lower,final_block=min,special=flagged_only,ties=high",3-2-3,0.9,968,968,8192,0.1181640625,True,research/results/verify_epsilon_floor/20260926T210310Z
"flag_index=next,minmod=circular_lower,final_block=min,special=flagged_only,ties=high",3-3-2,0.5,3216,2880,8192,0.392578125,True,research/results/verify_epsilon_floor/20260926T210310Z
"flag_index=next,minmod=circular_lower,final_block=min,special=flagged_only,ties=high",3-3-2,0.9,1448,1448,8192,0.1767578125,True,research/results/verify_epsilon_floor/20260926T210310Z
"flag_index=next,minmod=circular_lower,final_block=min,special=flagged_only,ties=high",4-4,0.5,1920,1488,8192,0.234375,True,research/results/verify_epsilon_floor/20260926T210310Z
"flag_index=next,minmod=circular_lower,final_block=min,special=flagged_only,ties=high",4-4,0.9,496,496,8192,0.060546875,True,research/results/verify_epsilon_floor/20260926T210310Z
"flag_index=next,minmod=circular_lower,final_block=min,special=flagged_only,ties=low",2-2-2-2,0.5,4368,4080,8192,0.533203125,True,research/results/verify_epsilon_floor/20260926T210310Z
"flag_index=next,minmod=circular_lower,final_block=min,special=flagged_only,ties=low",2-2-2-2,0.9,1760,1760,8192,0.21484375,True,research/results/verify_epsilon_floor/20260926T210310Z
"flag_index=next,minmod=circular_lower,final_block=min,special=flagged_only,ties=low",3-2-3,0.5,2920,2608,8192,0.3564453125,True,research/results/verify_epsilon_floor/20260926T210310Z
"flag_index=next,minmod=circular_lower,final_block=min,special=flagged_only,ties=low",3-2-3,0.9,968,968,8192,0.1181640625,True,research/results/verify_epsilon_floor/20260926T210310Z
"flag_index=next,minmod=circular_lower,final_block=min,special=flagged_only,ties=low",3-3-2,0.5,3216,2880,8192,0.392578125,True,research/results/verify_epsilon_floor/20260926T210310Z
"flag_index=next,minmod=circular_lower,final_block=min,special=flagged_only,ties=low",3-3-2,0.9,1448,1448,8192,0.1767578125,True,research/results/verify_epsilon_floor/20260926T210310Z
"flag_index=next,minmod=circular_lower,final_block=min,special=flagged_only,ties=low",4-4,0.5,1920,1488,8192,0.234375,True,research/results/verify_epsilon_floor/20260926T210310Z
"flag_index=next,minmod=circular_lower,final_block=min,special=flagged_only,ties=low",4-4,0.9,496,496,8192,0.060546875,True,research/results/verify_epsilon_floor/20260926T210310Z
"flag_index=next,minmod=circular_lower,final_block=min,special=off",2-2-2-2,0.5,4368,4080,8192,0.533203125,True,research/results/verify_epsilon_floor/20260926T210310Z
"flag_index=next,minmod=circular_lower,final_block=min,special=off",2-2-2-2,0.9,1760,1760,8192,0.21484375,True,research/results/verify_epsilon_floor/20260926T210310Z
"flag_index=next,minmod=circular_lower,final_block=min,special=off",3-2-3,0.5,2920,2608,8192,0.3564453125,True,research/results/verify_epsilon_floor/20260926T210310Z
"flag_index=next,minmod=circular_lower,final_block=min,special=off",3-2-3,0.9,968,968,8192,0.1181640625,True,research/results/verify_epsilon_floor/20260926T210310Z
"flag_index=next,minmod=circular_lower,final_block=min,special=off",3-3-2,0.5,3216,2880,8192,0.392578125,True,research/results/verify_epsilon_floor/20260926T210310Z
"flag_index=next,minmod=circular_lower,final_block=min,special=off",3-3-2,0.9,1448,1448,8192,0.1767578125,True,research/results/verify_epsilon_floor/20260926T210310Z
"flag_index=next,minmod=circular_lower,final_block=min,special=off",4-4,0.5,1920,1488,8192,0.234375,True,research/results/verify_epsilon_floor/20260926T210310Z
"flag_index=next,minmod=circular_lower,final_block=min,special=off",4-4,0.9,496,496,8192,0.060546875,True,research/results/verify_epsilon_floor/20260926T210310Z
"flag_index=next,minmod=circular_lower,final_block=min,special=off,ties=high",2-2-2-2,0.5,4368,4080,8192,0.533203125,True,research/results/verify_epsilon_floor/20260926T210310Z
"flag_index=next,minmod=circular_lower,final_block=min,special=off,ties=high",2-2-2-2,0.9,1760,1760,8192,0.21484375,True,research/results/verify_epsilon_floor/20260926T210310Z
"flag_index=next,minmod=circular_lower,final_block=min,special=off,ties=high",3-2-3,0.5,2920,2608,8192,0.3564453125,True,research/results/verify_epsilon_floor/20260926T210310Z
"flag_index=next,minmod=circular_lower,final_block=min,special=off,ties=high",3-2-3,0.9,968,968,8192,0.1181640625,True,research/results/verify_epsilon_floor/20260926T210310Z
"flag_index=next,minmod=circular_lower,final_block=min,special=off,ties=high",3-3-2,0.5,3216,2880,8192,0.392578125,True,research/results/verify_epsilon_floor/20260926T210310Z
"flag_index=next,minmod=circular_lower,final_block=min,special=off,ties=high",3-3-2,0.9,1448,1448,8192,0.1767578125,True,research/results/verify_epsilon_floor/20260926T210310Z
"flag_index=next,minmod=circular_lower,final_block=min,special=off,ties=high",4-4,0.5,1920,1488,8192,0.234375,True,research/results/verify_epsilon_floor/20260926T210310Z
"flag_index=next,minmod=circular_lower,final_block=min,special=off,ties=high",4-4,0.9,496,496,8192,0.060546875,True,research/results/verify_epsilon_floor/20260926T210310Z
"flag_index=next,minmod=circular_lower,final_block=min,special=off,ties=low",2-2-2-2,0.5,4368,4080,8192,0.533203125,True,research/results/verify_epsilon_floor/20260926T210310Z
"flag_index=next,minmod=circular_lower,final_block=min,special=off,ties=low",2-2-2-2,0.9,1760,1760,8192,0.21484375,True,research/results/verify_epsilon_floor/20260926T210310Z
"flag_index=next,minmod=circular_lower,final_block=min,special=off,ties=low",3-2-3,0.5,2920,2608,8192,0.3564453125,True,research/results/verify_epsilon_floor/20260926T210310Z
"flag_index=next,minmod=circular_lower,final_block=min,special=off,ties=low",3-2-3,0.9,968,968,8192,0.1181640625,True,research/results/verify_epsilon_floor/20260926T210310Z
"flag_index=next,minmod=circular_lower,final_block=min,special=off,ties=low",3-3-2,0.5,3216,2880,8192,0.392578125,True,research/results/verify_epsilon_floor/20260926T210310Z
"flag_index=next,minmod=circular_lower,final_block=min,special=off,ties=low",3-3-2,0.9,1448,1448,8192,0.1767578125,True,research/results/verify_epsilon_floor/20260926T210310Z
"flag_index=next,minmod=circular_lower,final_block=min,special=off,ties=low",4-4,0.5,1920,1488,8192,0.234375,True,research/results/verify_epsilon_floor/20260926T210310Z
"flag_index=next,minmod=circular_lower,final_block=min,special=off,ties=low",4-4,0.9,496,496,8192,0.060546875,True,research/results/verify_epsilon_floor/20260926T210310Z
"flag_index=next,minmod=circular_lower,final_block=min,ties=high",2-2-2-2,0.5,3460,3136,8192,0.42236328125,True,research/results/verify_epsilon_floor/20260926T210310Z
"flag_index=next,minmod=circular_lower,final_block=min,ties=high",2-2-2-2,0.9,1424,1424,8192,0.173828125,True,research/results/verify_epsilon_floor/20260926T210310Z
"flag_index=next,minmod=circular_lower,final_block=min,ties=high",3-2-3,0.5,2272,1936,8192,0.27734375,True,research/results/verify_epsilon_floor/20260926T210310Z
"flag_index=next,minmod=circular_lower,final_block=min,ties=high",3-2-3,0.9,648,648,8192,0.0791015625,True,research/results/verify_epsilon_floor/20260926T210310Z
"flag_index=next,minmod=circular_lower,final_block=min,ties=high",3-3-2,0.5,2104,1744,8192,0.2568359375,True,research/results/verify_epsilon_floor/20260926T210310Z
"flag_index=next,minmod=circular_lower,final_block=min,ties=high",3-3-2,0.9,1144,1144,8192,0.1396484375,True,research/results/verify_epsilon_floor/20260926T210310Z
"flag_index=next,minmod=circular_lower,final_block=min,ties=high",4-4,0.5,1504,1072,8192,0.18359375,True,research/results/verify_epsilon_floor/20260926T210310Z
"flag_index=next,minmod=circular_lower,final_block=min,ties=high",4-4,0.9,256,256,8192,0.03125,True,research/results/verify_epsilon_floor/20260926T210310Z
"flag_index=next,minmod=circular_lower,final_block=min,ties=low",2-2-2-2,0.5,3460,3136,8192,0.42236328125,True,research/results/verify_epsilon_floor/20260926T210310Z
"flag_index=next,minmod=circular_lower,final_block=min,ties=low",2-2-2-2,0.9,1424,1424,8192,0.173828125,True,research/results/verify_epsilon_floor/20260926T210310Z
"flag_index=next,minmod=circular_lower,final_block=min,ties=low",3-2-3,0.5,2272,1936,8192,0.27734375,True,research/results/verify_epsilon_floor/20260926T210310Z
"flag_index=next,minmod=circular_lower,final_block=min,ties=low",3-2-3,0.9,648,648,8192,0.0791015625,True,research/results/verify_epsilon_floor/20260926T210310Z
"flag_index=next,minmod=circular_lower,final_block=min,ties=low",3-3-2,0.5,2104,1744,8192,0.2568359375,True,research/results/verify_epsilon_floor/20260926T210310Z
"flag_index=next,minmod=circular_lower,final_block=min,ties=low",3-3-2,0.9,1144,1144,8192,0.1396484375,True,research/results/verify_epsilon_floor/20260926T210310Z
"flag_index=next,minmod=circular_lower,final_block=min,ties=low",4-4,0.5,1504,1072,8192,0.18359375,True,research/results/verify_epsilon_floor/20260926T210310Z
"flag_index=next,minmod=circular_lower,final_block=min,ties=low",4-4,0.9,256,256,8192,0.03125,True,research/results/verify_epsilon_floor/20260926T210310Z
"flag_index=next,minmod=circular_lower,special=flagged_only",2-2-2-2,0.5,3960,3960,8192,0.4833984375,True,research/results/verify_epsilon_floor/20260926T210310Z
"flag_index=next,minmod=circular_lower,special=flagged_only",2-2-2-2,0.9,1760,1760,8192,0.21484375,True,research/results/verify_epsilon_floor/20260926T210310Z
"flag_index=next,minmod=circular_lower,special=flagged_only",3-2-3,0.5,2536,2536,8192,0.3095703125,True,research/results/verify_epsilon_floor/20260926T210310Z
"flag_index=next,minmod=circular_lower,special=flagged_only",3-2-3,0.9,968,968,8192,0.1181640625,True,research/results/verify_epsilon_floor/20260926T210310Z
"flag_index=next,minmod=circular_lower,special=flagged_only",3-3-2,0.5,2712,2712,8192,0.3310546875,True,research/results/verify_epsilon_floor/20260926T210310Z
"flag_index=next,minmod=circular_lower,special=flagged_only",3-3-2,0.9,1448,1448,8192,0.1767578125,True,research/results/verify_epsilon_floor/20260926T210310Z
"flag_index=next,minmod=circular_lower,special=flagged_only",4-4,0.5,1440,1440,8192,0.17578125,True,research/results/verify_epsilon_floor/20260926T210310Z
"flag_index=next,minmod=circular_lower,special=flagged_only",4-4,0.9,496,496,8192,0.060546875,True,research/results/verify_epsilon_floor/20260926T210310Z
"flag_index=next,minmod=circular_lower,special=flagged_only,ties=high",2-2-2-2,0.5,3960,3960,8192,0.4833984375,True,research/results/verify_epsilon_floor/20260926T210310Z
"flag_index=next,minmod=circular_lower,special=flagged_only,ties=high",2-2-2-2,0.9,1760,1760,8192,0.21484375,True,research/results/verify_epsilon_floor/20260926T210310Z
"flag_index=next,minmod=circular_lower,special=flagged_only,ties=high",3-2-3,0.5,2536,2536,8192,0.3095703125,True,research/results/verify_epsilon_floor/20260926T210310Z
"flag_index=next,minmod=circular_lower,special=flagged_only,ties=high",3-2-3,0.9,968,968,8192,0.1181640625,True,research/results/verify_epsilon_floor/20260926T210310Z
"flag_index=next,minmod=circular_lower,special=flagged_only,ties=high",3-3-2,0.5,2712,2712,8192,0.3310546875,True,research/results/verify_epsilon_floor/20260926T210310Z
"flag_index=next,minmod=circular_lower,special=flagged_only,ties=high",3-3-2,0.9,1448,1448,8192,0.1767578125,True,research/results/verify_epsilon_floor/20260926T210310Z
"flag_index=next,minmod=circular_lower,special=flagged_only,ties=high",4-4,0.5,1440,1440,8192,0.17578125,True,research/results/verify_epsilon_floor/20260926T210310Z
"flag_index=next,minmod=circular_lower,special=flagged_only,ties=high",4-4,0.9,496,496,8192,0.060546875,True,research/results/verify_epsilon_floor/20260926T210310Z
"flag_index=next,minmod=circular_lower,special=flagged_only,ties=low",2-2-2-2,0.5,3960,3960,8192,0.4833984375,True,research/results/verify_epsilon_floor/20260926T210310Z
"flag_index=next,minmod=circular_lower,special=flagged_only,ties=low",2-2-2-2,0.9,1760,1760,8192,0.21484375,True,research/results/verify_epsilon_floor/20260926T210310Z
"flag_index=next,minmod=circular_lower,special=flagged_only,ties=low",3-2-3,0.5,2536,2536,8192,0.3095703125,True,research/results/verify_epsilon_floor/20260926T210310Z
"flag_index=next,minmod=circular_lower,special=flagged_only,ties=low",3-2-3,0.9,968,968,8192,0.1181640625,True,research/results/verify_epsilon_floor/20260926T210310Z
"flag_index=next,minmod=circular_lower,special=flagged_only,ties=low",3-3-2,0.5,2712,2712,8192,0.3310546875,True,research/results/verify_epsilon_floor/20260926T210310Z
"flag_index=next,minmod=circular_lower,special=flagged_only,ties=low",3-3-2,0.9,1448,1448,8192,0.1767578125,True,research/results/verify_epsilon_floor/20260926T210310Z
"flag_index=next,minmod=circular_lower,special=flagged_only,ties=low",4-4,0.5,1440,1440,8192,0.17578125,True,research/results/verify_epsilon_floor/20260926T210310Z
"flag_index=next,minmod=circular_lower,special=flagged_only,ties=low",4-4,0.9,496,496,8192,0.060546875,True,research/results/verify_epsilon_floor/20260926T210310Z
"flag_index=next,minmod=circular_lower,special=off",2-2-2-2,0.5,3960,3960,8192,0.4833984375,True,research/results/verify_epsilon_floor/20260926T210310Z
"flag_index=next,minmod=circular_lower,special=off",2-2-2-2,0.9,1760,1760,8192,0.21484375,True,research/results/verify_epsilon_floor/20260926T210310Z
"flag_index=next,minmod=circular_lower,special=off",3-2-3,0.5,2536,2536,8192,0.3095703125,True,research/results/verify_epsilon_floor/20260926T210310Z
"flag_index=next,minmod=circular_lower,special=off",3-2-3,0.9,968,968,8192,0.1181640625,True,research/results/verify_epsilon_floor/20260926T210310Z
"flag_index=next,minmod=circular_lower,special=off",3-3-2,0.5,2712,2712,8192,0.3310546875,True,research/results/verify_epsilon_floor/20260926T210310Z
"flag_index=next,minmod=circular_lower,special=off",3-3-2,0.9,1448,1448,8192,0.1767578125,True,research/results/verify_epsilon_floor/20260926T210310Z
"flag_index=next,minmod=circular_lower,special=off",4-4,0.5,1440,1440,8192,0.17578125,True,research/results/verify_epsilon_floor/20260926T210310Z
"flag_index=next,minmod=circular_lower,special=off",4-4,0.9,496,496,8192,0.060546875,True,research/results/verify_epsilon_floor/20260926T210310Z
"flag_index=next,minmod=circular_lower,special=off,ties=high",2-2-2-2,0.5,3960,3960,8192,0.4833984375,True,research/results/verify_epsilon_floor/20260926T210310Z
"flag_index=next,minmod=circular_lower,special=off,ties=high",2-2-2-2,0.9,1760,1760,8192,0.21484375,True,research/results/verify_epsilon_floor/20260926T210310Z
"flag_index=next,minmod=circular_lower,special=off,ties=high",3-2-3,0.5,2536,2536,8192,0.3095703125,True,research/results/verify_epsilon_floor/20260926T210310Z
"flag_index=next,minmod=circular_lower,special=off,ties=high",3-2-3,0.9,968,968,8192,0.1181640625,True,research/results/verify_epsilon_floor/20260926T210310Z
"flag_index=next,minmod=circular_lower,special=off,ties=high",3-3-2,0.5,2712,2712,8192,0.3310546875,True,research/results/verify_epsilon_floor/20260926T210310Z
"flag_index=next,minmod=circular_lower,special=off,ties=high",3-3-2,0.9,1448,1448,8192,0.1767578125,True,research/results/verify_epsilon_floor/20260926T210310Z
"flag_index=next,minmod=circular_lower,special=off,ties=high",4-4,0.5,1440,1440,8192,0.17578125,True,research/results/verify_epsilon_floor/20260926T210310Z
"flag_index=next,minmod=circular_lower,special=off,ties=high",4-4,0.9,496,496,8192,0.060546875,True,research/results/verify_epsilon_floor/20260926T210310Z
"flag_index=next,minmod=circular_lower,special=off,ties=low",2-2-2-2,0.5,3960,3960,8192,0.4833984375,True,research/results/verify_epsilon_floor/20260926T210310Z
"flag_index=next,minmod=circular_lower,special=off,ties=low",2-2-2-2,0.9,1760,1760,8192,0.21484375,True,research/results/verify_epsilon_floor/20260926T210310Z
"flag_index=next,minmod=circular_lower,special=off,ties=low",3-2-3,0.5,2536,2536,8192,0.3095703125,True,research/results/verify_epsilon_floor/20260926T210310Z
"flag_index=next,minmod=circular_lower,special=off,ties=low",3-2-3,0.9,968,968,8192,0.1181640625,True,research/results/verify_epsilon_floor/20260926T210310Z
"flag_index=next,minmod=circular_lower,special=off,ties=low",3-3-2,0.5,2712,2712,8192,0.3310546875,True,research/results/verify_epsilon_floor/20260926T210310Z
"flag_index=next,minmod=circular_lower,special=off,ties=low",3-3-2,0.9,1448,1448,8192,0.1767578125,True,research/results/verify_epsilon_floor/20260926T210310Z
"flag_index=next,minmod=circular_lower,special=off,ties=low",4-4,0.5,1440,1440,8192,0.17578125,True,research/results/verify_epsilon_floor/20260926T210310Z
"flag_index=next,minmod=circular_lower,special=off,ties=low",4-4,0.9,496,496,8192,0.060546875,True,research/results/verify_epsilon_floor/20260926T210310Z
"flag_index=next,minmod=circular_lower,ties=high",2-2-2-2,0.5,3028,3028,8192,0.36962890625,True,research/results/verify_epsilon_floor/20260926T210310Z
"flag_index=next,minmod=circular_lower,ties=high",2-2-2-2,0.9,1412,1412,8192,0.17236328125,True,research/results/verify_epsilon_floor/20260926T210310Z
"flag_index=next,minmod=circular_lower,ties=high",3-2-3,0.5,1872,1872,8192,0.228515625,True,research/results/verify_epsilon_floor/20260926T210310Z
"flag_index=next,minmod=circular_lower,ties=high",3-2-3,0.9,640,640,8192,0.078125,True,research/results/verify_epsilon_floor/20260926T210310Z
"flag_index=next,minmod=circular_lower,ties=high",3-3-2,0.5,1584,1584,8192,0.193359375,True,research/results/verify_epsilon_floor/20260926T210310Z
"flag_index=next,minmod=circular_lower,ties=high",3-3-2,0.9,1136,1136,8192,0.138671875,True,research/results/verify_epsilon_floor/20260926T210310Z
"flag_index=next,minmod=circular_lower,ties=high",4-4,0.5,1024,1024,8192,0.125,True,research/results/verify_epsilon_floor/20260926T210310Z
"flag_index=next,minmod=circular_lower,ties=high",4-4,0.9,256,256,8192,0.03125,True,research/results/verify_epsilon_floor/20260926T210310Z
"flag_index=next,minmod=circular_lower,ties=low",2-2-2-2,0.5,3016,3016,8192,0.3681640625,True,research/results/verify_epsilon_floor/20260926T210310Z
"flag_index=next,minmod=circular_lower,ties=low",2-2-2-2,0.9,1424,1424,8192,0.173828125,True,research/results/verify_epsilon_floor/20260926T210310Z
"flag_index=next,minmod=circular_lower,ties=low",3-2-3,0.5,1864,1864,8192,0.2275390625,True,research/results/verify_epsilon_floor/20260926T210310Z
"flag_index=next,minmod=circular_lower,ties=low",3-2-3,0.9,648,648,8192,0.0791015625,True,research/results/verify_epsilon_floor/20260926T210310Z
"flag_index=next,minmod=circular_lower,ties=low",3-3-2,0.5,1576,1576,8192,0.1923828125,True,research/results/verify_epsilon_floor/20260926T210310Z
"flag_index=next,minmod=circular_lower,ties=low",3-3-2,0.9,1144,1144,8192,0.1396484375,True,research/results/verify_epsilon_floor/20260926T210310Z
"flag_index=next,minmod=circular_lower,ties=low",4-4,0.5,1024,1024,8192,0.125,True,research/results/verify_epsilon_floor/20260926T210310Z
"flag_index=next,minmod=circular_lower,ties=low",4-4,0.9,256,256,8192,0.03125,True,research/results/verify_epsilon_floor/20260926T210310Z
"flag_index=next,minmod=strict_eq21",2-2-2-2,0.5,2834,2834,8192,0.345947265625,True,research/results/verify_epsilon_floor/20260926T210310Z
"flag_index=next,minmod=strict_eq21",2-2-2-2,0.9,1474,1474,8192,0.179931640625,True,research/results/verify_epsilon_floor/20260926T210310Z
"flag_index=next,minmod=strict_eq21",3-2-3,0.5,1876,1876,8192,0.22900390625,True,research/results/verify_epsilon_floor/20260926T210310Z
"flag_index=next,minmod=strict_eq21",3-2-3,0.9,700,700,8192,0.08544921875,True,research/results/verify_epsilon_floor/20260926T210310Z
"flag_index=next,minmod=strict_eq21",3-3-2,0.5,1661,1661,8192,0.2027587890625,True,research/results/verify_epsilon_floor/20260926T210310Z
"flag_index=next,minmod=strict_eq21",3-3-2,0.9,1181,1181,8192,0.1441650390625,True,research/results/verify_epsilon_floor/20260926T210310Z
"flag_index=next,minmod=strict_eq21",4-4,0.5,1014,1014,8192,0.123779296875,True,research/results/verify_epsilon_floor/20260926T210310Z
"flag_index=next,minmod=strict_eq21",4-4,0.9,272,272,8192,0.033203125,True,research/results/verify_epsilon_floor/20260926T210310Z
"flag_index=next,minmod=strict_eq21,borrow_source=raw",2-2-2-2,0.5,4258,4258,8192,0.519775390625,False,research/results/verify_epsilon_floor/20260926T210310Z
"flag_index=next,minmod=strict_eq21,borrow_source=raw",2-2-2-2,0.9,3710,3710,8192,0.452880859375,False,research/results/verify_epsilon_floor/20260926T210310Z
"flag_index=next,minmod=strict_eq21,borrow_source=raw",3-2-3,0.5,3060,3060,8192,0.37353515625,False,research/results/verify_epsilon_floor/20260926T210310Z
"flag_index=next,minmod=strict_eq21,borrow_source=raw",3-2-3,0.9,2188,2188,8192,0.26708984375,False,research/results/verify_epsilon_floor/20260926T210310Z
"flag_index=next,minmod=strict_eq21,borrow_source=raw",3-3-2,0.5,2077,2077,8192,0.2535400390625,False,research/results/verify_epsilon_floor/20260926T210310Z
"flag_index=next,minmod=strict_eq21,borrow_source=raw",3-3-2,0.9,1677,1677,8192,0.2047119140625,False,research/results/verify_epsilon_floor/20260926T210310Z
"flag_index=next,minmod=strict_eq21,borrow_source=raw",4-4,0.5,1014,1014,8192,0.123779296875,False,research/results/verify_epsilon_floor/20260926T210310Z
"flag_index=next,minmod=strict_eq21,borrow_source=raw",4-4,0.9,272,272,8192,0.033203125,False,research/results/verify_epsilon_floor/20260926T210310Z
"flag_index=next,minmod=strict_eq21,borrow_source=raw,final_block=min",2-2-2-2,0.5,4528,4396,8192,0.552734375,False,research/results/verify_epsilon_floor/20260926T210310Z
"flag_index=next,minmod=strict_eq21,borrow_source=raw,final_block=min",2-2-2-2,0.9,3710,3710,8192,0.452880859375,False,research/results/verify_epsilon_floor/20260926T210310Z
"flag_index=next,minmod=strict_eq21,borrow_source=raw,final_block=min",3-2-3,0.5,3384,3156,8192,0.4130859375,False,research/results/verify_epsilon_floor/20260926T210310Z
"flag_index=next,minmod=strict_eq21,borrow_source=raw,final_block=min",3-2-3,0.9,2188,2188,8192,0.26708984375,False,research/results/verify_epsilon_floor/20260926T210310Z
"flag_index=next,minmod=strict_eq21,borrow_source=raw,final_block=min",3-3-2,0.5,2443,2269,8192,0.2982177734375,False,research/results/verify_epsilon_floor/20260926T210310Z
"flag_index=next,minmod=strict_eq21,borrow_source=raw,final_block=min",3-3-2,0.9,1677,1677,8192,0.2047119140625,False,research/results/verify_epsilon_floor/20260926T210310Z
"flag_index=next,minmod=strict_eq21,borrow_source=raw,final_block=min",4-4,0.5,1440,1062,8192,0.17578125,False,research/results/verify_epsilon_floor/20260926T210310Z
"flag_index=next,minmod=strict_eq21,borrow_source=raw,final_block=min",4-4,0.9,272,272,8192,0.033203125,False,research/results/verify_epsilon_floor/20260926T210310Z
"flag_index=next,minmod=strict_eq21,borrow_source=raw,final_block=min,special=flagged_only",2-2-2-2,0.5,5046,4914,8192,0.615966796875,False,research/results/verify_epsilon_floor/20260926T210310Z
"flag_index=next,minmod=strict_eq21,borrow_source=raw,final_block=min,special=flagged_only",2-2-2-2,0.9,4292,4292,8192,0.52392578125,False,research/results/verify_epsilon_floor/20260926T210310Z
"flag_index=next,minmod=strict_eq21,borrow_source=raw,final_block=min,special=flagged_only",3-2-3,0.5,3749,3521,8192,0.4576416015625,False,research/results/verify_epsilon_floor/20260926T210310Z
"flag_index=next,minmod=strict_eq21,borrow_source=raw,final_block=min,special=flagged_only",3-2-3,0.9,2593,2593,8192,0.3165283203125,False,research/results/verify_epsilon_floor/20260926T210310Z
"flag_index=next,minmod=strict_eq21,borrow_source=raw,final_block=min,special=flagged_only",3-3-2,0.5,3291,3117,8192,0.4017333984375,False,research/results/verify_epsilon_floor/20260926T210310Z
"flag_index=next,minmod=strict_eq21,borrow_source=raw,final_block=min,special=flagged_only",3-3-2,0.9,2129,2129,8192,0.2598876953125,False,research/results/verify_epsilon_floor/20260926T210310Z
"flag_index=next,minmod=strict_eq21,borrow_source=raw,final_block=min,special=flagged_only",4-4,0.5,1800,1422,8192,0.2197265625,False,research/results/verify_epsilon_floor/20260926T210310Z
"flag_index=next,minmod=strict_eq21,borrow_source=raw,final_block=min,special=flagged_only",4-4,0.9,480,480,8192,0.05859375,False,research/results/verify_epsilon_floor/20260926T210310Z
"flag_index=next,minmod=strict_eq21,borrow_source=raw,final_block=min,special=flagged_only,ties=high",2-2-2-2,0.5,5032,4900,8192,0.6142578125,False,research/results/verify_epsilon_floor/20260926T210310Z
"flag_index=next,minmod=strict_eq21,borrow_source=raw,final_block=min,special=flagged_only,ties=high",2-2-2-2,0.9,4278,4278,8192,0.522216796875,False,research/results/verify_epsilon_floor/20260926T210310Z
"flag_index=next,minmod=strict_eq21,borrow_source=raw,final_block=min,special=flagged_only,ties=high",3-2-3,0.5,3744,3516,8192,0.45703125,False,research/results/verify_epsilon_floor/20260926T210310Z
"flag_index=next,minmod=strict_eq21,borrow_source=raw,final_block=min,special=flagged_only,ties=high",3-2-3,0.9,2588,2588,8192,0.31591796875,False,research/results/verify_epsilon_floor/20260926T210310Z
"flag_index=next,minmod=strict_eq21,borrow_source=raw,final_block=min,special=flagged_only,ties=high",3-3-2,0.5,3286,3112,8192,0.401123046875,False,research/results/verify_epsilon_floor/20260926T210310Z
"flag_index=next,minmod=strict_eq21,borrow_source=raw,final_block=min,special=flagged_only,ties=high",3-3-2,0.9,2124,2124,8192,0.25927734375,False,research/results/verify_epsilon_floor/20260926T210310Z
"flag_index=next,minmod=strict_eq21,borrow_source=raw,final_block=min,special=flagged_only,ties=high",4-4,0.5,1800,1422,8192,0.2197265625,False,research/results/verify_epsilon_floor/20260926T210310Z
"flag_index=next,minmod=strict_eq21,borrow_source=raw,final_block=min,special=flagged_only,ties=high",4-4,0.9,480,480,8192,0.05859375,False,research/results/verify_epsilon_floor/20260926T210310Z
"flag_index=next,minmod=strict_eq21,borrow_source=raw,final_block=min,special=flagged_only,ties=low",2-2-2-2,0.5,5052,4920,8192,0.61669921875,False,research/results/verify_epsilon_floor/20260926T210310Z
"flag_index=next,minmod=strict_eq21,borrow_source=raw,final_block=min,special=flagged_only,ties=low",2-2-2-2,0.9,4300,4300,8192,0.52490234375,False,research/results/verify_epsilon_floor/20260926T210310Z
"flag_index=next,minmod=strict_eq21,borrow_source=raw,final_block=min,special=flagged_only,ties=low",3-2-3,0.5,3754,3526,8192,0.458251953125,False,research/results/verify_epsilon_floor/20260926T210310Z
"flag_index=next,minmod=strict_eq21,borrow_source=raw,final_block=min,special=flagged_only,ties=low",3-2-3,0.9,2598,2598,8192,0.317138671875,False,research/results/verify_epsilon_floor/20260926T210310Z
"flag_index=next,minmod=strict_eq21,borrow_source=raw,final_block=min,special=flagged_only,ties=low",3-3-2,0.5,3296,3122,8192,0.40234375,False,research/results/verify_epsilon_floor/20260926T210310Z
"flag_index=next,minmod=strict_eq21,borrow_source=raw,final_block=min,special=flagged_only,ties=low",3-3-2,0.9,2134,2134,8192,0.260498046875,False,research/results/verify_epsilon_floor/20260926T210310Z
"flag_index=next,minmod=strict_eq21,borrow_source=raw,final_block=min,special=flagged_only,ties=low",4-4,0.5,1802,1424,8192,0.219970703125,False,research/results/verify_epsilon_floor/20260926T210310Z
"flag_index=next,minmod=strict_eq21,borrow_source=raw,final_block=min,special=flagged_only,ties=low",4-4,0.9,482,482,8192,0.058837890625,False,research/results/verify_epsilon_floor/20260926T210310Z
"flag_index=next,minmod=strict_eq21,borrow_source=raw,final_block=min,special=off",2-2-2-2,0.5,5046,4914,8192,0.615966796875,False,research/results/verify_epsilon_floor/20260926T210310Z
"flag_index=next,minmod=strict_eq21,borrow_source=raw,final_block=min,special=off",2-2-2-2,0.9,4292,4292,8192,0.52392578125,False,research/results/verify_epsilon_floor/20260926T210310Z
"flag_index=next,minmod=strict_eq21,borrow_source=raw,final_block=min,special=off",3-2-3,0.5,3749,3521,8192,0.4576416015625,False,research/results/verify_epsilon_floor/20260926T210310Z
"flag_index=next,minmod=strict_eq21,borrow_source=raw,final_block=min,special=off",3-2-3,0.9,2593,2593,8192,0.3165283203125,False,research/results/verify_epsilon_floor/20260926T210310Z
"flag_index=next,minmod=strict_eq21,borrow_source=raw,final_block=min,special=off",3-3-2,0.5,3291,3117,8192,0.4017333984375,False,research/results/verify_epsilon_floor/20260926T210310Z
"flag_index=next,minmod=strict_eq21,borrow_source=raw,final_block=min,special=off",3-3-2,0.9,2129,2129,8192,0.2598876953125,False,research/results/verify_epsilon_floor/20260926T210310Z
"flag_index=next,minmod=strict_eq21,borrow_source=raw,final_block=min,special=off",4-4,0.5,1800,1422,8192,0.2197265625,False,research/results/verify_epsilon_floor/20260926T210310Z
"flag_index=next,minmod=strict_eq21,borrow_source=raw,final_block=min,special=off",4-4,0.9,480,480,8192,0.05859375,False,research/results/verify_epsilon_floor/20260926T210310Z
"flag_index=next,minmod=strict_eq21,borrow_source=raw,final_block=min,special=off,ties=high",2-2-2-2,0.5,5032,4900,8192,0.6142578125,False,research/results/verify_epsilon_floor/20260926T210310Z
"flag_index=next,minmod=strict_eq21,borrow_source=raw,final_block=min,special=off,ties=high",2-2-2-2,0.9,4278,4278,8192,0.522216796875,False,research/results/verify_epsilon_floor/20260926T210310Z
"flag_index=next,minmod=strict_eq21,borrow_source=raw,final_block=min,special=off,ties=high",3-2-3,0.5,3744,3516,8192,0.45703125,False,research/results/verify_epsilon_floor/20260926T210310Z
"flag_index=next,minmod=strict_eq21,borrow_source=raw,final_block=min,special=off,ties=high",3-2-3,0.9,2588,2588,8192,0.31591796875,False,research/results/verify_epsilon_floor/20260926T210310Z
"flag_index=next,minmod=strict_eq21,borrow_source=raw,final_block=min,special=off,ties=high",3-3-2,0.5,3286,3112,8192,0.401123046875,False,research/results/verify_epsilon_floor/20260926T210310Z
"flag_index=next,minmod=strict_eq21,borrow_source=raw,final_block=min,special=off,ties=high",3-3-2,0.9,2124,2124,8192,0.25927734375,False,research/results/verify_epsilon_floor/20260926T210310Z
"flag_index=next,minmod=strict_eq21,borrow_source=raw,final_block=min,special=off,ties=high",4-4,0.5,1800,1422,8192,0.2197265625,False,research/results/verify_epsilon_floor/20260926T210310Z
"flag_index=next,minmod=strict_eq21,borrow_source=raw,final_block=min,special=off,ties=high",4-4,0.9,480,480,8192,0.05859375,False,research/results/verify_epsilon_floor/20260926T210310Z
"flag_index=next,minmod=strict_eq21,borrow_source=raw,final_block=min,special=off,ties=low",2-2-2-2,0.5,5052,4920,8192,0.61669921875,False,research/results/verify_epsilon_floor/20260926T210310Z
"flag_index=next,minmod=strict_eq21,borrow_source=raw,final_block=min,special=off,ties=low",2-2-2-2,0.9,4300,4300,8192,0.52490234375,False,research/results/verify_epsilon_floor/20260926T210310Z
"flag_index=next,minmod=strict_eq21,borrow_source=raw,final_block=min,special=off,ties=low",3-2-3,0.5,3754,3526,8192,0.458251953125,False,research/results/verify_epsilon_floor/20260926T210310Z
"flag_index=next,minmod=strict_eq21,borrow_source=raw,final_block=min,special=off,ties=low",3-2-3,0.9,2598,2598,8192,0.317138671875,False,research/results/verify_epsilon_floor/20260926T210310Z
"flag_index=next,minmod=strict_eq21,borrow_source=raw,final_block=min,special=off,ties=low",3-3-2,0.5,3296,3122,8192,0.40234375,False,research/results/verify_epsilon_floor/20260926T210310Z
"flag_index=next,minmod=strict_eq21,borrow_source=raw,final_block=min,special=off,ties=low",3-3-2,0.9,2134,2134,8192,0.260498046875,False,research/results/verify_epsilon_floor/20260926T210310Z
"flag_index=next,minmod=strict_eq21,borrow_source=raw,final_block=min,special=off,ties=low",4-4,0.5,1802,1424,8192,0.219970703125,False,research/results/verify_epsilon_floor/20260926T210310Z
"flag_index=next,minmod=strict_eq21,borrow_source=raw,final_block=min,special=off,ties=low",4-4,0.9,482,482,8192,0.058837890625,False,research/results/verify_epsilon_floor/20260926T210310Z
"flag_index=next,minmod=strict_eq21,borrow_source=raw,final_block=min,ties=high",2-2-2-2,0.5,4544,4412,8192,0.5546875,False,research/results/verify_epsilon_floor/20260926T210310Z
"flag_index=next,minmod=strict_eq21,borrow_source=raw,final_block=min,ties=high",2-2-2-2,0.9,3722,3722,8192,0.454345703125,False,research/results/verify_epsilon_floor/20260926T210310Z
"flag_index=next,minmod=strict_eq21,borrow_source=raw,final_block=min,ties=high",3-2-3,0.5,3392,3164,8192,0.4140625,False,research/results/verify_epsilon_floor/20260926T210310Z
"flag_index=next,minmod=strict_eq21,borrow_source=raw,final_block=min,ties=high",3-2-3,0.9,2188,2188,8192,0.26708984375,False,research/results/verify_epsilon_floor/20260926T210310Z
"flag_index=next,minmod=strict_eq21,borrow_source=raw,final_block=min,ties=high",3-3-2,0.5,2450,2276,8192,0.299072265625,False,research/results/verify_epsilon_floor/20260926T210310Z
"flag_index=next,minmod=strict_eq21,borrow_source=raw,final_block=min,ties=high",3-3-2,0.9,1676,1676,8192,0.20458984375,False,research/results/verify_epsilon_floor/20260926T210310Z
"flag_index=next,minmod=strict_eq21,borrow_source=raw,final_block=min,ties=high",4-4,0.5,1440,1062,8192,0.17578125,False,research/results/verify_epsilon_floor/20260926T210310Z
"flag_index=next,minmod=strict_eq21,borrow_source=raw,final_block=min,ties=high",4-4,0.9,272,272,8192,0.033203125,False,research/results/verify_epsilon_floor/20260926T210310Z
"flag_index=next,minmod=strict_eq21,borrow_source=raw,final_block=min,ties=low",2-2-2-2,0.5,4524,4392,8192,0.55224609375,False,research/results/verify_epsilon_floor/20260926T210310Z
"flag_index=next,minmod=strict_eq21,borrow_source=raw,final_block=min,ties=low",2-2-2-2,0.9,3708,3708,8192,0.45263671875,False,research/results/verify_epsilon_floor/20260926T210310Z
"flag_index=next,minmod=strict_eq21,borrow_source=raw,final_block=min,ties=low",3-2-3,0.5,3378,3150,8192,0.412353515625,False,research/results/verify_epsilon_floor/20260926T210310Z
"flag_index=next,minmod=strict_eq21,borrow_source=raw,final_block=min,ties=low",3-2-3,0.9,2186,2186,8192,0.266845703125,False,research/results/verify_epsilon_floor/20260926T210310Z
"flag_index=next,minmod=strict_eq21,borrow_source=raw,final_block=min,ties=low",3-3-2,0.5,2436,2262,8192,0.29736328125,False,research/results/verify_epsilon_floor/20260926T210310Z
"flag_index=next,minmod=strict_eq21,borrow_source=raw,final_block=min,ties=low",3-3-2,0.9,1674,1674,8192,0.204345703125,False,research/results/verify_epsilon_floor/20260926T210310Z
"flag_index=next,minmod=strict_eq21,borrow_source=raw,final_block=min,ties=low",4-4,0.5,1438,1060,8192,0.175537109375,False,research/results/verify_epsilon_floor/20260926T210310Z
"flag_index=next,minmod=strict_eq21,borrow_source=raw,final_block=min,ties=low",4-4,0.9,270,270,8192,0.032958984375,False,research/results/verify_epsilon_floor/20260926T210310Z
"flag_index=next,minmod=strict_eq21,borrow_source=raw,special=flagged_only",2-2-2-2,0.5,4812,4812,8192,0.58740234375,False,research/results/verify_epsilon_floor/20260926T210310Z
"flag_index=next,minmod=strict_eq21,borrow_source=raw,special=flagged_only",2-2-2-2,0.9,4292,4292,8192,0.52392578125,False,research/results/verify_epsilon_floor/20260926T210310Z
"flag_index=next,minmod=strict_eq21,borrow_source=raw,special=flagged_only",3-2-3,0.5,3449,3449,8192,0.4210205078125,False,research/results/verify_epsilon_floor/20260926T210310Z
"flag_index=next,minmod=strict_eq21,borrow_source=raw,special=flagged_only",3-2-3,0.9,2593,2593,8192,0.3165283203125,False,research/results/verify_epsilon_floor/20260926T210310Z
"flag_index=next,minmod=strict_eq21,borrow_source=raw,special=flagged_only",3-3-2,0.5,2949,2949,8192,0.3599853515625,False,research/results/verify_epsilon_floor/20260926T210310Z
"flag_index=next,minmod=strict_eq21,borrow_source=raw,special=flagged_only",3-3-2,0.9,2129,2129,8192,0.2598876953125,False,research/results/verify_epsilon_floor/20260926T210310Z
"flag_index=next,minmod=strict_eq21,borrow_source=raw,special=flagged_only",4-4,0.5,1374,1374,8192,0.167724609375,False,research/results/verify_epsilon_floor/20260926T210310Z
"flag_index=next,minmod=strict_eq21,borrow_source=raw,special=flagged_only",4-4,0.9,480,480,8192,0.05859375,False,research/results/verify_epsilon_floor/20260926T210310Z
"flag_index=next,minmod=strict_eq21,borrow_source=raw,special=flagged_only,ties=high",2-2-2-2,0.5,4798,4798,8192,0.585693359375,False,research/results/verify_epsilon_floor/20260926T210310Z
"flag_index=next,minmod=strict_eq21,borrow_source=raw,special=flagged_only,ties=high",2-2-2-2,0.9,4278,4278,8192,0.522216796875,False,research/results/verify_epsilon_floor/20260926T210310Z
"flag_index=next,minmod=strict_eq21,borrow_source=raw,special=flagged_only,ties=high",3-2-3,0.5,3444,3444,8192,0.42041015625,False,research/results/verify_epsilon_floor/20260926T210310Z
"flag_index=next,minmod=strict_eq21,borrow_source=raw,special=flagged_only,ties=high",3-2-3,0.9,2588,2588,8192,0.31591796875,False,research/results/verify_epsilon_floor/20260926T210310Z
"flag_index=next,minmod=strict_eq21,borrow_source=raw,special=flagged_only,ties=high",3-3-2,0.5,2944,2944,8192,0.359375,False,research/results/verify_epsilon_floor/20260926T210310Z
"flag_index=next,minmod=strict_eq21,borrow_source=raw,special=flagged_only,ties=high",3-3-2,0.9,2124,2124,8192,0.25927734375,False,research/results/verify_epsilon_floor/20260926T210310Z
"flag_index=next,minmod=strict_eq21,borrow_source=raw,special=flagged_only,ties=high",4-4,0.5,1374,1374,8192,0.167724609375,False,research/results/verify_epsilon_floor/20260926T210310Z
"flag_index=next,minmod=strict_eq21,borrow_source=raw,special=flagged_only,ties=high",4-4,0.9,480,480,8192,0.05859375,False,research/results/verify_epsilon_floor/20260926T210310Z
"flag_index=next,minmod=strict_eq21,borrow_source=raw,special=flagged_only,ties=low",2-2-2-2,0.5,4818,4818,8192,0.588134765625,False,research/results/verify_epsilon_floor/20260926T210310Z
"flag_index=next,minmod=strict_eq21,borrow_source=raw,special=flagged_only,ties=low",2-2-2-2,0.9,4300,4300,8192,0.52490234375,False,research/results/verify_epsilon_floor/20260926T210310Z
"flag_index=next,minmod=strict_eq21,borrow_source=raw,special=flagged_only,ties=low",3-2-3,0.5,3454,3454,8192,0.421630859375,False,research/results/verify_epsilon_floor/20260926T210310Z
"flag_index=next,minmod=strict_eq21,borrow_source=raw,special=flagged_only,ties=low",3-2-3,0.9,2598,2598,8192,0.317138671875,False,research/results/verify_epsilon_floor/20260926T210310Z
"flag_index=next,minmod=strict_eq21,borrow_source=raw,special=flagged_only,ties=low",3-3-2,0.5,2954,2954,8192,0.360595703125,False,research/results/verify_epsilon_floor/20260926T210310Z
"flag_index=next,minmod=strict_eq21,borrow_source=raw,special=flagged_only,ties=low",3-3-2,0.9,2134,2134,8192,0.260498046875,False,research/results/verify_epsilon_floor/20260926T210310Z
"flag_index=next,minmod=strict_eq21,borrow_source=raw,special=flagged_only,ties=low",4-4,0.5,1376,1376,8192,0.16796875,False,research/results/verify_epsilon_floor/20260926T210310Z
"flag_index=next,minmod=strict_eq21,borrow_source=raw,special=flagged_only,ties=low",4-4,0.9,482,482,8192,0.058837890625,False,research/results/verify_epsilon_floor/20260926T210310Z
"flag_index=next,minmod=strict_eq21,borrow_source=raw,special=off",2-2-2-2,0.5,4812,4812,8192,0.58740234375,False,research/results/verify_epsilon_floor/20260926T210310Z
"flag_index=next,minmod=strict_eq21,borrow_source=raw,special=off",2-2-2-2,0.9,4292,4292,8192,0.52392578125,False,research/results/verify_epsilon_floor/20260926T210310Z
"flag_index=next,minmod=strict_eq21,borrow_source=raw,special=off",3-2-3,0.5,3449,3449,8192,0.4210205078125,False,research/results/verify_epsilon_floor/20260926T210310Z
"flag_index=next,minmod=strict_eq21,borrow_source=raw,special=off",3-2-3,0.9,2593,2593,8192,0.3165283203125,False,research/results/verify_epsilon_floor/20260926T210310Z
"flag_index=next,minmod=strict_eq21,borrow_source=raw,special=off",3-3-2,0.5,2949,2949,8192,0.3599853515625,False,research/results/verify_epsilon_floor/20260926T210310Z
"flag_index=next,minmod=strict_eq21,borrow_source=raw,special=off",3-3-2,0.9,2129,2129,8192,0.2598876953125,False,research/results/verify_epsilon_floor/20260926T210310Z
"flag_index=next,minmod=strict_eq21,borrow_source=raw,special=off",4-4,0.5,1374,1374,8192,0.167724609375,False,research/results/verify_epsilon_floor/20260926T210310Z
"flag_index=next,minmod=strict_eq21,borrow_source=raw,special=off",4-4,0.9,480,480,8192,0.05859375,False,research/results/verify_epsilon_floor/20260926T210310Z
"flag_index=next,minmod=strict_eq21,borrow_source=raw,special=off,ties=high",2-2-2-2,0.5,4798,4798,8192,0.585693359375,False,research/results/verify_epsilon_floor/20260926T210310Z
"flag_index=next,minmod=strict_eq21,borrow_source=raw,special=off,ties=high",2-2-2-2,0.9,4278,4278,8192,0.522216796875,False,research/results/verify_epsilon_floor/20260926T210310Z
"flag_index=next,minmod=strict_eq21,borrow_source=raw,special=off,ties=high",3-2-3,0.5,3444,3444,8192,0.42041015625,False,research/results/verify_epsilon_floor/20260926T210310Z
"flag_index=next,minmod=strict_eq21,borrow_source=raw,special=off,ties=high",3-2-3,0.9,2588,2588,8192,0.31591796875,False,research/results/verify_epsilon_floor/20260926T210310Z
"flag_index=next,minmod=strict_eq21,borrow_source=raw,special=off,ties=high",3-3-2,0.5,2944,2944,8192,0.359375,False,research/results/verify_epsilon_floor/20260926T210310Z
"flag_index=next,minmod=strict_eq21,borrow_source=raw,special=off,ties=high",3-3-2,0.9,2124,2124,8192,0.25927734375,False,research/results/verify_epsilon_floor/20260926T210310Z
"flag_index=next,minmod=strict_eq21,borrow_source=raw,special=off,ties=high",4-4,0.5,1374,1374,8192,0.167724609375,False,research/results/verify_epsilon_floor/20260926T210310Z
"flag_index=next,minmod=strict_eq21,borrow_source=raw,special=off,ties=high",4-4,0.9,480,480,8192,0.05859375,False,research/results/verify_epsilon_floor/20260926T210310Z
"flag_index=next,minmod=strict_eq21,borrow_source=raw,special=off,ties=low",2-2-2-2,0.5,4818,4818,8192,0.588134765625,False,research/results/verify_epsilon_floor/20260926T210310Z
"flag_index=next,minmod=strict_eq21,borrow_source=raw,special=off,ties=low",2-2-2-2,0.9,4300,4300,8192,0.52490234375,False,research/results/verify_epsilon_floor/20260926T210310Z
"flag_index=next,minmod=strict_eq21,borrow_source=raw,special=off,ties=low",3-2-3,0.5,3454,3454,8192,0.421630859375,False,research/results/verify_epsilon_floor/20260926T210310Z
"flag_index=next,minmod=strict_eq21,borrow_source=raw,special=off,ties=low",3-2-3,0.9,2598,2598,8192,0.317138671875,False,research/results/verify_epsilon_floor/20260926T210310Z
"flag_index=next,minmod=strict_eq21,borrow_source=raw,special=off,ties=low",3-3-2,0.5,2954,2954,8192,0.360595703125,False,research/results/verify_epsilon_floor/20260926T210310Z
"flag_index=next,minmod=strict_eq21,borrow_source=raw,special=off,ties=low",3-3-2,0.9,2134,2134,8192,0.260498046875,False,research/results/verify_epsilon_floor/20260926T210310Z
"flag_index=next,minmod=strict_eq21,borrow_source=raw,special=off,ties=low",4-4,0.5,1376,1376,8192,0.16796875,False,research/results/verify_epsilon_floor/20260926T210310Z
"flag_index=next,minmod=strict_eq21,borrow_source=raw,special=off,ties=low",4-4,0.9,482,482,8192,0.058837890625,False,research/results/verify_epsilon_floor/20260926T210310Z
"flag_index=next,minmod=strict_eq21,borrow_source=raw,ties=high",2-2-2-2,0.5,4274,4274,8192,0.521728515625,False,research/results/verify_epsilon_floor/20260926T210310Z
"flag_index=next,minmod=strict_eq21,borrow_source=raw,ties=high",2-2-2-2,0.9,3722,3722,8192,0.454345703125,False,research/results/verify_epsilon_floor/20260926T210310Z
"flag_index=next,minmod=strict_eq21,borrow_source=raw,ties=high",3-2-3,0.5,3068,3068,8192,0.37451171875,False,research/results/verify_epsilon_floor/20260926T210310Z
"flag_index=next,minmod=strict_eq21,borrow_source=raw,ties=high",3-2-3,0.9,2188,2188,8192,0.26708984375,False,research/results/verify_epsilon_floor/20260926T210310Z
"flag_index=next,minmod=strict_eq21,borrow_source=raw,ties=high",3-3-2,0.5,2084,2084,8192,0.25439453125,False,research/results/verify_epsilon_floor/20260926T210310Z
"flag_index=next,minmod=strict_eq21,borrow_source=raw,ties=high",3-3-2,0.9,1676,1676,8192,0.20458984375,False,research/results/verify_epsilon_floor/20260926T210310Z
"flag_index=next,minmod=strict_eq21,borrow_source=raw,ties=high",4-4,0.5,1014,1014,8192,0.123779296875,False,research/results/verify_epsilon_floor/20260926T210310Z
"flag_index=next,minmod=strict_eq21,borrow_source=raw,ties=high",4-4,0.9,272,272,8192,0.033203125,False,research/results/verify_epsilon_floor/20260926T210310Z
"flag_index=next,minmod=strict_eq21,borrow_source=raw,ties=low",2-2-2-2,0.5,4254,4254,8192,0.519287109375,False,research/results/verify_epsilon_floor/20260926T210310Z
"flag_index=next,minmod=strict_eq21,borrow_source=raw,ties=low",2-2-2-2,0.9,3708,3708,8192,0.45263671875,False,research/results/verify_epsilon_floor/20260926T210310Z
"flag_index=next,minmod=strict_eq21,borrow_source=raw,ties=low",3-2-3,0.5,3054,3054,8192,0.372802734375,False,research/results/verify_epsilon_floor/20260926T210310Z
"flag_index=next,minmod=strict_eq21,borrow_source=raw,ties=low",3-2-3,0.9,2186,2186,8192,0.266845703125,False,research/results/verify_epsilon_floor/20260926T210310Z
"flag_index=next,minmod=strict_eq21,borrow_source=raw,ties=low",3-3-2,0.5,2070,2070,8192,0.252685546875,False,research/results/verify_epsilon_floor/20260926T210310Z
"flag_index=next,minmod=strict_eq21,borrow_source=raw,ties=low",3-3-2,0.9,1674,1674,8192,0.204345703125,False,research/results/verify_epsilon_floor/20260926T210310Z
"flag_index=next,minmod=strict_eq21,borrow_source=raw,ties=low",4-4,0.5,1012,1012,8192,0.12353515625,False,research/results/verify_epsilon_floor/20260926T210310Z
"flag_index=next,minmod=strict_eq21,borrow_source=raw,ties=low",4-4,0.9,270,270,8192,0.032958984375,False,research/results/verify_epsilon_floor/20260926T210310Z
"flag_index=next,minmod=strict_eq21,final_block=min",2-2-2-2,0.5,3176,2996,8192,0.3876953125,True,research/results/verify_epsilon_floor/20260926T210310Z
"flag_index=next,minmod=strict_eq21,final_block=min",2-2-2-2,0.9,1474,1474,8192,0.179931640625,True,research/results/verify_epsilon_floor/20260926T210310Z
"flag_index=next,minmod=strict_eq21,final_block=min",3-2-3,0.5,2200,1972,8192,0.2685546875,True,research/results/verify_epsilon_floor/20260926T210310Z
"flag_index=next,minmod=strict_eq21,final_block=min",3-2-3,0.9,700,700,8192,0.08544921875,True,research/results/verify_epsilon_floor/20260926T210310Z
"flag_index=next,minmod=strict_eq21,final_block=min",3-3-2,0.5,2027,1853,8192,0.2474365234375,True,research/results/verify_epsilon_floor/20260926T210310Z
"flag_index=next,minmod=strict_eq21,final_block=min",3-3-2,0.9,1181,1181,8192,0.1441650390625,True,research/results/verify_epsilon_floor/20260926T210310Z
"flag_index=next,minmod=strict_eq21,final_block=min",4-4,0.5,1440,1062,8192,0.17578125,True,research/results/verify_epsilon_floor/20260926T210310Z
"flag_index=next,minmod=strict_eq21,final_block=min",4-4,0.9,272,272,8192,0.033203125,True,research/results/verify_epsilon_floor/20260926T210310Z
"flag_index=next,minmod=strict_eq21,final_block=min,special=flagged_only",2-2-2-2,0.5,3630,3450,8192,0.443115234375,True,research/results/verify_epsilon_floor/20260926T210310Z
"flag_index=next,minmod=strict_eq21,final_block=min,special=flagged_only",2-2-2-2,0.9,1652,1652,8192,0.20166015625,True,research/results/verify_epsilon_floor/20260926T210310Z
"flag_index=next,minmod=strict_eq21,final_block=min,special=flagged_only",3-2-3,0.5,2565,2337,8192,0.3131103515625,True,research/results/verify_epsilon_floor/20260926T210310Z
"flag_index=next,minmod=strict_eq21,final_block=min,special=flagged_only",3-2-3,0.9,913,913,8192,0.1114501953125,True,research/results/verify_epsilon_floor/20260926T210310Z
"flag_index=next,minmod=strict_eq21,final_block=min,special=flagged_only",3-3-2,0.5,2843,2669,8192,0.3470458984375,True,research/results/verify_epsilon_floor/20260926T210310Z
"flag_index=next,minmod=strict_eq21,final_block=min,special=flagged_only",3-3-2,0.9,1409,1409,8192,0.1719970703125,True,research/results/verify_epsilon_floor/20260926T210310Z
"flag_index=next,minmod=strict_eq21,final_block=min,special=flagged_only",4-4,0.5,1800,1422,8192,0.2197265625,True,research/results/verify_epsilon_floor/20260926T210310Z
"flag_index=next,minmod=strict_eq21,final_block=min,special=flagged_only",4-4,0.9,480,480,8192,0.05859375,True,research/results/verify_epsilon_floor/20260926T210310Z
"flag_index=next,minmod=strict_eq21,final_block=min,special=flagged_only,ties=high",2-2-2-2,0.5,3616,3436,8192,0.44140625,True,research/results/verify_epsilon_floor/20260926T210310Z
"flag_index=next,minmod=strict_eq21,final_block=min,special=flagged_only,ties=high",2-2-2-2,0.9,1638,1638,8192,0.199951171875,True,research/results/verify_epsilon_floor/20260926T210310Z
"flag_index=next,minmod=strict_eq21,final_block=min,special=flagged_only,ties=high",3-2-3,0.5,2560,2332,8192,0.3125,True,research/results/verify_epsilon_floor/20260926T210310Z
"flag_index=next,minmod=strict_eq21,final_block=min,special=flagged_only,ties=high",3-2-3,0.9,908,908,8192,0.11083984375,True,research/results/verify_epsilon_floor/20260926T210310Z
"flag_index=next,minmod=strict_eq21,final_block=min,special=flagged_only,ties=high",3-3-2,0.5,2838,2664,8192,0.346435546875,True,research/results/verify_epsilon_floor/20260926T210310Z
"flag_index=next,minmod=strict_eq21,final_block=min,special=flagged_only,ties=high",3-3-2,0.9,1404,1404,8192,0.17138671875,True,research/results/verify_epsilon_floor/20260926T210310Z
"flag_index=next,minmod=strict_eq21,final_block=min,special=flagged_only,ties=high",4-4,0.5,1800,1422,8192,0.2197265625,True,research/results/verify_epsilon_floor/20260926T210310Z
"flag_index=next,minmod=strict_eq21,final_block=min,special=flagged_only,ties=high",4-4,0.9,480,480,8192,0.05859375,True,research/results/verify_epsilon_floor/20260926T210310Z
"flag_index=next,minmod=strict_eq21,final_block=min,special=flagged_only,ties=low",2-2-2-2,0.5,3636,3456,8192,0.44384765625,True,research/results/verify_epsilon_floor/20260926T210310Z
"flag_index=next,minmod=strict_eq21,final_block=min,special=flagged_only,ties=low",2-2-2-2,0.9,1660,1660,8192,0.20263671875,True,research/results/verify_epsilon_floor/20260926T210310Z
"flag_index=next,minmod=strict_eq21,final_block=min,special=flagged_only,ties=low",3-2-3,0.5,2570,2342,8192,0.313720703125,True,research/results/verify_epsilon_floor/20260926T210310Z
"flag_index=next,minmod=strict_eq21,final_block=min,special=flagged_only,ties=low",3-2-3,0.9,918,918,8192,0.112060546875,True,research/results/verify_epsilon_floor/20260926T210310Z
"flag_index=next,minmod=strict_eq21,final_block=min,special=flagged_only,ties=low",3-3-2,0.5,2848,2674,8192,0.34765625,True,research/results/verify_epsilon_floor/20260926T210310Z
"flag_index=next,minmod=strict_eq21,final_block=min,special=flagged_only,ties=low",3-3-2,0.9,1414,1414,8192,0.172607421875,True,research/results/verify_epsilon_floor/20260926T210310Z
"flag_index=next,minmod=strict_eq21,final_block=min,special=flagged_only,ties=low",4-4,0.5,1802,1424,8192,0.219970703125,True,research/results/verify_epsilon_floor/20260926T210310Z
"flag_index=next,minmod=strict_eq21,final_block=min,special=flagged_only,ties=low",4-4,0.9,482,482,8192,0.058837890625,True,research/results/verify_epsilon_floor/20260926T210310Z
"flag_index=next,minmod=strict_eq21,final_block=min,special=off",2-2-2-2,0.5,3630,3450,8192,0.443115234375,True,research/results/verify_epsilon_floor/20260926T210310Z
"flag_index=next,minmod=strict_eq21,final_block=min,special=off",2-2-2-2,0.9,1652,1652,8192,0.20166015625,True,research/results/verify_epsilon_floor/20260926T210310Z
"flag_index=next,minmod=strict_eq21,final_block=min,special=off",3-2-3,0.5,2565,2337,8192,0.3131103515625,True,research/results/verify_epsilon_floor/20260926T210310Z
"flag_index=next,minmod=strict_eq21,final_block=min,special=off",3-2-3,0.9,913,913,8192,0.1114501953125,True,research/results/verify_epsilon_floor/20260926T210310Z
"flag_index=next,minmod=strict_eq21,final_block=min,special=off",3-3-2,0.5,2843,2669,8192,0.3470458984375,True,research/results/verify_epsilon_floor/20260926T210310Z
"flag_index=next,minmod=strict_eq21,final_block=min,special=off",3-3-2,0.9,1409,1409,8192,0.1719970703125,True,research/results/verify_epsilon_floor/20260926T210310Z
"flag_index=next,minmod=strict_eq21,final_block=min,special=off",4-4,0.5,1800,1422,8192,0.2197265625,True,research/results/verify_epsilon_floor/20260926T210310Z
"flag_index=next,minmod=strict_eq21,final_block=min,special=off",4-4,0.9,480,480,8192,0.05859375,True,research/results/verify_epsilon_floor/20260926T210310Z
"flag_index=next,minmod=strict_eq21,final_block=min,special=off,ties=high",2-2-2-2,0.5,3616,3436,8192,0.44140625,True,research/results/verify_epsilon_floor/20260926T210310Z
"flag_index=next,minmod=strict_eq21,final_block=min,special=off,ties=high",2-2-2-2,0.9,1638,1638,8192,0.199951171875,True,research/results/verify_epsilon_floor/20260926T210310Z
"flag_index=next,minmod=strict_eq21,final_block=min,special=off,ties=high",3-2-3,0.5,2560,2332,8192,0.3125,True,research/results/verify_epsilon_floor/20260926T210310Z
"flag_index=next,minmod=strict_eq21,final_block=min,special=off,ties=high",3-2-3,0.9,908,908,8192,0.11083984375,True,research/results/verify_epsilon_floor/20260926T210310Z
"flag_index=next,minmod=strict_eq21,final_block=min,special=off,ties=high",3-3-2,0.5,2838,2664,8192,0.346435546875,True,research/results/verify_epsilon_floor/20260926T210310Z
"flag_index=next,minmod=strict_eq21,final_block=min,special=off,ties=high",3-3-2,0.9,1404,1404,8192,0.17138671875,True,research/results/verify_epsilon_floor/20260926T210310Z
"flag_index=next,minmod=strict_eq21,final_block=min,special=off,ties=high",4-4,0.5,1800,1422,8192,0.2197265625,True,research/results/verify_epsilon_floor/20260926T210310Z
"flag_index=next,minmod=strict_eq21,final_block=min,special=off,ties=high",4-4,0.9,480,480,8192,0.05859375,True,research/results/verify_epsilon_floor/20260926T210310Z
"flag_index=next,minmod=strict_eq21,final_block=min,special=off,ties=low",2-2-2-2,0.5,3636,3456,8192,0.44384765625,True,research/results/verify_epsilon_floor/20260926T210310Z
"flag_index=next,minmod=strict_eq21,final_block=min,special=off,ties=low",2-2-2-2,0.9,1660,1660,8192,0.20263671875,True,research/results/verify_epsilon_floor/20260926T210310Z
"flag_index=next,minmod=strict_eq21,final_block=min,special=off,ties=low",3-2-3,0.5,2570,2342,8192,0.313720703125,True,research/results/verify_epsilon_floor/20260926T210310Z
"flag_index=next,minmod=strict_eq21,final_block=min,special=off,ties=low",3-2-3,0.9,918,918,8192,0.112060546875,True,research/results/verify_epsilon_floor/20260926T210310Z
"flag_index=next,minmod=strict_eq21,final_block=min,special=off,ties=low",3-3-2,0.5,2848,2674,8192,0.34765625,True,research/results/verify_epsilon_floor/20260926T210310Z
"flag_index=next,minmod=strict_eq21,final_block=min,special=off,ties=low",3-3-2,0.9,1414,1414,8192,0.172607421875,True,research/results/verify_epsilon_floor/20260926T210310Z
"flag_index=next,minmod=strict_eq21,final_block=min,special=off,ties=low",4-4,0.5,1802,1424,8192,0.219970703125,True,research/results/verify_epsilon_floor/20260926T210310Z
"flag_index=next,minmod=strict_eq21,final_block=min,special=off,ties=low",4-4,0.9,482,482,8192,0.058837890625,True,research/results/verify_epsilon_floor/20260926T210310Z
"flag_index=next,minmod=strict_eq21,final_block=min,ties=high",2-2-2-2,0.5,3192,3012,8192,0.3896484375,True,research/results/verify_epsilon_floor/20260926T210310Z
"flag_index=next,minmod=strict_eq21,final_block=min,ties=high",2-2-2-2,0.9,1482,1482,8192,0.180908203125,True,research/results/verify_epsilon_floor/20260926T210310Z
"flag_index=next,minmod=strict_eq21,final_block=min,ties=high",3-2-3,0.5,2208,1980,8192,0.26953125,True,research/results/verify_epsilon_floor/20260926T210310Z
"flag_index=next,minmod=strict_eq21,final_block=min,ties=high",3-2-3,0.9,700,700,8192,0.08544921875,True,research/results/verify_epsilon_floor/20260926T210310Z
"flag_index=next,minmod=strict_eq21,final_block=min,ties=high",3-3-2,0.5,2034,1860,8192,0.248291015625,True,research/results/verify_epsilon_floor/20260926T210310Z
"flag_index=next,minmod=strict_eq21,final_block=min,ties=high",3-3-2,0.9,1180,1180,8192,0.14404296875,True,research/results/verify_epsilon_floor/20260926T210310Z
"flag_index=next,minmod=strict_eq21,final_block=min,ties=high",4-4,0.5,1440,1062,8192,0.17578125,True,research/results/verify_epsilon_floor/20260926T210310Z
"flag_index=next,minmod=strict_eq21,final_block=min,ties=high",4-4,0.9,272,272,8192,0.033203125,True,research/results/verify_epsilon_floor/20260926T210310Z
"flag_index=next,minmod=strict_eq21,final_block=min,ties=low",2-2-2-2,0.5,3172,2992,8192,0.38720703125,True,research/results/verify_epsilon_floor/20260926T210310Z
"flag_index=next,minmod=strict_eq21,final_block=min,ties=low",2-2-2-2,0.9,1476,1476,8192,0.18017578125,True,research/results/verify_epsilon_floor/20260926T210310Z
"flag_index=next,minmod=strict_eq21,final_block=min,ties=low",3-2-3,0.5,2194,1966,8192,0.267822265625,True,research/results/verify_epsilon_floor/20260926T210310Z
"flag_index=next,minmod=strict_eq21,final_block=min,ties=low",3-2-3,0.9,698,698,8192,0.085205078125,True,research/results/verify_epsilon_floor/20260926T210310Z
"flag_index=next,minmod=strict_eq21,final_block=min,ties=low",3-3-2,0.5,2020,1846,8192,0.24658203125,True,research/results/verify_epsilon_floor/20260926T210310Z
"flag_index=next,minmod=strict_eq21,final_block=min,ties=low",3-3-2,0.9,1178,1178,8192,0.143798828125,True,research/results/verify_epsilon_floor/20260926T210310Z
"flag_index=next,minmod=strict_eq21,final_block=min,ties=low",4-4,0.5,1438,1060,8192,0.175537109375,True,research/results/verify_epsilon_floor/20260926T210310Z
"flag_index=next,minmod=strict_eq21,final_block=min,ties=low",4-4,0.9,270,270,8192,0.032958984375,True,research/results/verify_epsilon_floor/20260926T210310Z
"flag_index=next,minmod=strict_eq21,special=flagged_only",2-2-2-2,0.5,3324,3324,8192,0.40576171875,True,research/results/verify_epsilon_floor/20260926T210310Z
"flag_index=next,minmod=strict_eq21,special=flagged_only",2-2-2-2,0.9,1652,1652,8192,0.20166015625,True,research/results/verify_epsilon_floor/20260926T210310Z
"flag_index=next,minmod=strict_eq21,special=flagged_only",3-2-3,0.5,2265,2265,8192,0.2764892578125,True,research/results/verify_epsilon_floor/20260926T210310Z
"flag_index=next,minmod=strict_eq21,special=flagged_only",3-2-3,0.9,913,913,8192,0.1114501953125,True,research/results/verify_epsilon_floor/20260926T210310Z
"flag_index=next,minmod=strict_eq21,special=flagged_only",3-3-2,0.5,2501,2501,8192,0.3052978515625,True,research/results/verify_epsilon_floor/20260926T210310Z
"flag_index=next,minmod=strict_eq21,special=flagged_only",3-3-2,0.9,1409,1409,8192,0.1719970703125,True,research/results/verify_epsilon_floor/20260926T210310Z
"flag_index=next,minmod=strict_eq21,special=flagged_only",4-4,0.5,1374,1374,8192,0.167724609375,True,research/results/verify_epsilon_floor/20260926T210310Z
"flag_index=next,minmod=strict_eq21,special=flagged_only",4-4,0.9,480,480,8192,0.05859375,True,research/results/verify_epsilon_floor/20260926T210310Z
"flag_index=next,minmod=strict_eq21,special=flagged_only,ties=high",2-2-2-2,0.5,3310,3310,8192,0.404052734375,True,research/results/verify_epsilon_floor/20260926T210310Z
"flag_index=next,minmod=strict_eq21,special=flagged_only,ties=high",2-2-2-2,0.9,1638,1638,8192,0.199951171875,True,research/results/verify_epsilon_floor/20260926T210310Z
"flag_index=next,minmod=strict_eq21,special=flagged_only,ties=high",3-2-3,0.5,2260,2260,8192,0.27587890625,True,research/results/verify_epsilon_floor/20260926T210310Z
"flag_index=next,minmod=strict_eq21,special=flagged_only,ties=high",3-2-3,0.9,908,908,8192,0.11083984375,True,research/results/verify_epsilon_floor/20260926T210310Z
"flag_index=next,minmod=strict_eq21,special=flagged_only,ties=high",3-3-2,0.5,2496,2496,8192,0.3046875,True,research/results/verify_epsilon_floor/20260926T210310Z
"flag_index=next,minmod=strict_eq21,special=flagged_only,ties=high",3-3-2,0.9,1404,1404,8192,0.17138671875,True,research/results/verify_epsilon_floor/20260926T210310Z
"flag_index=next,minmod=strict_eq21,special=flagged_only,ties=high",4-4,0.5,1374,1374,8192,0.167724609375,True,research/results/verify_epsilon_floor/20260926T210310Z
"flag_index=next,minmod=strict_eq21,special=flagged_only,ties=high",4-4,0.9,480,480,8192,0.05859375,True,research/results/verify_epsilon_floor/20260926T210310Z
"flag_index=next,minmod=strict_eq21,special=flagged_only,ties=low",2-2-2-2,0.5,3330,3330,8192,0.406494140625,True,research/results/verify_epsilon_floor/20260926T210310Z
"flag_index=next,minmod=strict_eq21,special=flagged_only,ties=low",2-2-2-2,0.9,1660,1660,8192,0.20263671875,True,research/results/verify_epsilon_floor/20260926T210310Z
"flag_index=next,minmod=strict_eq21,special=flagged_only,ties=low",3-2-3,0.5,2270,2270,8192,0.277099609375,True,research/results/verify_epsilon_floor/20260926T210310Z
"flag_index=next,minmod=strict_eq21,special=flagged_only,ties=low",3-2-3,0.9,918,918,8192,0.112060546875,True,research/results/verify_epsilon_floor/20260926T210310Z
"flag_index=next,minmod=strict_eq21,special=flagged_only,ties=low",3-3-2,0.5,2506,2506,8192,0.305908203125,True,research/results/verify_epsilon_floor/20260926T210310Z
"flag_index=next,minmod=strict_eq21,special=flagged_only,ties=low",3-3-2,0.9,1414,1414,8192,0.172607421875,True,research/results/verify_epsilon_floor/20260926T210310Z
"flag_index=next,minmod=strict_eq21,special=flagged_only,ties=low",4-4,0.5,1376,1376,8192,0.16796875,True,research/results/verify_epsilon_floor/20260926T210310Z
"flag_index=next,minmod=strict_eq21,special=flagged_only,ties=low",4-4,0.9,482,482,8192,0.058837890625,True,research/results/verify_epsilon_floor/20260926T210310Z
"flag_index=next,minmod=strict_eq21,special=off",2-2-2-2,0.5,3324,3324,8192,0.40576171875,True,research/results/verify_epsilon_floor/20260926T210310Z
"flag_index=next,minmod=strict_eq21,special=off",2-2-2-2,0.9,1652,1652,8192,0.20166015625,True,research/results/verify_epsilon_floor/20260926T210310Z
"flag_index=next,minmod=strict_eq21,special=off",3-2-3,0.5,2265,2265,8192,0.2764892578125,True,research/results/verify_epsilon_floor/20260926T210310Z
"flag_index=next,minmod=strict_eq21,special=off",3-2-3,0.9,913,913,8192,0.1114501953125,True,research/results/verify_epsilon_floor/20260926T210310Z
"flag_index=next,minmod=strict_eq21,special=off",3-3-2,0.5,2501,2501,8192,0.3052978515625,True,research/results/verify_epsilon_floor/20260926T210310Z
"flag_index=next,minmod=strict_eq21,special=off",3-3-2,0.9,1409,1409,8192,0.1719970703125,True,research/results/verify_epsilon_floor/20260926T210310Z
"flag_index=next,minmod=strict_eq21,special=off",4-4,0.5,1374,1374,8192,0.167724609375,True,research/results/verify_epsilon_floor/20260926T210310Z
"flag_index=next,minmod=strict_eq21,special=off",4-4,0.9,480,480,8192,0.05859375,True,research/results/verify_epsilon_floor/20260926T210310Z
"flag_index=next,minmod=strict_eq21,special=off,ties=high",2-2-2-2,0.5,3310,3310,8192,0.404052734375,True,research/results/verify_epsilon_floor/20260926T210310Z
"flag_index=next,minmod=strict_eq21,special=off,ties=high",2-2-2-2,0.9,1638,1638,8192,0.199951171875,True,research/results/verify_epsilon_floor/20260926T210310Z
"flag_index=next,minmod=strict_eq21,special=off,ties=high",3-2-3,0.5,2260,2260,8192,0.27587890625,True,research/results/verify_epsilon_floor/20260926T210310Z
"flag_index=next,minmod=strict_eq21,special=off,ties=high",3-2-3,0.9,908,908,8192,0.11083984375,True,research/results/verify_epsilon_floor/20260926T210310Z
"flag_index=next,minmod=strict_eq21,special=off,ties=high",3-3-2,0.5,2496,2496,8192,0.3046875,True,research/results/verify_epsilon_floor/20260926T210310Z
"flag_index=next,minmod=strict_eq21,special=off,ties=high",3-3-2,0.9,1404,1404,8192,0.17138671875,True,research/results/verify_epsilon_floor/20260926T210310Z
"flag_index=next,minmod=strict_eq21,special=off,ties=high",4-4,0.5,1374,1374,8192,0.167724609375,True,research/results/verify_epsilon_floor/20260926T210310Z
"flag_index=next,minmod=strict_eq21,special=off,ties=high",4-4,0.9,480,480,8192,0.05859375,True,research/results/verify_epsilon_floor/20260926T210310Z
"flag_index=next,minmod=strict_eq21,special=off,ties=low",2-2-2-2,0.5,3330,3330,8192,0.406494140625,True,research/results/verify_epsilon_floor/20260926T210310Z
"flag_index=next,minmod=strict_eq21,special=off,ties=low",2-2-2-2,0.9,1660,1660,8192,0.20263671875,True,research/results/verify_epsilon_floor/20260926T210310Z
"flag_index=next,minmod=strict_eq21,special=off,ties=low",3-2-3,0.5,2270,2270,8192,0.277099609375,True,research/results/verify_epsilon_floor/20260926T210310Z
"flag_index=next,minmod=strict_eq21,special=off,ties=low",3-2-3,0.9,918,918,8192,0.112060546875,True,research/results/verify_epsilon_floor/20260926T210310Z
"flag_index=next,minmod=strict_eq21,special=off,ties=low",3-3-2,0.5,2506,2506,8192,0.305908203125,True,research/results/verify_epsilon_floor/20260926T210310Z
"flag_index=next,minmod=strict_eq21,special=off,ties=low",3-3-2,0.9,1414,1414,8192,0.172607421875,True,research/results/verify_epsilon_floor/20260926T210310Z
"flag_index=next,minmod=strict_eq21,special=off,ties=low",4-4,0.5,1376,1376,8192,0.16796875,True,research/results/verify_epsilon_floor/20260926T210310Z
"flag_index=next,minmod=strict_eq21,special=off,ties=low",4-4,0.9,482,482,8192,0.058837890625,True,research/results/verify_epsilon_floor/20260926T210310Z
"flag_index=next,minmod=strict_eq21,ties=high",2-2-2-2,0.5,2850,2850,8192,0.347900390625,True,research/results/verify_epsilon_floor/20260926T210310Z
"flag_index=next,minmod=strict_eq21,ties=high",2-2-2-2,0.9,1482,1482,8192,0.180908203125,True,research/results/verify_epsilon_floor/20260926T210310Z
"flag_index=next,minmod=strict_eq21,ties=high",3-2-3,0.5,1884,1884,8192,0.22998046875,True,research/results/verify_epsilon_floor/20260926T210310Z
"flag_index=next,minmod=strict_eq21,ties=high",3-2-3,0.9,700,700,8192,0.08544921875,True,research/results/verify_epsilon_floor/20260926T210310Z
"flag_index=next,minmod=strict_eq21,ties=high",3-3-2,0.5,1668,1668,8192,0.20361328125,True,research/results/verify_epsilon_floor/20260926T210310Z
"flag_index=next,minmod=strict_eq21,ties=high",3-3-2,0.9,1180,1180,8192,0.14404296875,True,research/results/verify_epsilon_floor/20260926T210310Z
"flag_index=next,minmod=strict_eq21,ties=high",4-4,0.5,1014,1014,8192,0.123779296875,True,research/results/verify_epsilon_floor/20260926T210310Z
"flag_index=next,minmod=strict_eq21,ties=high",4-4,0.9,272,272,8192,0.033203125,True,research/results/verify_epsilon_floor/20260926T210310Z
"flag_index=next,minmod=strict_eq21,ties=low",2-2-2-2,0.5,2830,2830,8192,0.345458984375,True,research/results/verify_epsilon_floor/20260926T210310Z
"flag_index=next,minmod=strict_eq21,ties=low",2-2-2-2,0.9,1476,1476,8192,0.18017578125,True,research/results/verify_epsilon_floor/20260926T210310Z
"flag_index=next,minmod=strict_eq21,ties=low",3-2-3,0.5,1870,1870,8192,0.228271484375,True,research/results/verify_epsilon_floor/20260926T210310Z
"flag_index=next,minmod=strict_eq21,ties=low",3-2-3,0.9,698,698,8192,0.085205078125,True,research/results/verify_epsilon_floor/20260926T210310Z
"flag_index=next,minmod=strict_eq21,ties=low",3-3-2,0.5,1654,1654,8192,0.201904296875,True,research/results/verify_epsilon_floor/20260926T210310Z
"flag_index=next,minmod=strict_eq21,ties=low",3-3-2,0.9,1178,1178,8192,0.143798828125,True,research/results/verify_epsilon_floor/20260926T210310Z
"flag_index=next,minmod=strict_eq21,ties=low",4-4,0.5,1012,1012,8192,0.12353515625,True,research/results/verify_epsilon_floor/20260926T210310Z
"flag_index=next,minmod=strict_eq21,ties=low",4-4,0.9,270,270,8192,0.032958984375,True,research/results/verify_epsilon_floor/20260926T210310Z
"flag_index=next,special=flagged_only",2-2-2-2,0.5,3960,3960,8192,0.4833984375,True,research/results/verify_epsilon_floor/20260926T210310Z
"flag_index=next,special=flagged_only",2-2-2-2,0.9,1760,1760,8192,0.21484375,True,research/results/verify_epsilon_floor/20260926T210310Z
"flag_index=next,special=flagged_only",3-2-3,0.5,2536,2536,8192,0.3095703125,True,research/results/verify_epsilon_floor/20260926T210310Z
"flag_index=next,special=flagged_only",3-2-3,0.9,968,968,8192,0.1181640625,True,research/results/verify_epsilon_floor/20260926T210310Z
"flag_index=next,special=flagged_only",3-3-2,0.5,2712,2712,8192,0.3310546875,True,research/results/verify_epsilon_floor/20260926T210310Z
"flag_index=next,special=flagged_only",3-3-2,0.9,1448,1448,8192,0.1767578125,True,research/results/verify_epsilon_floor/20260926T210310Z
"flag_index=next,special=flagged_only",4-4,0.5,1440,1440,8192,0.17578125,True,research/results/verify_epsilon_floor/20260926T210310Z
"flag_index=next,special=flagged_only",4-4,0.9,496,496,8192,0.060546875,True,research/results/verify_epsilon_floor/20260926T210310Z
"flag_index=next,special=flagged_only,ties=high",2-2-2-2,0.5,3960,3960,8192,0.4833984375,True,research/results/verify_epsilon_floor/20260926T210310Z
"flag_index=next,special=flagged_only,ties=high",2-2-2-2,0.9,1760,1760,8192,0.21484375,True,research/results/verify_epsilon_floor/20260926T210310Z
"flag_index=next,special=flagged_only,ties=high",3-2-3,0.5,2536,2536,8192,0.3095703125,True,research/results/verify_epsilon_floor/20260926T210310Z
"flag_index=next,special=flagged_only,ties=high",3-2-3,0.9,968,968,8192,0.1181640625,True,research/results/verify_epsilon_floor/20260926T210310Z
"flag_index=next,special=flagged_only,ties=high",3-3-2,0.5,2712,2712,8192,0.3310546875,True,research/results/verify_epsilon_floor/20260926T210310Z
"flag_index=next,special=flagged_only,ties=high",3-3-2,0.9,1448,1448,8192,0.1767578125,True,research/results/verify_epsilon_floor/20260926T210310Z
"flag_index=next,special=flagged_only,ties=high",4-4,0.5,1440,1440,8192,0.17578125,True,research/results/verify_epsilon_floor/20260926T210310Z
"flag_index=next,special=flagged_only,ties=high",4-4,0.9,496,496,8192,0.060546875,True,research/results/verify_epsilon_floor/20260926T210310Z
"flag_index=next,special=flagged_only,ties=low",2-2-2-2,0.5,3960,3960,8192,0.4833984375,True,research/results/verify_epsilon_floor/20260926T210310Z
"flag_index=next,special=flagged_only,ties=low",2-2-2-2,0.9,1760,1760,8192,0.21484375,True,research/results/verify_epsilon_floor/20260926T210310Z
"flag_index=next,special=flagged_only,ties=low",3-2-3,0.5,2536,2536,8192,0.3095703125,True,research/results/verify_epsilon_floor/20260926T210310Z
"flag_index=next,special=flagged_only,ties=low",3-2-3,0.9,968,968,8192,0.1181640625,True,research/results/verify_epsilon_floor/20260926T210310Z
"flag_index=next,special=flagged_only,ties=low",3-3-2,0.5,2712,2712,8192,0.3310546875,True,research/results/verify_epsilon_floor/20260926T210310Z
"flag_index=next,special=flagged_only,ties=low",3-3-2,0.9,1448,1448,8192,0.1767578125,True,research/results/verify_epsilon_floor/20260926T210310Z
"flag_index=next,special=flagged_only,ties=low",4-4,0.5,1440,1440,8192,0.17578125,True,research/results/verify_epsilon_floor/20260926T210310Z
"flag_index=next,special=flagged_only,ties=low",4-4,0.9,496,496,8192,0.060546875,True,research/results/verify_epsilon_floor/20260926T210310Z
"flag_index=next,special=off",2-2-2-2,0.5,3960,3960,8192,0.4833984375,True,research/results/verify_epsilon_floor/20260926T210310Z
"flag_index=next,special=off",2-2-2-2,0.9,1760,1760,8192,0.21484375,True,research/results/verify_epsilon_floor/20260926T210310Z
"flag_index=next,special=off",3-2-3,0.5,2536,2536,8192,0.3095703125,True,research/results/verify_epsilon_floor/20260926T210310Z
"flag_index=next,special=off",3-2-3,0.9,968,968,8192,0.1181640625,True,research/results/verify_epsilon_floor/20260926T210310Z
"flag_index=next,special=off",3-3-2,0.5,2712,2712,8192,0.3310546875,True,research/results/verify_epsilon_floor/20260926T210310Z
"flag_index=next,special=off",3-3-2,0.9,1448,1448,8192,0.1767578125,True,research/results/verify_epsilon_floor/20260926T210310Z
"flag_index=next,special=off",4-4,0.5,1440,1440,8192,0.17578125,True,research/results/verify_epsilon_floor/20260926T210310Z
"flag_index=next,special=off",4-4,0.9,496,496,8192,0.060546875,True,research/results/verify_epsilon_floor/20260926T210310Z
"flag_index=next,special=off,ties=high",2-2-2-2,0.5,3960,3960,8192,0.4833984375,True,research/results/verify_epsilon_floor/20260926T210310Z
"flag_index=next,special=off,ties=high",2-2-2-2,0.9,1760,1760,8192,0.21484375,True,research/results/verify_epsilon_floor/20260926T210310Z
"flag_index=next,special=off,ties=high",3-2-3,0.5,2536,2536,8192,0.3095703125,True,research/results/verify_epsilon_floor/20260926T210310Z
"flag_index=next,special=off,ties=high",3-2-3,0.9,968,968,8192,0.1181640625,True,research/results/verify_epsilon_floor/20260926T210310Z
"flag_index=next,special=off,ties=high",3-3-2,0.5,2712,2712,8192,0.3310546875,True,research/results/verify_epsilon_floor/20260926T210310Z
"flag_index=next,special=off,ties=high",3-3-2,0.9,1448,1448,8192,0.1767578125,True,research/results/verify_epsilon_floor/20260926T210310Z
"flag_index=next,special=off,ties=high",4-4,0.5,1440,1440,8192,0.17578125,True,research/results/verify_epsilon_floor/20260926T210310Z
"flag_index=next,special=off,ties=high",4-4,0.9,496,496,8192,0.060546875,True,research/results/verify_epsilon_floor/20260926T210310Z
"flag_index=next,special=off,ties=low",2-2-2-2,0.5,3960,3960,8192,0.4833984375,True,research/results/verify_epsilon_floor/20260926T210310Z
"flag_index=next,special=off,ties=low",2-2-2-2,0.9,1760,1760,8192,0.21484375,True,research/results/verify_epsilon_floor/20260926T210310Z
"flag_index=next,special=off,ties=low",3-2-3,0.5,2536,2536,8192,0.3095703125,True,research/results/verify_epsilon_floor/20260926T210310Z
"flag_index=next,special=off,ties=low",3-2-3,0.9,968,968,8192,0.1181640625,True,research/results/verify_epsilon_floor/20260926T210310Z
"flag_index=next,special=off,ties=low",3-3-2,0.5,2712,2712,8192,0.3310546875,True,research/results/verify_epsilon_floor/20260926T210310Z
"flag_index=next,special=off,ties=low",3-3-2,0.9,1448,1448,8192,0.1767578125,True,research/results/verify_epsilon_floor/20260926T210310Z
"flag_index=next,special=off,ties=low",4-4,0.5,1440,1440,8192,0.17578125,True,research/results/verify_epsilon_floor/20260926T210310Z
"flag_index=next,special=off,ties=low",4-4,0.9,496,496,8192,0.060546875,True,research/results/verify_epsilon_floor/20260926T210310Z
"flag_index=next,ties=high",2-2-2-2,0.5,3028,3028,8192,0.36962890625,True,research/results/verify_epsilon_floor/20260926T210310Z
"flag_index=next,ties=high",2-2-2-2,0.9,1412,1412,8192,0.17236328125,True,research/results/verify_epsilon_floor/20260926T210310Z
"flag_index=next,ties=high",3-2-3,0.5,1872,1872,8192,0.228515625,True,research/results/verify_epsilon_floor/20260926T210310Z
"flag_index=next,ties=high",3-2-3,0.9,640,640,8192,0.078125,True,research/results/verify_epsilon_floor/20260926T210310Z
"flag_index=next,ties=high",3-3-2,0.5,1584,1584,8192,0.193359375,True,research/results/verify_epsilon_floor/20260926T210310Z
"flag_index=next,ties=high",3-3-2,0.9,1136,1136,8192,0.138671875,True,research/results/verify_epsilon_floor/20260926T210310Z
"flag_index=next,ties=high",4-4,0.5,1024,1024,8192,0.125,True,research/results/verify_epsilon_floor/20260926T210310Z
"flag_index=next,ties=high",4-4,0.9,256,256,8192,0.03125,True,research/results/verify_epsilon_floor/20260926T210310Z
"flag_index=next,ties=low",2-2-2-2,0.5,3016,3016,8192,0.3681640625,True,research/results/verify_epsilon_floor/20260926T210310Z
"flag_index=next,ties=low",2-2-2-2,0.9,1424,1424,8192,0.173828125,True,research/results/verify_epsilon_floor/20260926T210310Z
"flag_index=next,ties=low",3-2-3,0.5,1864,1864,8192,0.2275390625,True,research/results/verify_epsilon_floor/20260926T210310Z
"flag_index=next,ties=low",3-2-3,0.9,648,648,8192,0.0791015625,True,research/results/verify_epsilon_floor/20260926T210310Z
"flag_index=next,ties=low",3-3-2,0.5,1576,1576,8192,0.1923828125,True,research/results/verify_epsilon_floor/20260926T210310Z
"flag_index=next,ties=low",3-3-2,0.9,1144,1144,8192,0.1396484375,True,research/results/verify_epsilon_floor/20260926T210310Z
"flag_index=next,ties=low",4-4,0.5,1024,1024,8192,0.125,True,research/results/verify_epsilon_floor/20260926T210310Z
"flag_index=next,ties=low",4-4,0.9,256,256,8192,0.03125,True,research/results/verify_epsilon_floor/20260926T210310Z
minmod=circular_lower,2-2-2-2,0.5,291,291,8192,0.0355224609375,True,research/results/verify_epsilon_floor/20260926T210310Z
minmod=circular_lower,2-2-2-2,0.9,1066,1066,8192,0.130126953125,True,research/results/verify_epsilon_floor/20260926T210310Z
minmod=circular_lower,3-2-3,0.5,0,0,8192,0.0,True,research/results/verify_epsilon_floor/20260926T210310Z
minmod=circular_lower,3-2-3,0.9,420,420,8192,0.05126953125,True,research/results/verify_epsilon_floor/20260926T210310Z
minmod=circular_lower,3-3-2,0.5,297,297,8192,0.0362548828125,True,research/results/verify_epsilon_floor/20260926T210310Z
minmod=circular_lower,3-3-2,0.9,959,959,8192,0.1170654296875,True,research/results/verify_epsilon_floor/20260926T210310Z
minmod=circular_lower,4-4,0.5,0,0,8192,0.0,True,research/results/verify_epsilon_floor/20260926T210310Z
minmod=circular_lower,4-4,0.9,136,136,8192,0.0166015625,True,research/results/verify_epsilon_floor/20260926T210310Z
"minmod=circular_lower,borrow_source=raw",2-2-2-2,0.5,1543,1543,8192,0.1883544921875,False,research/results/verify_epsilon_floor/20260926T210310Z
"minmod=circular_lower,borrow_source=raw",2-2-2-2,0.9,3407,3407,8192,0.4158935546875,False,research/results/verify_epsilon_floor/20260926T210310Z
"minmod=circular_lower,borrow_source=raw",3-2-3,0.5,840,840,8192,0.1025390625,False,research/results/verify_epsilon_floor/20260926T210310Z
"minmod=circular_lower,borrow_source=raw",3-2-3,0.9,1963,1963,8192,0.2396240234375,False,research/results/verify_epsilon_floor/20260926T210310Z
"minmod=circular_lower,borrow_source=raw",3-3-2,0.5,555,555,8192,0.0677490234375,False,research/results/verify_epsilon_floor/20260926T210310Z
"minmod=circular_lower,borrow_source=raw",3-3-2,0.9,1476,1476,8192,0.18017578125,False,research/results/verify_epsilon_floor/20260926T210310Z
"minmod=circular_lower,borrow_source=raw",4-4,0.5,0,0,8192,0.0,False,research/results/verify_epsilon_floor/20260926T210310Z
"minmod=circular_lower,borrow_source=raw",4-4,0.9,136,136,8192,0.0166015625,False,research/results/verify_epsilon_floor/20260926T210310Z
"minmod=circular_lower,borrow_source=raw,final_block=min",2-2-2-2,0.5,2188,1720,8192,0.26708984375,False,research/results/verify_epsilon_floor/20260926T210310Z
"minmod=circular_lower,borrow_source=raw,final_block=min",2-2-2-2,0.9,3424,3424,8192,0.41796875,False,research/results/verify_epsilon_floor/20260926T210310Z
"minmod=circular_lower,borrow_source=raw,final_block=min",3-2-3,0.5,1560,864,8192,0.1904296875,False,research/results/verify_epsilon_floor/20260926T210310Z
"minmod=circular_lower,borrow_source=raw,final_block=min",3-2-3,0.9,1976,1976,8192,0.2412109375,False,research/results/verify_epsilon_floor/20260926T210310Z
"minmod=circular_lower,borrow_source=raw,final_block=min",3-3-2,0.5,1320,768,8192,0.1611328125,False,research/results/verify_epsilon_floor/20260926T210310Z
"minmod=circular_lower,borrow_source=raw,final_block=min",3-3-2,0.9,1496,1496,8192,0.1826171875,False,research/results/verify_epsilon_floor/20260926T210310Z
"minmod=circular_lower,borrow_source=raw,final_block=min",4-4,0.5,768,0,8192,0.09375,False,research/results/verify_epsilon_floor/20260926T210310Z
"minmod=circular_lower,borrow_source=raw,final_block=min",4-4,0.9,144,144,8192,0.017578125,False,research/results/verify_epsilon_floor/20260926T210310Z
"minmod=circular_lower,borrow_source=raw,final_block=min,special=flagged_only",2-2-2-2,0.5,2184,1716,8192,0.2666015625,False,research/results/verify_epsilon_floor/20260926T210310Z
"minmod=circular_lower,borrow_source=raw,final_block=min,special=flagged_only",2-2-2-2,0.9,3832,3832,8192,0.4677734375,False,research/results/verify_epsilon_floor/20260926T210310Z
"minmod=circular_lower,borrow_source=raw,final_block=min,special=flagged_only",3-2-3,0.5,1560,864,8192,0.1904296875,False,research/results/verify_epsilon_floor/20260926T210310Z
"minmod=circular_lower,borrow_source=raw,final_block=min,special=flagged_only",3-2-3,0.9,2160,2160,8192,0.263671875,False,research/results/verify_epsilon_floor/20260926T210310Z
"minmod=circular_lower,borrow_source=raw,final_block=min,special=flagged_only",3-3-2,0.5,1336,784,8192,0.1630859375,False,research/results/verify_epsilon_floor/20260926T210310Z
"minmod=circular_lower,borrow_source=raw,final_block=min,special=flagged_only",3-3-2,0.9,1712,1712,8192,0.208984375,False,research/results/verify_epsilon_floor/20260926T210310Z
"minmod=circular_lower,borrow_source=raw,final_block=min,special=flagged_only",4-4,0.5,768,0,8192,0.09375,False,research/results/verify_epsilon_floor/20260926T210310Z
"minmod=circular_lower,borrow_source=raw,final_block=min,special=flagged_only",4-4,0.9,160,160,8192,0.01953125,False,research/results/verify_epsilon_floor/20260926T210310Z
"minmod=circular_lower,borrow_source=raw,final_block=min,special=flagged_only,ties=high",2-2-2-2,0.5,2184,1716,8192,0.2666015625,False,research/results/verify_epsilon_floor/20260926T210310Z
"minmod=circular_lower,borrow_source=raw,final_block=min,special=flagged_only,ties=high",2-2-2-2,0.9,3832,3832,8192,0.4677734375,False,research/results/verify_epsilon_floor/20260926T210310Z
"minmod=circular_lower,borrow_source=raw,final_block=min,special=flagged_only,ties=high",3-2-3,0.5,1560,864,8192,0.1904296875,False,research/results/verify_epsilon_floor/20260926T210310Z
"minmod=circular_lower,borrow_source=raw,final_block=min,special=flagged_only,ties=high",3-2-3,0.9,2160,2160,8192,0.263671875,False,research/results/verify_epsilon_floor/20260926T210310Z
"minmod=circular_lower,borrow_source=raw,final_block=min,special=flagged_only,ties=high",3-3-2,0.5,1336,784,8192,0.1630859375,False,research/results/verify_epsilon_floor/20260926T210310Z
"minmod=circular_lower,borrow_source=raw,final_block=min,special=flagged_only,ties=high",3-3-2,0.9,1712,1712,8192,0.208984375,False,research/results/verify_epsilon_floor/20260926T210310Z
"minmod=circular_lower,borrow_source=raw,final_block=min,special=flagged_only,ties=high",4-4,0.5,768,0,8192,0.09375,False,research/results/verify_epsilon_floor/20260926T210310Z
"minmod=circular_lower,borrow_source=raw,final_block=min,special=flagged_only,ties=high",4-4,0.9,160,160,8192,0.01953125,False,research/results/verify_epsilon_floor/20260926T210310Z
"minmod=circular_lower,borrow_source=raw,final_block=min,special=flagged_only,ties=low",2-2-2-2,0.5,2184,1716,8192,0.2666015625,False,research/results/verify_epsilon_floor/20260926T210310Z
"minmod=circular_lower,borrow_source=raw,final_block=min,special=flagged_only,ties=low",2-2-2-2,0.9,3832,3832,8192,0.4677734375,False,research/results/verify_epsilon_floor/20260926T210310Z
"minmod=circular_lower,borrow_source=raw,final_block=min,special=flagged_only,ties=low",3-2-3,0.5,1560,864,8192,0.1904296875,False,research/results/verify_epsilon_floor/20260926T210310Z
"minmod=circular_lower,borrow_source=raw,final_block=min,special=flagged_only,ties=low",3-2-3,0.9,2160,2160,8192,0.263671875,False,research/results/verify_epsilon_floor/20260926T210310Z
"minmod=circular_lower,borrow_source=raw,final_block=min,special=flagged_only,ties=low",3-3-2,0.5,1336,784,8192,0.1630859375,False,research/results/verify_epsilon_floor/20260926T210310Z
"minmod=circular_lower,borrow_source=raw,final_block=min,special=flagged_only,ties=low",3-3-2,0.9,1712,1712,8192,0.208984375,False,research/results/verify_epsilon_floor/20260926T210310Z
"minmod=circular_lower,borrow_source=raw,final_block=min,special=flagged_only,ties=low",4-4,0.5,768,0,8192,0.09375,False,research/results/verify_epsilon_floor/20260926T210310Z
"minmod=circular_lower,borrow_source=raw,final_block=min,special=flagged_only,ties=low",4-4,0.9,160,160,8192,0.01953125,False,research/results/verify_epsilon_floor/20260926T210310Z
"minmod=circular_lower,borrow_source=raw,final_block=min,special=off",2-2-2-2,0.5,2100,1516,8192,0.25634765625,False,research/results/verify_epsilon_floor/20260926T210310Z
"minmod=circular_lower,borrow_source=raw,final_block=min,special=off",2-2-2-2,0.9,3808,3808,8192,0.46484375,False,research/results/verify_epsilon_floor/20260926T210310Z
"minmod=circular_lower,borrow_source=raw,final_block=min,special=off",3-2-3,0.5,1560,864,8192,0.1904296875,False,research/results/verify_epsilon_floor/20260926T210310Z
"minmod=circular_lower,borrow_source=raw,final_block=min,special=off",3-2-3,0.9,2144,2144,8192,0.26171875,False,research/results/verify_epsilon_floor/20260926T210310Z
"minmod=circular_lower,borrow_source=raw,final_block=min,special=off",3-3-2,0.5,1168,448,8192,0.142578125,False,research/results/verify_epsilon_floor/20260926T210310Z
"minmod=circular_lower,borrow_source=raw,final_block=min,special=off",3-3-2,0.9,1664,1664,8192,0.203125,False,research/results/verify_epsilon_floor/20260926T210310Z
"minmod=circular_lower,borrow_source=raw,final_block=min,special=off",4-4,0.5,768,0,8192,0.09375,False,research/results/verify_epsilon_floor/20260926T210310Z
"minmod=circular_lower,borrow_source=raw,final_block=min,special=off",4-4,0.9,144,144,8192,0.017578125,False,research/results/verify_epsilon_floor/20260926T210310Z
"minmod=circular_lower,borrow_source=raw,final_block=min,special=off,ties=high",2-2-2-2,0.5,2100,1516,8192,0.25634765625,False,research/results/verify_epsilon_floor/20260926T210310Z
"minmod=circular_lower,borrow_source=raw,final_block=min,special=off,ties=high",2-2-2-2,0.9,3808,3808,8192,0.46484375,False,research/results/verify_epsilon_floor/20260926T210310Z
"minmod=circular_lower,borrow_source=raw,final_block=min,special=off,ties=high",3-2-3,0.5,1560,864,8192,0.1904296875,False,research/results/verify_epsilon_floor/20260926T210310Z
"minmod=circular_lower,borrow_source=raw,final_block=min,special=off,ties=high",3-2-3,0.9,2144,2144,8192,0.26171875,False,research/results/verify_epsilon_floor/20260926T210310Z
"minmod=circular_lower,borrow_source=raw,final_block=min,special=off,ties=high",3-3-2,0.5,1168,448,8192,0.142578125,False,research/results/verify_epsilon_floor/20260926T210310Z
"minmod=circular_lower,borrow_source=raw,final_block=min,special=off,ties=high",3-3-2,0.9,1664,1664,8192,0.203125,False,research/results/verify_epsilon_floor/20260926T210310Z
"minmod=circular_lower,borrow_source=raw,final_block=min,special=off,ties=high",4-4,0.5,768,0,8192,0.09375,False,research/results/verify_epsilon_floor/20260926T210310Z
"minmod=circular_lower,borrow_source=raw,final_block=min,special=off,ties=high",4-4,0.9,144,144,8192,0.017578125,False,research/results/verify_epsilon_floor/20260926T210310Z
"minmod=circular_lower,borrow_source=raw,final_block=min,special=off,ties=low",2-2-2-2,0.5,2100,1516,8192,0.25634765625,False,research/results/verify_epsilon_floor/20260926T210310Z
"minmod=circular_lower,borrow_source=raw,final_block=min,special=off,ties=low",2-2-2-2,0.9,3808,3808,8192,0.46484375,False,research/results/verify_epsilon_floor/20260926T210310Z
"minmod=circular_lower,borrow_source=raw,final_block=min,special=off,ties=low",3-2-3,0.5,1560,864,8192,0.1904296875,False,research/results/verify_epsilon_floor/20260926T210310Z
"minmod=circular_lower,borrow_source=raw,final_block=min,special=off,ties=low",3-2-3,0.9,2144,2144,8192,0.26171875,False,research/results/verify_epsilon_floor/20260926T210310Z
"minmod=circular_lower,borrow_source=raw,final_block=min,special=off,ties=low",3-3-2,0.5,1168,448,8192,0.142578125,False,research/results/verify_epsilon_floor/20260926T210310Z
"minmod=circular_lower,borrow_source=raw,final_block=min,special=off,ties=low",3-3-2,0.9,1664,1664,8192,0.203125,False,research/results/verify_epsilon_floor/20260926T210310Z
"minmod=circular_lower,borrow_source=raw,final_block=min,special=off,ties=low",4-4,0.5,768,0,8192,0.09375,False,research/results/verify_epsilon_floor/20260926T210310Z
"minmod=circular_lower,borrow_source=raw,final_block=min,special=off,ties=low",4-4,0.9,144,144,8192,0.017578125,False,research/results/verify_epsilon_floor/20260926T210310Z
"minmod=circular_lower,borrow_source=raw,final_block=min,ties=high",2-2-2-2,0.5,2188,1720,8192,0.26708984375,False,research/results/verify_epsilon_floor/20260926T210310Z
"minmod=circular_lower,borrow_source=raw,final_block=min,ties=high",2-2-2-2,0.9,3424,3424,8192,0.41796875,False,research/results/verify_epsilon_floor/20260926T210310Z
"minmod=circular_lower,borrow_source=raw,final_block=min,ties=high",3-2-3,0.5,1560,864,8192,0.1904296875,False,research/results/verify_epsilon_floor/20260926T210310Z
"minmod=circular_lower,borrow_source=raw,final_block=min,ties=high",3-2-3,0.9,1976,1976,8192,0.2412109375,False,research/results/verify_epsilon_floor/20260926T210310Z
"minmod=circular_lower,borrow_source=raw,final_block=min,ties=high",3-3-2,0.5,1320,768,8192,0.1611328125,False,research/results/verify_epsilon_floor/20260926T210310Z
"minmod=circular_lower,borrow_source=raw,final_block=min,ties=high",3-3-2,0.9,1496,1496,8192,0.1826171875,False,research/results/verify_epsilon_floor/20260926T210310Z
"minmod=circular_lower,borrow_source=raw,final_block=min,ties=high",4-4,0.5,768,0,8192,0.09375,False,research/results/verify_epsilon_floor/20260926T210310Z
"minmod=circular_lower,borrow_source=raw,final_block=min,ties=high",4-4,0.9,144,144,8192,0.017578125,False,research/results/verify_epsilon_floor/20260926T210310Z
"minmod=circular_lower,borrow_source=raw,final_block=min,ties=low",2-2-2-2,0.5,2188,1720,8192,0.26708984375,False,research/results/verify_epsilon_floor/20260926T210310Z
"minmod=circular_lower,borrow_source=raw,final_block=min,ties=low",2-2-2-2,0.9,3424,3424,8192,0.41796875,False,research/results/verify_epsilon_floor/20260926T210310Z
"minmod=circular_lower,borrow_source=raw,final_block=min,ties=low",3-2-3,0.5,1560,864,8192,0.1904296875,False,research/results/verify_epsilon_floor/20260926T210310Z
"minmod=circular_lower,borrow_source=raw,final_block=min,ties=low",3-2-3,0.9,1976,1976,8192,0.2412109375,False,research/results/verify_epsilon_floor/20260926T210310Z
"minmod=circular_lower,borrow_source=raw,final_block=min,ties=low",3-3-2,0.5,1320,768,8192,0.1611328125,False,research/results/verify_epsilon_floor/20260926T210310Z
"minmod=circular_lower,borrow_source=raw,final_block=min,ties=low",3-3-2,0.9,1496,1496,8192,0.1826171875,False,research/results/verify_epsilon_floor/20260926T210310Z
"minmod=circular_lower,borrow_source=raw,final_block=min,ties=low",4-4,0.5,768,0,8192,0.09375,False,research/results/verify_epsilon_floor/20260926T210310Z
"minmod=circular_lower,borrow_source=raw,final_block=min,ties=low",4-4,0.9,144,144,8192,0.017578125,False,research/results/verify_epsilon_floor/20260926T210310Z
"minmod=circular_lower,borrow_source=raw,special=flagged_only",2-2-2-2,0.5,1539,1539,8192,0.1878662109375,False,research/results/verify_epsilon_floor/20260926T210310Z
"minmod=circular_lower,borrow_source=raw,special=flagged_only",2-2-2-2,0.9,3820,3820,8192,0.46630859375,False,research/results/verify_epsilon_floor/20260926T210310Z
"minmod=circular_lower,borrow_source=raw,special=flagged_only",3-2-3,0.5,840,840,8192,0.1025390625,False,research/results/verify_epsilon_floor/20260926T210310Z
"minmod=circular_lower,borrow_source=raw,special=flagged_only",3-2-3,0.9,2150,2150,8192,0.262451171875,False,research/results/verify_epsilon_floor/20260926T210310Z
"minmod=circular_lower,borrow_source=raw,special=flagged_only",3-3-2,0.5,571,571,8192,0.0697021484375,False,research/results/verify_epsilon_floor/20260926T210310Z
"minmod=circular_lower,borrow_source=raw,special=flagged_only",3-3-2,0.9,1694,1694,8192,0.206787109375,False,research/results/verify_epsilon_floor/20260926T210310Z
"minmod=circular_lower,borrow_source=raw,special=flagged_only",4-4,0.5,0,0,8192,0.0,False,research/results/verify_epsilon_floor/20260926T210310Z
"minmod=circular_lower,borrow_source=raw,special=flagged_only",4-4,0.9,152,152,8192,0.0185546875,False,research/results/verify_epsilon_floor/20260926T210310Z
"minmod=circular_lower,borrow_source=raw,special=flagged_only,ties=high",2-2-2-2,0.5,1524,1524,8192,0.18603515625,False,research/results/verify_epsilon_floor/20260926T210310Z
"minmod=circular_lower,borrow_source=raw,special=flagged_only,ties=high",2-2-2-2,0.9,3808,3808,8192,0.46484375,False,research/results/verify_epsilon_floor/20260926T210310Z
"minmod=circular_lower,borrow_source=raw,special=flagged_only,ties=high",3-2-3,0.5,840,840,8192,0.1025390625,False,research/results/verify_epsilon_floor/20260926T210310Z
"minmod=circular_lower,borrow_source=raw,special=flagged_only,ties=high",3-2-3,0.9,2144,2144,8192,0.26171875,False,research/results/verify_epsilon_floor/20260926T210310Z
"minmod=circular_lower,borrow_source=raw,special=flagged_only,ties=high",3-3-2,0.5,536,536,8192,0.0654296875,False,research/results/verify_epsilon_floor/20260926T210310Z
"minmod=circular_lower,borrow_source=raw,special=flagged_only,ties=high",3-3-2,0.9,1664,1664,8192,0.203125,False,research/results/verify_epsilon_floor/20260926T210310Z
"minmod=circular_lower,borrow_source=raw,special=flagged_only,ties=high",4-4,0.5,0,0,8192,0.0,False,research/results/verify_epsilon_floor/20260926T210310Z
"minmod=circular_lower,borrow_source=raw,special=flagged_only,ties=high",4-4,0.9,144,144,8192,0.017578125,False,research/results/verify_epsilon_floor/20260926T210310Z
"minmod=circular_lower,borrow_source=raw,special=flagged_only,ties=low",2-2-2-2,0.5,1552,1552,8192,0.189453125,False,research/results/verify_epsilon_floor/20260926T210310Z
"minmod=circular_lower,borrow_source=raw,special=flagged_only,ties=low",2-2-2-2,0.9,3832,3832,8192,0.4677734375,False,research/results/verify_epsilon_floor/20260926T210310Z
"minmod=circular_lower,borrow_source=raw,special=flagged_only,ties=low",3-2-3,0.5,840,840,8192,0.1025390625,False,research/results/verify_epsilon_floor/20260926T210310Z
"minmod=circular_lower,borrow_source=raw,special=flagged_only,ties=low",3-2-3,0.9,2160,2160,8192,0.263671875,False,research/results/verify_epsilon_floor/20260926T210310Z
"minmod=circular_lower,borrow_source=raw,special=flagged_only,ties=low",3-3-2,0.5,592,592,8192,0.072265625,False,research/results/verify_epsilon_floor/20260926T210310Z
"minmod=circular_lower,borrow_source=raw,special=flagged_only,ties=low",3-3-2,0.9,1712,1712,8192,0.208984375,False,research/results/verify_epsilon_floor/20260926T210310Z
"minmod=circular_lower,borrow_source=raw,special=flagged_only,ties=low",4-4,0.5,0,0,8192,0.0,False,research/results/verify_epsilon_floor/20260926T210310Z
"minmod=circular_lower,borrow_source=raw,special=flagged_only,ties=low",4-4,0.9,160,160,8192,0.01953125,False,research/results/verify_epsilon_floor/20260926T210310Z
"minmod=circular_lower,borrow_source=raw,special=off",2-2-2-2,0.5,1647,1647,8192,0.2010498046875,False,research/results/verify_epsilon_floor/20260926T210310Z
"minmod=circular_lower,borrow_source=raw,special=off",2-2-2-2,0.9,3828,3828,8192,0.46728515625,False,research/results/verify_epsilon_floor/20260926T210310Z
"minmod=circular_lower,borrow_source=raw,special=off",3-2-3,0.5,840,840,8192,0.1025390625,False,research/results/verify_epsilon_floor/20260926T210310Z
"minmod=circular_lower,borrow_source=raw,special=off",3-2-3,0.9,2162,2162,8192,0.263916015625,False,research/results/verify_epsilon_floor/20260926T210310Z
"minmod=circular_lower,borrow_source=raw,special=off",3-3-2,0.5,644,644,8192,0.07861328125,False,research/results/verify_epsilon_floor/20260926T210310Z
"minmod=circular_lower,borrow_source=raw,special=off",3-3-2,0.9,1692,1692,8192,0.20654296875,False,research/results/verify_epsilon_floor/20260926T210310Z
"minmod=circular_lower,borrow_source=raw,special=off",4-4,0.5,0,0,8192,0.0,False,research/results/verify_epsilon_floor/20260926T210310Z
"minmod=circular_lower,borrow_source=raw,special=off",4-4,0.9,150,150,8192,0.018310546875,False,research/results/verify_epsilon_floor/20260926T210310Z
"minmod=circular_lower,borrow_source=raw,special=off,ties=high",2-2-2-2,0.5,1676,1676,8192,0.20458984375,False,research/results/verify_epsilon_floor/20260926T210310Z
"minmod=circular_lower,borrow_source=raw,special=off,ties=high",2-2-2-2,0.9,3856,3856,8192,0.470703125,False,research/results/verify_epsilon_floor/20260926T210310Z
"minmod=circular_lower,borrow_source=raw,special=off,ties=high",3-2-3,0.5,840,840,8192,0.1025390625,False,research/results/verify_epsilon_floor/20260926T210310Z
"minmod=circular_lower,borrow_source=raw,special=off,ties=high",3-2-3,0.9,2176,2176,8192,0.265625,False,research/results/verify_epsilon_floor/20260926T210310Z
"minmod=circular_lower,borrow_source=raw,special=off,ties=high",3-3-2,0.5,680,680,8192,0.0830078125,False,research/results/verify_epsilon_floor/20260926T210310Z
"minmod=circular_lower,borrow_source=raw,special=off,ties=high",3-3-2,0.9,1728,1728,8192,0.2109375,False,research/results/verify_epsilon_floor/20260926T210310Z
"minmod=circular_lower,borrow_source=raw,special=off,ties=high",4-4,0.5,0,0,8192,0.0,False,research/results/verify_epsilon_floor/20260926T210310Z
"minmod=circular_lower,borrow_source=raw,special=off,ties=high",4-4,0.9,160,160,8192,0.01953125,False,research/results/verify_epsilon_floor/20260926T210310Z
"minmod=circular_lower,borrow_source=raw,special=off,ties=low",2-2-2-2,0.5,1624,1624,8192,0.1982421875,False,research/results/verify_epsilon_floor/20260926T210310Z
"minmod=circular_lower,borrow_source=raw,special=off,ties=low",2-2-2-2,0.9,3808,3808,8192,0.46484375,False,research/results/verify_epsilon_floor/20260926T210310Z
"minmod=circular_lower,borrow_source=raw,special=off,ties=low",3-2-3,0.5,840,840,8192,0.1025390625,False,research/results/verify_epsilon_floor/20260926T210310Z
"minmod=circular_lower,borrow_source=raw,special=off,ties=low",3-2-3,0.9,2144,2144,8192,0.26171875,False,research/results/verify_epsilon_floor/20260926T210310Z
"minmod=circular_lower,borrow_source=raw,special=off,ties=low",3-3-2,0.5,616,616,8192,0.0751953125,False,research/results/verify_epsilon_floor/20260926T210310Z
"minmod=circular_lower,borrow_source=raw,special=off,ties=low",3-3-2,0.9,1664,1664,8192,0.203125,False,research/results/verify_epsilon_floor/20260926T210310Z
"minmod=circular_lower,borrow_source=raw,special=off,ties=low",4-4,0.5,0,0,8192,0.0,False,research/results/verify_epsilon_floor/20260926T210310Z
"minmod=circular_lower,borrow_source=raw,special=off,ties=low",4-4,0.9,144,144,8192,0.017578125,False,research/results/verify_epsilon_floor/20260926T210310Z
"minmod=circular_lower,borrow_source=raw,ties=high",2-2-2-2,0.5,1528,1528,8192,0.1865234375,False,research/results/verify_epsilon_floor/20260926T210310Z
"minmod=circular_lower,borrow_source=raw,ties=high",2-2-2-2,0.9,3392,3392,8192,0.4140625,False,research/results/verify_epsilon_floor/20260926T210310Z
"minmod=circular_lower,borrow_source=raw,ties=high",3-2-3,0.5,840,840,8192,0.1025390625,False,research/results/verify_epsilon_floor/20260926T210310Z
"minmod=circular_lower,borrow_source=raw,ties=high",3-2-3,0.9,1952,1952,8192,0.23828125,False,research/results/verify_epsilon_floor/20260926T210310Z
"minmod=circular_lower,borrow_source=raw,ties=high",3-3-2,0.5,520,520,8192,0.0634765625,False,research/results/verify_epsilon_floor/20260926T210310Z
"minmod=circular_lower,borrow_source=raw,ties=high",3-3-2,0.9,1440,1440,8192,0.17578125,False,research/results/verify_epsilon_floor/20260926T210310Z
"minmod=circular_lower,borrow_source=raw,ties=high",4-4,0.5,0,0,8192,0.0,False,research/results/verify_epsilon_floor/20260926T210310Z
"minmod=circular_lower,borrow_source=raw,ties=high",4-4,0.9,128,128,8192,0.015625,False,research/results/verify_epsilon_floor/20260926T210310Z
"minmod=circular_lower,borrow_source=raw,ties=low",2-2-2-2,0.5,1556,1556,8192,0.18994140625,False,research/results/verify_epsilon_floor/20260926T210310Z
"minmod=circular_lower,borrow_source=raw,ties=low",2-2-2-2,0.9,3424,3424,8192,0.41796875,False,research/results/verify_epsilon_floor/20260926T210310Z
"minmod=circular_lower,borrow_source=raw,ties=low",3-2-3,0.5,840,840,8192,0.1025390625,False,research/results/verify_epsilon_floor/20260926T210310Z
"minmod=circular_lower,borrow_source=raw,ties=low",3-2-3,0.9,1976,1976,8192,0.2412109375,False,research/results/verify_epsilon_floor/20260926T210310Z
"minmod=circular_lower,borrow_source=raw,ties=low",3-3-2,0.5,576,576,8192,0.0703125,False,research/results/verify_epsilon_floor/20260926T210310Z
"minmod=circular_lower,borrow_source=raw,ties=low",3-3-2,0.9,1496,1496,8192,0.1826171875,False,research/results/verify_epsilon_floor/20260926T210310Z
"minmod=circular_lower,borrow_source=raw,ties=low",4-4,0.5,0,0,8192,0.0,False,research/results/verify_epsilon_floor/20260926T210310Z
"minmod=circular_lower,borrow_source=raw,ties=low",4-4,0.9,144,144,8192,0.017578125,False,research/results/verify_epsilon_floor/20260926T210310Z
"minmod=circular_lower,final_block=min",2-2-2-2,0.5,1088,512,8192,0.1328125,True,research/results/verify_epsilon_floor/20260926T210310Z
"minmod=circular_lower,final_block=min",2-2-2-2,0.9,1104,1104,8192,0.134765625,True,research/results/verify_epsilon_floor/20260926T210310Z
"minmod=circular_lower,final_block=min",3-2-3,0.5,768,0,8192,0.09375,True,research/results/verify_epsilon_floor/20260926T210310Z
"minmod=circular_lower,final_block=min",3-2-3,0.9,440,440,8192,0.0537109375,True,research/results/verify_epsilon_floor/20260926T210310Z
"minmod=circular_lower,final_block=min",3-3-2,0.5,1088,512,8192,0.1328125,True,research/results/verify_epsilon_floor/20260926T210310Z
"minmod=circular_lower,final_block=min",3-3-2,0.9,984,984,8192,0.1201171875,True,research/results/verify_epsilon_floor/20260926T210310Z
"minmod=circular_lower,final_block=min",4-4,0.5,768,0,8192,0.09375,True,research/results/verify_epsilon_floor/20260926T210310Z
"minmod=circular_lower,final_block=min",4-4,0.9,144,144,8192,0.017578125,True,research/results/verify_epsilon_floor/20260926T210310Z
"minmod=circular_lower,final_block=min,special=flagged_only",2-2-2-2,0.5,1024,448,8192,0.125,True,research/results/verify_epsilon_floor/20260926T210310Z
"minmod=circular_lower,final_block=min,special=flagged_only",2-2-2-2,0.9,1104,1104,8192,0.134765625,True,research/results/verify_epsilon_floor/20260926T210310Z
"minmod=circular_lower,final_block=min,special=flagged_only",3-2-3,0.5,768,0,8192,0.09375,True,research/results/verify_epsilon_floor/20260926T210310Z
"minmod=circular_lower,final_block=min,special=flagged_only",3-2-3,0.9,432,432,8192,0.052734375,True,research/results/verify_epsilon_floor/20260926T210310Z
"minmod=circular_lower,final_block=min,special=flagged_only",3-3-2,0.5,1088,512,8192,0.1328125,True,research/results/verify_epsilon_floor/20260926T210310Z
"minmod=circular_lower,final_block=min,special=flagged_only",3-3-2,0.9,976,976,8192,0.119140625,True,research/results/verify_epsilon_floor/20260926T210310Z
"minmod=circular_lower,final_block=min,special=flagged_only",4-4,0.5,768,0,8192,0.09375,True,research/results/verify_epsilon_floor/20260926T210310Z
"minmod=circular_lower,final_block=min,special=flagged_only",4-4,0.9,160,160,8192,0.01953125,True,research/results/verify_epsilon_floor/20260926T210310Z
"minmod=circular_lower,final_block=min,special=flagged_only,ties=high",2-2-2-2,0.5,1024,448,8192,0.125,True,research/results/verify_epsilon_floor/20260926T210310Z
"minmod=circular_lower,final_block=min,special=flagged_only,ties=high",2-2-2-2,0.9,1104,1104,8192,0.134765625,True,research/results/verify_epsilon_floor/20260926T210310Z
"minmod=circular_lower,final_block=min,special=flagged_only,ties=high",3-2-3,0.5,768,0,8192,0.09375,True,research/results/verify_epsilon_floor/20260926T210310Z
"minmod=circular_lower,final_block=min,special=flagged_only,ties=high",3-2-3,0.9,432,432,8192,0.052734375,True,research/results/verify_epsilon_floor/20260926T210310Z
"minmod=circular_lower,final_block=min,special=flagged_only,ties=high",3-3-2,0.5,1088,512,8192,0.1328125,True,research/results/verify_epsilon_floor/20260926T210310Z
"minmod=circular_lower,final_block=min,special=flagged_only,ties=high",3-3-2,0.9,976,976,8192,0.119140625,True,research/results/verify_epsilon_floor/20260926T210310Z
"minmod=circular_lower,final_block=min,special=flagged_only,ties=high",4-4,0.5,768,0,8192,0.09375,True,research/results/verify_epsilon_floor/20260926T210310Z
"minmod=circular_lower,final_block=min,special=flagged_only,ties=high",4-4,0.9,160,160,8192,0.01953125,True,research/results/verify_epsilon_floor/20260926T210310Z
"minmod=circular_lower,final_block=min,special=flagged_only,ties=low",2-2-2-2,0.5,1024,448,8192,0.125,True,research/results/verify_epsilon_floor/20260926T210310Z
"minmod=circular_lower,final_block=min,special=flagged_only,ties=low",2-2-2-2,0.9,1104,1104,8192,0.134765625,True,research/results/verify_epsilon_floor/20260926T210310Z
"minmod=circular_lower,final_block=min,special=flagged_only,ties=low",3-2-3,0.5,768,0,8192,0.09375,True,research/results/verify_epsilon_floor/20260926T210310Z
"minmod=circular_lower,final_block=min,special=flagged_only,ties=low",3-2-3,0.9,432,432,8192,0.052734375,True,research/results/verify_epsilon_floor/20260926T210310Z
"minmod=circular_lower,final_block=min,special=flagged_only,ties=low",3-3-2,0.5,1088,512,8192,0.1328125,True,research/results/verify_epsilon_floor/20260926T210310Z
"minmod=circular_lower,final_block=min,special=flagged_only,ties=low",3-3-2,0.9,976,976,8192,0.119140625,True,research/results/verify_epsilon_floor/20260926T210310Z
"minmod=circular_lower,final_block=min,special=flagged_only,ties=low",4-4,0.5,768,0,8192,0.09375,True,research/results/verify_epsilon_floor/20260926T210310Z
"minmod=circular_lower,final_block=min,special=flagged_only,ties=low",4-4,0.9,160,160,8192,0.01953125,True,research/results/verify_epsilon_floor/20260926T210310Z
"minmod=circular_lower,final_block=min,special=off",2-2-2-2,0.5,832,64,8192,0.1015625,True,research/results/verify_epsilon_floor/20260926T210310Z
"minmod=circular_lower,final_block=min,special=off",2-2-2-2,0.9,1040,1040,8192,0.126953125,True,research/results/verify_epsilon_floor/20260926T210310Z
"minmod=circular_lower,final_block=min,special=off",3-2-3,0.5,768,0,8192,0.09375,True,research/results/verify_epsilon_floor/20260926T210310Z
"minmod=circular_lower,final_block=min,special=off",3-2-3,0.9,400,400,8192,0.048828125,True,research/results/verify_epsilon_floor/20260926T210310Z
"minmod=circular_lower,final_block=min,special=off",3-3-2,0.5,896,128,8192,0.109375,True,research/results/verify_epsilon_floor/20260926T210310Z
"minmod=circular_lower,final_block=min,special=off",3-3-2,0.9,912,912,8192,0.111328125,True,research/results/verify_epsilon_floor/20260926T210310Z
"minmod=circular_lower,final_block=min,special=off",4-4,0.5,768,0,8192,0.09375,True,research/results/verify_epsilon_floor/20260926T210310Z
"minmod=circular_lower,final_block=min,special=off",4-4,0.9,144,144,8192,0.017578125,True,research/results/verify_epsilon_floor/20260926T210310Z
"minmod=circular_lower,final_block=min,special=off,ties=high",2-2-2-2,0.5,832,64,8192,0.1015625,True,research/results/verify_epsilon_floor/20260926T210310Z
"minmod=circular_lower,final_block=min,special=off,ties=high",2-2-2-2,0.9,1040,1040,8192,0.126953125,True,research/results/verify_epsilon_floor/20260926T210310Z
"minmod=circular_lower,final_block=min,special=off,ties=high",3-2-3,0.5,768,0,8192,0.09375,True,research/results/verify_epsilon_floor/20260926T210310Z
"minmod=circular_lower,final_block=min,special=off,ties=high",3-2-3,0.9,400,400,8192,0.048828125,True,research/results/verify_epsilon_floor/20260926T210310Z
"minmod=circular_lower,final_block=min,special=off,ties=high",3-3-2,0.5,896,128,8192,0.109375,True,research/results/verify_epsilon_floor/20260926T210310Z
"minmod=circular_lower,final_block=min,special=off,ties=high",3-3-2,0.9,912,912,8192,0.111328125,True,research/results/verify_epsilon_floor/20260926T210310Z
"minmod=circular_lower,final_block=min,special=off,ties=high",4-4,0.5,768,0,8192,0.09375,True,research/results/verify_epsilon_floor/20260926T210310Z
"minmod=circular_lower,final_block=min,special=off,ties=high",4-4,0.9,144,144,8192,0.017578125,True,research/results/verify_epsilon_floor/20260926T210310Z
"minmod=circular_lower,final_block=min,special=off,ties=low",2-2-2-2,0.5,832,64,8192,0.1015625,True,research/results/verify_epsilon_floor/20260926T210310Z
"minmod=circular_lower,final_block=min,special=off,ties=low",2-2-2-2,0.9,1040,1040,8192,0.126953125,True,research/results/verify_epsilon_floor/20260926T210310Z
"minmod=circular_lower,final_block=min,special=off,ties=low",3-2-3,0.5,768,0,8192,0.09375,True,research/results/verify_epsilon_floor/20260926T210310Z
"minmod=circular_lower,final_block=min,special=off,ties=low",3-2-3,0.9,400,400,8192,0.048828125,True,research/results/verify_epsilon_floor/20260926T210310Z
"minmod=circular_lower,final_block=min,special=off,ties=low",3-3-2,0.5,896,128,8192,0.109375,True,research/results/verify_epsilon_floor/20260926T210310Z
"minmod=circular_lower,final_block=min,special=off,ties=low",3-3-2,0.9,912,912,8192,0.111328125,True,research/results/verify_epsilon_floor/20260926T210310Z
"minmod=circular_lower,final_block=min,special=off,ties=low",4-4,0.5,768,0,8192,0.09375,True,research/results/verify_epsilon_floor/20260926T210310Z
"minmod=circular_lower,final_block=min,special=off,ties=low",4-4,0.9,144,144,8192,0.017578125,True,research/results/verify_epsilon_floor/20260926T210310Z
"minmod=circular_lower,final_block=min,ties=high",2-2-2-2,0.5,1088,512,8192,0.1328125,True,research/results/verify_epsilon_floor/20260926T210310Z
"minmod=circular_lower,final_block=min,ties=high",2-2-2-2,0.9,1104,1104,8192,0.134765625,True,research/results/verify_epsilon_floor/20260926T210310Z
"minmod=circular_lower,final_block=min,ties=high",3-2-3,0.5,768,0,8192,0.09375,True,research/results/verify_epsilon_floor/20260926T210310Z
"minmod=circular_lower,final_block=min,ties=high",3-2-3,0.9,440,440,8192,0.0537109375,True,research/results/verify_epsilon_floor/20260926T210310Z
"minmod=circular_lower,final_block=min,ties=high",3-3-2,0.5,1088,512,8192,0.1328125,True,research/results/verify_epsilon_floor/20260926T210310Z
"minmod=circular_lower,final_block=min,ties=high",3-3-2,0.9,984,984,8192,0.1201171875,True,research/results/verify_epsilon_floor/20260926T210310Z
"minmod=circular_lower,final_block=min,ties=high",4-4,0.5,768,0,8192,0.09375,True,research/results/verify_epsilon_floor/20260926T210310Z
"minmod=circular_lower,final_block=min,ties=high",4-4,0.9,144,144,8192,0.017578125,True,research/results/verify_epsilon_floor/20260926T210310Z
"minmod=circular_lower,final_block=min,ties=low",2-2-2-2,0.5,1088,512,8192,0.1328125,True,research/results/verify_epsilon_floor/20260926T210310Z
"minmod=circular_lower,final_block=min,ties=low",2-2-2-2,0.9,1104,1104,8192,0.134765625,True,research/results/verify_epsilon_floor/20260926T210310Z
"minmod=circular_lower,final_block=min,ties=low",3-2-3,0.5,768,0,8192,0.09375,True,research/results/verify_epsilon_floor/20260926T210310Z
"minmod=circular_lower,final_block=min,ties=low",3-2-3,0.9,440,440,8192,0.0537109375,True,research/results/verify_epsilon_floor/20260926T210310Z
"minmod=circular_lower,final_block=min,ties=low",3-3-2,0.5,1088,512,8192,0.1328125,True,research/results/verify_epsilon_floor/20260926T210310Z
"minmod=circular_lower,final_block=min,ties=low",3-3-2,0.9,984,984,8192,0.1201171875,True,research/results/verify_epsilon_floor/20260926T210310Z
"minmod=circular_lower,final_block=min,ties=low",4-4,0.5,768,0,8192,0.09375,True,research/results/verify_epsilon_floor/20260926T210310Z
"minmod=circular_lower,final_block=min,ties=low",4-4,0.9,144,144,8192,0.017578125,True,research/results/verify_epsilon_floor/20260926T210310Z
"minmod=circular_lower,special=flagged_only",2-2-2-2,0.5,227,227,8192,0.0277099609375,True,research/results/verify_epsilon_floor/20260926T210310Z
"minmod=circular_lower,special=flagged_only",2-2-2-2,0.9,1075,1075,8192,0.1312255859375,True,research/results/verify_epsilon_floor/20260926T210310Z
"minmod=circular_lower,special=flagged_only",3-2-3,0.5,0,0,8192,0.0,True,research/results/verify_epsilon_floor/20260926T210310Z
"minmod=circular_lower,special=flagged_only",3-2-3,0.9,415,415,8192,0.0506591796875,True,research/results/verify_epsilon_floor/20260926T210310Z
"minmod=circular_lower,special=flagged_only",3-3-2,0.5,297,297,8192,0.0362548828125,True,research/results/verify_epsilon_floor/20260926T210310Z
"minmod=circular_lower,special=flagged_only",3-3-2,0.9,953,953,8192,0.1163330078125,True,research/results/verify_epsilon_floor/20260926T210310Z
"minmod=circular_lower,special=flagged_only",4-4,0.5,0,0,8192,0.0,True,research/results/verify_epsilon_floor/20260926T210310Z
"minmod=circular_lower,special=flagged_only",4-4,0.9,152,152,8192,0.0185546875,True,research/results/verify_epsilon_floor/20260926T210310Z
"minmod=circular_lower,special=flagged_only,ties=high",2-2-2-2,0.5,192,192,8192,0.0234375,True,research/results/verify_epsilon_floor/20260926T210310Z
"minmod=circular_lower,special=flagged_only,ties=high",2-2-2-2,0.9,1040,1040,8192,0.126953125,True,research/results/verify_epsilon_floor/20260926T210310Z
"minmod=circular_lower,special=flagged_only,ties=high",3-2-3,0.5,0,0,8192,0.0,True,research/results/verify_epsilon_floor/20260926T210310Z
"minmod=circular_lower,special=flagged_only,ties=high",3-2-3,0.9,400,400,8192,0.048828125,True,research/results/verify_epsilon_floor/20260926T210310Z
"minmod=circular_lower,special=flagged_only,ties=high",3-3-2,0.5,256,256,8192,0.03125,True,research/results/verify_epsilon_floor/20260926T210310Z
"minmod=circular_lower,special=flagged_only,ties=high",3-3-2,0.9,912,912,8192,0.111328125,True,research/results/verify_epsilon_floor/20260926T210310Z
"minmod=circular_lower,special=flagged_only,ties=high",4-4,0.5,0,0,8192,0.0,True,research/results/verify_epsilon_floor/20260926T210310Z
"minmod=circular_lower,special=flagged_only,ties=high",4-4,0.9,144,144,8192,0.017578125,True,research/results/verify_epsilon_floor/20260926T210310Z
"minmod=circular_lower,special=flagged_only,ties=low",2-2-2-2,0.5,256,256,8192,0.03125,True,research/results/verify_epsilon_floor/20260926T210310Z
"minmod=circular_lower,special=flagged_only,ties=low",2-2-2-2,0.9,1104,1104,8192,0.134765625,True,research/results/verify_epsilon_floor/20260926T210310Z
"minmod=circular_lower,special=flagged_only,ties=low",3-2-3,0.5,0,0,8192,0.0,True,research/results/verify_epsilon_floor/20260926T210310Z
"minmod=circular_lower,special=flagged_only,ties=low",3-2-3,0.9,432,432,8192,0.052734375,True,research/results/verify_epsilon_floor/20260926T210310Z
"minmod=circular_lower,special=flagged_only,ties=low",3-3-2,0.5,320,320,8192,0.0390625,True,research/results/verify_epsilon_floor/20260926T210310Z
"minmod=circular_lower,special=flagged_only,ties=low",3-3-2,0.9,976,976,8192,0.119140625,True,research/results/verify_epsilon_floor/20260926T210310Z
"minmod=circular_lower,special=flagged_only,ties=low",4-4,0.5,0,0,8192,0.0,True,research/results/verify_epsilon_floor/20260926T210310Z
"minmod=circular_lower,special=flagged_only,ties=low",4-4,0.9,160,160,8192,0.01953125,True,research/results/verify_epsilon_floor/20260926T210310Z
"minmod=circular_lower,special=off",2-2-2-2,0.5,282,282,8192,0.034423828125,True,research/results/verify_epsilon_floor/20260926T210310Z
"minmod=circular_lower,special=off",2-2-2-2,0.9,1066,1066,8192,0.130126953125,True,research/results/verify_epsilon_floor/20260926T210310Z
"minmod=circular_lower,special=off",3-2-3,0.5,0,0,8192,0.0,True,research/results/verify_epsilon_floor/20260926T210310Z
"minmod=circular_lower,special=off",3-2-3,0.9,418,418,8192,0.051025390625,True,research/results/verify_epsilon_floor/20260926T210310Z
"minmod=circular_lower,special=off",3-3-2,0.5,348,348,8192,0.04248046875,True,research/results/verify_epsilon_floor/20260926T210310Z
"minmod=circular_lower,special=off",3-3-2,0.9,940,940,8192,0.11474609375,True,research/results/verify_epsilon_floor/20260926T210310Z
"minmod=circular_lower,special=off",4-4,0.5,0,0,8192,0.0,True,research/results/verify_epsilon_floor/20260926T210310Z
"minmod=circular_lower,special=off",4-4,0.9,150,150,8192,0.018310546875,True,research/results/verify_epsilon_floor/20260926T210310Z
"minmod=circular_lower,special=off,ties=high",2-2-2-2,0.5,320,320,8192,0.0390625,True,research/results/verify_epsilon_floor/20260926T210310Z
"minmod=circular_lower,special=off,ties=high",2-2-2-2,0.9,1104,1104,8192,0.134765625,True,research/results/verify_epsilon_floor/20260926T210310Z
"minmod=circular_lower,special=off,ties=high",3-2-3,0.5,0,0,8192,0.0,True,research/results/verify_epsilon_floor/20260926T210310Z
"minmod=circular_lower,special=off,ties=high",3-2-3,0.9,432,432,8192,0.052734375,True,research/results/verify_epsilon_floor/20260926T210310Z
"minmod=circular_lower,special=off,ties=high",3-3-2,0.5,384,384,8192,0.046875,True,research/results/verify_epsilon_floor/20260926T210310Z
"minmod=circular_lower,special=off,ties=high",3-3-2,0.9,976,976,8192,0.119140625,True,research/results/verify_epsilon_floor/20260926T210310Z
"minmod=circular_lower,special=off,ties=high",4-4,0.5,0,0,8192,0.0,True,research/results/verify_epsilon_floor/20260926T210310Z
"minmod=circular_lower,special=off,ties=high",4-4,0.9,160,160,8192,0.01953125,True,research/results/verify_epsilon_floor/20260926T210310Z
"minmod=circular_lower,special=off,ties=low",2-2-2-2,0.5,256,256,8192,0.03125,True,research/results/verify_epsilon_floor/20260926T210310Z
"minmod=circular_lower,special=off,ties=low",2-2-2-2,0.9,1040,1040,8192,0.126953125,True,research/results/verify_epsilon_floor/20260926T210310Z
"minmod=circular_lower,special=off,ties=low",3-2-3,0.5,0,0,8192,0.0,True,research/results/verify_epsilon_floor/20260926T210310Z
"minmod=circular_lower,special=off,ties=low",3-2-3,0.9,400,400,8192,0.048828125,True,research/results/verify_epsilon_floor/20260926T210310Z
"minmod=circular_lower,special=off,ties=low",3-3-2,0.5,320,320,8192,0.0390625,True,research/results/verify_epsilon_floor/20260926T210310Z
"minmod=circular_lower,special=off,ties=low",3-3-2,0.9,912,912,8192,0.111328125,True,research/results/verify_epsilon_floor/20260926T210310Z
"minmod=circular_lower,special=off,ties=low",4-4,0.5,0,0,8192,0.0,True,research/results/verify_epsilon_floor/20260926T210310Z
"minmod=circular_lower,special=off,ties=low",4-4,0.9,144,144,8192,0.017578125,True,research/results/verify_epsilon_floor/20260926T210310Z
"minmod=circular_lower,ties=high",2-2-2-2,0.5,256,256,8192,0.03125,True,research/results/verify_epsilon_floor/20260926T210310Z
"minmod=circular_lower,ties=high",2-2-2-2,0.9,1024,1024,8192,0.125,True,research/results/verify_epsilon_floor/20260926T210310Z
"minmod=circular_lower,ties=high",3-2-3,0.5,0,0,8192,0.0,True,research/results/verify_epsilon_floor/20260926T210310Z
"minmod=circular_lower,ties=high",3-2-3,0.9,400,400,8192,0.048828125,True,research/results/verify_epsilon_floor/20260926T210310Z
"minmod=circular_lower,ties=high",3-3-2,0.5,256,256,8192,0.03125,True,research/results/verify_epsilon_floor/20260926T210310Z
"minmod=circular_lower,ties=high",3-3-2,0.9,912,912,8192,0.111328125,True,research/results/verify_epsilon_floor/20260926T210310Z
"minmod=circular_lower,ties=high",4-4,0.5,0,0,8192,0.0,True,research/results/verify_epsilon_floor/20260926T210310Z
"minmod=circular_lower,ties=high",4-4,0.9,128,128,8192,0.015625,True,research/results/verify_epsilon_floor/20260926T210310Z
"minmod=circular_lower,ties=low",2-2-2-2,0.5,320,320,8192,0.0390625,True,research/results/verify_epsilon_floor/20260926T210310Z
"minmod=circular_lower,ties=low",2-2-2-2,0.9,1104,1104,8192,0.134765625,True,research/results/verify_epsilon_floor/20260926T210310Z
"minmod=circular_lower,ties=low",3-2-3,0.5,0,0,8192,0.0,True,research/results/verify_epsilon_floor/20260926T210310Z
"minmod=circular_lower,ties=low",3-2-3,0.9,440,440,8192,0.0537109375,True,research/results/verify_epsilon_floor/20260926T210310Z
"minmod=circular_lower,ties=low",3-3-2,0.5,320,320,8192,0.0390625,True,research/results/verify_epsilon_floor/20260926T210310Z
"minmod=circular_lower,ties=low",3-3-2,0.9,984,984,8192,0.1201171875,True,research/results/verify_epsilon_floor/20260926T210310Z
"minmod=circular_lower,ties=low",4-4,0.5,0,0,8192,0.0,True,research/results/verify_epsilon_floor/20260926T210310Z
"minmod=circular_lower,ties=low",4-4,0.9,144,144,8192,0.017578125,True,research/results/verify_epsilon_floor/20260926T210310Z
minmod=strict_eq21,2-2-2-2,0.5,1370,1370,8192,0.167236328125,True,research/results/verify_epsilon_floor/20260926T210310Z
minmod=strict_eq21,2-2-2-2,0.9,1230,1230,8192,0.150146484375,True,research/results/verify_epsilon_floor/20260926T210310Z
minmod=strict_eq21,3-2-3,0.5,555,555,8192,0.0677490234375,True,research/results/verify_epsilon_floor/20260926T210310Z
minmod=strict_eq21,3-2-3,0.9,503,503,8192,0.0614013671875,True,research/results/verify_epsilon_floor/20260926T210310Z
minmod=strict_eq21,3-3-2,0.5,649,649,8192,0.0792236328125,True,research/results/verify_epsilon_floor/20260926T210310Z
minmod=strict_eq21,3-3-2,0.9,1008,1008,8192,0.123046875,True,research/results/verify_epsilon_floor/20260926T210310Z
minmod=strict_eq21,4-4,0.5,90,90,8192,0.010986328125,True,research/results/verify_epsilon_floor/20260926T210310Z
minmod=strict_eq21,4-4,0.9,152,152,8192,0.0185546875,True,research/results/verify_epsilon_floor/20260926T210310Z
"minmod=strict_eq21,borrow_source=raw",2-2-2-2,0.5,2545,2545,8192,0.3106689453125,False,research/results/verify_epsilon_floor/20260926T210310Z
"minmod=strict_eq21,borrow_source=raw",2-2-2-2,0.9,3558,3558,8192,0.434326171875,False,research/results/verify_epsilon_floor/20260926T210310Z
"minmod=strict_eq21,borrow_source=raw",3-2-3,0.5,1395,1395,8192,0.1702880859375,False,research/results/verify_epsilon_floor/20260926T210310Z
"minmod=strict_eq21,borrow_source=raw",3-2-3,0.9,2046,2046,8192,0.249755859375,False,research/results/verify_epsilon_floor/20260926T210310Z
"minmod=strict_eq21,borrow_source=raw",3-3-2,0.5,907,907,8192,0.1107177734375,False,research/results/verify_epsilon_floor/20260926T210310Z
"minmod=strict_eq21,borrow_source=raw",3-3-2,0.9,1525,1525,8192,0.1861572265625,False,research/results/verify_epsilon_floor/20260926T210310Z
"minmod=strict_eq21,borrow_source=raw",4-4,0.5,90,90,8192,0.010986328125,False,research/results/verify_epsilon_floor/20260926T210310Z
"minmod=strict_eq21,borrow_source=raw",4-4,0.9,152,152,8192,0.0185546875,False,research/results/verify_epsilon_floor/20260926T210310Z
"minmod=strict_eq21,borrow_source=raw,final_block=min",2-2-2-2,0.5,2863,2593,8192,0.3494873046875,False,research/results/verify_epsilon_floor/20260926T210310Z
"minmod=strict_eq21,borrow_source=raw,final_block=min",2-2-2-2,0.9,3558,3558,8192,0.434326171875,False,research/results/verify_epsilon_floor/20260926T210310Z
"minmod=strict_eq21,borrow_source=raw,final_block=min",3-2-3,0.5,1887,1419,8192,0.2303466796875,False,research/results/verify_epsilon_floor/20260926T210310Z
"minmod=strict_eq21,borrow_source=raw,final_block=min",3-2-3,0.9,2056,2056,8192,0.2509765625,False,research/results/verify_epsilon_floor/20260926T210310Z
"minmod=strict_eq21,borrow_source=raw,final_block=min",3-3-2,0.5,1285,931,8192,0.1568603515625,False,research/results/verify_epsilon_floor/20260926T210310Z
"minmod=strict_eq21,borrow_source=raw,final_block=min",3-3-2,0.9,1525,1525,8192,0.1861572265625,False,research/results/verify_epsilon_floor/20260926T210310Z
"minmod=strict_eq21,borrow_source=raw,final_block=min",4-4,0.5,756,90,8192,0.09228515625,False,research/results/verify_epsilon_floor/20260926T210310Z
"minmod=strict_eq21,borrow_source=raw,final_block=min",4-4,0.9,160,160,8192,0.01953125,False,research/results/verify_epsilon_floor/20260926T210310Z
"minmod=strict_eq21,borrow_source=raw,final_block=min,special=flagged_only",2-2-2-2,0.5,2859,2589,8192,0.3489990234375,False,research/results/verify_epsilon_floor/20260926T210310Z
"minmod=strict_eq21,borrow_source=raw,final_block=min,special=flagged_only",2-2-2-2,0.9,3971,3971,8192,0.4847412109375,False,research/results/verify_epsilon_floor/20260926T210310Z
"minmod=strict_eq21,borrow_source=raw,final_block=min,special=flagged_only",3-2-3,0.5,1887,1419,8192,0.2303466796875,False,research/results/verify_epsilon_floor/20260926T210310Z
"minmod=strict_eq21,borrow_source=raw,final_block=min,special=flagged_only",3-2-3,0.9,2243,2243,8192,0.2738037109375,False,research/results/verify_epsilon_floor/20260926T210310Z
"minmod=strict_eq21,borrow_source=raw,final_block=min,special=flagged_only",3-3-2,0.5,1301,947,8192,0.1588134765625,False,research/results/verify_epsilon_floor/20260926T210310Z
"minmod=strict_eq21,borrow_source=raw,final_block=min,special=flagged_only",3-3-2,0.9,1743,1743,8192,0.2127685546875,False,research/results/verify_epsilon_floor/20260926T210310Z
"minmod=strict_eq21,borrow_source=raw,final_block=min,special=flagged_only",4-4,0.5,756,90,8192,0.09228515625,False,research/results/verify_epsilon_floor/20260926T210310Z
"minmod=strict_eq21,borrow_source=raw,final_block=min,special=flagged_only",4-4,0.9,176,176,8192,0.021484375,False,research/results/verify_epsilon_floor/20260926T210310Z
"minmod=strict_eq21,borrow_source=raw,final_block=min,special=flagged_only,ties=high",2-2-2-2,0.5,2862,2592,8192,0.349365234375,False,research/results/verify_epsilon_floor/20260926T210310Z
"minmod=strict_eq21,borrow_source=raw,final_block=min,special=flagged_only,ties=high",2-2-2-2,0.9,3978,3978,8192,0.485595703125,False,research/results/verify_epsilon_floor/20260926T210310Z
"minmod=strict_eq21,borrow_source=raw,final_block=min,special=flagged_only,ties=high",3-2-3,0.5,1896,1428,8192,0.2314453125,False,research/results/verify_epsilon_floor/20260926T210310Z
"minmod=strict_eq21,borrow_source=raw,final_block=min,special=flagged_only,ties=high",3-2-3,0.9,2252,2252,8192,0.27490234375,False,research/results/verify_epsilon_floor/20260926T210310Z
"minmod=strict_eq21,borrow_source=raw,final_block=min,special=flagged_only,ties=high",3-3-2,0.5,1278,924,8192,0.156005859375,False,research/results/verify_epsilon_floor/20260926T210310Z
"minmod=strict_eq21,borrow_source=raw,final_block=min,special=flagged_only,ties=high",3-3-2,0.9,1724,1724,8192,0.21044921875,False,research/results/verify_epsilon_floor/20260926T210310Z
"minmod=strict_eq21,borrow_source=raw,final_block=min,special=flagged_only,ties=high",4-4,0.5,756,90,8192,0.09228515625,False,research/results/verify_epsilon_floor/20260926T210310Z
"minmod=strict_eq21,borrow_source=raw,final_block=min,special=flagged_only,ties=high",4-4,0.9,176,176,8192,0.021484375,False,research/results/verify_epsilon_floor/20260926T210310Z
"minmod=strict_eq21,borrow_source=raw,final_block=min,special=flagged_only,ties=low",2-2-2-2,0.5,2856,2586,8192,0.3486328125,False,research/results/verify_epsilon_floor/20260926T210310Z
"minmod=strict_eq21,borrow_source=raw,final_block=min,special=flagged_only,ties=low",2-2-2-2,0.9,3968,3968,8192,0.484375,False,research/results/verify_epsilon_floor/20260926T210310Z
"minmod=strict_eq21,borrow_source=raw,final_block=min,special=flagged_only,ties=low",3-2-3,0.5,1878,1410,8192,0.229248046875,False,research/results/verify_epsilon_floor/20260926T210310Z
"minmod=strict_eq21,borrow_source=raw,final_block=min,special=flagged_only,ties=low",3-2-3,0.9,2234,2234,8192,0.272705078125,False,research/results/verify_epsilon_floor/20260926T210310Z
"minmod=strict_eq21,borrow_source=raw,final_block=min,special=flagged_only,ties=low",3-3-2,0.5,1314,960,8192,0.160400390625,False,research/results/verify_epsilon_floor/20260926T210310Z
"minmod=strict_eq21,borrow_source=raw,final_block=min,special=flagged_only,ties=low",3-3-2,0.9,1754,1754,8192,0.214111328125,False,research/results/verify_epsilon_floor/20260926T210310Z
"minmod=strict_eq21,borrow_source=raw,final_block=min,special=flagged_only,ties=low",4-4,0.5,754,88,8192,0.092041015625,False,research/results/verify_epsilon_floor/20260926T210310Z
"minmod=strict_eq21,borrow_source=raw,final_block=min,special=flagged_only,ties=low",4-4,0.9,174,174,8192,0.021240234375,False,research/results/verify_epsilon_floor/20260926T210310Z
"minmod=strict_eq21,borrow_source=raw,final_block=min,special=off",2-2-2-2,0.5,2793,2523,8192,0.3409423828125,False,research/results/verify_epsilon_floor/20260926T210310Z
"minmod=strict_eq21,borrow_source=raw,final_block=min,special=off",2-2-2-2,0.9,3959,3959,8192,0.4832763671875,False,research/results/verify_epsilon_floor/20260926T210310Z
"minmod=strict_eq21,borrow_source=raw,final_block=min,special=off",3-2-3,0.5,1887,1419,8192,0.2303466796875,False,research/results/verify_epsilon_floor/20260926T210310Z
"minmod=strict_eq21,borrow_source=raw,final_block=min,special=off",3-2-3,0.9,2227,2227,8192,0.2718505859375,False,research/results/verify_epsilon_floor/20260926T210310Z
"minmod=strict_eq21,borrow_source=raw,final_block=min,special=off",3-3-2,0.5,1159,805,8192,0.1414794921875,False,research/results/verify_epsilon_floor/20260926T210310Z
"minmod=strict_eq21,borrow_source=raw,final_block=min,special=off",3-3-2,0.9,1713,1713,8192,0.2091064453125,False,research/results/verify_epsilon_floor/20260926T210310Z
"minmod=strict_eq21,borrow_source=raw,final_block=min,special=off",4-4,0.5,756,90,8192,0.09228515625,False,research/results/verify_epsilon_floor/20260926T210310Z
"minmod=strict_eq21,borrow_source=raw,final_block=min,special=off",4-4,0.9,160,160,8192,0.01953125,False,research/results/verify_epsilon_floor/20260926T210310Z
"minmod=strict_eq21,borrow_source=raw,final_block=min,special=off,ties=high",2-2-2-2,0.5,2810,2540,8192,0.343017578125,False,research/results/verify_epsilon_floor/20260926T210310Z
"minmod=strict_eq21,borrow_source=raw,final_block=min,special=off,ties=high",2-2-2-2,0.9,3978,3978,8192,0.485595703125,False,research/results/verify_epsilon_floor/20260926T210310Z
"minmod=strict_eq21,borrow_source=raw,final_block=min,special=off,ties=high",3-2-3,0.5,1896,1428,8192,0.2314453125,False,research/results/verify_epsilon_floor/20260926T210310Z
"minmod=strict_eq21,borrow_source=raw,final_block=min,special=off,ties=high",3-2-3,0.9,2236,2236,8192,0.27294921875,False,research/results/verify_epsilon_floor/20260926T210310Z
"minmod=strict_eq21,borrow_source=raw,final_block=min,special=off,ties=high",3-3-2,0.5,1170,816,8192,0.142822265625,False,research/results/verify_epsilon_floor/20260926T210310Z
"minmod=strict_eq21,borrow_source=raw,final_block=min,special=off,ties=high",3-3-2,0.9,1724,1724,8192,0.21044921875,False,research/results/verify_epsilon_floor/20260926T210310Z
"minmod=strict_eq21,borrow_source=raw,final_block=min,special=off,ties=high",4-4,0.5,756,90,8192,0.09228515625,False,research/results/verify_epsilon_floor/20260926T210310Z
"minmod=strict_eq21,borrow_source=raw,final_block=min,special=off,ties=high",4-4,0.9,160,160,8192,0.01953125,False,research/results/verify_epsilon_floor/20260926T210310Z
"minmod=strict_eq21,borrow_source=raw,final_block=min,special=off,ties=low",2-2-2-2,0.5,2778,2508,8192,0.339111328125,False,research/results/verify_epsilon_floor/20260926T210310Z
"minmod=strict_eq21,borrow_source=raw,final_block=min,special=off,ties=low",2-2-2-2,0.9,3944,3944,8192,0.4814453125,False,research/results/verify_epsilon_floor/20260926T210310Z
"minmod=strict_eq21,borrow_source=raw,final_block=min,special=off,ties=low",3-2-3,0.5,1878,1410,8192,0.229248046875,False,research/results/verify_epsilon_floor/20260926T210310Z
"minmod=strict_eq21,borrow_source=raw,final_block=min,special=off,ties=low",3-2-3,0.9,2218,2218,8192,0.270751953125,False,research/results/verify_epsilon_floor/20260926T210310Z
"minmod=strict_eq21,borrow_source=raw,final_block=min,special=off,ties=low",3-3-2,0.5,1152,798,8192,0.140625,False,research/results/verify_epsilon_floor/20260926T210310Z
"minmod=strict_eq21,borrow_source=raw,final_block=min,special=off,ties=low",3-3-2,0.9,1706,1706,8192,0.208251953125,False,research/results/verify_epsilon_floor/20260926T210310Z
"minmod=strict_eq21,borrow_source=raw,final_block=min,special=off,ties=low",4-4,0.5,754,88,8192,0.092041015625,False,research/results/verify_epsilon_floor/20260926T210310Z
"minmod=strict_eq21,borrow_source=raw,final_block=min,special=off,ties=low",4-4,0.9,158,158,8192,0.019287109375,False,research/results/verify_epsilon_floor/20260926T210310Z
"minmod=strict_eq21,borrow_source=raw,final_block=min,ties=high",2-2-2-2,0.5,2866,2596,8192,0.349853515625,False,research/results/verify_epsilon_floor/20260926T210310Z
"minmod=strict_eq21,borrow_source=raw,final_block=min,ties=high",2-2-2-2,0.9,3562,3562,8192,0.434814453125,False,research/results/verify_epsilon_floor/20260926T210310Z
"minmod=strict_eq21,borrow_source=raw,final_block=min,ties=high",3-2-3,0.5,1896,1428,8192,0.2314453125,False,research/results/verify_epsilon_floor/20260926T210310Z
"minmod=strict_eq21,borrow_source=raw,final_block=min,ties=high",3-2-3,0.9,2060,2060,8192,0.25146484375,False,research/results/verify_epsilon_floor/20260926T210310Z
"minmod=strict_eq21,borrow_source=raw,final_block=min,ties=high",3-3-2,0.5,1262,908,8192,0.154052734375,False,research/results/verify_epsilon_floor/20260926T210310Z
"minmod=strict_eq21,borrow_source=raw,final_block=min,ties=high",3-3-2,0.9,1500,1500,8192,0.18310546875,False,research/results/verify_epsilon_floor/20260926T210310Z
"minmod=strict_eq21,borrow_source=raw,final_block=min,ties=high",4-4,0.5,756,90,8192,0.09228515625,False,research/results/verify_epsilon_floor/20260926T210310Z
"minmod=strict_eq21,borrow_source=raw,final_block=min,ties=high",4-4,0.9,160,160,8192,0.01953125,False,research/results/verify_epsilon_floor/20260926T210310Z
"minmod=strict_eq21,borrow_source=raw,final_block=min,ties=low",2-2-2-2,0.5,2860,2590,8192,0.34912109375,False,research/results/verify_epsilon_floor/20260926T210310Z
"minmod=strict_eq21,borrow_source=raw,final_block=min,ties=low",2-2-2-2,0.9,3560,3560,8192,0.4345703125,False,research/results/verify_epsilon_floor/20260926T210310Z
"minmod=strict_eq21,borrow_source=raw,final_block=min,ties=low",3-2-3,0.5,1878,1410,8192,0.229248046875,False,research/results/verify_epsilon_floor/20260926T210310Z
"minmod=strict_eq21,borrow_source=raw,final_block=min,ties=low",3-2-3,0.9,2050,2050,8192,0.250244140625,False,research/results/verify_epsilon_floor/20260926T210310Z
"minmod=strict_eq21,borrow_source=raw,final_block=min,ties=low",3-3-2,0.5,1298,944,8192,0.158447265625,False,research/results/verify_epsilon_floor/20260926T210310Z
"minmod=strict_eq21,borrow_source=raw,final_block=min,ties=low",3-3-2,0.9,1538,1538,8192,0.187744140625,False,research/results/verify_epsilon_floor/20260926T210310Z
"minmod=strict_eq21,borrow_source=raw,final_block=min,ties=low",4-4,0.5,754,88,8192,0.092041015625,False,research/results/verify_epsilon_floor/20260926T210310Z
"minmod=strict_eq21,borrow_source=raw,final_block=min,ties=low",4-4,0.9,158,158,8192,0.019287109375,False,research/results/verify_epsilon_floor/20260926T210310Z
"minmod=strict_eq21,borrow_source=raw,special=flagged_only",2-2-2-2,0.5,2541,2541,8192,0.3101806640625,False,research/results/verify_epsilon_floor/20260926T210310Z
"minmod=strict_eq21,borrow_source=raw,special=flagged_only",2-2-2-2,0.9,3971,3971,8192,0.4847412109375,False,research/results/verify_epsilon_floor/20260926T210310Z
"minmod=strict_eq21,borrow_source=raw,special=flagged_only",3-2-3,0.5,1395,1395,8192,0.1702880859375,False,research/results/verify_epsilon_floor/20260926T210310Z
"minmod=strict_eq21,borrow_source=raw,special=flagged_only",3-2-3,0.9,2233,2233,8192,0.2725830078125,False,research/results/verify_epsilon_floor/20260926T210310Z
"minmod=strict_eq21,borrow_source=raw,special=flagged_only",3-3-2,0.5,923,923,8192,0.1126708984375,False,research/results/verify_epsilon_floor/20260926T210310Z
"minmod=strict_eq21,borrow_source=raw,special=flagged_only",3-3-2,0.9,1743,1743,8192,0.2127685546875,False,research/results/verify_epsilon_floor/20260926T210310Z
"minmod=strict_eq21,borrow_source=raw,special=flagged_only",4-4,0.5,90,90,8192,0.010986328125,False,research/results/verify_epsilon_floor/20260926T210310Z
"minmod=strict_eq21,borrow_source=raw,special=flagged_only",4-4,0.9,168,168,8192,0.0205078125,False,research/results/verify_epsilon_floor/20260926T210310Z
"minmod=strict_eq21,borrow_source=raw,special=flagged_only,ties=high",2-2-2-2,0.5,2544,2544,8192,0.310546875,False,research/results/verify_epsilon_floor/20260926T210310Z
"minmod=strict_eq21,borrow_source=raw,special=flagged_only,ties=high",2-2-2-2,0.9,3978,3978,8192,0.485595703125,False,research/results/verify_epsilon_floor/20260926T210310Z
"minmod=strict_eq21,borrow_source=raw,special=flagged_only,ties=high",3-2-3,0.5,1404,1404,8192,0.17138671875,False,research/results/verify_epsilon_floor/20260926T210310Z
"minmod=strict_eq21,borrow_source=raw,special=flagged_only,ties=high",3-2-3,0.9,2236,2236,8192,0.27294921875,False,research/results/verify_epsilon_floor/20260926T210310Z
"minmod=strict_eq21,borrow_source=raw,special=flagged_only,ties=high",3-3-2,0.5,900,900,8192,0.10986328125,False,research/results/verify_epsilon_floor/20260926T210310Z
"minmod=strict_eq21,borrow_source=raw,special=flagged_only,ties=high",3-3-2,0.9,1724,1724,8192,0.21044921875,False,research/results/verify_epsilon_floor/20260926T210310Z
"minmod=strict_eq21,borrow_source=raw,special=flagged_only,ties=high",4-4,0.5,90,90,8192,0.010986328125,False,research/results/verify_epsilon_floor/20260926T210310Z
"minmod=strict_eq21,borrow_source=raw,special=flagged_only,ties=high",4-4,0.9,160,160,8192,0.01953125,False,research/results/verify_epsilon_floor/20260926T210310Z
"minmod=strict_eq21,borrow_source=raw,special=flagged_only,ties=low",2-2-2-2,0.5,2538,2538,8192,0.309814453125,False,research/results/verify_epsilon_floor/20260926T210310Z
"minmod=strict_eq21,borrow_source=raw,special=flagged_only,ties=low",2-2-2-2,0.9,3968,3968,8192,0.484375,False,research/results/verify_epsilon_floor/20260926T210310Z
"minmod=strict_eq21,borrow_source=raw,special=flagged_only,ties=low",3-2-3,0.5,1386,1386,8192,0.169189453125,False,research/results/verify_epsilon_floor/20260926T210310Z
"minmod=strict_eq21,borrow_source=raw,special=flagged_only,ties=low",3-2-3,0.9,2234,2234,8192,0.272705078125,False,research/results/verify_epsilon_floor/20260926T210310Z
"minmod=strict_eq21,borrow_source=raw,special=flagged_only,ties=low",3-3-2,0.5,936,936,8192,0.1142578125,False,research/results/verify_epsilon_floor/20260926T210310Z
"minmod=strict_eq21,borrow_source=raw,special=flagged_only,ties=low",3-3-2,0.9,1754,1754,8192,0.214111328125,False,research/results/verify_epsilon_floor/20260926T210310Z
"minmod=strict_eq21,borrow_source=raw,special=flagged_only,ties=low",4-4,0.5,88,88,8192,0.0107421875,False,research/results/verify_epsilon_floor/20260926T210310Z
"minmod=strict_eq21,borrow_source=raw,special=flagged_only,ties=low",4-4,0.9,174,174,8192,0.021240234375,False,research/results/verify_epsilon_floor/20260926T210310Z
"minmod=strict_eq21,borrow_source=raw,special=off",2-2-2-2,0.5,2640,2640,8192,0.322265625,False,research/results/verify_epsilon_floor/20260926T210310Z
"minmod=strict_eq21,borrow_source=raw,special=off",2-2-2-2,0.9,3979,3979,8192,0.4857177734375,False,research/results/verify_epsilon_floor/20260926T210310Z
"minmod=strict_eq21,borrow_source=raw,special=off",3-2-3,0.5,1395,1395,8192,0.1702880859375,False,research/results/verify_epsilon_floor/20260926T210310Z
"minmod=strict_eq21,borrow_source=raw,special=off",3-2-3,0.9,2245,2245,8192,0.2740478515625,False,research/results/verify_epsilon_floor/20260926T210310Z
"minmod=strict_eq21,borrow_source=raw,special=off",3-3-2,0.5,994,994,8192,0.121337890625,False,research/results/verify_epsilon_floor/20260926T210310Z
"minmod=strict_eq21,borrow_source=raw,special=off",3-3-2,0.9,1741,1741,8192,0.2125244140625,False,research/results/verify_epsilon_floor/20260926T210310Z
"minmod=strict_eq21,borrow_source=raw,special=off",4-4,0.5,90,90,8192,0.010986328125,False,research/results/verify_epsilon_floor/20260926T210310Z
"minmod=strict_eq21,borrow_source=raw,special=off",4-4,0.9,166,166,8192,0.020263671875,False,research/results/verify_epsilon_floor/20260926T210310Z
"minmod=strict_eq21,borrow_source=raw,special=off,ties=high",2-2-2-2,0.5,2684,2684,8192,0.32763671875,False,research/results/verify_epsilon_floor/20260926T210310Z
"minmod=strict_eq21,borrow_source=raw,special=off,ties=high",2-2-2-2,0.9,4026,4026,8192,0.491455078125,False,research/results/verify_epsilon_floor/20260926T210310Z
"minmod=strict_eq21,borrow_source=raw,special=off,ties=high",3-2-3,0.5,1404,1404,8192,0.17138671875,False,research/results/verify_epsilon_floor/20260926T210310Z
"minmod=strict_eq21,borrow_source=raw,special=off,ties=high",3-2-3,0.9,2268,2268,8192,0.27685546875,False,research/results/verify_epsilon_floor/20260926T210310Z
"minmod=strict_eq21,borrow_source=raw,special=off,ties=high",3-3-2,0.5,1040,1040,8192,0.126953125,False,research/results/verify_epsilon_floor/20260926T210310Z
"minmod=strict_eq21,borrow_source=raw,special=off,ties=high",3-3-2,0.9,1788,1788,8192,0.21826171875,False,research/results/verify_epsilon_floor/20260926T210310Z
"minmod=strict_eq21,borrow_source=raw,special=off,ties=high",4-4,0.5,90,90,8192,0.010986328125,False,research/results/verify_epsilon_floor/20260926T210310Z
"minmod=strict_eq21,borrow_source=raw,special=off,ties=high",4-4,0.9,176,176,8192,0.021484375,False,research/results/verify_epsilon_floor/20260926T210310Z
"minmod=strict_eq21,borrow_source=raw,special=off,ties=low",2-2-2-2,0.5,2604,2604,8192,0.31787109375,False,research/results/verify_epsilon_floor/20260926T210310Z
"minmod=strict_eq21,borrow_source=raw,special=off,ties=low",2-2-2-2,0.9,3944,3944,8192,0.4814453125,False,research/results/verify_epsilon_floor/20260926T210310Z
"minmod=strict_eq21,borrow_source=raw,special=off,ties=low",3-2-3,0.5,1386,1386,8192,0.169189453125,False,research/results/verify_epsilon_floor/20260926T210310Z
"minmod=strict_eq21,borrow_source=raw,special=off,ties=low",3-2-3,0.9,2218,2218,8192,0.270751953125,False,research/results/verify_epsilon_floor/20260926T210310Z
"minmod=strict_eq21,borrow_source=raw,special=off,ties=low",3-3-2,0.5,960,960,8192,0.1171875,False,research/results/verify_epsilon_floor/20260926T210310Z
"minmod=strict_eq21,borrow_source=raw,special=off,ties=low",3-3-2,0.9,1706,1706,8192,0.208251953125,False,research/results/verify_epsilon_floor/20260926T210310Z
"minmod=strict_eq21,borrow_source=raw,special=off,ties=low",4-4,0.5,88,88,8192,0.0107421875,False,research/results/verify_epsilon_floor/20260926T210310Z
"minmod=strict_eq21,borrow_source=raw,special=off,ties=low",4-4,0.9,158,158,8192,0.019287109375,False,research/results/verify_epsilon_floor/20260926T210310Z
"minmod=strict_eq21,borrow_source=raw,ties=high",2-2-2-2,0.5,2548,2548,8192,0.31103515625,False,research/results/verify_epsilon_floor/20260926T210310Z
"minmod=strict_eq21,borrow_source=raw,ties=high",2-2-2-2,0.9,3562,3562,8192,0.434814453125,False,research/results/verify_epsilon_floor/20260926T210310Z
"minmod=strict_eq21,borrow_source=raw,ties=high",3-2-3,0.5,1404,1404,8192,0.17138671875,False,research/results/verify_epsilon_floor/20260926T210310Z
"minmod=strict_eq21,borrow_source=raw,ties=high",3-2-3,0.9,2044,2044,8192,0.24951171875,False,research/results/verify_epsilon_floor/20260926T210310Z
"minmod=strict_eq21,borrow_source=raw,ties=high",3-3-2,0.5,884,884,8192,0.10791015625,False,research/results/verify_epsilon_floor/20260926T210310Z
"minmod=strict_eq21,borrow_source=raw,ties=high",3-3-2,0.9,1500,1500,8192,0.18310546875,False,research/results/verify_epsilon_floor/20260926T210310Z
"minmod=strict_eq21,borrow_source=raw,ties=high",4-4,0.5,90,90,8192,0.010986328125,False,research/results/verify_epsilon_floor/20260926T210310Z
"minmod=strict_eq21,borrow_source=raw,ties=high",4-4,0.9,144,144,8192,0.017578125,False,research/results/verify_epsilon_floor/20260926T210310Z
"minmod=strict_eq21,borrow_source=raw,ties=low",2-2-2-2,0.5,2542,2542,8192,0.310302734375,False,research/results/verify_epsilon_floor/20260926T210310Z
"minmod=strict_eq21,borrow_source=raw,ties=low",2-2-2-2,0.9,3560,3560,8192,0.4345703125,False,research/results/verify_epsilon_floor/20260926T210310Z
"minmod=strict_eq21,borrow_source=raw,ties=low",3-2-3,0.5,1386,1386,8192,0.169189453125,False,research/results/verify_epsilon_floor/20260926T210310Z
"minmod=strict_eq21,borrow_source=raw,ties=low",3-2-3,0.9,2050,2050,8192,0.250244140625,False,research/results/verify_epsilon_floor/20260926T210310Z
"minmod=strict_eq21,borrow_source=raw,ties=low",3-3-2,0.5,920,920,8192,0.1123046875,False,research/results/verify_epsilon_floor/20260926T210310Z
"minmod=strict_eq21,borrow_source=raw,ties=low",3-3-2,0.9,1538,1538,8192,0.187744140625,False,research/results/verify_epsilon_floor/20260926T210310Z
"minmod=strict_eq21,borrow_source=raw,ties=low",4-4,0.5,88,88,8192,0.0107421875,False,research/results/verify_epsilon_floor/20260926T210310Z
"minmod=strict_eq21,borrow_source=raw,ties=low",4-4,0.9,158,158,8192,0.019287109375,False,research/results/verify_epsilon_floor/20260926T210310Z
"minmod=strict_eq21,final_block=min",2-2-2-2,0.5,1736,1370,8192,0.2119140625,True,research/results/verify_epsilon_floor/20260926T210310Z
"minmod=strict_eq21,final_block=min",2-2-2-2,0.9,1230,1230,8192,0.150146484375,True,research/results/verify_epsilon_floor/20260926T210310Z
"minmod=strict_eq21,final_block=min",3-2-3,0.5,1071,555,8192,0.1307373046875,True,research/results/verify_epsilon_floor/20260926T210310Z
"minmod=strict_eq21,final_block=min",3-2-3,0.9,520,520,8192,0.0634765625,True,research/results/verify_epsilon_floor/20260926T210310Z
"minmod=strict_eq21,final_block=min",3-3-2,0.5,1027,649,8192,0.1253662109375,True,research/results/verify_epsilon_floor/20260926T210310Z
"minmod=strict_eq21,final_block=min",3-3-2,0.9,1008,1008,8192,0.123046875,True,research/results/verify_epsilon_floor/20260926T210310Z
"minmod=strict_eq21,final_block=min",4-4,0.5,756,90,8192,0.09228515625,True,research/results/verify_epsilon_floor/20260926T210310Z
"minmod=strict_eq21,final_block=min",4-4,0.9,160,160,8192,0.01953125,True,research/results/verify_epsilon_floor/20260926T210310Z
"minmod=strict_eq21,final_block=min,special=flagged_only",2-2-2-2,0.5,1672,1306,8192,0.2041015625,True,research/results/verify_epsilon_floor/20260926T210310Z
"minmod=strict_eq21,final_block=min,special=flagged_only",2-2-2-2,0.9,1239,1239,8192,0.1512451171875,True,research/results/verify_epsilon_floor/20260926T210310Z
"minmod=strict_eq21,final_block=min,special=flagged_only",3-2-3,0.5,1071,555,8192,0.1307373046875,True,research/results/verify_epsilon_floor/20260926T210310Z
"minmod=strict_eq21,final_block=min,special=flagged_only",3-2-3,0.9,515,515,8192,0.0628662109375,True,research/results/verify_epsilon_floor/20260926T210310Z
"minmod=strict_eq21,final_block=min,special=flagged_only",3-3-2,0.5,1027,649,8192,0.1253662109375,True,research/results/verify_epsilon_floor/20260926T210310Z
"minmod=strict_eq21,final_block=min,special=flagged_only",3-3-2,0.9,1002,1002,8192,0.122314453125,True,research/results/verify_epsilon_floor/20260926T210310Z
"minmod=strict_eq21,final_block=min,special=flagged_only",4-4,0.5,756,90,8192,0.09228515625,True,research/results/verify_epsilon_floor/20260926T210310Z
"minmod=strict_eq21,final_block=min,special=flagged_only",4-4,0.9,176,176,8192,0.021484375,True,research/results/verify_epsilon_floor/20260926T210310Z
"minmod=strict_eq21,final_block=min,special=flagged_only,ties=high",2-2-2-2,0.5,1658,1292,8192,0.202392578125,True,research/results/verify_epsilon_floor/20260926T210310Z
"minmod=strict_eq21,final_block=min,special=flagged_only,ties=high",2-2-2-2,0.9,1226,1226,8192,0.149658203125,True,research/results/verify_epsilon_floor/20260926T210310Z
"minmod=strict_eq21,final_block=min,special=flagged_only,ties=high",3-2-3,0.5,1080,564,8192,0.1318359375,True,research/results/verify_epsilon_floor/20260926T210310Z
"minmod=strict_eq21,final_block=min,special=flagged_only,ties=high",3-2-3,0.9,524,524,8192,0.06396484375,True,research/results/verify_epsilon_floor/20260926T210310Z
"minmod=strict_eq21,final_block=min,special=flagged_only,ties=high",3-3-2,0.5,998,620,8192,0.121826171875,True,research/results/verify_epsilon_floor/20260926T210310Z
"minmod=strict_eq21,final_block=min,special=flagged_only,ties=high",3-3-2,0.9,972,972,8192,0.11865234375,True,research/results/verify_epsilon_floor/20260926T210310Z
"minmod=strict_eq21,final_block=min,special=flagged_only,ties=high",4-4,0.5,756,90,8192,0.09228515625,True,research/results/verify_epsilon_floor/20260926T210310Z
"minmod=strict_eq21,final_block=min,special=flagged_only,ties=high",4-4,0.9,176,176,8192,0.021484375,True,research/results/verify_epsilon_floor/20260926T210310Z
"minmod=strict_eq21,final_block=min,special=flagged_only,ties=low",2-2-2-2,0.5,1680,1314,8192,0.205078125,True,research/results/verify_epsilon_floor/20260926T210310Z
"minmod=strict_eq21,final_block=min,special=flagged_only,ties=low",2-2-2-2,0.9,1248,1248,8192,0.15234375,True,research/results/verify_epsilon_floor/20260926T210310Z
"minmod=strict_eq21,final_block=min,special=flagged_only,ties=low",3-2-3,0.5,1062,546,8192,0.129638671875,True,research/results/verify_epsilon_floor/20260926T210310Z
"minmod=strict_eq21,final_block=min,special=flagged_only,ties=low",3-2-3,0.9,506,506,8192,0.061767578125,True,research/results/verify_epsilon_floor/20260926T210310Z
"minmod=strict_eq21,final_block=min,special=flagged_only,ties=low",3-3-2,0.5,1042,664,8192,0.127197265625,True,research/results/verify_epsilon_floor/20260926T210310Z
"minmod=strict_eq21,final_block=min,special=flagged_only,ties=low",3-3-2,0.9,1018,1018,8192,0.124267578125,True,research/results/verify_epsilon_floor/20260926T210310Z
"minmod=strict_eq21,final_block=min,special=flagged_only,ties=low",4-4,0.5,754,88,8192,0.092041015625,True,research/results/verify_epsilon_floor/20260926T210310Z
"minmod=strict_eq21,final_block=min,special=flagged_only,ties=low",4-4,0.9,174,174,8192,0.021240234375,True,research/results/verify_epsilon_floor/20260926T210310Z
"minmod=strict_eq21,final_block=min,special=off",2-2-2-2,0.5,1514,1148,8192,0.184814453125,True,research/results/verify_epsilon_floor/20260926T210310Z
"minmod=strict_eq21,final_block=min,special=off",2-2-2-2,0.9,1204,1204,8192,0.14697265625,True,research/results/verify_epsilon_floor/20260926T210310Z
"minmod=strict_eq21,final_block=min,special=off",3-2-3,0.5,1071,555,8192,0.1307373046875,True,research/results/verify_epsilon_floor/20260926T210310Z
"minmod=strict_eq21,final_block=min,special=off",3-2-3,0.9,483,483,8192,0.0589599609375,True,research/results/verify_epsilon_floor/20260926T210310Z
"minmod=strict_eq21,final_block=min,special=off",3-3-2,0.5,863,485,8192,0.1053466796875,True,research/results/verify_epsilon_floor/20260926T210310Z
"minmod=strict_eq21,final_block=min,special=off",3-3-2,0.9,961,961,8192,0.1173095703125,True,research/results/verify_epsilon_floor/20260926T210310Z
"minmod=strict_eq21,final_block=min,special=off",4-4,0.5,756,90,8192,0.09228515625,True,research/results/verify_epsilon_floor/20260926T210310Z
"minmod=strict_eq21,final_block=min,special=off",4-4,0.9,160,160,8192,0.01953125,True,research/results/verify_epsilon_floor/20260926T210310Z
"minmod=strict_eq21,final_block=min,special=off,ties=high",2-2-2-2,0.5,1534,1168,8192,0.187255859375,True,research/results/verify_epsilon_floor/20260926T210310Z
"minmod=strict_eq21,final_block=min,special=off,ties=high",2-2-2-2,0.9,1226,1226,8192,0.149658203125,True,research/results/verify_epsilon_floor/20260926T210310Z
"minmod=strict_eq21,final_block=min,special=off,ties=high",3-2-3,0.5,1080,564,8192,0.1318359375,True,research/results/verify_epsilon_floor/20260926T210310Z
"minmod=strict_eq21,final_block=min,special=off,ties=high",3-2-3,0.9,492,492,8192,0.06005859375,True,research/results/verify_epsilon_floor/20260926T210310Z
"minmod=strict_eq21,final_block=min,special=off,ties=high",3-3-2,0.5,874,496,8192,0.106689453125,True,research/results/verify_epsilon_floor/20260926T210310Z
"minmod=strict_eq21,final_block=min,special=off,ties=high",3-3-2,0.9,972,972,8192,0.11865234375,True,research/results/verify_epsilon_floor/20260926T210310Z
"minmod=strict_eq21,final_block=min,special=off,ties=high",4-4,0.5,756,90,8192,0.09228515625,True,research/results/verify_epsilon_floor/20260926T210310Z
"minmod=strict_eq21,final_block=min,special=off,ties=high",4-4,0.9,160,160,8192,0.01953125,True,research/results/verify_epsilon_floor/20260926T210310Z
"minmod=strict_eq21,final_block=min,special=off,ties=low",2-2-2-2,0.5,1494,1128,8192,0.182373046875,True,research/results/verify_epsilon_floor/20260926T210310Z
"minmod=strict_eq21,final_block=min,special=off,ties=low",2-2-2-2,0.9,1184,1184,8192,0.14453125,True,research/results/verify_epsilon_floor/20260926T210310Z
"minmod=strict_eq21,final_block=min,special=off,ties=low",3-2-3,0.5,1062,546,8192,0.129638671875,True,research/results/verify_epsilon_floor/20260926T210310Z
"minmod=strict_eq21,final_block=min,special=off,ties=low",3-2-3,0.9,474,474,8192,0.057861328125,True,research/results/verify_epsilon_floor/20260926T210310Z
"minmod=strict_eq21,final_block=min,special=off,ties=low",3-3-2,0.5,856,478,8192,0.1044921875,True,research/results/verify_epsilon_floor/20260926T210310Z
"minmod=strict_eq21,final_block=min,special=off,ties=low",3-3-2,0.9,954,954,8192,0.116455078125,True,research/results/verify_epsilon_floor/20260926T210310Z
"minmod=strict_eq21,final_block=min,special=off,ties=low",4-4,0.5,754,88,8192,0.092041015625,True,research/results/verify_epsilon_floor/20260926T210310Z
"minmod=strict_eq21,final_block=min,special=off,ties=low",4-4,0.9,158,158,8192,0.019287109375,True,research/results/verify_epsilon_floor/20260926T210310Z
"minmod=strict_eq21,final_block=min,ties=high",2-2-2-2,0.5,1722,1356,8192,0.210205078125,True,research/results/verify_epsilon_floor/20260926T210310Z
"minmod=strict_eq21,final_block=min,ties=high",2-2-2-2,0.9,1210,1210,8192,0.147705078125,True,research/results/verify_epsilon_floor/20260926T210310Z
"minmod=strict_eq21,final_block=min,ties=high",3-2-3,0.5,1080,564,8192,0.1318359375,True,research/results/verify_epsilon_floor/20260926T210310Z
"minmod=strict_eq21,final_block=min,ties=high",3-2-3,0.9,524,524,8192,0.06396484375,True,research/results/verify_epsilon_floor/20260926T210310Z
"minmod=strict_eq21,final_block=min,ties=high",3-3-2,0.5,998,620,8192,0.121826171875,True,research/results/verify_epsilon_floor/20260926T210310Z
"minmod=strict_eq21,final_block=min,ties=high",3-3-2,0.9,972,972,8192,0.11865234375,True,research/results/verify_epsilon_floor/20260926T210310Z
"minmod=strict_eq21,final_block=min,ties=high",4-4,0.5,756,90,8192,0.09228515625,True,research/results/verify_epsilon_floor/20260926T210310Z
"minmod=strict_eq21,final_block=min,ties=high",4-4,0.9,160,160,8192,0.01953125,True,research/results/verify_epsilon_floor/20260926T210310Z
"minmod=strict_eq21,final_block=min,ties=low",2-2-2-2,0.5,1744,1378,8192,0.212890625,True,research/results/verify_epsilon_floor/20260926T210310Z
"minmod=strict_eq21,final_block=min,ties=low",2-2-2-2,0.9,1248,1248,8192,0.15234375,True,research/results/verify_epsilon_floor/20260926T210310Z
"minmod=strict_eq21,final_block=min,ties=low",3-2-3,0.5,1062,546,8192,0.129638671875,True,research/results/verify_epsilon_floor/20260926T210310Z
"minmod=strict_eq21,final_block=min,ties=low",3-2-3,0.9,514,514,8192,0.062744140625,True,research/results/verify_epsilon_floor/20260926T210310Z
"minmod=strict_eq21,final_block=min,ties=low",3-3-2,0.5,1042,664,8192,0.127197265625,True,research/results/verify_epsilon_floor/20260926T210310Z
"minmod=strict_eq21,final_block=min,ties=low",3-3-2,0.9,1026,1026,8192,0.125244140625,True,research/results/verify_epsilon_floor/20260926T210310Z
"minmod=strict_eq21,final_block=min,ties=low",4-4,0.5,754,88,8192,0.092041015625,True,research/results/verify_epsilon_floor/20260926T210310Z
"minmod=strict_eq21,final_block=min,ties=low",4-4,0.9,158,158,8192,0.019287109375,True,research/results/verify_epsilon_floor/20260926T210310Z
"minmod=strict_eq21,special=flagged_only",2-2-2-2,0.5,1306,1306,8192,0.159423828125,True,research/results/verify_epsilon_floor/20260926T210310Z
"minmod=strict_eq21,special=flagged_only",2-2-2-2,0.9,1239,1239,8192,0.1512451171875,True,research/results/verify_epsilon_floor/20260926T210310Z
"minmod=strict_eq21,special=flagged_only",3-2-3,0.5,555,555,8192,0.0677490234375,True,research/results/verify_epsilon_floor/20260926T210310Z
"minmod=strict_eq21,special=flagged_only",3-2-3,0.9,498,498,8192,0.060791015625,True,research/results/verify_epsilon_floor/20260926T210310Z
"minmod=strict_eq21,special=flagged_only",3-3-2,0.5,649,649,8192,0.0792236328125,True,research/results/verify_epsilon_floor/20260926T210310Z
"minmod=strict_eq21,special=flagged_only",3-3-2,0.9,1002,1002,8192,0.122314453125,True,research/results/verify_epsilon_floor/20260926T210310Z
"minmod=strict_eq21,special=flagged_only",4-4,0.5,90,90,8192,0.010986328125,True,research/results/verify_epsilon_floor/20260926T210310Z
"minmod=strict_eq21,special=flagged_only",4-4,0.9,168,168,8192,0.0205078125,True,research/results/verify_epsilon_floor/20260926T210310Z
"minmod=strict_eq21,special=flagged_only,ties=high",2-2-2-2,0.5,1292,1292,8192,0.15771484375,True,research/results/verify_epsilon_floor/20260926T210310Z
"minmod=strict_eq21,special=flagged_only,ties=high",2-2-2-2,0.9,1226,1226,8192,0.149658203125,True,research/results/verify_epsilon_floor/20260926T210310Z
"minmod=strict_eq21,special=flagged_only,ties=high",3-2-3,0.5,564,564,8192,0.06884765625,True,research/results/verify_epsilon_floor/20260926T210310Z
"minmod=strict_eq21,special=flagged_only,ties=high",3-2-3,0.9,492,492,8192,0.06005859375,True,research/results/verify_epsilon_floor/20260926T210310Z
"minmod=strict_eq21,special=flagged_only,ties=high",3-3-2,0.5,620,620,8192,0.07568359375,True,research/results/verify_epsilon_floor/20260926T210310Z
"minmod=strict_eq21,special=flagged_only,ties=high",3-3-2,0.9,972,972,8192,0.11865234375,True,research/results/verify_epsilon_floor/20260926T210310Z
"minmod=strict_eq21,special=flagged_only,ties=high",4-4,0.5,90,90,8192,0.010986328125,True,research/results/verify_epsilon_floor/20260926T210310Z
"minmod=strict_eq21,special=flagged_only,ties=high",4-4,0.9,160,160,8192,0.01953125,True,research/results/verify_epsilon_floor/20260926T210310Z
"minmod=strict_eq21,special=flagged_only,ties=low",2-2-2-2,0.5,1314,1314,8192,0.160400390625,True,research/results/verify_epsilon_floor/20260926T210310Z
"minmod=strict_eq21,special=flagged_only,ties=low",2-2-2-2,0.9,1248,1248,8192,0.15234375,True,research/results/verify_epsilon_floor/20260926T210310Z
"minmod=strict_eq21,special=flagged_only,ties=low",3-2-3,0.5,546,546,8192,0.066650390625,True,research/results/verify_epsilon_floor/20260926T210310Z
"minmod=strict_eq21,special=flagged_only,ties=low",3-2-3,0.9,506,506,8192,0.061767578125,True,research/results/verify_epsilon_floor/20260926T210310Z
"minmod=strict_eq21,special=flagged_only,ties=low",3-3-2,0.5,664,664,8192,0.0810546875,True,research/results/verify_epsilon_floor/20260926T210310Z
"minmod=strict_eq21,special=flagged_only,ties=low",3-3-2,0.9,1018,1018,8192,0.124267578125,True,research/results/verify_epsilon_floor/20260926T210310Z
"minmod=strict_eq21,special=flagged_only,ties=low",4-4,0.5,88,88,8192,0.0107421875,True,research/results/verify_epsilon_floor/20260926T210310Z
"minmod=strict_eq21,special=flagged_only,ties=low",4-4,0.9,174,174,8192,0.021240234375,True,research/results/verify_epsilon_floor/20260926T210310Z
"minmod=strict_eq21,special=off",2-2-2-2,0.5,1352,1352,8192,0.1650390625,True,research/results/verify_epsilon_floor/20260926T210310Z
"minmod=strict_eq21,special=off",2-2-2-2,0.9,1230,1230,8192,0.150146484375,True,research/results/verify_epsilon_floor/20260926T210310Z
"minmod=strict_eq21,special=off",3-2-3,0.5,555,555,8192,0.0677490234375,True,research/results/verify_epsilon_floor/20260926T210310Z
"minmod=strict_eq21,special=off",3-2-3,0.9,501,501,8192,0.0611572265625,True,research/results/verify_epsilon_floor/20260926T210310Z
"minmod=strict_eq21,special=off",3-3-2,0.5,698,698,8192,0.085205078125,True,research/results/verify_epsilon_floor/20260926T210310Z
"minmod=strict_eq21,special=off",3-3-2,0.9,989,989,8192,0.1207275390625,True,research/results/verify_epsilon_floor/20260926T210310Z
"minmod=strict_eq21,special=off",4-4,0.5,90,90,8192,0.010986328125,True,research/results/verify_epsilon_floor/20260926T210310Z
"minmod=strict_eq21,special=off",4-4,0.9,166,166,8192,0.020263671875,True,research/results/verify_epsilon_floor/20260926T210310Z
"minmod=strict_eq21,special=off,ties=high",2-2-2-2,0.5,1408,1408,8192,0.171875,True,research/results/verify_epsilon_floor/20260926T210310Z
"minmod=strict_eq21,special=off,ties=high",2-2-2-2,0.9,1290,1290,8192,0.157470703125,True,research/results/verify_epsilon_floor/20260926T210310Z
"minmod=strict_eq21,special=off,ties=high",3-2-3,0.5,564,564,8192,0.06884765625,True,research/results/verify_epsilon_floor/20260926T210310Z
"minmod=strict_eq21,special=off,ties=high",3-2-3,0.9,524,524,8192,0.06396484375,True,research/results/verify_epsilon_floor/20260926T210310Z
"minmod=strict_eq21,special=off,ties=high",3-3-2,0.5,744,744,8192,0.0908203125,True,research/results/verify_epsilon_floor/20260926T210310Z
"minmod=strict_eq21,special=off,ties=high",3-3-2,0.9,1036,1036,8192,0.12646484375,True,research/results/verify_epsilon_floor/20260926T210310Z
"minmod=strict_eq21,special=off,ties=high",4-4,0.5,90,90,8192,0.010986328125,True,research/results/verify_epsilon_floor/20260926T210310Z
"minmod=strict_eq21,special=off,ties=high",4-4,0.9,176,176,8192,0.021484375,True,research/results/verify_epsilon_floor/20260926T210310Z
"minmod=strict_eq21,special=off,ties=low",2-2-2-2,0.5,1308,1308,8192,0.15966796875,True,research/results/verify_epsilon_floor/20260926T210310Z
"minmod=strict_eq21,special=off,ties=low",2-2-2-2,0.9,1184,1184,8192,0.14453125,True,research/results/verify_epsilon_floor/20260926T210310Z
"minmod=strict_eq21,special=off,ties=low",3-2-3,0.5,546,546,8192,0.066650390625,True,research/results/verify_epsilon_floor/20260926T210310Z
"minmod=strict_eq21,special=off,ties=low",3-2-3,0.9,474,474,8192,0.057861328125,True,research/results/verify_epsilon_floor/20260926T210310Z
"minmod=strict_eq21,special=off,ties=low",3-3-2,0.5,664,664,8192,0.0810546875,True,research/results/verify_epsilon_floor/20260926T210310Z
"minmod=strict_eq21,special=off,ties=low",3-3-2,0.9,954,954,8192,0.116455078125,True,research/results/verify_epsilon_floor/20260926T210310Z
"minmod=strict_eq21,special=off,ties=low",4-4,0.5,88,88,8192,0.0107421875,True,research/results/verify_epsilon_floor/20260926T210310Z
"minmod=strict_eq21,special=off,ties=low",4-4,0.9,158,158,8192,0.019287109375,True,research/results/verify_epsilon_floor/20260926T210310Z
"minmod=strict_eq21,ties=high",2-2-2-2,0.5,1356,1356,8192,0.16552734375,True,research/results/verify_epsilon_floor/20260926T210310Z
"minmod=strict_eq21,ties=high",2-2-2-2,0.9,1210,1210,8192,0.147705078125,True,research/results/verify_epsilon_floor/20260926T210310Z
"minmod=strict_eq21,ties=high",3-2-3,0.5,564,564,8192,0.06884765625,True,research/results/verify_epsilon_floor/20260926T210310Z
"minmod=strict_eq21,ties=high",3-2-3,0.9,492,492,8192,0.06005859375,True,research/results/verify_epsilon_floor/20260926T210310Z
"minmod=strict_eq21,ties=high",3-3-2,0.5,620,620,8192,0.07568359375,True,research/results/verify_epsilon_floor/20260926T210310Z
"minmod=strict_eq21,ties=high",3-3-2,0.9,972,972,8192,0.11865234375,True,research/results/verify_epsilon_floor/20260926T210310Z
"minmod=strict_eq21,ties=high",4-4,0.5,90,90,8192,0.010986328125,True,research/results/verify_epsilon_floor/20260926T210310Z
"minmod=strict_eq21,ties=high",4-4,0.9,144,144,8192,0.017578125,True,research/results/verify_epsilon_floor/20260926T210310Z
"minmod=strict_eq21,ties=low",2-2-2-2,0.5,1378,1378,8192,0.168212890625,True,research/results/verify_epsilon_floor/20260926T210310Z
"minmod=strict_eq21,ties=low",2-2-2-2,0.9,1248,1248,8192,0.15234375,True,research/results/verify_epsilon_floor/20260926T210310Z
"minmod=strict_eq21,ties=low",3-2-3,0.5,546,546,8192,0.066650390625,True,research/results/verify_epsilon_floor/20260926T210310Z
"minmod=strict_eq21,ties=low",3-2-3,0.9,514,514,8192,0.062744140625,True,research/results/verify_epsilon_floor/20260926T210310Z
"minmod=strict_eq21,ties=low",3-3-2,0.5,664,664,8192,0.0810546875,True,research/results/verify_epsilon_floor/20260926T210310Z
"minmod=strict_eq21,ties=low",3-3-2,0.9,1026,1026,8192,0.125244140625,True,research/results/verify_epsilon_floor/20260926T210310Z
"minmod=strict_eq21,ties=low",4-4,0.5,88,88,8192,0.0107421875,True,research/results/verify_epsilon_floor/20260926T210310Z
"minmod=strict_eq21,ties=low",4-4,0.9,158,158,8192,0.019287109375,True,research/results/verify_epsilon_floor/20260926T210310Z
special=flagged_only,2-2-2-2,0.5,227,227,8192,0.0277099609375,True,research/results/verify_epsilon_floor/20260926T210310Z
special=flagged_only,2-2-2-2,0.9,1075,1075,8192,0.1312255859375,True,research/results/verify_epsilon_floor/20260926T210310Z
special=flagged_only,3-2-3,0.5,0,0,8192,0.0,True,research/results/verify_epsilon_floor/20260926T210310Z
special=flagged_only,3-2-3,0.9,415,415,8192,0.0506591796875,True,research/results/verify_epsilon_floor/20260926T210310Z
special=flagged_only,3-3-2,0.5,297,297,8192,0.0362548828125,True,research/results/verify_epsilon_floor/20260926T210310Z
special=flagged_only,3-3-2,0.9,953,953,8192,0.1163330078125,True,research/results/verify_epsilon_floor/20260926T210310Z
special=flagged_only,4-4,0.5,0,0,8192,0.0,True,research/results/verify_epsilon_floor/20260926T210310Z
special=flagged_only,4-4,0.9,152,152,8192,0.0185546875,True,research/results/verify_epsilon_floor/20260926T210310Z
"special=flagged_only,ties=high",2-2-2-2,0.5,192,192,8192,0.0234375,True,research/results/verify_epsilon_floor/20260926T210310Z
"special=flagged_only,ties=high",2-2-2-2,0.9,1040,1040,8192,0.126953125,True,research/results/verify_epsilon_floor/20260926T210310Z
"special=flagged_only,ties=high",3-2-3,0.5,0,0,8192,0.0,True,research/results/verify_epsilon_floor/20260926T210310Z
"special=flagged_only,ties=high",3-2-3,0.9,400,400,8192,0.048828125,True,research/results/verify_epsilon_floor/20260926T210310Z
"special=flagged_only,ties=high",3-3-2,0.5,256,256,8192,0.03125,True,research/results/verify_epsilon_floor/20260926T210310Z
"special=flagged_only,ties=high",3-3-2,0.9,912,912,8192,0.111328125,True,research/results/verify_epsilon_floor/20260926T210310Z
"special=flagged_only,ties=high",4-4,0.5,0,0,8192,0.0,True,research/results/verify_epsilon_floor/20260926T210310Z
"special=flagged_only,ties=high",4-4,0.9,144,144,8192,0.017578125,True,research/results/verify_epsilon_floor/20260926T210310Z
"special=flagged_only,ties=low",2-2-2-2,0.5,256,256,8192,0.03125,True,research/results/verify_epsilon_floor/20260926T210310Z
"special=flagged_only,ties=low",2-2-2-2,0.9,1104,1104,8192,0.134765625,True,research/results/verify_epsilon_floor/20260926T210310Z
"special=flagged_only,ties=low",3-2-3,0.5,0,0,8192,0.0,True,research/results/verify_epsilon_floor/20260926T210310Z
"special=flagged_only,ties=low",3-2-3,0.9,432,432,8192,0.052734375,True,research/results/verify_epsilon_floor/20260926T210310Z
"special=flagged_only,ties=low",3-3-2,0.5,320,320,8192,0.0390625,True,research/results/verify_epsilon_floor/20260926T210310Z
"special=flagged_only,ties=low",3-3-2,0.9,976,976,8192,0.119140625,True,research/results/verify_epsilon_floor/20260926T210310Z
"special=flagged_only,ties=low",4-4,0.5,0,0,8192,0.0,True,research/results/verify_epsilon_floor/20260926T210310Z
"special=flagged_only,ties=low",4-4,0.9,160,160,8192,0.01953125,True,research/results/verify_epsilon_floor/20260926T210310Z
special=off,2-2-2-2,0.5,282,282,8192,0.034423828125,True,research/results/verify_epsilon_floor/20260926T210310Z
special=off,2-2-2-2,0.9,1066,1066,8192,0.130126953125,True,research/results/verify_epsilon_floor/20260926T210310Z
special=off,3-2-3,0.5,0,0,8192,0.0,True,research/results/verify_epsilon_floor/20260926T210310Z
special=off,3-2-3,0.9,418,418,8192,0.051025390625,True,research/results/verify_epsilon_floor/20260926T210310Z
special=off,3-3-2,0.5,348,348,8192,0.04248046875,True,research/results/verify_epsilon_floor/20260926T210310Z
special=off,3-3-2,0.9,940,940,8192,0.11474609375,True,research/results/verify_epsilon_floor/20260926T210310Z
special=off,4-4,0.5,0,0,8192,0.0,True,research/results/verify_epsilon_floor/20260926T210310Z
special=off,4-4,0.9,150,150,8192,0.018310546875,True,research/results/verify_epsilon_floor/20260926T210310Z
"special=off,ties=high",2-2-2-2,0.5,320,320,8192,0.0390625,True,research/results/verify_epsilon_floor/20260926T210310Z
"special=off,ties=high",2-2-2-2,0.9,1104,1104,8192,0.134765625,True,research/results/verify_epsilon_floor/20260926T210310Z
"special=off,ties=high",3-2-3,0.5,0,0,8192,0.0,True,research/results/verify_epsilon_floor/20260926T210310Z
"special=off,ties=high",3-2-3,0.9,432,432,8192,0.052734375,True,research/results/verify_epsilon_floor/20260926T210310Z
"special=off,ties=high",3-3-2,0.5,384,384,8192,0.046875,True,research/results/verify_epsilon_floor/20260926T210310Z
"special=off,ties=high",3-3-2,0.9,976,976,8192,0.119140625,True,research/results/verify_epsilon_floor/20260926T210310Z
"special=off,ties=high",4-4,0.5,0,0,8192,0.0,True,research/results/verify_epsilon_floor/20260926T210310Z
"special=off,ties=high",4-4,0.9,160,160,8192,0.01953125,True,research/results/verify_epsilon_floor/20260926T210310Z
"special=off,ties=low",2-2-2-2,0.5,256,256,8192,0.03125,True,research/results/verify_epsilon_floor/20260926T210310Z
"special=off,ties=low",2-2-2-2,0.9,1040,1040,8192,0.126953125,True,research/results/verify_epsilon_floor/20260926T210310Z
"special=off,ties=low",3-2-3,0.5,0,0,8192,0.0,True,research/results/verify_epsilon_floor/20260926T210310Z
"special=off,ties=low",3-2-3,0.9,400,400,8192,0.048828125,True,research/results/verify_epsilon_floor/20260926T210310Z
"special=off,ties=low",3-3-2,0.5,320,320,8192,0.0390625,True,research/results/verify_epsilon_floor/20260926T210310Z
"special=off,ties=low",3-3-2,0.9,912,912,8192,0.111328125,True,research/results/verify_epsilon_floor/20260926T210310Z
"special=off,ties=low",4-4,0.5,0,0,8192,0.0,True,research/results/verify_epsilon_floor/20260926T210310Z
"special=off,ties=low",4-4,0.9,144,144,8192,0.017578125,True,research/results/verify_epsilon_floor/20260926T210310Z
ties=high,2-2-2-2,0.5,256,256,8192,0.03125,True,research/results/verify_epsilon_floor/20260926T210310Z
ties=high,2-2-2-2,0.9,1024,1024,8192,0.125,True,research/results/verify_epsilon_floor/20260926T210310Z
ties=high,3-2-3,0.5,0,0,8192,0.0,True,research/results/verify_epsilon_floor/20260926T210310Z
ties=high,3-2-3,0.9,400,400,8192,0.048828125,True,research/results/verify_epsilon_floor/20260926T210310Z
ties=high,3-3-2,0.5,256,256,8192,0.03125,True,research/results/verify_epsilon_floor/20260926T210310Z
ties=high,3-3-2,0.9,912,912,8192,0.111328125,True,research/results/verify_epsilon_floor/20260926T210310Z
ties=high,4-4,0.5,0,0,8192,0.0,True,research/results/verify_epsilon_floor/20260926T210310Z
ties=high,4-4,0.9,128,128,8192,0.015625,True,research/results/verify_epsilon_floor/20260926T210310Z
ties=low,2-2-2-2,0.5,320,320,8192,0.0390625,True,research/results/verify_epsilon_floor/20260926T210310Z
ties=low,2-2-2-2,0.9,1104,1104,8192,0.134765625,True,research/results/verify_epsilon_floor/20260926T210310Z
ties=low,3-2-3,0.5,0,0,8192,0.0,True,research/results/verify_epsilon_floor/20260926T210310Z
ties=low,3-2-3,0.9,440,440,8192,0.0537109375,True,research/results/verify_epsilon_floor/20260926T210310Z
ties=low,3-3-2,0.5,320,320,8192,0.0390625,True,research/results/verify_epsilon_floor/20260926T210310Z
ties=low,3-3-2,0.9,984,984,8192,0.1201171875,True,research/results/verify_epsilon_floor/20260926T210310Z
ties=low,4-4,0.5,0,0,8192,0.0,True,research/results/verify_epsilon_floor/20260926T210310Z
ties=low,4-4,0.9,144,144,8192,0.017578125,True,research/results/verify_epsilon_floor/20260926T210310Z
