decoder,epsilon,n_phases,observed_fail,predicted_fail,tp,fp,fn,max_error_lsb,widths,grid_offset,n,task,partition_eps_star,fail_rate,run
awqpe,0.3,16384,0,0,0,0,0,0.5,2-2-2-2,0.0,8,sweep,0.3792058953262869,0.0,research/results/verify_epsilon_floor/20260926T210310Z
awqpe_ablate_special,0.3,16384,0,0,0,0,0,0.5,2-2-2-2,0.0,8,sweep,0.3792058953262869,0.0,research/results/verify_epsilon_floor/20260926T210310Z
awqpe,0.31,16384,0,0,0,0,0,0.5,2-2-2-2,0.0,8,sweep,0.3792058953262869,0.0,research/results/verify_epsilon_floor/20260926T210310Z
awqpe_ablate_special,0.31,16384,0,0,0,0,0,0.5,2-2-2-2,0.0,8,sweep,0.3792058953262869,0.0,research/results/verify_epsilon_floor/20260926T210310Z
awqpe,0.32,16384,0,0,0,0,0,0.5,2-2-2-2,0.0,8,sweep,0.3792058953262869,0.0,research/results/verify_epsilon_floor/20260926T210310Z
awqpe_ablate_special,0.32,16384,0,0,0,0,0,0.5,2-2-2-2,0.0,8,sweep,0.3792058953262869,0.0,research/results/verify_epsilon_floor/20260926T210310Z
awqpe,0.33,16384,0,0,0,0,0,0.5,2-2-2-2,0.0,8,sweep,0.3792058953262869,0.0,research/results/verify_epsilon_floor/20260926T210310Z
awqpe_ablate_special,0.33,16384,0,0,0,0,0,0.5,2-2-2-2,0.0,8,sweep,0.3792058953262869,0.0,research/results/verify_epsilon_floor/20260926T210310Z
awqpe,0.34,16384,0,0,0,0,0,0.5,2-2-2-2,0.0,8,sweep,0.3792058953262869,0.0,research/results/verify_epsilon_floor/20260926T210310Z
awqpe_ablate_special,0.34,16384,0,0,0,0,0,0.5,2-2-2-2,0.0,8,sweep,0.3792058953262869,0.0,research/results/verify_epsilon_floor/20260926T210310Z
awqpe,0.35,16384,0,0,0,0,0,0.5,2-2-2-2,0.0,8,sweep,0.3792058953262869,0.0,research/results/verify_epsilon_floor/20260926T210310Z
awqpe_ablate_special,0.35,16384,0,0,0,0,0,0.5,2-2-2-2,0.0,8,sweep,0.3792058953262869,0.0,research/results/verify_epsilon_floor/20260926T210310Z
awqpe,0.36,16384,0,0,0,0,0,0.5,2-2-2-2,0.0,8,sweep,0.3792058953262869,0.0,research/results/verify_epsilon_floor/20260926T210310Z
awqpe_ablate_special,0.36,16384,0,0,0,0,0,0.5,2-2-2-2,0.0,8,sweep,0.3792058953262869,0.0,research/results/verify_epsilon_floor/20260926T210310Z
awqpe,0.37,16384,0,0,0,0,0,0.5,2-2-2-2,0.0,8,sweep,0.3792058953262869,0.0,research/results/verify_epsilon_floor/20260926T210310Z
awqpe_ablate_special,0.37,16384,0,0,0,0,0,0.5,2-2-2-2,0.0,8,sweep,0.3792058953262869,0.0,research/results/verify_epsilon_floor/20260926T210310Z
awqpe,0.38,16384,64,0,0,0,64,3.5,2-2-2-2,0.0,8,sweep,0.3792058953262869,0.00390625,research/results/verify_epsilon_floor/20260926T210310Z
awqpe_ablate_special,0.38,16384,0,64,0,64,0,0.5,2-2-2-2,0.0,8,sweep,0.3792058953262869,0.0,research/results/verify_epsilon_floor/20260926T210310Z
awqpe,0.39,16384,64,0,0,0,64,3.5,2-2-2-2,0.0,8,sweep,0.3792058953262869,0.00390625,research/results/verify_epsilon_floor/20260926T210310Z
awqpe_ablate_special,0.39,16384,0,64,0,64,0,0.5,2-2-2-2,0.0,8,sweep,0.3792058953262869,0.0,research/results/verify_epsilon_floor/20260926T210310Z
awqpe,0.4,16384,128,64,64,0,64,3.515625,2-2-2-2,0.0,8,sweep,0.3792058953262869,0.0078125,research/results/verify_epsilon_floor/20260926T210310Z
awqpe_ablate_special,0.4,16384,64,128,64,64,0,3.515625,2-2-2-2,0.0,8,sweep,0.3792058953262869,0.00390625,research/results/verify_epsilon_floor/20260926T210310Z
awqpe,0.41,16384,192,128,128,0,64,3.53125,2-2-2-2,0.0,8,sweep,0.3792058953262869,0.01171875,research/results/verify_epsilon_floor/20260926T210310Z
awqpe_ablate_special,0.41,16384,128,192,128,64,0,3.53125,2-2-2-2,0.0,8,sweep,0.3792058953262869,0.0078125,research/results/verify_epsilon_floor/20260926T210310Z
awqpe,0.42,16384,256,192,192,0,64,3.546875,2-2-2-2,0.0,8,sweep,0.3792058953262869,0.015625,research/results/verify_epsilon_floor/20260926T210310Z
awqpe_ablate_special,0.42,16384,192,256,192,64,0,3.546875,2-2-2-2,0.0,8,sweep,0.3792058953262869,0.01171875,research/results/verify_epsilon_floor/20260926T210310Z
awqpe,0.43,16384,256,192,192,0,64,3.546875,2-2-2-2,0.0,8,sweep,0.3792058953262869,0.015625,research/results/verify_epsilon_floor/20260926T210310Z
awqpe_ablate_special,0.43,16384,192,256,192,64,0,3.546875,2-2-2-2,0.0,8,sweep,0.3792058953262869,0.01171875,research/results/verify_epsilon_floor/20260926T210310Z
awqpe,0.44,16384,320,256,256,0,64,3.5625,2-2-2-2,0.0,8,sweep,0.3792058953262869,0.01953125,research/results/verify_epsilon_floor/20260926T210310Z
awqpe_ablate_special,0.44,16384,256,320,256,64,0,3.5625,2-2-2-2,0.0,8,sweep,0.3792058953262869,0.015625,research/results/verify_epsilon_floor/20260926T210310Z
awqpe,0.45,16384,384,320,320,0,64,3.578125,2-2-2-2,0.0,8,sweep,0.3792058953262869,0.0234375,research/results/verify_epsilon_floor/20260926T210310Z
awqpe_ablate_special,0.45,16384,320,384,320,64,0,3.578125,2-2-2-2,0.0,8,sweep,0.3792058953262869,0.01953125,research/results/verify_epsilon_floor/20260926T210310Z
awqpe,0.46,16384,448,384,384,0,64,3.59375,2-2-2-2,0.0,8,sweep,0.3792058953262869,0.02734375,research/results/verify_epsilon_floor/20260926T210310Z
awqpe_ablate_special,0.46,16384,384,448,384,64,0,3.59375,2-2-2-2,0.0,8,sweep,0.3792058953262869,0.0234375,research/results/verify_epsilon_floor/20260926T210310Z
awqpe,0.47,16384,448,384,384,0,64,51.59375,2-2-2-2,0.0,8,sweep,0.3792058953262869,0.02734375,research/results/verify_epsilon_floor/20260926T210310Z
awqpe_ablate_special,0.47,16384,384,448,384,64,0,51.59375,2-2-2-2,0.0,8,sweep,0.3792058953262869,0.0234375,research/results/verify_epsilon_floor/20260926T210310Z
awqpe,0.48,16384,512,448,448,0,64,51.609375,2-2-2-2,0.0,8,sweep,0.3792058953262869,0.03125,research/results/verify_epsilon_floor/20260926T210310Z
awqpe_ablate_special,0.48,16384,448,512,448,64,0,51.609375,2-2-2-2,0.0,8,sweep,0.3792058953262869,0.02734375,research/results/verify_epsilon_floor/20260926T210310Z
awqpe,0.49,16384,576,512,512,0,64,51.625,2-2-2-2,0.0,8,sweep,0.3792058953262869,0.03515625,research/results/verify_epsilon_floor/20260926T210310Z
awqpe_ablate_special,0.49,16384,512,576,512,64,0,51.625,2-2-2-2,0.0,8,sweep,0.3792058953262869,0.03125,research/results/verify_epsilon_floor/20260926T210310Z
awqpe,0.5,16384,576,512,512,0,64,51.625,2-2-2-2,0.0,8,sweep,0.3792058953262869,0.03515625,research/results/verify_epsilon_floor/20260926T210310Z
awqpe_ablate_special,0.5,16384,512,576,512,64,0,51.625,2-2-2-2,0.0,8,sweep,0.3792058953262869,0.03125,research/results/verify_epsilon_floor/20260926T210310Z
awqpe,0.51,16384,640,576,576,0,64,51.640625,2-2-2-2,0.0,8,sweep,0.3792058953262869,0.0390625,research/results/verify_epsilon_floor/20260926T210310Z
awqpe_ablate_special,0.51,16384,576,640,576,64,0,51.640625,2-2-2-2,0.0,8,sweep,0.3792058953262869,0.03515625,research/results/verify_epsilon_floor/20260926T210310Z
awqpe,0.52,16384,704,640,640,0,64,51.65625,2-2-2-2,0.0,8,sweep,0.3792058953262869,0.04296875,research/results/verify_epsilon_floor/20260926T210310Z
awqpe_ablate_special,0.52,16384,640,704,640,64,0,51.65625,2-2-2-2,0.0,8,sweep,0.3792058953262869,0.0390625,research/results/verify_epsilon_floor/20260926T210310Z
awqpe,0.53,16384,704,640,640,0,64,51.65625,2-2-2-2,0.0,8,sweep,0.3792058953262869,0.04296875,research/results/verify_epsilon_floor/20260926T210310Z
awqpe_ablate_special,0.53,16384,640,704,640,64,0,51.65625,2-2-2-2,0.0,8,sweep,0.3792058953262869,0.0390625,research/results/verify_epsilon_floor/20260926T210310Z
awqpe,0.54,16384,768,704,704,0,64,51.671875,2-2-2-2,0.0,8,sweep,0.3792058953262869,0.046875,research/results/verify_epsilon_floor/20260926T210310Z
awqpe_ablate_special,0.54,16384,704,768,704,64,0,51.671875,2-2-2-2,0.0,8,sweep,0.3792058953262869,0.04296875,research/results/verify_epsilon_floor/20260926T210310Z
awqpe,0.55,16384,768,704,704,0,64,51.671875,2-2-2-2,0.0,8,sweep,0.3792058953262869,0.046875,research/results/verify_epsilon_floor/20260926T210310Z
awqpe_ablate_special,0.55,16384,704,768,704,64,0,51.671875,2-2-2-2,0.0,8,sweep,0.3792058953262869,0.04296875,research/results/verify_epsilon_floor/20260926T210310Z
awqpe,0.56,16384,832,768,768,0,64,51.6875,2-2-2-2,0.0,8,sweep,0.3792058953262869,0.05078125,research/results/verify_epsilon_floor/20260926T210310Z
awqpe_ablate_special,0.56,16384,768,832,768,64,0,51.6875,2-2-2-2,0.0,8,sweep,0.3792058953262869,0.046875,research/results/verify_epsilon_floor/20260926T210310Z
awqpe,0.57,16384,896,832,832,0,64,51.703125,2-2-2-2,0.0,8,sweep,0.3792058953262869,0.0546875,research/results/verify_epsilon_floor/20260926T210310Z
awqpe_ablate_special,0.57,16384,832,896,832,64,0,51.703125,2-2-2-2,0.0,8,sweep,0.3792058953262869,0.05078125,research/results/verify_epsilon_floor/20260926T210310Z
awqpe,0.58,16384,896,832,832,0,64,51.703125,2-2-2-2,0.0,8,sweep,0.3792058953262869,0.0546875,research/results/verify_epsilon_floor/20260926T210310Z
awqpe_ablate_special,0.58,16384,832,896,832,64,0,51.703125,2-2-2-2,0.0,8,sweep,0.3792058953262869,0.05078125,research/results/verify_epsilon_floor/20260926T210310Z
awqpe,0.59,16384,960,896,896,0,64,51.71875,2-2-2-2,0.0,8,sweep,0.3792058953262869,0.05859375,research/results/verify_epsilon_floor/20260926T210310Z
awqpe_ablate_special,0.59,16384,896,960,896,64,0,51.71875,2-2-2-2,0.0,8,sweep,0.3792058953262869,0.0546875,research/results/verify_epsilon_floor/20260926T210310Z
awqpe,0.6,16384,960,896,896,0,64,51.71875,2-2-2-2,0.0,8,sweep,0.3792058953262869,0.05859375,research/results/verify_epsilon_floor/20260926T210310Z
awqpe_ablate_special,0.6,16384,896,960,896,64,0,51.71875,2-2-2-2,0.0,8,sweep,0.3792058953262869,0.0546875,research/results/verify_epsilon_floor/20260926T210310Z
awqpe,0.61,16384,1024,960,960,0,64,51.734375,2-2-2-2,0.0,8,sweep,0.3792058953262869,0.0625,research/results/verify_epsilon_floor/20260926T210310Z
awqpe_ablate_special,0.61,16384,960,1024,960,64,0,51.734375,2-2-2-2,0.0,8,sweep,0.3792058953262869,0.05859375,research/results/verify_epsilon_floor/20260926T210310Z
awqpe,0.62,16384,1024,960,960,0,64,51.734375,2-2-2-2,0.0,8,sweep,0.3792058953262869,0.0625,research/results/verify_epsilon_floor/20260926T210310Z
awqpe_ablate_special,0.62,16384,960,1024,960,64,0,51.734375,2-2-2-2,0.0,8,sweep,0.3792058953262869,0.05859375,research/results/verify_epsilon_floor/20260926T210310Z
awqpe,0.63,16384,1088,1024,1024,0,64,51.75,2-2-2-2,0.0,8,sweep,0.3792058953262869,0.06640625,research/results/verify_epsilon_floor/20260926T210310Z
awqpe_ablate_special,0.63,16384,1024,1088,1024,64,0,51.75,2-2-2-2,0.0,8,sweep,0.3792058953262869,0.0625,research/results/verify_epsilon_floor/20260926T210310Z
awqpe,0.64,16384,1152,1088,1088,0,64,51.765625,2-2-2-2,0.0,8,sweep,0.3792058953262869,0.0703125,research/results/verify_epsilon_floor/20260926T210310Z
awqpe_ablate_special,0.64,16384,1088,1152,1088,64,0,51.765625,2-2-2-2,0.0,8,sweep,0.3792058953262869,0.06640625,research/results/verify_epsilon_floor/20260926T210310Z
awqpe,0.65,16384,1152,1088,1088,0,64,51.765625,2-2-2-2,0.0,8,sweep,0.3792058953262869,0.0703125,research/results/verify_epsilon_floor/20260926T210310Z
awqpe_ablate_special,0.65,16384,1088,1152,1088,64,0,51.765625,2-2-2-2,0.0,8,sweep,0.3792058953262869,0.06640625,research/results/verify_epsilon_floor/20260926T210310Z
awqpe,0.66,16384,1216,1152,1152,0,64,51.78125,2-2-2-2,0.0,8,sweep,0.3792058953262869,0.07421875,research/results/verify_epsilon_floor/20260926T210310Z
awqpe_ablate_special,0.66,16384,1152,1216,1152,64,0,51.78125,2-2-2-2,0.0,8,sweep,0.3792058953262869,0.0703125,research/results/verify_epsilon_floor/20260926T210310Z
awqpe,0.67,16384,1216,1152,1152,0,64,51.78125,2-2-2-2,0.0,8,sweep,0.3792058953262869,0.07421875,research/results/verify_epsilon_floor/20260926T210310Z
awqpe_ablate_special,0.67,16384,1152,1216,1152,64,0,51.78125,2-2-2-2,0.0,8,sweep,0.3792058953262869,0.0703125,research/results/verify_epsilon_floor/20260926T210310Z
awqpe,0.68,16384,1280,1216,1216,0,64,51.796875,2-2-2-2,0.0,8,sweep,0.3792058953262869,0.078125,research/results/verify_epsilon_floor/20260926T210310Z
awqpe_ablate_special,0.68,16384,1216,1280,1216,64,0,51.796875,2-2-2-2,0.0,8,sweep,0.3792058953262869,0.07421875,research/results/verify_epsilon_floor/20260926T210310Z
awqpe,0.69,16384,1280,1216,1216,0,64,51.796875,2-2-2-2,0.0,8,sweep,0.3792058953262869,0.078125,research/results/verify_epsilon_floor/20260926T210310Z
awqpe_ablate_special,0.69,16384,1216,1280,1216,64,0,51.796875,2-2-2-2,0.0,8,sweep,0.3792058953262869,0.07421875,research/results/verify_epsilon_floor/20260926T210310Z
awqpe,0.7,16384,1280,1216,1216,0,64,51.796875,2-2-2-2,0.0,8,sweep,0.3792058953262869,0.078125,research/results/verify_epsilon_floor/20260926T210310Z
awqpe_ablate_special,0.7,16384,1216,1280,1216,64,0,51.796875,2-2-2-2,0.0,8,sweep,0.3792058953262869,0.07421875,research/results/verify_epsilon_floor/20260926T210310Z
awqpe,0.71,16384,1344,1280,1280,0,64,51.8125,2-2-2-2,0.0,8,sweep,0.3792058953262869,0.08203125,research/results/verify_epsilon_floor/20260926T210310Z
awqpe_ablate_special,0.71,16384,1280,1344,1280,64,0,51.8125,2-2-2-2,0.0,8,sweep,0.3792058953262869,0.078125,research/results/verify_epsilon_floor/20260926T210310Z
awqpe,0.72,16384,1344,1280,1280,0,64,51.8125,2-2-2-2,0.0,8,sweep,0.3792058953262869,0.08203125,research/results/verify_epsilon_floor/20260926T210310Z
awqpe_ablate_special,0.72,16384,1280,1344,1280,64,0,51.8125,2-2-2-2,0.0,8,sweep,0.3792058953262869,0.078125,research/results/verify_epsilon_floor/20260926T210310Z
awqpe,0.73,16384,1408,1344,1344,0,64,51.828125,2-2-2-2,0.0,8,sweep,0.3792058953262869,0.0859375,research/results/verify_epsilon_floor/20260926T210310Z
awqpe_ablate_special,0.73,16384,1344,1408,1344,64,0,51.828125,2-2-2-2,0.0,8,sweep,0.3792058953262869,0.08203125,research/results/verify_epsilon_floor/20260926T210310Z
awqpe,0.74,16384,1408,1344,1344,0,64,51.828125,2-2-2-2,0.0,8,sweep,0.3792058953262869,0.0859375,research/results/verify_epsilon_floor/20260926T210310Z
awqpe_ablate_special,0.74,16384,1344,1408,1344,64,0,51.828125,2-2-2-2,0.0,8,sweep,0.3792058953262869,0.08203125,research/results/verify_epsilon_floor/20260926T210310Z
awqpe,0.75,16384,1472,1408,1408,0,64,51.84375,2-2-2-2,0.0,8,sweep,0.3792058953262869,0.08984375,research/results/verify_epsilon_floor/20260926T210310Z
awqpe_ablate_special,0.75,16384,1408,1472,1408,64,0,51.84375,2-2-2-2,0.0,8,sweep,0.3792058953262869,0.0859375,research/results/verify_epsilon_floor/20260926T210310Z
awqpe,0.76,16384,1472,1408,1408,0,64,51.84375,2-2-2-2,0.0,8,sweep,0.3792058953262869,0.08984375,research/results/verify_epsilon_floor/20260926T210310Z
awqpe_ablate_special,0.76,16384,1408,1472,1408,64,0,51.84375,2-2-2-2,0.0,8,sweep,0.3792058953262869,0.0859375,research/results/verify_epsilon_floor/20260926T210310Z
awqpe,0.77,16384,1536,1472,1472,0,64,51.859375,2-2-2-2,0.0,8,sweep,0.3792058953262869,0.09375,research/results/verify_epsilon_floor/20260926T210310Z
awqpe_ablate_special,0.77,16384,1472,1536,1472,64,0,51.859375,2-2-2-2,0.0,8,sweep,0.3792058953262869,0.08984375,research/results/verify_epsilon_floor/20260926T210310Z
awqpe,0.78,16384,1536,1472,1472,0,64,51.859375,2-2-2-2,0.0,8,sweep,0.3792058953262869,0.09375,research/results/verify_epsilon_floor/20260926T210310Z
awqpe_ablate_special,0.78,16384,1472,1536,1472,64,0,51.859375,2-2-2-2,0.0,8,sweep,0.3792058953262869,0.08984375,research/results/verify_epsilon_floor/20260926T210310Z
awqpe,0.79,16384,1616,1536,1536,0,80,51.875,2-2-2-2,0.0,8,sweep,0.3792058953262869,0.0986328125,research/results/verify_epsilon_floor/20260926T210310Z
awqpe_ablate_special,0.79,16384,1536,1616,1536,80,0,51.875,2-2-2-2,0.0,8,sweep,0.3792058953262869,0.09375,research/results/verify_epsilon_floor/20260926T210310Z
awqpe,0.8,16384,1632,1552,1552,0,80,51.875,2-2-2-2,0.0,8,sweep,0.3792058953262869,0.099609375,research/results/verify_epsilon_floor/20260926T210310Z
awqpe_ablate_special,0.8,16384,1552,1632,1552,80,0,51.875,2-2-2-2,0.0,8,sweep,0.3792058953262869,0.0947265625,research/results/verify_epsilon_floor/20260926T210310Z
awqpe,0.81,16384,1664,1584,1584,0,80,60.21875,2-2-2-2,0.0,8,sweep,0.3792058953262869,0.1015625,research/results/verify_epsilon_floor/20260926T210310Z
awqpe_ablate_special,0.81,16384,1584,1664,1584,80,0,60.21875,2-2-2-2,0.0,8,sweep,0.3792058953262869,0.0966796875,research/results/verify_epsilon_floor/20260926T210310Z
awqpe,0.82,16384,1760,1680,1680,0,80,60.3125,2-2-2-2,0.0,8,sweep,0.3792058953262869,0.107421875,research/results/verify_epsilon_floor/20260926T210310Z
awqpe_ablate_special,0.82,16384,1680,1760,1680,80,0,60.3125,2-2-2-2,0.0,8,sweep,0.3792058953262869,0.1025390625,research/results/verify_epsilon_floor/20260926T210310Z
awqpe,0.83,16384,1776,1696,1696,0,80,60.421875,2-2-2-2,0.0,8,sweep,0.3792058953262869,0.1083984375,research/results/verify_epsilon_floor/20260926T210310Z
awqpe_ablate_special,0.83,16384,1696,1776,1696,80,0,60.421875,2-2-2-2,0.0,8,sweep,0.3792058953262869,0.103515625,research/results/verify_epsilon_floor/20260926T210310Z
awqpe,0.84,16384,1872,1792,1792,0,80,60.5,2-2-2-2,0.0,8,sweep,0.3792058953262869,0.1142578125,research/results/verify_epsilon_floor/20260926T210310Z
awqpe_ablate_special,0.84,16384,1792,1872,1792,80,0,60.484375,2-2-2-2,0.0,8,sweep,0.3792058953262869,0.109375,research/results/verify_epsilon_floor/20260926T210310Z
awqpe,0.85,16384,1904,1824,1824,0,80,60.5,2-2-2-2,0.0,8,sweep,0.3792058953262869,0.1162109375,research/results/verify_epsilon_floor/20260926T210310Z
awqpe_ablate_special,0.85,16384,1824,1904,1824,80,0,60.484375,2-2-2-2,0.0,8,sweep,0.3792058953262869,0.111328125,research/results/verify_epsilon_floor/20260926T210310Z
awqpe,0.86,16384,1920,1840,1840,0,80,60.5,2-2-2-2,0.0,8,sweep,0.3792058953262869,0.1171875,research/results/verify_epsilon_floor/20260926T210310Z
awqpe_ablate_special,0.86,16384,1840,1920,1840,80,0,60.484375,2-2-2-2,0.0,8,sweep,0.3792058953262869,0.1123046875,research/results/verify_epsilon_floor/20260926T210310Z
awqpe,0.87,16384,2016,1936,1936,0,80,60.5,2-2-2-2,0.0,8,sweep,0.3792058953262869,0.123046875,research/results/verify_epsilon_floor/20260926T210310Z
awqpe_ablate_special,0.87,16384,1936,2016,1936,80,0,60.484375,2-2-2-2,0.0,8,sweep,0.3792058953262869,0.1181640625,research/results/verify_epsilon_floor/20260926T210310Z
awqpe,0.88,16384,2032,1952,1952,0,80,60.5,2-2-2-2,0.0,8,sweep,0.3792058953262869,0.1240234375,research/results/verify_epsilon_floor/20260926T210310Z
awqpe_ablate_special,0.88,16384,1952,2032,1952,80,0,60.484375,2-2-2-2,0.0,8,sweep,0.3792058953262869,0.119140625,research/results/verify_epsilon_floor/20260926T210310Z
awqpe,0.89,16384,2128,2048,2048,0,80,60.5,2-2-2-2,0.0,8,sweep,0.3792058953262869,0.1298828125,research/results/verify_epsilon_floor/20260926T210310Z
awqpe_ablate_special,0.89,16384,2048,2128,2048,80,0,60.484375,2-2-2-2,0.0,8,sweep,0.3792058953262869,0.125,research/results/verify_epsilon_floor/20260926T210310Z
awqpe,0.9,16384,2144,2064,2064,0,80,60.5,2-2-2-2,0.0,8,sweep,0.3792058953262869,0.130859375,research/results/verify_epsilon_floor/20260926T210310Z
awqpe_ablate_special,0.9,16384,2064,2144,2064,80,0,60.484375,2-2-2-2,0.0,8,sweep,0.3792058953262869,0.1259765625,research/results/verify_epsilon_floor/20260926T210310Z
awqpe,0.91,16384,2176,2096,2096,0,80,60.5,2-2-2-2,0.0,8,sweep,0.3792058953262869,0.1328125,research/results/verify_epsilon_floor/20260926T210310Z
awqpe_ablate_special,0.91,16384,2096,2176,2096,80,0,60.484375,2-2-2-2,0.0,8,sweep,0.3792058953262869,0.1279296875,research/results/verify_epsilon_floor/20260926T210310Z
awqpe,0.92,16384,2256,2176,2176,0,80,60.5,2-2-2-2,0.0,8,sweep,0.3792058953262869,0.1376953125,research/results/verify_epsilon_floor/20260926T210310Z
awqpe_ablate_special,0.92,16384,2176,2256,2176,80,0,60.484375,2-2-2-2,0.0,8,sweep,0.3792058953262869,0.1328125,research/results/verify_epsilon_floor/20260926T210310Z
awqpe,0.93,16384,2288,2208,2208,0,80,60.5,2-2-2-2,0.0,8,sweep,0.3792058953262869,0.1396484375,research/results/verify_epsilon_floor/20260926T210310Z
awqpe_ablate_special,0.93,16384,2208,2288,2208,80,0,60.484375,2-2-2-2,0.0,8,sweep,0.3792058953262869,0.134765625,research/results/verify_epsilon_floor/20260926T210310Z
awqpe,0.94,16384,2304,2224,2224,0,80,60.5,2-2-2-2,0.0,8,sweep,0.3792058953262869,0.140625,research/results/verify_epsilon_floor/20260926T210310Z
awqpe_ablate_special,0.94,16384,2224,2304,2224,80,0,60.484375,2-2-2-2,0.0,8,sweep,0.3792058953262869,0.1357421875,research/results/verify_epsilon_floor/20260926T210310Z
awqpe,0.95,16384,2420,2336,2336,0,84,63.5625,2-2-2-2,0.0,8,sweep,0.3792058953262869,0.147705078125,research/results/verify_epsilon_floor/20260926T210310Z
awqpe_ablate_special,0.95,16384,2336,2420,2336,84,0,63.5625,2-2-2-2,0.0,8,sweep,0.3792058953262869,0.142578125,research/results/verify_epsilon_floor/20260926T210310Z
awqpe,0.96,16384,2456,2372,2372,0,84,63.640625,2-2-2-2,0.0,8,sweep,0.3792058953262869,0.14990234375,research/results/verify_epsilon_floor/20260926T210310Z
awqpe_ablate_special,0.96,16384,2372,2456,2372,84,0,63.640625,2-2-2-2,0.0,8,sweep,0.3792058953262869,0.144775390625,research/results/verify_epsilon_floor/20260926T210310Z
awqpe,0.97,16384,2496,2412,2412,0,84,63.734375,2-2-2-2,0.0,8,sweep,0.3792058953262869,0.15234375,research/results/verify_epsilon_floor/20260926T210310Z
awqpe_ablate_special,0.97,16384,2412,2496,2412,84,0,63.734375,2-2-2-2,0.0,8,sweep,0.3792058953262869,0.147216796875,research/results/verify_epsilon_floor/20260926T210310Z
awqpe,0.98,16384,2616,2532,2532,0,84,63.828125,2-2-2-2,0.0,8,sweep,0.3792058953262869,0.15966796875,research/results/verify_epsilon_floor/20260926T210310Z
awqpe_ablate_special,0.98,16384,2532,2616,2532,84,0,63.828125,2-2-2-2,0.0,8,sweep,0.3792058953262869,0.154541015625,research/results/verify_epsilon_floor/20260926T210310Z
awqpe,0.99,16384,2652,2568,2568,0,84,63.90625,2-2-2-2,0.0,8,sweep,0.3792058953262869,0.161865234375,research/results/verify_epsilon_floor/20260926T210310Z
awqpe_ablate_special,0.99,16384,2568,2652,2568,84,0,63.90625,2-2-2-2,0.0,8,sweep,0.3792058953262869,0.15673828125,research/results/verify_epsilon_floor/20260926T210310Z
awqpe,0.3,16384,0,0,0,0,0,0.4942187500000017,2-2-2-2,0.37,8,sweep,0.3792058953262869,0.0,research/results/verify_epsilon_floor/20260926T210310Z
awqpe_ablate_special,0.3,16384,0,0,0,0,0,0.4942187500000017,2-2-2-2,0.37,8,sweep,0.3792058953262869,0.0,research/results/verify_epsilon_floor/20260926T210310Z
awqpe,0.31,16384,0,0,0,0,0,0.4942187500000017,2-2-2-2,0.37,8,sweep,0.3792058953262869,0.0,research/results/verify_epsilon_floor/20260926T210310Z
awqpe_ablate_special,0.31,16384,0,0,0,0,0,0.4942187500000017,2-2-2-2,0.37,8,sweep,0.3792058953262869,0.0,research/results/verify_epsilon_floor/20260926T210310Z
awqpe,0.32,16384,0,0,0,0,0,0.4942187500000017,2-2-2-2,0.37,8,sweep,0.3792058953262869,0.0,research/results/verify_epsilon_floor/20260926T210310Z
awqpe_ablate_special,0.32,16384,0,0,0,0,0,0.4942187500000017,2-2-2-2,0.37,8,sweep,0.3792058953262869,0.0,research/results/verify_epsilon_floor/20260926T210310Z
awqpe,0.33,16384,0,0,0,0,0,0.4942187500000017,2-2-2-2,0.37,8,sweep,0.3792058953262869,0.0,research/results/verify_epsilon_floor/20260926T210310Z
awqpe_ablate_special,0.33,16384,0,0,0,0,0,0.4942187500000017,2-2-2-2,0.37,8,sweep,0.3792058953262869,0.0,research/results/verify_epsilon_floor/20260926T210310Z
awqpe,0.34,16384,0,0,0,0,0,0.4942187500000017,2-2-2-2,0.37,8,sweep,0.3792058953262869,0.0,research/results/verify_epsilon_floor/20260926T210310Z
awqpe_ablate_special,0.34,16384,0,0,0,0,0,0.4942187500000017,2-2-2-2,0.37,8,sweep,0.3792058953262869,0.0,research/results/verify_epsilon_floor/20260926T210310Z
awqpe,0.35,16384,0,0,0,0,0,0.4942187500000017,2-2-2-2,0.37,8,sweep,0.3792058953262869,0.0,research/results/verify_epsilon_floor/20260926T210310Z
awqpe_ablate_special,0.35,16384,0,0,0,0,0,0.4942187500000017,2-2-2-2,0.37,8,sweep,0.3792058953262869,0.0,research/results/verify_epsilon_floor/20260926T210310Z
awqpe,0.36,16384,0,0,0,0,0,0.4942187500000017,2-2-2-2,0.37,8,sweep,0.3792058953262869,0.0,research/results/verify_epsilon_floor/20260926T210310Z
awqpe_ablate_special,0.36,16384,0,0,0,0,0,0.4942187500000017,2-2-2-2,0.37,8,sweep,0.3792058953262869,0.0,research/results/verify_epsilon_floor/20260926T210310Z
awqpe,0.37,16384,0,0,0,0,0,0.4942187500000017,2-2-2-2,0.37,8,sweep,0.3792058953262869,0.0,research/results/verify_epsilon_floor/20260926T210310Z
awqpe_ablate_special,0.37,16384,0,0,0,0,0,0.4942187500000017,2-2-2-2,0.37,8,sweep,0.3792058953262869,0.0,research/results/verify_epsilon_floor/20260926T210310Z
awqpe,0.38,16384,0,0,0,0,0,0.4942187500000017,2-2-2-2,0.37,8,sweep,0.3792058953262869,0.0,research/results/verify_epsilon_floor/20260926T210310Z
awqpe_ablate_special,0.38,16384,0,0,0,0,0,0.4942187500000017,2-2-2-2,0.37,8,sweep,0.3792058953262869,0.0,research/results/verify_epsilon_floor/20260926T210310Z
awqpe,0.39,16384,64,64,64,0,0,3.5098437500000017,2-2-2-2,0.37,8,sweep,0.3792058953262869,0.00390625,research/results/verify_epsilon_floor/20260926T210310Z
awqpe_ablate_special,0.39,16384,64,64,64,0,0,3.5057812500000125,2-2-2-2,0.37,8,sweep,0.3792058953262869,0.00390625,research/results/verify_epsilon_floor/20260926T210310Z
awqpe,0.4,16384,128,128,128,0,0,3.5254687500000017,2-2-2-2,0.37,8,sweep,0.3792058953262869,0.0078125,research/results/verify_epsilon_floor/20260926T210310Z
awqpe_ablate_special,0.4,16384,128,128,128,0,0,3.5214062500000125,2-2-2-2,0.37,8,sweep,0.3792058953262869,0.0078125,research/results/verify_epsilon_floor/20260926T210310Z
awqpe,0.41,16384,128,128,128,0,0,3.5254687500000017,2-2-2-2,0.37,8,sweep,0.3792058953262869,0.0078125,research/results/verify_epsilon_floor/20260926T210310Z
awqpe_ablate_special,0.41,16384,192,192,192,0,0,3.5370312500000125,2-2-2-2,0.37,8,sweep,0.3792058953262869,0.01171875,research/results/verify_epsilon_floor/20260926T210310Z
awqpe,0.42,16384,192,192,192,0,0,3.5410937500000017,2-2-2-2,0.37,8,sweep,0.3792058953262869,0.01171875,research/results/verify_epsilon_floor/20260926T210310Z
awqpe_ablate_special,0.42,16384,192,192,192,0,0,3.5370312500000125,2-2-2-2,0.37,8,sweep,0.3792058953262869,0.01171875,research/results/verify_epsilon_floor/20260926T210310Z
awqpe,0.43,16384,256,256,256,0,0,3.5567187500000017,2-2-2-2,0.37,8,sweep,0.3792058953262869,0.015625,research/results/verify_epsilon_floor/20260926T210310Z
awqpe_ablate_special,0.43,16384,256,256,256,0,0,3.5526562500000125,2-2-2-2,0.37,8,sweep,0.3792058953262869,0.015625,research/results/verify_epsilon_floor/20260926T210310Z
awqpe,0.44,16384,320,320,320,0,0,3.5723437500000017,2-2-2-2,0.37,8,sweep,0.3792058953262869,0.01953125,research/results/verify_epsilon_floor/20260926T210310Z
awqpe_ablate_special,0.44,16384,320,320,320,0,0,3.5682812500000125,2-2-2-2,0.37,8,sweep,0.3792058953262869,0.01953125,research/results/verify_epsilon_floor/20260926T210310Z
awqpe,0.45,16384,320,320,320,0,0,3.5723437500000017,2-2-2-2,0.37,8,sweep,0.3792058953262869,0.01953125,research/results/verify_epsilon_floor/20260926T210310Z
awqpe_ablate_special,0.45,16384,384,384,384,0,0,3.5839062500000125,2-2-2-2,0.37,8,sweep,0.3792058953262869,0.0234375,research/results/verify_epsilon_floor/20260926T210310Z
awqpe,0.46,16384,384,384,384,0,0,3.5879687500000017,2-2-2-2,0.37,8,sweep,0.3792058953262869,0.0234375,research/results/verify_epsilon_floor/20260926T210310Z
awqpe_ablate_special,0.46,16384,384,384,384,0,0,3.5839062500000125,2-2-2-2,0.37,8,sweep,0.3792058953262869,0.0234375,research/results/verify_epsilon_floor/20260926T210310Z
awqpe,0.47,16384,448,448,448,0,0,51.60359375,2-2-2-2,0.37,8,sweep,0.3792058953262869,0.02734375,research/results/verify_epsilon_floor/20260926T210310Z
awqpe_ablate_special,0.47,16384,448,448,448,0,0,51.59953125000001,2-2-2-2,0.37,8,sweep,0.3792058953262869,0.02734375,research/results/verify_epsilon_floor/20260926T210310Z
awqpe,0.48,16384,448,448,448,0,0,51.60359375,2-2-2-2,0.37,8,sweep,0.3792058953262869,0.02734375,research/results/verify_epsilon_floor/20260926T210310Z
awqpe_ablate_special,0.48,16384,512,512,512,0,0,51.61515625000001,2-2-2-2,0.37,8,sweep,0.3792058953262869,0.03125,research/results/verify_epsilon_floor/20260926T210310Z
awqpe,0.49,16384,512,512,512,0,0,51.61921875,2-2-2-2,0.37,8,sweep,0.3792058953262869,0.03125,research/results/verify_epsilon_floor/20260926T210310Z
awqpe_ablate_special,0.49,16384,512,512,512,0,0,51.61515625000001,2-2-2-2,0.37,8,sweep,0.3792058953262869,0.03125,research/results/verify_epsilon_floor/20260926T210310Z
awqpe,0.5,16384,576,576,576,0,0,51.63484375,2-2-2-2,0.37,8,sweep,0.3792058953262869,0.03515625,research/results/verify_epsilon_floor/20260926T210310Z
awqpe_ablate_special,0.5,16384,576,576,576,0,0,51.63078125000001,2-2-2-2,0.37,8,sweep,0.3792058953262869,0.03515625,research/results/verify_epsilon_floor/20260926T210310Z
awqpe,0.51,16384,576,576,576,0,0,51.63484375,2-2-2-2,0.37,8,sweep,0.3792058953262869,0.03515625,research/results/verify_epsilon_floor/20260926T210310Z
awqpe_ablate_special,0.51,16384,640,640,640,0,0,51.64640625000001,2-2-2-2,0.37,8,sweep,0.3792058953262869,0.0390625,research/results/verify_epsilon_floor/20260926T210310Z
awqpe,0.52,16384,640,640,640,0,0,51.65046875,2-2-2-2,0.37,8,sweep,0.3792058953262869,0.0390625,research/results/verify_epsilon_floor/20260926T210310Z
awqpe_ablate_special,0.52,16384,640,640,640,0,0,51.64640625000001,2-2-2-2,0.37,8,sweep,0.3792058953262869,0.0390625,research/results/verify_epsilon_floor/20260926T210310Z
awqpe,0.53,16384,704,704,704,0,0,51.66609375,2-2-2-2,0.37,8,sweep,0.3792058953262869,0.04296875,research/results/verify_epsilon_floor/20260926T210310Z
awqpe_ablate_special,0.53,16384,704,704,704,0,0,51.66203125000001,2-2-2-2,0.37,8,sweep,0.3792058953262869,0.04296875,research/results/verify_epsilon_floor/20260926T210310Z
awqpe,0.54,16384,704,704,704,0,0,51.66609375,2-2-2-2,0.37,8,sweep,0.3792058953262869,0.04296875,research/results/verify_epsilon_floor/20260926T210310Z
awqpe_ablate_special,0.54,16384,768,768,768,0,0,51.67765625000001,2-2-2-2,0.37,8,sweep,0.3792058953262869,0.046875,research/results/verify_epsilon_floor/20260926T210310Z
awqpe,0.55,16384,768,768,768,0,0,51.68171875,2-2-2-2,0.37,8,sweep,0.3792058953262869,0.046875,research/results/verify_epsilon_floor/20260926T210310Z
awqpe_ablate_special,0.55,16384,768,768,768,0,0,51.67765625000001,2-2-2-2,0.37,8,sweep,0.3792058953262869,0.046875,research/results/verify_epsilon_floor/20260926T210310Z
awqpe,0.56,16384,768,768,768,0,0,51.68171875,2-2-2-2,0.37,8,sweep,0.3792058953262869,0.046875,research/results/verify_epsilon_floor/20260926T210310Z
awqpe_ablate_special,0.56,16384,832,832,832,0,0,51.69328125000001,2-2-2-2,0.37,8,sweep,0.3792058953262869,0.05078125,research/results/verify_epsilon_floor/20260926T210310Z
awqpe,0.57,16384,832,832,832,0,0,51.69734375,2-2-2-2,0.37,8,sweep,0.3792058953262869,0.05078125,research/results/verify_epsilon_floor/20260926T210310Z
awqpe_ablate_special,0.57,16384,832,832,832,0,0,51.69328125000001,2-2-2-2,0.37,8,sweep,0.3792058953262869,0.05078125,research/results/verify_epsilon_floor/20260926T210310Z
awqpe,0.58,16384,896,896,896,0,0,51.71296875,2-2-2-2,0.37,8,sweep,0.3792058953262869,0.0546875,research/results/verify_epsilon_floor/20260926T210310Z
awqpe_ablate_special,0.58,16384,896,896,896,0,0,51.70890625000001,2-2-2-2,0.37,8,sweep,0.3792058953262869,0.0546875,research/results/verify_epsilon_floor/20260926T210310Z
awqpe,0.59,16384,896,896,896,0,0,51.71296875,2-2-2-2,0.37,8,sweep,0.3792058953262869,0.0546875,research/results/verify_epsilon_floor/20260926T210310Z
awqpe_ablate_special,0.59,16384,896,896,896,0,0,51.70890625000001,2-2-2-2,0.37,8,sweep,0.3792058953262869,0.0546875,research/results/verify_epsilon_floor/20260926T210310Z
awqpe,0.6,16384,960,960,960,0,0,51.72859375,2-2-2-2,0.37,8,sweep,0.3792058953262869,0.05859375,research/results/verify_epsilon_floor/20260926T210310Z
awqpe_ablate_special,0.6,16384,960,960,960,0,0,51.72453125000001,2-2-2-2,0.37,8,sweep,0.3792058953262869,0.05859375,research/results/verify_epsilon_floor/20260926T210310Z
awqpe,0.61,16384,960,960,960,0,0,51.72859375,2-2-2-2,0.37,8,sweep,0.3792058953262869,0.05859375,research/results/verify_epsilon_floor/20260926T210310Z
awqpe_ablate_special,0.61,16384,1024,1024,1024,0,0,51.74015625000001,2-2-2-2,0.37,8,sweep,0.3792058953262869,0.0625,research/results/verify_epsilon_floor/20260926T210310Z
awqpe,0.62,16384,1024,1024,1024,0,0,51.74421875,2-2-2-2,0.37,8,sweep,0.3792058953262869,0.0625,research/results/verify_epsilon_floor/20260926T210310Z
awqpe_ablate_special,0.62,16384,1024,1024,1024,0,0,51.74015625000001,2-2-2-2,0.37,8,sweep,0.3792058953262869,0.0625,research/results/verify_epsilon_floor/20260926T210310Z
awqpe,0.63,16384,1024,1024,1024,0,0,51.74421875,2-2-2-2,0.37,8,sweep,0.3792058953262869,0.0625,research/results/verify_epsilon_floor/20260926T210310Z
awqpe_ablate_special,0.63,16384,1088,1088,1088,0,0,51.75578125000001,2-2-2-2,0.37,8,sweep,0.3792058953262869,0.06640625,research/results/verify_epsilon_floor/20260926T210310Z
awqpe,0.64,16384,1088,1088,1088,0,0,51.75984375,2-2-2-2,0.37,8,sweep,0.3792058953262869,0.06640625,research/results/verify_epsilon_floor/20260926T210310Z
awqpe_ablate_special,0.64,16384,1088,1088,1088,0,0,51.75578125000001,2-2-2-2,0.37,8,sweep,0.3792058953262869,0.06640625,research/results/verify_epsilon_floor/20260926T210310Z
awqpe,0.65,16384,1088,1088,1088,0,0,51.75984375,2-2-2-2,0.37,8,sweep,0.3792058953262869,0.06640625,research/results/verify_epsilon_floor/20260926T210310Z
awqpe_ablate_special,0.65,16384,1152,1152,1152,0,0,51.77140625000001,2-2-2-2,0.37,8,sweep,0.3792058953262869,0.0703125,research/results/verify_epsilon_floor/20260926T210310Z
awqpe,0.66,16384,1152,1152,1152,0,0,51.77546875,2-2-2-2,0.37,8,sweep,0.3792058953262869,0.0703125,research/results/verify_epsilon_floor/20260926T210310Z
awqpe_ablate_special,0.66,16384,1152,1152,1152,0,0,51.77140625000001,2-2-2-2,0.37,8,sweep,0.3792058953262869,0.0703125,research/results/verify_epsilon_floor/20260926T210310Z
awqpe,0.67,16384,1152,1152,1152,0,0,51.77546875,2-2-2-2,0.37,8,sweep,0.3792058953262869,0.0703125,research/results/verify_epsilon_floor/20260926T210310Z
awqpe_ablate_special,0.67,16384,1216,1216,1216,0,0,51.78703125000001,2-2-2-2,0.37,8,sweep,0.3792058953262869,0.07421875,research/results/verify_epsilon_floor/20260926T210310Z
awqpe,0.68,16384,1216,1216,1216,0,0,51.79109375,2-2-2-2,0.37,8,sweep,0.3792058953262869,0.07421875,research/results/verify_epsilon_floor/20260926T210310Z
awqpe_ablate_special,0.68,16384,1216,1216,1216,0,0,51.78703125000001,2-2-2-2,0.37,8,sweep,0.3792058953262869,0.07421875,research/results/verify_epsilon_floor/20260926T210310Z
awqpe,0.69,16384,1216,1216,1216,0,0,51.79109375,2-2-2-2,0.37,8,sweep,0.3792058953262869,0.07421875,research/results/verify_epsilon_floor/20260926T210310Z
awqpe_ablate_special,0.69,16384,1280,1280,1280,0,0,51.80265625000001,2-2-2-2,0.37,8,sweep,0.3792058953262869,0.078125,research/results/verify_epsilon_floor/20260926T210310Z
awqpe,0.7,16384,1280,1280,1280,0,0,51.80671875,2-2-2-2,0.37,8,sweep,0.3792058953262869,0.078125,research/results/verify_epsilon_floor/20260926T210310Z
awqpe_ablate_special,0.7,16384,1280,1280,1280,0,0,51.80265625000001,2-2-2-2,0.37,8,sweep,0.3792058953262869,0.078125,research/results/verify_epsilon_floor/20260926T210310Z
awqpe,0.71,16384,1280,1280,1280,0,0,51.80671875,2-2-2-2,0.37,8,sweep,0.3792058953262869,0.078125,research/results/verify_epsilon_floor/20260926T210310Z
awqpe_ablate_special,0.71,16384,1344,1344,1344,0,0,51.81828125000001,2-2-2-2,0.37,8,sweep,0.3792058953262869,0.08203125,research/results/verify_epsilon_floor/20260926T210310Z
awqpe,0.72,16384,1344,1344,1344,0,0,51.82234375,2-2-2-2,0.37,8,sweep,0.3792058953262869,0.08203125,research/results/verify_epsilon_floor/20260926T210310Z
awqpe_ablate_special,0.72,16384,1344,1344,1344,0,0,51.81828125000001,2-2-2-2,0.37,8,sweep,0.3792058953262869,0.08203125,research/results/verify_epsilon_floor/20260926T210310Z
awqpe,0.73,16384,1344,1344,1344,0,0,51.82234375,2-2-2-2,0.37,8,sweep,0.3792058953262869,0.08203125,research/results/verify_epsilon_floor/20260926T210310Z
awqpe_ablate_special,0.73,16384,1408,1408,1408,0,0,51.83390625000001,2-2-2-2,0.37,8,sweep,0.3792058953262869,0.0859375,research/results/verify_epsilon_floor/20260926T210310Z
awqpe,0.74,16384,1408,1408,1408,0,0,51.83796875,2-2-2-2,0.37,8,sweep,0.3792058953262869,0.0859375,research/results/verify_epsilon_floor/20260926T210310Z
awqpe_ablate_special,0.74,16384,1408,1408,1408,0,0,51.83390625000001,2-2-2-2,0.37,8,sweep,0.3792058953262869,0.0859375,research/results/verify_epsilon_floor/20260926T210310Z
awqpe,0.75,16384,1408,1408,1408,0,0,51.83796875,2-2-2-2,0.37,8,sweep,0.3792058953262869,0.0859375,research/results/verify_epsilon_floor/20260926T210310Z
awqpe_ablate_special,0.75,16384,1408,1408,1408,0,0,51.83390625000001,2-2-2-2,0.37,8,sweep,0.3792058953262869,0.0859375,research/results/verify_epsilon_floor/20260926T210310Z
awqpe,0.76,16384,1472,1472,1472,0,0,51.85359375,2-2-2-2,0.37,8,sweep,0.3792058953262869,0.08984375,research/results/verify_epsilon_floor/20260926T210310Z
awqpe_ablate_special,0.76,16384,1472,1472,1472,0,0,51.84953125000001,2-2-2-2,0.37,8,sweep,0.3792058953262869,0.08984375,research/results/verify_epsilon_floor/20260926T210310Z
awqpe,0.77,16384,1472,1472,1472,0,0,51.85359375,2-2-2-2,0.37,8,sweep,0.3792058953262869,0.08984375,research/results/verify_epsilon_floor/20260926T210310Z
awqpe_ablate_special,0.77,16384,1472,1472,1472,0,0,51.84953125000001,2-2-2-2,0.37,8,sweep,0.3792058953262869,0.08984375,research/results/verify_epsilon_floor/20260926T210310Z
awqpe,0.78,16384,1472,1472,1472,0,0,51.85359375,2-2-2-2,0.37,8,sweep,0.3792058953262869,0.08984375,research/results/verify_epsilon_floor/20260926T210310Z
awqpe_ablate_special,0.78,16384,1536,1536,1536,0,0,51.86515625000001,2-2-2-2,0.37,8,sweep,0.3792058953262869,0.09375,research/results/verify_epsilon_floor/20260926T210310Z
awqpe,0.79,16384,1536,1536,1536,0,0,51.86921875,2-2-2-2,0.37,8,sweep,0.3792058953262869,0.09375,research/results/verify_epsilon_floor/20260926T210310Z
awqpe_ablate_special,0.79,16384,1536,1536,1536,0,0,51.86515625000001,2-2-2-2,0.37,8,sweep,0.3792058953262869,0.09375,research/results/verify_epsilon_floor/20260926T210310Z
awqpe,0.8,16384,1568,1568,1568,0,0,51.86921875,2-2-2-2,0.37,8,sweep,0.3792058953262869,0.095703125,research/results/verify_epsilon_floor/20260926T210310Z
awqpe_ablate_special,0.8,16384,1632,1632,1632,0,0,60.11921875,2-2-2-2,0.37,8,sweep,0.3792058953262869,0.099609375,research/results/verify_epsilon_floor/20260926T210310Z
awqpe,0.81,16384,1648,1648,1648,0,0,60.20890625000001,2-2-2-2,0.37,8,sweep,0.3792058953262869,0.1005859375,research/results/verify_epsilon_floor/20260926T210310Z
awqpe_ablate_special,0.81,16384,1664,1664,1664,0,0,60.21296875,2-2-2-2,0.37,8,sweep,0.3792058953262869,0.1015625,research/results/verify_epsilon_floor/20260926T210310Z
awqpe,0.82,16384,1680,1680,1680,0,0,60.31828125000001,2-2-2-2,0.37,8,sweep,0.3792058953262869,0.1025390625,research/results/verify_epsilon_floor/20260926T210310Z
awqpe_ablate_special,0.82,16384,1680,1680,1680,0,0,60.32234375,2-2-2-2,0.37,8,sweep,0.3792058953262869,0.1025390625,research/results/verify_epsilon_floor/20260926T210310Z
awqpe,0.83,16384,1776,1776,1776,0,0,60.42765625000001,2-2-2-2,0.37,8,sweep,0.3792058953262869,0.1083984375,research/results/verify_epsilon_floor/20260926T210310Z
awqpe_ablate_special,0.83,16384,1776,1776,1776,0,0,60.41609375,2-2-2-2,0.37,8,sweep,0.3792058953262869,0.1083984375,research/results/verify_epsilon_floor/20260926T210310Z
awqpe,0.84,16384,1792,1792,1792,0,0,60.49015625000001,2-2-2-2,0.37,8,sweep,0.3792058953262869,0.109375,research/results/verify_epsilon_floor/20260926T210310Z
awqpe_ablate_special,0.84,16384,1808,1808,1808,0,0,60.49421875,2-2-2-2,0.37,8,sweep,0.3792058953262869,0.1103515625,research/results/verify_epsilon_floor/20260926T210310Z
awqpe,0.85,16384,1824,1824,1824,0,0,60.49015625000001,2-2-2-2,0.37,8,sweep,0.3792058953262869,0.111328125,research/results/verify_epsilon_floor/20260926T210310Z
awqpe_ablate_special,0.85,16384,1888,1888,1888,0,0,60.49421875,2-2-2-2,0.37,8,sweep,0.3792058953262869,0.115234375,research/results/verify_epsilon_floor/20260926T210310Z
awqpe,0.86,16384,1920,1920,1920,0,0,60.49015625000001,2-2-2-2,0.37,8,sweep,0.3792058953262869,0.1171875,research/results/verify_epsilon_floor/20260926T210310Z
awqpe_ablate_special,0.86,16384,1920,1920,1920,0,0,60.49421875,2-2-2-2,0.37,8,sweep,0.3792058953262869,0.1171875,research/results/verify_epsilon_floor/20260926T210310Z
awqpe,0.87,16384,1936,1936,1936,0,0,60.49015625000001,2-2-2-2,0.37,8,sweep,0.3792058953262869,0.1181640625,research/results/verify_epsilon_floor/20260926T210310Z
awqpe_ablate_special,0.87,16384,1936,1936,1936,0,0,60.49421875,2-2-2-2,0.37,8,sweep,0.3792058953262869,0.1181640625,research/results/verify_epsilon_floor/20260926T210310Z
awqpe,0.88,16384,2032,2032,2032,0,0,60.49015625000001,2-2-2-2,0.37,8,sweep,0.3792058953262869,0.1240234375,research/results/verify_epsilon_floor/20260926T210310Z
awqpe_ablate_special,0.88,16384,2032,2032,2032,0,0,60.49421875,2-2-2-2,0.37,8,sweep,0.3792058953262869,0.1240234375,research/results/verify_epsilon_floor/20260926T210310Z
awqpe,0.89,16384,2048,2048,2048,0,0,60.49015625000001,2-2-2-2,0.37,8,sweep,0.3792058953262869,0.125,research/results/verify_epsilon_floor/20260926T210310Z
awqpe_ablate_special,0.89,16384,2048,2048,2048,0,0,60.49421875,2-2-2-2,0.37,8,sweep,0.3792058953262869,0.125,research/results/verify_epsilon_floor/20260926T210310Z
awqpe,0.9,16384,2080,2080,2080,0,0,60.49015625000001,2-2-2-2,0.37,8,sweep,0.3792058953262869,0.126953125,research/results/verify_epsilon_floor/20260926T210310Z
awqpe_ablate_special,0.9,16384,2144,2144,2144,0,0,60.49421875,2-2-2-2,0.37,8,sweep,0.3792058953262869,0.130859375,research/results/verify_epsilon_floor/20260926T210310Z
awqpe,0.91,16384,2160,2160,2160,0,0,60.49015625000001,2-2-2-2,0.37,8,sweep,0.3792058953262869,0.1318359375,research/results/verify_epsilon_floor/20260926T210310Z
awqpe_ablate_special,0.91,16384,2160,2160,2160,0,0,60.49421875,2-2-2-2,0.37,8,sweep,0.3792058953262869,0.1318359375,research/results/verify_epsilon_floor/20260926T210310Z
awqpe,0.92,16384,2192,2192,2192,0,0,60.49015625000001,2-2-2-2,0.37,8,sweep,0.3792058953262869,0.1337890625,research/results/verify_epsilon_floor/20260926T210310Z
awqpe_ablate_special,0.92,16384,2192,2192,2192,0,0,60.49421875,2-2-2-2,0.37,8,sweep,0.3792058953262869,0.1337890625,research/results/verify_epsilon_floor/20260926T210310Z
awqpe,0.93,16384,2208,2208,2208,0,0,60.49015625000001,2-2-2-2,0.37,8,sweep,0.3792058953262869,0.134765625,research/results/verify_epsilon_floor/20260926T210310Z
awqpe_ablate_special,0.93,16384,2272,2272,2272,0,0,60.49421875,2-2-2-2,0.37,8,sweep,0.3792058953262869,0.138671875,research/results/verify_epsilon_floor/20260926T210310Z
awqpe,0.94,16384,2304,2304,2304,0,0,60.49015625000001,2-2-2-2,0.37,8,sweep,0.3792058953262869,0.140625,research/results/verify_epsilon_floor/20260926T210310Z
awqpe_ablate_special,0.94,16384,2304,2304,2304,0,0,60.49421875,2-2-2-2,0.37,8,sweep,0.3792058953262869,0.140625,research/results/verify_epsilon_floor/20260926T210310Z
awqpe,0.95,16384,2336,2336,2336,0,0,63.55671875,2-2-2-2,0.37,8,sweep,0.3792058953262869,0.142578125,research/results/verify_epsilon_floor/20260926T210310Z
awqpe_ablate_special,0.95,16384,2336,2336,2336,0,0,63.55265625000001,2-2-2-2,0.37,8,sweep,0.3792058953262869,0.142578125,research/results/verify_epsilon_floor/20260926T210310Z
awqpe,0.96,16384,2376,2376,2376,0,0,63.65046875,2-2-2-2,0.37,8,sweep,0.3792058953262869,0.14501953125,research/results/verify_epsilon_floor/20260926T210310Z
awqpe_ablate_special,0.96,16384,2456,2456,2456,0,0,63.64640625000001,2-2-2-2,0.37,8,sweep,0.3792058953262869,0.14990234375,research/results/verify_epsilon_floor/20260926T210310Z
awqpe,0.97,16384,2492,2492,2492,0,0,63.72859375,2-2-2-2,0.37,8,sweep,0.3792058953262869,0.152099609375,research/results/verify_epsilon_floor/20260926T210310Z
awqpe_ablate_special,0.97,16384,2496,2496,2496,0,0,63.74015625000001,2-2-2-2,0.37,8,sweep,0.3792058953262869,0.15234375,research/results/verify_epsilon_floor/20260926T210310Z
awqpe,0.98,16384,2532,2532,2532,0,0,63.82234375,2-2-2-2,0.37,8,sweep,0.3792058953262869,0.154541015625,research/results/verify_epsilon_floor/20260926T210310Z
awqpe_ablate_special,0.98,16384,2532,2532,2532,0,0,63.81828125000001,2-2-2-2,0.37,8,sweep,0.3792058953262869,0.154541015625,research/results/verify_epsilon_floor/20260926T210310Z
awqpe,0.99,16384,2648,2648,2648,0,0,63.90046875,2-2-2-2,0.37,8,sweep,0.3792058953262869,0.16162109375,research/results/verify_epsilon_floor/20260926T210310Z
awqpe_ablate_special,0.99,16384,2652,2652,2652,0,0,63.91203125000001,2-2-2-2,0.37,8,sweep,0.3792058953262869,0.161865234375,research/results/verify_epsilon_floor/20260926T210310Z
awqpe,0.3,16384,0,0,0,0,0,0.5,2-3-3,0.0,8,sweep,0.6088480828720225,0.0,research/results/verify_epsilon_floor/20260926T210310Z
awqpe_ablate_special,0.3,16384,0,0,0,0,0,0.5,2-3-3,0.0,8,sweep,0.6088480828720225,0.0,research/results/verify_epsilon_floor/20260926T210310Z
awqpe,0.31,16384,0,0,0,0,0,0.5,2-3-3,0.0,8,sweep,0.6088480828720225,0.0,research/results/verify_epsilon_floor/20260926T210310Z
awqpe_ablate_special,0.31,16384,0,0,0,0,0,0.5,2-3-3,0.0,8,sweep,0.6088480828720225,0.0,research/results/verify_epsilon_floor/20260926T210310Z
awqpe,0.32,16384,0,0,0,0,0,0.5,2-3-3,0.0,8,sweep,0.6088480828720225,0.0,research/results/verify_epsilon_floor/20260926T210310Z
awqpe_ablate_special,0.32,16384,0,0,0,0,0,0.5,2-3-3,0.0,8,sweep,0.6088480828720225,0.0,research/results/verify_epsilon_floor/20260926T210310Z
awqpe,0.33,16384,0,0,0,0,0,0.5,2-3-3,0.0,8,sweep,0.6088480828720225,0.0,research/results/verify_epsilon_floor/20260926T210310Z
awqpe_ablate_special,0.33,16384,0,0,0,0,0,0.5,2-3-3,0.0,8,sweep,0.6088480828720225,0.0,research/results/verify_epsilon_floor/20260926T210310Z
awqpe,0.34,16384,0,0,0,0,0,0.5,2-3-3,0.0,8,sweep,0.6088480828720225,0.0,research/results/verify_epsilon_floor/20260926T210310Z
awqpe_ablate_special,0.34,16384,0,0,0,0,0,0.5,2-3-3,0.0,8,sweep,0.6088480828720225,0.0,research/results/verify_epsilon_floor/20260926T210310Z
awqpe,0.35,16384,0,0,0,0,0,0.5,2-3-3,0.0,8,sweep,0.6088480828720225,0.0,research/results/verify_epsilon_floor/20260926T210310Z
awqpe_ablate_special,0.35,16384,0,0,0,0,0,0.5,2-3-3,0.0,8,sweep,0.6088480828720225,0.0,research/results/verify_epsilon_floor/20260926T210310Z
awqpe,0.36,16384,0,0,0,0,0,0.5,2-3-3,0.0,8,sweep,0.6088480828720225,0.0,research/results/verify_epsilon_floor/20260926T210310Z
awqpe_ablate_special,0.36,16384,0,0,0,0,0,0.5,2-3-3,0.0,8,sweep,0.6088480828720225,0.0,research/results/verify_epsilon_floor/20260926T210310Z
awqpe,0.37,16384,0,0,0,0,0,0.5,2-3-3,0.0,8,sweep,0.6088480828720225,0.0,research/results/verify_epsilon_floor/20260926T210310Z
awqpe_ablate_special,0.37,16384,0,0,0,0,0,0.5,2-3-3,0.0,8,sweep,0.6088480828720225,0.0,research/results/verify_epsilon_floor/20260926T210310Z
awqpe,0.38,16384,0,0,0,0,0,0.5,2-3-3,0.0,8,sweep,0.6088480828720225,0.0,research/results/verify_epsilon_floor/20260926T210310Z
awqpe_ablate_special,0.38,16384,0,0,0,0,0,0.5,2-3-3,0.0,8,sweep,0.6088480828720225,0.0,research/results/verify_epsilon_floor/20260926T210310Z
awqpe,0.39,16384,0,0,0,0,0,0.5,2-3-3,0.0,8,sweep,0.6088480828720225,0.0,research/results/verify_epsilon_floor/20260926T210310Z
awqpe_ablate_special,0.39,16384,0,0,0,0,0,0.5,2-3-3,0.0,8,sweep,0.6088480828720225,0.0,research/results/verify_epsilon_floor/20260926T210310Z
awqpe,0.4,16384,0,0,0,0,0,0.5,2-3-3,0.0,8,sweep,0.6088480828720225,0.0,research/results/verify_epsilon_floor/20260926T210310Z
awqpe_ablate_special,0.4,16384,0,0,0,0,0,0.5,2-3-3,0.0,8,sweep,0.6088480828720225,0.0,research/results/verify_epsilon_floor/20260926T210310Z
awqpe,0.41,16384,0,0,0,0,0,0.5,2-3-3,0.0,8,sweep,0.6088480828720225,0.0,research/results/verify_epsilon_floor/20260926T210310Z
awqpe_ablate_special,0.41,16384,0,0,0,0,0,0.5,2-3-3,0.0,8,sweep,0.6088480828720225,0.0,research/results/verify_epsilon_floor/20260926T210310Z
awqpe,0.42,16384,0,0,0,0,0,0.5,2-3-3,0.0,8,sweep,0.6088480828720225,0.0,research/results/verify_epsilon_floor/20260926T210310Z
awqpe_ablate_special,0.42,16384,0,0,0,0,0,0.5,2-3-3,0.0,8,sweep,0.6088480828720225,0.0,research/results/verify_epsilon_floor/20260926T210310Z
awqpe,0.43,16384,0,0,0,0,0,0.5,2-3-3,0.0,8,sweep,0.6088480828720225,0.0,research/results/verify_epsilon_floor/20260926T210310Z
awqpe_ablate_special,0.43,16384,0,0,0,0,0,0.5,2-3-3,0.0,8,sweep,0.6088480828720225,0.0,research/results/verify_epsilon_floor/20260926T210310Z
awqpe,0.44,16384,0,0,0,0,0,0.5,2-3-3,0.0,8,sweep,0.6088480828720225,0.0,research/results/verify_epsilon_floor/20260926T210310Z
awqpe_ablate_special,0.44,16384,0,0,0,0,0,0.5,2-3-3,0.0,8,sweep,0.6088480828720225,0.0,research/results/verify_epsilon_floor/20260926T210310Z
awqpe,0.45,16384,0,0,0,0,0,0.5,2-3-3,0.0,8,sweep,0.6088480828720225,0.0,research/results/verify_epsilon_floor/20260926T210310Z
awqpe_ablate_special,0.45,16384,0,0,0,0,0,0.5,2-3-3,0.0,8,sweep,0.6088480828720225,0.0,research/results/verify_epsilon_floor/20260926T210310Z
awqpe,0.46,16384,0,0,0,0,0,0.5,2-3-3,0.0,8,sweep,0.6088480828720225,0.0,research/results/verify_epsilon_floor/20260926T210310Z
awqpe_ablate_special,0.46,16384,0,0,0,0,0,0.5,2-3-3,0.0,8,sweep,0.6088480828720225,0.0,research/results/verify_epsilon_floor/20260926T210310Z
awqpe,0.47,16384,0,0,0,0,0,0.5,2-3-3,0.0,8,sweep,0.6088480828720225,0.0,research/results/verify_epsilon_floor/20260926T210310Z
awqpe_ablate_special,0.47,16384,0,0,0,0,0,0.5,2-3-3,0.0,8,sweep,0.6088480828720225,0.0,research/results/verify_epsilon_floor/20260926T210310Z
awqpe,0.48,16384,0,0,0,0,0,0.5,2-3-3,0.0,8,sweep,0.6088480828720225,0.0,research/results/verify_epsilon_floor/20260926T210310Z
awqpe_ablate_special,0.48,16384,0,0,0,0,0,0.5,2-3-3,0.0,8,sweep,0.6088480828720225,0.0,research/results/verify_epsilon_floor/20260926T210310Z
awqpe,0.49,16384,0,0,0,0,0,0.5,2-3-3,0.0,8,sweep,0.6088480828720225,0.0,research/results/verify_epsilon_floor/20260926T210310Z
awqpe_ablate_special,0.49,16384,0,0,0,0,0,0.5,2-3-3,0.0,8,sweep,0.6088480828720225,0.0,research/results/verify_epsilon_floor/20260926T210310Z
awqpe,0.5,16384,0,0,0,0,0,0.5,2-3-3,0.0,8,sweep,0.6088480828720225,0.0,research/results/verify_epsilon_floor/20260926T210310Z
awqpe_ablate_special,0.5,16384,0,0,0,0,0,0.5,2-3-3,0.0,8,sweep,0.6088480828720225,0.0,research/results/verify_epsilon_floor/20260926T210310Z
awqpe,0.51,16384,0,0,0,0,0,0.5,2-3-3,0.0,8,sweep,0.6088480828720225,0.0,research/results/verify_epsilon_floor/20260926T210310Z
awqpe_ablate_special,0.51,16384,0,0,0,0,0,0.5,2-3-3,0.0,8,sweep,0.6088480828720225,0.0,research/results/verify_epsilon_floor/20260926T210310Z
awqpe,0.52,16384,0,0,0,0,0,0.5,2-3-3,0.0,8,sweep,0.6088480828720225,0.0,research/results/verify_epsilon_floor/20260926T210310Z
awqpe_ablate_special,0.52,16384,0,0,0,0,0,0.5,2-3-3,0.0,8,sweep,0.6088480828720225,0.0,research/results/verify_epsilon_floor/20260926T210310Z
awqpe,0.53,16384,0,0,0,0,0,0.5,2-3-3,0.0,8,sweep,0.6088480828720225,0.0,research/results/verify_epsilon_floor/20260926T210310Z
awqpe_ablate_special,0.53,16384,0,0,0,0,0,0.5,2-3-3,0.0,8,sweep,0.6088480828720225,0.0,research/results/verify_epsilon_floor/20260926T210310Z
awqpe,0.54,16384,0,0,0,0,0,0.5,2-3-3,0.0,8,sweep,0.6088480828720225,0.0,research/results/verify_epsilon_floor/20260926T210310Z
awqpe_ablate_special,0.54,16384,0,0,0,0,0,0.5,2-3-3,0.0,8,sweep,0.6088480828720225,0.0,research/results/verify_epsilon_floor/20260926T210310Z
awqpe,0.55,16384,0,0,0,0,0,0.5,2-3-3,0.0,8,sweep,0.6088480828720225,0.0,research/results/verify_epsilon_floor/20260926T210310Z
awqpe_ablate_special,0.55,16384,0,0,0,0,0,0.5,2-3-3,0.0,8,sweep,0.6088480828720225,0.0,research/results/verify_epsilon_floor/20260926T210310Z
awqpe,0.56,16384,0,0,0,0,0,0.5,2-3-3,0.0,8,sweep,0.6088480828720225,0.0,research/results/verify_epsilon_floor/20260926T210310Z
awqpe_ablate_special,0.56,16384,0,0,0,0,0,0.5,2-3-3,0.0,8,sweep,0.6088480828720225,0.0,research/results/verify_epsilon_floor/20260926T210310Z
awqpe,0.57,16384,0,0,0,0,0,0.5,2-3-3,0.0,8,sweep,0.6088480828720225,0.0,research/results/verify_epsilon_floor/20260926T210310Z
awqpe_ablate_special,0.57,16384,0,0,0,0,0,0.5,2-3-3,0.0,8,sweep,0.6088480828720225,0.0,research/results/verify_epsilon_floor/20260926T210310Z
awqpe,0.58,16384,0,0,0,0,0,0.5,2-3-3,0.0,8,sweep,0.6088480828720225,0.0,research/results/verify_epsilon_floor/20260926T210310Z
awqpe_ablate_special,0.58,16384,0,0,0,0,0,0.5,2-3-3,0.0,8,sweep,0.6088480828720225,0.0,research/results/verify_epsilon_floor/20260926T210310Z
awqpe,0.59,16384,0,0,0,0,0,0.5,2-3-3,0.0,8,sweep,0.6088480828720225,0.0,research/results/verify_epsilon_floor/20260926T210310Z
awqpe_ablate_special,0.59,16384,0,0,0,0,0,0.5,2-3-3,0.0,8,sweep,0.6088480828720225,0.0,research/results/verify_epsilon_floor/20260926T210310Z
awqpe,0.6,16384,0,0,0,0,0,0.5,2-3-3,0.0,8,sweep,0.6088480828720225,0.0,research/results/verify_epsilon_floor/20260926T210310Z
awqpe_ablate_special,0.6,16384,0,0,0,0,0,0.5,2-3-3,0.0,8,sweep,0.6088480828720225,0.0,research/results/verify_epsilon_floor/20260926T210310Z
awqpe,0.61,16384,32,0,0,0,32,7.5,2-3-3,0.0,8,sweep,0.6088480828720225,0.001953125,research/results/verify_epsilon_floor/20260926T210310Z
awqpe_ablate_special,0.61,16384,0,32,0,32,0,0.5,2-3-3,0.0,8,sweep,0.6088480828720225,0.0,research/results/verify_epsilon_floor/20260926T210310Z
awqpe,0.62,16384,64,32,32,0,32,7.515625,2-3-3,0.0,8,sweep,0.6088480828720225,0.00390625,research/results/verify_epsilon_floor/20260926T210310Z
awqpe_ablate_special,0.62,16384,32,64,32,32,0,7.515625,2-3-3,0.0,8,sweep,0.6088480828720225,0.001953125,research/results/verify_epsilon_floor/20260926T210310Z
awqpe,0.63,16384,96,64,64,0,32,7.53125,2-3-3,0.0,8,sweep,0.6088480828720225,0.005859375,research/results/verify_epsilon_floor/20260926T210310Z
awqpe_ablate_special,0.63,16384,64,96,64,32,0,7.53125,2-3-3,0.0,8,sweep,0.6088480828720225,0.00390625,research/results/verify_epsilon_floor/20260926T210310Z
awqpe,0.64,16384,128,96,96,0,32,7.546875,2-3-3,0.0,8,sweep,0.6088480828720225,0.0078125,research/results/verify_epsilon_floor/20260926T210310Z
awqpe_ablate_special,0.64,16384,96,128,96,32,0,7.546875,2-3-3,0.0,8,sweep,0.6088480828720225,0.005859375,research/results/verify_epsilon_floor/20260926T210310Z
awqpe,0.65,16384,160,128,128,0,32,7.5625,2-3-3,0.0,8,sweep,0.6088480828720225,0.009765625,research/results/verify_epsilon_floor/20260926T210310Z
awqpe_ablate_special,0.65,16384,128,160,128,32,0,7.5625,2-3-3,0.0,8,sweep,0.6088480828720225,0.0078125,research/results/verify_epsilon_floor/20260926T210310Z
awqpe,0.66,16384,192,160,160,0,32,56.5,2-3-3,0.0,8,sweep,0.6088480828720225,0.01171875,research/results/verify_epsilon_floor/20260926T210310Z
awqpe_ablate_special,0.66,16384,160,192,160,32,0,56.484375,2-3-3,0.0,8,sweep,0.6088480828720225,0.009765625,research/results/verify_epsilon_floor/20260926T210310Z
awqpe,0.67,16384,224,192,192,0,32,56.5,2-3-3,0.0,8,sweep,0.6088480828720225,0.013671875,research/results/verify_epsilon_floor/20260926T210310Z
awqpe_ablate_special,0.67,16384,192,224,192,32,0,56.484375,2-3-3,0.0,8,sweep,0.6088480828720225,0.01171875,research/results/verify_epsilon_floor/20260926T210310Z
awqpe,0.68,16384,256,224,224,0,32,56.5,2-3-3,0.0,8,sweep,0.6088480828720225,0.015625,research/results/verify_epsilon_floor/20260926T210310Z
awqpe_ablate_special,0.68,16384,224,256,224,32,0,56.484375,2-3-3,0.0,8,sweep,0.6088480828720225,0.013671875,research/results/verify_epsilon_floor/20260926T210310Z
awqpe,0.69,16384,288,256,256,0,32,56.5,2-3-3,0.0,8,sweep,0.6088480828720225,0.017578125,research/results/verify_epsilon_floor/20260926T210310Z
awqpe_ablate_special,0.69,16384,256,288,256,32,0,56.484375,2-3-3,0.0,8,sweep,0.6088480828720225,0.015625,research/results/verify_epsilon_floor/20260926T210310Z
awqpe,0.7,16384,288,256,256,0,32,56.5,2-3-3,0.0,8,sweep,0.6088480828720225,0.017578125,research/results/verify_epsilon_floor/20260926T210310Z
awqpe_ablate_special,0.7,16384,256,288,256,32,0,56.484375,2-3-3,0.0,8,sweep,0.6088480828720225,0.015625,research/results/verify_epsilon_floor/20260926T210310Z
awqpe,0.71,16384,320,288,288,0,32,56.5,2-3-3,0.0,8,sweep,0.6088480828720225,0.01953125,research/results/verify_epsilon_floor/20260926T210310Z
awqpe_ablate_special,0.71,16384,288,320,288,32,0,56.484375,2-3-3,0.0,8,sweep,0.6088480828720225,0.017578125,research/results/verify_epsilon_floor/20260926T210310Z
awqpe,0.72,16384,352,320,320,0,32,56.5,2-3-3,0.0,8,sweep,0.6088480828720225,0.021484375,research/results/verify_epsilon_floor/20260926T210310Z
awqpe_ablate_special,0.72,16384,320,352,320,32,0,56.484375,2-3-3,0.0,8,sweep,0.6088480828720225,0.01953125,research/results/verify_epsilon_floor/20260926T210310Z
awqpe,0.73,16384,384,352,352,0,32,56.5,2-3-3,0.0,8,sweep,0.6088480828720225,0.0234375,research/results/verify_epsilon_floor/20260926T210310Z
awqpe_ablate_special,0.73,16384,352,384,352,32,0,56.484375,2-3-3,0.0,8,sweep,0.6088480828720225,0.021484375,research/results/verify_epsilon_floor/20260926T210310Z
awqpe,0.74,16384,416,384,384,0,32,56.5,2-3-3,0.0,8,sweep,0.6088480828720225,0.025390625,research/results/verify_epsilon_floor/20260926T210310Z
awqpe_ablate_special,0.74,16384,384,416,384,32,0,56.484375,2-3-3,0.0,8,sweep,0.6088480828720225,0.0234375,research/results/verify_epsilon_floor/20260926T210310Z
awqpe,0.75,16384,448,416,416,0,32,56.5,2-3-3,0.0,8,sweep,0.6088480828720225,0.02734375,research/results/verify_epsilon_floor/20260926T210310Z
awqpe_ablate_special,0.75,16384,416,448,416,32,0,56.484375,2-3-3,0.0,8,sweep,0.6088480828720225,0.025390625,research/results/verify_epsilon_floor/20260926T210310Z
awqpe,0.76,16384,480,448,448,0,32,56.5,2-3-3,0.0,8,sweep,0.6088480828720225,0.029296875,research/results/verify_epsilon_floor/20260926T210310Z
awqpe_ablate_special,0.76,16384,448,480,448,32,0,56.484375,2-3-3,0.0,8,sweep,0.6088480828720225,0.02734375,research/results/verify_epsilon_floor/20260926T210310Z
awqpe,0.77,16384,512,480,480,0,32,56.5,2-3-3,0.0,8,sweep,0.6088480828720225,0.03125,research/results/verify_epsilon_floor/20260926T210310Z
awqpe_ablate_special,0.77,16384,480,512,480,32,0,56.484375,2-3-3,0.0,8,sweep,0.6088480828720225,0.029296875,research/results/verify_epsilon_floor/20260926T210310Z
awqpe,0.78,16384,512,480,480,0,32,56.5,2-3-3,0.0,8,sweep,0.6088480828720225,0.03125,research/results/verify_epsilon_floor/20260926T210310Z
awqpe_ablate_special,0.78,16384,480,512,480,32,0,56.484375,2-3-3,0.0,8,sweep,0.6088480828720225,0.029296875,research/results/verify_epsilon_floor/20260926T210310Z
awqpe,0.79,16384,544,512,512,0,32,56.5,2-3-3,0.0,8,sweep,0.6088480828720225,0.033203125,research/results/verify_epsilon_floor/20260926T210310Z
awqpe_ablate_special,0.79,16384,512,544,512,32,0,56.484375,2-3-3,0.0,8,sweep,0.6088480828720225,0.03125,research/results/verify_epsilon_floor/20260926T210310Z
awqpe,0.8,16384,576,544,544,0,32,56.5,2-3-3,0.0,8,sweep,0.6088480828720225,0.03515625,research/results/verify_epsilon_floor/20260926T210310Z
awqpe_ablate_special,0.8,16384,544,576,544,32,0,56.484375,2-3-3,0.0,8,sweep,0.6088480828720225,0.033203125,research/results/verify_epsilon_floor/20260926T210310Z
awqpe,0.81,16384,608,576,576,0,32,56.5,2-3-3,0.0,8,sweep,0.6088480828720225,0.037109375,research/results/verify_epsilon_floor/20260926T210310Z
awqpe_ablate_special,0.81,16384,576,608,576,32,0,56.484375,2-3-3,0.0,8,sweep,0.6088480828720225,0.03515625,research/results/verify_epsilon_floor/20260926T210310Z
awqpe,0.82,16384,640,608,608,0,32,56.5,2-3-3,0.0,8,sweep,0.6088480828720225,0.0390625,research/results/verify_epsilon_floor/20260926T210310Z
awqpe_ablate_special,0.82,16384,608,640,608,32,0,56.484375,2-3-3,0.0,8,sweep,0.6088480828720225,0.037109375,research/results/verify_epsilon_floor/20260926T210310Z
awqpe,0.83,16384,640,608,608,0,32,56.5,2-3-3,0.0,8,sweep,0.6088480828720225,0.0390625,research/results/verify_epsilon_floor/20260926T210310Z
awqpe_ablate_special,0.83,16384,608,640,608,32,0,56.484375,2-3-3,0.0,8,sweep,0.6088480828720225,0.037109375,research/results/verify_epsilon_floor/20260926T210310Z
awqpe,0.84,16384,672,640,640,0,32,56.5,2-3-3,0.0,8,sweep,0.6088480828720225,0.041015625,research/results/verify_epsilon_floor/20260926T210310Z
awqpe_ablate_special,0.84,16384,640,672,640,32,0,56.484375,2-3-3,0.0,8,sweep,0.6088480828720225,0.0390625,research/results/verify_epsilon_floor/20260926T210310Z
awqpe,0.85,16384,704,672,672,0,32,56.5,2-3-3,0.0,8,sweep,0.6088480828720225,0.04296875,research/results/verify_epsilon_floor/20260926T210310Z
awqpe_ablate_special,0.85,16384,672,704,672,32,0,56.484375,2-3-3,0.0,8,sweep,0.6088480828720225,0.041015625,research/results/verify_epsilon_floor/20260926T210310Z
awqpe,0.86,16384,736,704,704,0,32,56.5,2-3-3,0.0,8,sweep,0.6088480828720225,0.044921875,research/results/verify_epsilon_floor/20260926T210310Z
awqpe_ablate_special,0.86,16384,704,736,704,32,0,56.484375,2-3-3,0.0,8,sweep,0.6088480828720225,0.04296875,research/results/verify_epsilon_floor/20260926T210310Z
awqpe,0.87,16384,736,704,704,0,32,56.5,2-3-3,0.0,8,sweep,0.6088480828720225,0.044921875,research/results/verify_epsilon_floor/20260926T210310Z
awqpe_ablate_special,0.87,16384,704,736,704,32,0,56.484375,2-3-3,0.0,8,sweep,0.6088480828720225,0.04296875,research/results/verify_epsilon_floor/20260926T210310Z
awqpe,0.88,16384,768,736,736,0,32,56.5,2-3-3,0.0,8,sweep,0.6088480828720225,0.046875,research/results/verify_epsilon_floor/20260926T210310Z
awqpe_ablate_special,0.88,16384,736,768,736,32,0,56.484375,2-3-3,0.0,8,sweep,0.6088480828720225,0.044921875,research/results/verify_epsilon_floor/20260926T210310Z
awqpe,0.89,16384,800,768,768,0,32,56.5,2-3-3,0.0,8,sweep,0.6088480828720225,0.048828125,research/results/verify_epsilon_floor/20260926T210310Z
awqpe_ablate_special,0.89,16384,768,800,768,32,0,56.484375,2-3-3,0.0,8,sweep,0.6088480828720225,0.046875,research/results/verify_epsilon_floor/20260926T210310Z
awqpe,0.9,16384,832,800,800,0,32,56.5,2-3-3,0.0,8,sweep,0.6088480828720225,0.05078125,research/results/verify_epsilon_floor/20260926T210310Z
awqpe_ablate_special,0.9,16384,800,832,800,32,0,56.484375,2-3-3,0.0,8,sweep,0.6088480828720225,0.048828125,research/results/verify_epsilon_floor/20260926T210310Z
awqpe,0.91,16384,832,800,800,0,32,56.5,2-3-3,0.0,8,sweep,0.6088480828720225,0.05078125,research/results/verify_epsilon_floor/20260926T210310Z
awqpe_ablate_special,0.91,16384,800,832,800,32,0,56.484375,2-3-3,0.0,8,sweep,0.6088480828720225,0.048828125,research/results/verify_epsilon_floor/20260926T210310Z
awqpe,0.92,16384,864,832,832,0,32,56.5,2-3-3,0.0,8,sweep,0.6088480828720225,0.052734375,research/results/verify_epsilon_floor/20260926T210310Z
awqpe_ablate_special,0.92,16384,832,864,832,32,0,56.484375,2-3-3,0.0,8,sweep,0.6088480828720225,0.05078125,research/results/verify_epsilon_floor/20260926T210310Z
awqpe,0.93,16384,896,864,864,0,32,56.5,2-3-3,0.0,8,sweep,0.6088480828720225,0.0546875,research/results/verify_epsilon_floor/20260926T210310Z
awqpe_ablate_special,0.93,16384,864,896,864,32,0,56.484375,2-3-3,0.0,8,sweep,0.6088480828720225,0.052734375,research/results/verify_epsilon_floor/20260926T210310Z
awqpe,0.94,16384,896,864,864,0,32,56.5,2-3-3,0.0,8,sweep,0.6088480828720225,0.0546875,research/results/verify_epsilon_floor/20260926T210310Z
awqpe_ablate_special,0.94,16384,864,896,864,32,0,56.484375,2-3-3,0.0,8,sweep,0.6088480828720225,0.052734375,research/results/verify_epsilon_floor/20260926T210310Z
awqpe,0.95,16384,948,912,912,0,36,63.5625,2-3-3,0.0,8,sweep,0.6088480828720225,0.057861328125,research/results/verify_epsilon_floor/20260926T210310Z
awqpe_ablate_special,0.95,16384,912,948,912,36,0,63.5625,2-3-3,0.0,8,sweep,0.6088480828720225,0.0556640625,research/results/verify_epsilon_floor/20260926T210310Z
awqpe,0.96,16384,1000,964,964,0,36,63.640625,2-3-3,0.0,8,sweep,0.6088480828720225,0.06103515625,research/results/verify_epsilon_floor/20260926T210310Z
awqpe_ablate_special,0.96,16384,964,1000,964,36,0,63.640625,2-3-3,0.0,8,sweep,0.6088480828720225,0.058837890625,research/results/verify_epsilon_floor/20260926T210310Z
awqpe,0.97,16384,1056,1020,1020,0,36,63.734375,2-3-3,0.0,8,sweep,0.6088480828720225,0.064453125,research/results/verify_epsilon_floor/20260926T210310Z
awqpe_ablate_special,0.97,16384,1020,1056,1020,36,0,63.734375,2-3-3,0.0,8,sweep,0.6088480828720225,0.062255859375,research/results/verify_epsilon_floor/20260926T210310Z
awqpe,0.98,16384,1080,1044,1044,0,36,63.828125,2-3-3,0.0,8,sweep,0.6088480828720225,0.06591796875,research/results/verify_epsilon_floor/20260926T210310Z
awqpe_ablate_special,0.98,16384,1044,1080,1044,36,0,63.828125,2-3-3,0.0,8,sweep,0.6088480828720225,0.063720703125,research/results/verify_epsilon_floor/20260926T210310Z
awqpe,0.99,16384,1132,1096,1096,0,36,63.90625,2-3-3,0.0,8,sweep,0.6088480828720225,0.069091796875,research/results/verify_epsilon_floor/20260926T210310Z
awqpe_ablate_special,0.99,16384,1096,1132,1096,36,0,63.90625,2-3-3,0.0,8,sweep,0.6088480828720225,0.06689453125,research/results/verify_epsilon_floor/20260926T210310Z
awqpe,0.3,16384,0,0,0,0,0,0.4942187500000017,2-3-3,0.37,8,sweep,0.6088480828720225,0.0,research/results/verify_epsilon_floor/20260926T210310Z
awqpe_ablate_special,0.3,16384,0,0,0,0,0,0.4942187500000017,2-3-3,0.37,8,sweep,0.6088480828720225,0.0,research/results/verify_epsilon_floor/20260926T210310Z
awqpe,0.31,16384,0,0,0,0,0,0.4942187500000017,2-3-3,0.37,8,sweep,0.6088480828720225,0.0,research/results/verify_epsilon_floor/20260926T210310Z
awqpe_ablate_special,0.31,16384,0,0,0,0,0,0.4942187500000017,2-3-3,0.37,8,sweep,0.6088480828720225,0.0,research/results/verify_epsilon_floor/20260926T210310Z
awqpe,0.32,16384,0,0,0,0,0,0.4942187500000017,2-3-3,0.37,8,sweep,0.6088480828720225,0.0,research/results/verify_epsilon_floor/20260926T210310Z
awqpe_ablate_special,0.32,16384,0,0,0,0,0,0.4942187500000017,2-3-3,0.37,8,sweep,0.6088480828720225,0.0,research/results/verify_epsilon_floor/20260926T210310Z
awqpe,0.33,16384,0,0,0,0,0,0.4942187500000017,2-3-3,0.37,8,sweep,0.6088480828720225,0.0,research/results/verify_epsilon_floor/20260926T210310Z
awqpe_ablate_special,0.33,16384,0,0,0,0,0,0.4942187500000017,2-3-3,0.37,8,sweep,0.6088480828720225,0.0,research/results/verify_epsilon_floor/20260926T210310Z
awqpe,0.34,16384,0,0,0,0,0,0.4942187500000017,2-3-3,0.37,8,sweep,0.6088480828720225,0.0,research/results/verify_epsilon_floor/20260926T210310Z
awqpe_ablate_special,0.34,16384,0,0,0,0,0,0.4942187500000017,2-3-3,0.37,8,sweep,0.6088480828720225,0.0,research/results/verify_epsilon_floor/20260926T210310Z
awqpe,0.35,16384,0,0,0,0,0,0.4942187500000017,2-3-3,0.37,8,sweep,0.6088480828720225,0.0,research/results/verify_epsilon_floor/20260926T210310Z
awqpe_ablate_special,0.35,16384,0,0,0,0,0,0.4942187500000017,2-3-3,0.37,8,sweep,0.6088480828720225,0.0,research/results/verify_epsilon_floor/20260926T210310Z
awqpe,0.36,16384,0,0,0,0,0,0.4942187500000017,2-3-3,0.37,8,sweep,0.6088480828720225,0.0,research/results/verify_epsilon_floor/20260926T210310Z
awqpe_ablate_special,0.36,16384,0,0,0,0,0,0.4942187500000017,2-3-3,0.37,8,sweep,0.6088480828720225,0.0,research/results/verify_epsilon_floor/20260926T210310Z
awqpe,0.37,16384,0,0,0,0,0,0.4942187500000017,2-3-3,0.37,8,sweep,0.6088480828720225,0.0,research/results/verify_epsilon_floor/20260926T210310Z
awqpe_ablate_special,0.37,16384,0,0,0,0,0,0.4942187500000017,2-3-3,0.37,8,sweep,0.6088480828720225,0.0,research/results/verify_epsilon_floor/20260926T210310Z
awqpe,0.38,16384,0,0,0,0,0,0.4942187500000017,2-3-3,0.37,8,sweep,0.6088480828720225,0.0,research/results/verify_epsilon_floor/20260926T210310Z
awqpe_ablate_special,0.38,16384,0,0,0,0,0,0.4942187500000017,2-3-3,0.37,8,sweep,0.6088480828720225,0.0,research/results/verify_epsilon_floor/20260926T210310Z
awqpe,0.39,16384,0,0,0,0,0,0.4942187500000017,2-3-3,0.37,8,sweep,0.6088480828720225,0.0,research/results/verify_epsilon_floor/20260926T210310Z
awqpe_ablate_special,0.39,16384,0,0,0,0,0,0.4942187500000017,2-3-3,0.37,8,sweep,0.6088480828720225,0.0,research/results/verify_epsilon_floor/20260926T210310Z
awqpe,0.4,16384,0,0,0,0,0,0.4942187500000017,2-3-3,0.37,8,sweep,0.6088480828720225,0.0,research/results/verify_epsilon_floor/20260926T210310Z
awqpe_ablate_special,0.4,16384,0,0,0,0,0,0.4942187500000017,2-3-3,0.37,8,sweep,0.6088480828720225,0.0,research/results/verify_epsilon_floor/20260926T210310Z
awqpe,0.41,16384,0,0,0,0,0,0.4942187500000017,2-3-3,0.37,8,sweep,0.6088480828720225,0.0,research/results/verify_epsilon_floor/20260926T210310Z
awqpe_ablate_special,0.41,16384,0,0,0,0,0,0.4942187500000017,2-3-3,0.37,8,sweep,0.6088480828720225,0.0,research/results/verify_epsilon_floor/20260926T210310Z
awqpe,0.42,16384,0,0,0,0,0,0.4942187500000017,2-3-3,0.37,8,sweep,0.6088480828720225,0.0,research/results/verify_epsilon_floor/20260926T210310Z
awqpe_ablate_special,0.42,16384,0,0,0,0,0,0.4942187500000017,2-3-3,0.37,8,sweep,0.6088480828720225,0.0,research/results/verify_epsilon_floor/20260926T210310Z
awqpe,0.43,16384,0,0,0,0,0,0.4942187500000017,2-3-3,0.37,8,sweep,0.6088480828720225,0.0,research/results/verify_epsilon_floor/20260926T210310Z
awqpe_ablate_special,0.43,16384,0,0,0,0,0,0.4942187500000017,2-3-3,0.37,8,sweep,0.6088480828720225,0.0,research/results/verify_epsilon_floor/20260926T210310Z
awqpe,0.44,16384,0,0,0,0,0,0.4942187500000017,2-3-3,0.37,8,sweep,0.6088480828720225,0.0,research/results/verify_epsilon_floor/20260926T210310Z
awqpe_ablate_special,0.44,16384,0,0,0,0,0,0.4942187500000017,2-3-3,0.37,8,sweep,0.6088480828720225,0.0,research/results/verify_epsilon_floor/20260926T210310Z
awqpe,0.45,16384,0,0,0,0,0,0.4942187500000017,2-3-3,0.37,8,sweep,0.6088480828720225,0.0,research/results/verify_epsilon_floor/20260926T210310Z
awqpe_ablate_special,0.45,16384,0,0,0,0,0,0.4942187500000017,2-3-3,0.37,8,sweep,0.6088480828720225,0.0,research/results/verify_epsilon_floor/20260926T210310Z
awqpe,0.46,16384,0,0,0,0,0,0.4942187500000017,2-3-3,0.37,8,sweep,0.6088480828720225,0.0,research/results/verify_epsilon_floor/20260926T210310Z
awqpe_ablate_special,0.46,16384,0,0,0,0,0,0.4942187500000017,2-3-3,0.37,8,sweep,0.6088480828720225,0.0,research/results/verify_epsilon_floor/20260926T210310Z
awqpe,0.47,16384,0,0,0,0,0,0.4942187500000017,2-3-3,0.37,8,sweep,0.6088480828720225,0.0,research/results/verify_epsilon_floor/20260926T210310Z
awqpe_ablate_special,0.47,16384,0,0,0,0,0,0.4942187500000017,2-3-3,0.37,8,sweep,0.6088480828720225,0.0,research/results/verify_epsilon_floor/20260926T210310Z
awqpe,0.48,16384,0,0,0,0,0,0.4942187500000017,2-3-3,0.37,8,sweep,0.6088480828720225,0.0,research/results/verify_epsilon_floor/20260926T210310Z
awqpe_ablate_special,0.48,16384,0,0,0,0,0,0.4942187500000017,2-3-3,0.37,8,sweep,0.6088480828720225,0.0,research/results/verify_epsilon_floor/20260926T210310Z
awqpe,0.49,16384,0,0,0,0,0,0.4942187500000017,2-3-3,0.37,8,sweep,0.6088480828720225,0.0,research/results/verify_epsilon_floor/20260926T210310Z
awqpe_ablate_special,0.49,16384,0,0,0,0,0,0.4942187500000017,2-3-3,0.37,8,sweep,0.6088480828720225,0.0,research/results/verify_epsilon_floor/20260926T210310Z
awqpe,0.5,16384,0,0,0,0,0,0.4942187500000017,2-3-3,0.37,8,sweep,0.6088480828720225,0.0,research/results/verify_epsilon_floor/20260926T210310Z
awqpe_ablate_special,0.5,16384,0,0,0,0,0,0.4942187500000017,2-3-3,0.37,8,sweep,0.6088480828720225,0.0,research/results/verify_epsilon_floor/20260926T210310Z
awqpe,0.51,16384,0,0,0,0,0,0.4942187500000017,2-3-3,0.37,8,sweep,0.6088480828720225,0.0,research/results/verify_epsilon_floor/20260926T210310Z
awqpe_ablate_special,0.51,16384,0,0,0,0,0,0.4942187500000017,2-3-3,0.37,8,sweep,0.6088480828720225,0.0,research/results/verify_epsilon_floor/20260926T210310Z
awqpe,0.52,16384,0,0,0,0,0,0.4942187500000017,2-3-3,0.37,8,sweep,0.6088480828720225,0.0,research/results/verify_epsilon_floor/20260926T210310Z
awqpe_ablate_special,0.52,16384,0,0,0,0,0,0.4942187500000017,2-3-3,0.37,8,sweep,0.6088480828720225,0.0,research/results/verify_epsilon_floor/20260926T210310Z
awqpe,0.53,16384,0,0,0,0,0,0.4942187500000017,2-3-3,0.37,8,sweep,0.6088480828720225,0.0,research/results/verify_epsilon_floor/20260926T210310Z
awqpe_ablate_special,0.53,16384,0,0,0,0,0,0.4942187500000017,2-3-3,0.37,8,sweep,0.6088480828720225,0.0,research/results/verify_epsilon_floor/20260926T210310Z
awqpe,0.54,16384,0,0,0,0,0,0.4942187500000017,2-3-3,0.37,8,sweep,0.6088480828720225,0.0,research/results/verify_epsilon_floor/20260926T210310Z
awqpe_ablate_special,0.54,16384,0,0,0,0,0,0.4942187500000017,2-3-3,0.37,8,sweep,0.6088480828720225,0.0,research/results/verify_epsilon_floor/20260926T210310Z
awqpe,0.55,16384,0,0,0,0,0,0.4942187500000017,2-3-3,0.37,8,sweep,0.6088480828720225,0.0,research/results/verify_epsilon_floor/20260926T210310Z
awqpe_ablate_special,0.55,16384,0,0,0,0,0,0.4942187500000017,2-3-3,0.37,8,sweep,0.6088480828720225,0.0,research/results/verify_epsilon_floor/20260926T210310Z
awqpe,0.56,16384,0,0,0,0,0,0.4942187500000017,2-3-3,0.37,8,sweep,0.6088480828720225,0.0,research/results/verify_epsilon_floor/20260926T210310Z
awqpe_ablate_special,0.56,16384,0,0,0,0,0,0.4942187500000017,2-3-3,0.37,8,sweep,0.6088480828720225,0.0,research/results/verify_epsilon_floor/20260926T210310Z
awqpe,0.57,16384,0,0,0,0,0,0.4942187500000017,2-3-3,0.37,8,sweep,0.6088480828720225,0.0,research/results/verify_epsilon_floor/20260926T210310Z
awqpe_ablate_special,0.57,16384,0,0,0,0,0,0.4942187500000017,2-3-3,0.37,8,sweep,0.6088480828720225,0.0,research/results/verify_epsilon_floor/20260926T210310Z
awqpe,0.58,16384,0,0,0,0,0,0.4942187500000017,2-3-3,0.37,8,sweep,0.6088480828720225,0.0,research/results/verify_epsilon_floor/20260926T210310Z
awqpe_ablate_special,0.58,16384,0,0,0,0,0,0.4942187500000017,2-3-3,0.37,8,sweep,0.6088480828720225,0.0,research/results/verify_epsilon_floor/20260926T210310Z
awqpe,0.59,16384,0,0,0,0,0,0.4942187500000017,2-3-3,0.37,8,sweep,0.6088480828720225,0.0,research/results/verify_epsilon_floor/20260926T210310Z
awqpe_ablate_special,0.59,16384,0,0,0,0,0,0.4942187500000017,2-3-3,0.37,8,sweep,0.6088480828720225,0.0,research/results/verify_epsilon_floor/20260926T210310Z
awqpe,0.6,16384,0,0,0,0,0,0.4942187500000017,2-3-3,0.37,8,sweep,0.6088480828720225,0.0,research/results/verify_epsilon_floor/20260926T210310Z
awqpe_ablate_special,0.6,16384,0,0,0,0,0,0.4942187500000017,2-3-3,0.37,8,sweep,0.6088480828720225,0.0,research/results/verify_epsilon_floor/20260926T210310Z
awqpe,0.61,16384,0,0,0,0,0,0.4942187500000017,2-3-3,0.37,8,sweep,0.6088480828720225,0.0,research/results/verify_epsilon_floor/20260926T210310Z
awqpe_ablate_special,0.61,16384,0,0,0,0,0,0.4942187500000017,2-3-3,0.37,8,sweep,0.6088480828720225,0.0,research/results/verify_epsilon_floor/20260926T210310Z
awqpe,0.62,16384,32,32,32,0,0,7.509843750000002,2-3-3,0.37,8,sweep,0.6088480828720225,0.001953125,research/results/verify_epsilon_floor/20260926T210310Z
awqpe_ablate_special,0.62,16384,32,32,32,0,0,7.5057812500000125,2-3-3,0.37,8,sweep,0.6088480828720225,0.001953125,research/results/verify_epsilon_floor/20260926T210310Z
awqpe,0.63,16384,64,64,64,0,0,7.525468750000002,2-3-3,0.37,8,sweep,0.6088480828720225,0.00390625,research/results/verify_epsilon_floor/20260926T210310Z
awqpe_ablate_special,0.63,16384,64,64,64,0,0,7.5214062500000125,2-3-3,0.37,8,sweep,0.6088480828720225,0.00390625,research/results/verify_epsilon_floor/20260926T210310Z
awqpe,0.64,16384,96,96,96,0,0,7.541093750000002,2-3-3,0.37,8,sweep,0.6088480828720225,0.005859375,research/results/verify_epsilon_floor/20260926T210310Z
awqpe_ablate_special,0.64,16384,96,96,96,0,0,7.5370312500000125,2-3-3,0.37,8,sweep,0.6088480828720225,0.005859375,research/results/verify_epsilon_floor/20260926T210310Z
awqpe,0.65,16384,128,128,128,0,0,7.556718750000002,2-3-3,0.37,8,sweep,0.6088480828720225,0.0078125,research/results/verify_epsilon_floor/20260926T210310Z
awqpe_ablate_special,0.65,16384,128,128,128,0,0,7.5526562500000125,2-3-3,0.37,8,sweep,0.6088480828720225,0.0078125,research/results/verify_epsilon_floor/20260926T210310Z
awqpe,0.66,16384,160,160,160,0,0,56.49015625000001,2-3-3,0.37,8,sweep,0.6088480828720225,0.009765625,research/results/verify_epsilon_floor/20260926T210310Z
awqpe_ablate_special,0.66,16384,160,160,160,0,0,56.49421875,2-3-3,0.37,8,sweep,0.6088480828720225,0.009765625,research/results/verify_epsilon_floor/20260926T210310Z
awqpe,0.67,16384,192,192,192,0,0,56.49015625000001,2-3-3,0.37,8,sweep,0.6088480828720225,0.01171875,research/results/verify_epsilon_floor/20260926T210310Z
awqpe_ablate_special,0.67,16384,192,192,192,0,0,56.49421875,2-3-3,0.37,8,sweep,0.6088480828720225,0.01171875,research/results/verify_epsilon_floor/20260926T210310Z
awqpe,0.68,16384,224,224,224,0,0,56.49015625000001,2-3-3,0.37,8,sweep,0.6088480828720225,0.013671875,research/results/verify_epsilon_floor/20260926T210310Z
awqpe_ablate_special,0.68,16384,224,224,224,0,0,56.49421875,2-3-3,0.37,8,sweep,0.6088480828720225,0.013671875,research/results/verify_epsilon_floor/20260926T210310Z
awqpe,0.69,16384,256,256,256,0,0,56.49015625000001,2-3-3,0.37,8,sweep,0.6088480828720225,0.015625,research/results/verify_epsilon_floor/20260926T210310Z
awqpe_ablate_special,0.69,16384,256,256,256,0,0,56.49421875,2-3-3,0.37,8,sweep,0.6088480828720225,0.015625,research/results/verify_epsilon_floor/20260926T210310Z
awqpe,0.7,16384,288,288,288,0,0,56.49015625000001,2-3-3,0.37,8,sweep,0.6088480828720225,0.017578125,research/results/verify_epsilon_floor/20260926T210310Z
awqpe_ablate_special,0.7,16384,288,288,288,0,0,56.49421875,2-3-3,0.37,8,sweep,0.6088480828720225,0.017578125,research/results/verify_epsilon_floor/20260926T210310Z
awqpe,0.71,16384,320,320,320,0,0,56.49015625000001,2-3-3,0.37,8,sweep,0.6088480828720225,0.01953125,research/results/verify_epsilon_floor/20260926T210310Z
awqpe_ablate_special,0.71,16384,320,320,320,0,0,56.49421875,2-3-3,0.37,8,sweep,0.6088480828720225,0.01953125,research/results/verify_epsilon_floor/20260926T210310Z
awqpe,0.72,16384,352,352,352,0,0,56.49015625000001,2-3-3,0.37,8,sweep,0.6088480828720225,0.021484375,research/results/verify_epsilon_floor/20260926T210310Z
awqpe_ablate_special,0.72,16384,352,352,352,0,0,56.49421875,2-3-3,0.37,8,sweep,0.6088480828720225,0.021484375,research/results/verify_epsilon_floor/20260926T210310Z
awqpe,0.73,16384,384,384,384,0,0,56.49015625000001,2-3-3,0.37,8,sweep,0.6088480828720225,0.0234375,research/results/verify_epsilon_floor/20260926T210310Z
awqpe_ablate_special,0.73,16384,384,384,384,0,0,56.49421875,2-3-3,0.37,8,sweep,0.6088480828720225,0.0234375,research/results/verify_epsilon_floor/20260926T210310Z
awqpe,0.74,16384,384,384,384,0,0,56.49015625000001,2-3-3,0.37,8,sweep,0.6088480828720225,0.0234375,research/results/verify_epsilon_floor/20260926T210310Z
awqpe_ablate_special,0.74,16384,416,416,416,0,0,56.49421875,2-3-3,0.37,8,sweep,0.6088480828720225,0.025390625,research/results/verify_epsilon_floor/20260926T210310Z
awqpe,0.75,16384,416,416,416,0,0,56.49015625000001,2-3-3,0.37,8,sweep,0.6088480828720225,0.025390625,research/results/verify_epsilon_floor/20260926T210310Z
awqpe_ablate_special,0.75,16384,448,448,448,0,0,56.49421875,2-3-3,0.37,8,sweep,0.6088480828720225,0.02734375,research/results/verify_epsilon_floor/20260926T210310Z
awqpe,0.76,16384,448,448,448,0,0,56.49015625000001,2-3-3,0.37,8,sweep,0.6088480828720225,0.02734375,research/results/verify_epsilon_floor/20260926T210310Z
awqpe_ablate_special,0.76,16384,448,448,448,0,0,56.49421875,2-3-3,0.37,8,sweep,0.6088480828720225,0.02734375,research/results/verify_epsilon_floor/20260926T210310Z
awqpe,0.77,16384,480,480,480,0,0,56.49015625000001,2-3-3,0.37,8,sweep,0.6088480828720225,0.029296875,research/results/verify_epsilon_floor/20260926T210310Z
awqpe_ablate_special,0.77,16384,480,480,480,0,0,56.49421875,2-3-3,0.37,8,sweep,0.6088480828720225,0.029296875,research/results/verify_epsilon_floor/20260926T210310Z
awqpe,0.78,16384,512,512,512,0,0,56.49015625000001,2-3-3,0.37,8,sweep,0.6088480828720225,0.03125,research/results/verify_epsilon_floor/20260926T210310Z
awqpe_ablate_special,0.78,16384,512,512,512,0,0,56.49421875,2-3-3,0.37,8,sweep,0.6088480828720225,0.03125,research/results/verify_epsilon_floor/20260926T210310Z
awqpe,0.79,16384,544,544,544,0,0,56.49015625000001,2-3-3,0.37,8,sweep,0.6088480828720225,0.033203125,research/results/verify_epsilon_floor/20260926T210310Z
awqpe_ablate_special,0.79,16384,544,544,544,0,0,56.49421875,2-3-3,0.37,8,sweep,0.6088480828720225,0.033203125,research/results/verify_epsilon_floor/20260926T210310Z
awqpe,0.8,16384,544,544,544,0,0,56.49015625000001,2-3-3,0.37,8,sweep,0.6088480828720225,0.033203125,research/results/verify_epsilon_floor/20260926T210310Z
awqpe_ablate_special,0.8,16384,576,576,576,0,0,56.49421875,2-3-3,0.37,8,sweep,0.6088480828720225,0.03515625,research/results/verify_epsilon_floor/20260926T210310Z
awqpe,0.81,16384,576,576,576,0,0,56.49015625000001,2-3-3,0.37,8,sweep,0.6088480828720225,0.03515625,research/results/verify_epsilon_floor/20260926T210310Z
awqpe_ablate_special,0.81,16384,576,576,576,0,0,56.49421875,2-3-3,0.37,8,sweep,0.6088480828720225,0.03515625,research/results/verify_epsilon_floor/20260926T210310Z
awqpe,0.82,16384,608,608,608,0,0,56.49015625000001,2-3-3,0.37,8,sweep,0.6088480828720225,0.037109375,research/results/verify_epsilon_floor/20260926T210310Z
awqpe_ablate_special,0.82,16384,608,608,608,0,0,56.49421875,2-3-3,0.37,8,sweep,0.6088480828720225,0.037109375,research/results/verify_epsilon_floor/20260926T210310Z
awqpe,0.83,16384,640,640,640,0,0,56.49015625000001,2-3-3,0.37,8,sweep,0.6088480828720225,0.0390625,research/results/verify_epsilon_floor/20260926T210310Z
awqpe_ablate_special,0.83,16384,640,640,640,0,0,56.49421875,2-3-3,0.37,8,sweep,0.6088480828720225,0.0390625,research/results/verify_epsilon_floor/20260926T210310Z
awqpe,0.84,16384,672,672,672,0,0,56.49015625000001,2-3-3,0.37,8,sweep,0.6088480828720225,0.041015625,research/results/verify_epsilon_floor/20260926T210310Z
awqpe_ablate_special,0.84,16384,672,672,672,0,0,56.49421875,2-3-3,0.37,8,sweep,0.6088480828720225,0.041015625,research/results/verify_epsilon_floor/20260926T210310Z
awqpe,0.85,16384,672,672,672,0,0,56.49015625000001,2-3-3,0.37,8,sweep,0.6088480828720225,0.041015625,research/results/verify_epsilon_floor/20260926T210310Z
awqpe_ablate_special,0.85,16384,704,704,704,0,0,56.49421875,2-3-3,0.37,8,sweep,0.6088480828720225,0.04296875,research/results/verify_epsilon_floor/20260926T210310Z
awqpe,0.86,16384,704,704,704,0,0,56.49015625000001,2-3-3,0.37,8,sweep,0.6088480828720225,0.04296875,research/results/verify_epsilon_floor/20260926T210310Z
awqpe_ablate_special,0.86,16384,704,704,704,0,0,56.49421875,2-3-3,0.37,8,sweep,0.6088480828720225,0.04296875,research/results/verify_epsilon_floor/20260926T210310Z
awqpe,0.87,16384,736,736,736,0,0,56.49015625000001,2-3-3,0.37,8,sweep,0.6088480828720225,0.044921875,research/results/verify_epsilon_floor/20260926T210310Z
awqpe_ablate_special,0.87,16384,736,736,736,0,0,56.49421875,2-3-3,0.37,8,sweep,0.6088480828720225,0.044921875,research/results/verify_epsilon_floor/20260926T210310Z
awqpe,0.88,16384,768,768,768,0,0,56.49015625000001,2-3-3,0.37,8,sweep,0.6088480828720225,0.046875,research/results/verify_epsilon_floor/20260926T210310Z
awqpe_ablate_special,0.88,16384,768,768,768,0,0,56.49421875,2-3-3,0.37,8,sweep,0.6088480828720225,0.046875,research/results/verify_epsilon_floor/20260926T210310Z
awqpe,0.89,16384,768,768,768,0,0,56.49015625000001,2-3-3,0.37,8,sweep,0.6088480828720225,0.046875,research/results/verify_epsilon_floor/20260926T210310Z
awqpe_ablate_special,0.89,16384,800,800,800,0,0,56.49421875,2-3-3,0.37,8,sweep,0.6088480828720225,0.048828125,research/results/verify_epsilon_floor/20260926T210310Z
awqpe,0.9,16384,800,800,800,0,0,56.49015625000001,2-3-3,0.37,8,sweep,0.6088480828720225,0.048828125,research/results/verify_epsilon_floor/20260926T210310Z
awqpe_ablate_special,0.9,16384,800,800,800,0,0,56.49421875,2-3-3,0.37,8,sweep,0.6088480828720225,0.048828125,research/results/verify_epsilon_floor/20260926T210310Z
awqpe,0.91,16384,832,832,832,0,0,56.49015625000001,2-3-3,0.37,8,sweep,0.6088480828720225,0.05078125,research/results/verify_epsilon_floor/20260926T210310Z
awqpe_ablate_special,0.91,16384,832,832,832,0,0,56.49421875,2-3-3,0.37,8,sweep,0.6088480828720225,0.05078125,research/results/verify_epsilon_floor/20260926T210310Z
awqpe,0.92,16384,832,832,832,0,0,56.49015625000001,2-3-3,0.37,8,sweep,0.6088480828720225,0.05078125,research/results/verify_epsilon_floor/20260926T210310Z
awqpe_ablate_special,0.92,16384,864,864,864,0,0,56.49421875,2-3-3,0.37,8,sweep,0.6088480828720225,0.052734375,research/results/verify_epsilon_floor/20260926T210310Z
awqpe,0.93,16384,864,864,864,0,0,56.49015625000001,2-3-3,0.37,8,sweep,0.6088480828720225,0.052734375,research/results/verify_epsilon_floor/20260926T210310Z
awqpe_ablate_special,0.93,16384,864,864,864,0,0,56.49421875,2-3-3,0.37,8,sweep,0.6088480828720225,0.052734375,research/results/verify_epsilon_floor/20260926T210310Z
awqpe,0.94,16384,896,896,896,0,0,56.49015625000001,2-3-3,0.37,8,sweep,0.6088480828720225,0.0546875,research/results/verify_epsilon_floor/20260926T210310Z
awqpe_ablate_special,0.94,16384,896,896,896,0,0,56.49421875,2-3-3,0.37,8,sweep,0.6088480828720225,0.0546875,research/results/verify_epsilon_floor/20260926T210310Z
awqpe,0.95,16384,944,944,944,0,0,63.55671875,2-3-3,0.37,8,sweep,0.6088480828720225,0.0576171875,research/results/verify_epsilon_floor/20260926T210310Z
awqpe_ablate_special,0.95,16384,944,944,944,0,0,63.55265625000001,2-3-3,0.37,8,sweep,0.6088480828720225,0.0576171875,research/results/verify_epsilon_floor/20260926T210310Z
awqpe,0.96,16384,968,968,968,0,0,63.65046875,2-3-3,0.37,8,sweep,0.6088480828720225,0.05908203125,research/results/verify_epsilon_floor/20260926T210310Z
awqpe_ablate_special,0.96,16384,968,968,968,0,0,63.64640625000001,2-3-3,0.37,8,sweep,0.6088480828720225,0.05908203125,research/results/verify_epsilon_floor/20260926T210310Z
awqpe,0.97,16384,1020,1020,1020,0,0,63.72859375,2-3-3,0.37,8,sweep,0.6088480828720225,0.062255859375,research/results/verify_epsilon_floor/20260926T210310Z
awqpe_ablate_special,0.97,16384,1024,1024,1024,0,0,63.74015625000001,2-3-3,0.37,8,sweep,0.6088480828720225,0.0625,research/results/verify_epsilon_floor/20260926T210310Z
awqpe,0.98,16384,1076,1076,1076,0,0,63.82234375,2-3-3,0.37,8,sweep,0.6088480828720225,0.065673828125,research/results/verify_epsilon_floor/20260926T210310Z
awqpe_ablate_special,0.98,16384,1076,1076,1076,0,0,63.81828125000001,2-3-3,0.37,8,sweep,0.6088480828720225,0.065673828125,research/results/verify_epsilon_floor/20260926T210310Z
awqpe,0.99,16384,1096,1096,1096,0,0,63.90046875,2-3-3,0.37,8,sweep,0.6088480828720225,0.06689453125,research/results/verify_epsilon_floor/20260926T210310Z
awqpe_ablate_special,0.99,16384,1100,1100,1100,0,0,63.91203125000001,2-3-3,0.37,8,sweep,0.6088480828720225,0.067138671875,research/results/verify_epsilon_floor/20260926T210310Z
awqpe,0.3,65536,0,0,0,0,0,0.5,2-4-6,0.0,12,sweep,0.939597055277432,0.0,research/results/verify_epsilon_floor/20260926T210310Z
awqpe_ablate_special,0.3,65536,0,0,0,0,0,0.5,2-4-6,0.0,12,sweep,0.939597055277432,0.0,research/results/verify_epsilon_floor/20260926T210310Z
awqpe,0.31,65536,0,0,0,0,0,0.5,2-4-6,0.0,12,sweep,0.939597055277432,0.0,research/results/verify_epsilon_floor/20260926T210310Z
awqpe_ablate_special,0.31,65536,0,0,0,0,0,0.5,2-4-6,0.0,12,sweep,0.939597055277432,0.0,research/results/verify_epsilon_floor/20260926T210310Z
awqpe,0.32,65536,0,0,0,0,0,0.5,2-4-6,0.0,12,sweep,0.939597055277432,0.0,research/results/verify_epsilon_floor/20260926T210310Z
awqpe_ablate_special,0.32,65536,0,0,0,0,0,0.5,2-4-6,0.0,12,sweep,0.939597055277432,0.0,research/results/verify_epsilon_floor/20260926T210310Z
awqpe,0.33,65536,0,0,0,0,0,0.5,2-4-6,0.0,12,sweep,0.939597055277432,0.0,research/results/verify_epsilon_floor/20260926T210310Z
awqpe_ablate_special,0.33,65536,0,0,0,0,0,0.5,2-4-6,0.0,12,sweep,0.939597055277432,0.0,research/results/verify_epsilon_floor/20260926T210310Z
awqpe,0.34,65536,0,0,0,0,0,0.5,2-4-6,0.0,12,sweep,0.939597055277432,0.0,research/results/verify_epsilon_floor/20260926T210310Z
awqpe_ablate_special,0.34,65536,0,0,0,0,0,0.5,2-4-6,0.0,12,sweep,0.939597055277432,0.0,research/results/verify_epsilon_floor/20260926T210310Z
awqpe,0.35,65536,0,0,0,0,0,0.5,2-4-6,0.0,12,sweep,0.939597055277432,0.0,research/results/verify_epsilon_floor/20260926T210310Z
awqpe_ablate_special,0.35,65536,0,0,0,0,0,0.5,2-4-6,0.0,12,sweep,0.939597055277432,0.0,research/results/verify_epsilon_floor/20260926T210310Z
awqpe,0.36,65536,0,0,0,0,0,0.5,2-4-6,0.0,12,sweep,0.939597055277432,0.0,research/results/verify_epsilon_floor/20260926T210310Z
awqpe_ablate_special,0.36,65536,0,0,0,0,0,0.5,2-4-6,0.0,12,sweep,0.939597055277432,0.0,research/results/verify_epsilon_floor/20260926T210310Z
awqpe,0.37,65536,0,0,0,0,0,0.5,2-4-6,0.0,12,sweep,0.939597055277432,0.0,research/results/verify_epsilon_floor/20260926T210310Z
awqpe_ablate_special,0.37,65536,0,0,0,0,0,0.5,2-4-6,0.0,12,sweep,0.939597055277432,0.0,research/results/verify_epsilon_floor/20260926T210310Z
awqpe,0.38,65536,0,0,0,0,0,0.5,2-4-6,0.0,12,sweep,0.939597055277432,0.0,research/results/verify_epsilon_floor/20260926T210310Z
awqpe_ablate_special,0.38,65536,0,0,0,0,0,0.5,2-4-6,0.0,12,sweep,0.939597055277432,0.0,research/results/verify_epsilon_floor/20260926T210310Z
awqpe,0.39,65536,0,0,0,0,0,0.5,2-4-6,0.0,12,sweep,0.939597055277432,0.0,research/results/verify_epsilon_floor/20260926T210310Z
awqpe_ablate_special,0.39,65536,0,0,0,0,0,0.5,2-4-6,0.0,12,sweep,0.939597055277432,0.0,research/results/verify_epsilon_floor/20260926T210310Z
awqpe,0.4,65536,0,0,0,0,0,0.5,2-4-6,0.0,12,sweep,0.939597055277432,0.0,research/results/verify_epsilon_floor/20260926T210310Z
awqpe_ablate_special,0.4,65536,0,0,0,0,0,0.5,2-4-6,0.0,12,sweep,0.939597055277432,0.0,research/results/verify_epsilon_floor/20260926T210310Z
awqpe,0.41,65536,0,0,0,0,0,0.5,2-4-6,0.0,12,sweep,0.939597055277432,0.0,research/results/verify_epsilon_floor/20260926T210310Z
awqpe_ablate_special,0.41,65536,0,0,0,0,0,0.5,2-4-6,0.0,12,sweep,0.939597055277432,0.0,research/results/verify_epsilon_floor/20260926T210310Z
awqpe,0.42,65536,0,0,0,0,0,0.5,2-4-6,0.0,12,sweep,0.939597055277432,0.0,research/results/verify_epsilon_floor/20260926T210310Z
awqpe_ablate_special,0.42,65536,0,0,0,0,0,0.5,2-4-6,0.0,12,sweep,0.939597055277432,0.0,research/results/verify_epsilon_floor/20260926T210310Z
awqpe,0.43,65536,0,0,0,0,0,0.5,2-4-6,0.0,12,sweep,0.939597055277432,0.0,research/results/verify_epsilon_floor/20260926T210310Z
awqpe_ablate_special,0.43,65536,0,0,0,0,0,0.5,2-4-6,0.0,12,sweep,0.939597055277432,0.0,research/results/verify_epsilon_floor/20260926T210310Z
awqpe,0.44,65536,0,0,0,0,0,0.5,2-4-6,0.0,12,sweep,0.939597055277432,0.0,research/results/verify_epsilon_floor/20260926T210310Z
awqpe_ablate_special,0.44,65536,0,0,0,0,0,0.5,2-4-6,0.0,12,sweep,0.939597055277432,0.0,research/results/verify_epsilon_floor/20260926T210310Z
awqpe,0.45,65536,0,0,0,0,0,0.5,2-4-6,0.0,12,sweep,0.939597055277432,0.0,research/results/verify_epsilon_floor/20260926T210310Z
awqpe_ablate_special,0.45,65536,0,0,0,0,0,0.5,2-4-6,0.0,12,sweep,0.939597055277432,0.0,research/results/verify_epsilon_floor/20260926T210310Z
awqpe,0.46,65536,0,0,0,0,0,0.5,2-4-6,0.0,12,sweep,0.939597055277432,0.0,research/results/verify_epsilon_floor/20260926T210310Z
awqpe_ablate_special,0.46,65536,0,0,0,0,0,0.5,2-4-6,0.0,12,sweep,0.939597055277432,0.0,research/results/verify_epsilon_floor/20260926T210310Z
awqpe,0.47,65536,0,0,0,0,0,0.5,2-4-6,0.0,12,sweep,0.939597055277432,0.0,research/results/verify_epsilon_floor/20260926T210310Z
awqpe_ablate_special,0.47,65536,0,0,0,0,0,0.5,2-4-6,0.0,12,sweep,0.939597055277432,0.0,research/results/verify_epsilon_floor/20260926T210310Z
awqpe,0.48,65536,0,0,0,0,0,0.5,2-4-6,0.0,12,sweep,0.939597055277432,0.0,research/results/verify_epsilon_floor/20260926T210310Z
awqpe_ablate_special,0.48,65536,0,0,0,0,0,0.5,2-4-6,0.0,12,sweep,0.939597055277432,0.0,research/results/verify_epsilon_floor/20260926T210310Z
awqpe,0.49,65536,0,0,0,0,0,0.5,2-4-6,0.0,12,sweep,0.939597055277432,0.0,research/results/verify_epsilon_floor/20260926T210310Z
awqpe_ablate_special,0.49,65536,0,0,0,0,0,0.5,2-4-6,0.0,12,sweep,0.939597055277432,0.0,research/results/verify_epsilon_floor/20260926T210310Z
awqpe,0.5,65536,0,0,0,0,0,0.5,2-4-6,0.0,12,sweep,0.939597055277432,0.0,research/results/verify_epsilon_floor/20260926T210310Z
awqpe_ablate_special,0.5,65536,0,0,0,0,0,0.5,2-4-6,0.0,12,sweep,0.939597055277432,0.0,research/results/verify_epsilon_floor/20260926T210310Z
awqpe,0.51,65536,0,0,0,0,0,0.5,2-4-6,0.0,12,sweep,0.939597055277432,0.0,research/results/verify_epsilon_floor/20260926T210310Z
awqpe_ablate_special,0.51,65536,0,0,0,0,0,0.5,2-4-6,0.0,12,sweep,0.939597055277432,0.0,research/results/verify_epsilon_floor/20260926T210310Z
awqpe,0.52,65536,0,0,0,0,0,0.5,2-4-6,0.0,12,sweep,0.939597055277432,0.0,research/results/verify_epsilon_floor/20260926T210310Z
awqpe_ablate_special,0.52,65536,0,0,0,0,0,0.5,2-4-6,0.0,12,sweep,0.939597055277432,0.0,research/results/verify_epsilon_floor/20260926T210310Z
awqpe,0.53,65536,0,0,0,0,0,0.5,2-4-6,0.0,12,sweep,0.939597055277432,0.0,research/results/verify_epsilon_floor/20260926T210310Z
awqpe_ablate_special,0.53,65536,0,0,0,0,0,0.5,2-4-6,0.0,12,sweep,0.939597055277432,0.0,research/results/verify_epsilon_floor/20260926T210310Z
awqpe,0.54,65536,0,0,0,0,0,0.5,2-4-6,0.0,12,sweep,0.939597055277432,0.0,research/results/verify_epsilon_floor/20260926T210310Z
awqpe_ablate_special,0.54,65536,0,0,0,0,0,0.5,2-4-6,0.0,12,sweep,0.939597055277432,0.0,research/results/verify_epsilon_floor/20260926T210310Z
awqpe,0.55,65536,0,0,0,0,0,0.5,2-4-6,0.0,12,sweep,0.939597055277432,0.0,research/results/verify_epsilon_floor/20260926T210310Z
awqpe_ablate_special,0.55,65536,0,0,0,0,0,0.5,2-4-6,0.0,12,sweep,0.939597055277432,0.0,research/results/verify_epsilon_floor/20260926T210310Z
awqpe,0.56,65536,0,0,0,0,0,0.5,2-4-6,0.0,12,sweep,0.939597055277432,0.0,research/results/verify_epsilon_floor/20260926T210310Z
awqpe_ablate_special,0.56,65536,0,0,0,0,0,0.5,2-4-6,0.0,12,sweep,0.939597055277432,0.0,research/results/verify_epsilon_floor/20260926T210310Z
awqpe,0.57,65536,0,0,0,0,0,0.5,2-4-6,0.0,12,sweep,0.939597055277432,0.0,research/results/verify_epsilon_floor/20260926T210310Z
awqpe_ablate_special,0.57,65536,0,0,0,0,0,0.5,2-4-6,0.0,12,sweep,0.939597055277432,0.0,research/results/verify_epsilon_floor/20260926T210310Z
awqpe,0.58,65536,0,0,0,0,0,0.5,2-4-6,0.0,12,sweep,0.939597055277432,0.0,research/results/verify_epsilon_floor/20260926T210310Z
awqpe_ablate_special,0.58,65536,0,0,0,0,0,0.5,2-4-6,0.0,12,sweep,0.939597055277432,0.0,research/results/verify_epsilon_floor/20260926T210310Z
awqpe,0.59,65536,0,0,0,0,0,0.5,2-4-6,0.0,12,sweep,0.939597055277432,0.0,research/results/verify_epsilon_floor/20260926T210310Z
awqpe_ablate_special,0.59,65536,0,0,0,0,0,0.5,2-4-6,0.0,12,sweep,0.939597055277432,0.0,research/results/verify_epsilon_floor/20260926T210310Z
awqpe,0.6,65536,0,0,0,0,0,0.5,2-4-6,0.0,12,sweep,0.939597055277432,0.0,research/results/verify_epsilon_floor/20260926T210310Z
awqpe_ablate_special,0.6,65536,0,0,0,0,0,0.5,2-4-6,0.0,12,sweep,0.939597055277432,0.0,research/results/verify_epsilon_floor/20260926T210310Z
awqpe,0.61,65536,0,0,0,0,0,0.5,2-4-6,0.0,12,sweep,0.939597055277432,0.0,research/results/verify_epsilon_floor/20260926T210310Z
awqpe_ablate_special,0.61,65536,0,0,0,0,0,0.5,2-4-6,0.0,12,sweep,0.939597055277432,0.0,research/results/verify_epsilon_floor/20260926T210310Z
awqpe,0.62,65536,0,0,0,0,0,0.5,2-4-6,0.0,12,sweep,0.939597055277432,0.0,research/results/verify_epsilon_floor/20260926T210310Z
awqpe_ablate_special,0.62,65536,0,0,0,0,0,0.5,2-4-6,0.0,12,sweep,0.939597055277432,0.0,research/results/verify_epsilon_floor/20260926T210310Z
awqpe,0.63,65536,0,0,0,0,0,0.5,2-4-6,0.0,12,sweep,0.939597055277432,0.0,research/results/verify_epsilon_floor/20260926T210310Z
awqpe_ablate_special,0.63,65536,0,0,0,0,0,0.5,2-4-6,0.0,12,sweep,0.939597055277432,0.0,research/results/verify_epsilon_floor/20260926T210310Z
awqpe,0.64,65536,0,0,0,0,0,0.5,2-4-6,0.0,12,sweep,0.939597055277432,0.0,research/results/verify_epsilon_floor/20260926T210310Z
awqpe_ablate_special,0.64,65536,0,0,0,0,0,0.5,2-4-6,0.0,12,sweep,0.939597055277432,0.0,research/results/verify_epsilon_floor/20260926T210310Z
awqpe,0.65,65536,0,0,0,0,0,0.5,2-4-6,0.0,12,sweep,0.939597055277432,0.0,research/results/verify_epsilon_floor/20260926T210310Z
awqpe_ablate_special,0.65,65536,0,0,0,0,0,0.5,2-4-6,0.0,12,sweep,0.939597055277432,0.0,research/results/verify_epsilon_floor/20260926T210310Z
awqpe,0.66,65536,0,0,0,0,0,0.5,2-4-6,0.0,12,sweep,0.939597055277432,0.0,research/results/verify_epsilon_floor/20260926T210310Z
awqpe_ablate_special,0.66,65536,0,0,0,0,0,0.5,2-4-6,0.0,12,sweep,0.939597055277432,0.0,research/results/verify_epsilon_floor/20260926T210310Z
awqpe,0.67,65536,0,0,0,0,0,0.5,2-4-6,0.0,12,sweep,0.939597055277432,0.0,research/results/verify_epsilon_floor/20260926T210310Z
awqpe_ablate_special,0.67,65536,0,0,0,0,0,0.5,2-4-6,0.0,12,sweep,0.939597055277432,0.0,research/results/verify_epsilon_floor/20260926T210310Z
awqpe,0.68,65536,0,0,0,0,0,0.5,2-4-6,0.0,12,sweep,0.939597055277432,0.0,research/results/verify_epsilon_floor/20260926T210310Z
awqpe_ablate_special,0.68,65536,0,0,0,0,0,0.5,2-4-6,0.0,12,sweep,0.939597055277432,0.0,research/results/verify_epsilon_floor/20260926T210310Z
awqpe,0.69,65536,0,0,0,0,0,0.5,2-4-6,0.0,12,sweep,0.939597055277432,0.0,research/results/verify_epsilon_floor/20260926T210310Z
awqpe_ablate_special,0.69,65536,0,0,0,0,0,0.5,2-4-6,0.0,12,sweep,0.939597055277432,0.0,research/results/verify_epsilon_floor/20260926T210310Z
awqpe,0.7,65536,0,0,0,0,0,0.5,2-4-6,0.0,12,sweep,0.939597055277432,0.0,research/results/verify_epsilon_floor/20260926T210310Z
awqpe_ablate_special,0.7,65536,0,0,0,0,0,0.5,2-4-6,0.0,12,sweep,0.939597055277432,0.0,research/results/verify_epsilon_floor/20260926T210310Z
awqpe,0.71,65536,0,0,0,0,0,0.5,2-4-6,0.0,12,sweep,0.939597055277432,0.0,research/results/verify_epsilon_floor/20260926T210310Z
awqpe_ablate_special,0.71,65536,0,0,0,0,0,0.5,2-4-6,0.0,12,sweep,0.939597055277432,0.0,research/results/verify_epsilon_floor/20260926T210310Z
awqpe,0.72,65536,0,0,0,0,0,0.5,2-4-6,0.0,12,sweep,0.939597055277432,0.0,research/results/verify_epsilon_floor/20260926T210310Z
awqpe_ablate_special,0.72,65536,0,0,0,0,0,0.5,2-4-6,0.0,12,sweep,0.939597055277432,0.0,research/results/verify_epsilon_floor/20260926T210310Z
awqpe,0.73,65536,0,0,0,0,0,0.5,2-4-6,0.0,12,sweep,0.939597055277432,0.0,research/results/verify_epsilon_floor/20260926T210310Z
awqpe_ablate_special,0.73,65536,0,0,0,0,0,0.5,2-4-6,0.0,12,sweep,0.939597055277432,0.0,research/results/verify_epsilon_floor/20260926T210310Z
awqpe,0.74,65536,0,0,0,0,0,0.5,2-4-6,0.0,12,sweep,0.939597055277432,0.0,research/results/verify_epsilon_floor/20260926T210310Z
awqpe_ablate_special,0.74,65536,0,0,0,0,0,0.5,2-4-6,0.0,12,sweep,0.939597055277432,0.0,research/results/verify_epsilon_floor/20260926T210310Z
awqpe,0.75,65536,0,0,0,0,0,0.5,2-4-6,0.0,12,sweep,0.939597055277432,0.0,research/results/verify_epsilon_floor/20260926T210310Z
awqpe_ablate_special,0.75,65536,0,0,0,0,0,0.5,2-4-6,0.0,12,sweep,0.939597055277432,0.0,research/results/verify_epsilon_floor/20260926T210310Z
awqpe,0.76,65536,0,0,0,0,0,0.5,2-4-6,0.0,12,sweep,0.939597055277432,0.0,research/results/verify_epsilon_floor/20260926T210310Z
awqpe_ablate_special,0.76,65536,0,0,0,0,0,0.5,2-4-6,0.0,12,sweep,0.939597055277432,0.0,research/results/verify_epsilon_floor/20260926T210310Z
awqpe,0.77,65536,0,0,0,0,0,0.5,2-4-6,0.0,12,sweep,0.939597055277432,0.0,research/results/verify_epsilon_floor/20260926T210310Z
awqpe_ablate_special,0.77,65536,0,0,0,0,0,0.5,2-4-6,0.0,12,sweep,0.939597055277432,0.0,research/results/verify_epsilon_floor/20260926T210310Z
awqpe,0.78,65536,0,0,0,0,0,0.5,2-4-6,0.0,12,sweep,0.939597055277432,0.0,research/results/verify_epsilon_floor/20260926T210310Z
awqpe_ablate_special,0.78,65536,0,0,0,0,0,0.5,2-4-6,0.0,12,sweep,0.939597055277432,0.0,research/results/verify_epsilon_floor/20260926T210310Z
awqpe,0.79,65536,0,0,0,0,0,0.5,2-4-6,0.0,12,sweep,0.939597055277432,0.0,research/results/verify_epsilon_floor/20260926T210310Z
awqpe_ablate_special,0.79,65536,0,0,0,0,0,0.5,2-4-6,0.0,12,sweep,0.939597055277432,0.0,research/results/verify_epsilon_floor/20260926T210310Z
awqpe,0.8,65536,0,0,0,0,0,0.5,2-4-6,0.0,12,sweep,0.939597055277432,0.0,research/results/verify_epsilon_floor/20260926T210310Z
awqpe_ablate_special,0.8,65536,0,0,0,0,0,0.5,2-4-6,0.0,12,sweep,0.939597055277432,0.0,research/results/verify_epsilon_floor/20260926T210310Z
awqpe,0.81,65536,0,0,0,0,0,0.5,2-4-6,0.0,12,sweep,0.939597055277432,0.0,research/results/verify_epsilon_floor/20260926T210310Z
awqpe_ablate_special,0.81,65536,0,0,0,0,0,0.5,2-4-6,0.0,12,sweep,0.939597055277432,0.0,research/results/verify_epsilon_floor/20260926T210310Z
awqpe,0.82,65536,0,0,0,0,0,0.5,2-4-6,0.0,12,sweep,0.939597055277432,0.0,research/results/verify_epsilon_floor/20260926T210310Z
awqpe_ablate_special,0.82,65536,0,0,0,0,0,0.5,2-4-6,0.0,12,sweep,0.939597055277432,0.0,research/results/verify_epsilon_floor/20260926T210310Z
awqpe,0.83,65536,0,0,0,0,0,0.5,2-4-6,0.0,12,sweep,0.939597055277432,0.0,research/results/verify_epsilon_floor/20260926T210310Z
awqpe_ablate_special,0.83,65536,0,0,0,0,0,0.5,2-4-6,0.0,12,sweep,0.939597055277432,0.0,research/results/verify_epsilon_floor/20260926T210310Z
awqpe,0.84,65536,0,0,0,0,0,0.5,2-4-6,0.0,12,sweep,0.939597055277432,0.0,research/results/verify_epsilon_floor/20260926T210310Z
awqpe_ablate_special,0.84,65536,0,0,0,0,0,0.5,2-4-6,0.0,12,sweep,0.939597055277432,0.0,research/results/verify_epsilon_floor/20260926T210310Z
awqpe,0.85,65536,0,0,0,0,0,0.5,2-4-6,0.0,12,sweep,0.939597055277432,0.0,research/results/verify_epsilon_floor/20260926T210310Z
awqpe_ablate_special,0.85,65536,0,0,0,0,0,0.5,2-4-6,0.0,12,sweep,0.939597055277432,0.0,research/results/verify_epsilon_floor/20260926T210310Z
awqpe,0.86,65536,0,0,0,0,0,0.5,2-4-6,0.0,12,sweep,0.939597055277432,0.0,research/results/verify_epsilon_floor/20260926T210310Z
awqpe_ablate_special,0.86,65536,0,0,0,0,0,0.5,2-4-6,0.0,12,sweep,0.939597055277432,0.0,research/results/verify_epsilon_floor/20260926T210310Z
awqpe,0.87,65536,0,0,0,0,0,0.5,2-4-6,0.0,12,sweep,0.939597055277432,0.0,research/results/verify_epsilon_floor/20260926T210310Z
awqpe_ablate_special,0.87,65536,0,0,0,0,0,0.5,2-4-6,0.0,12,sweep,0.939597055277432,0.0,research/results/verify_epsilon_floor/20260926T210310Z
awqpe,0.88,65536,0,0,0,0,0,0.5,2-4-6,0.0,12,sweep,0.939597055277432,0.0,research/results/verify_epsilon_floor/20260926T210310Z
awqpe_ablate_special,0.88,65536,0,0,0,0,0,0.5,2-4-6,0.0,12,sweep,0.939597055277432,0.0,research/results/verify_epsilon_floor/20260926T210310Z
awqpe,0.89,65536,0,0,0,0,0,0.5,2-4-6,0.0,12,sweep,0.939597055277432,0.0,research/results/verify_epsilon_floor/20260926T210310Z
awqpe_ablate_special,0.89,65536,0,0,0,0,0,0.5,2-4-6,0.0,12,sweep,0.939597055277432,0.0,research/results/verify_epsilon_floor/20260926T210310Z
awqpe,0.9,65536,0,0,0,0,0,0.5,2-4-6,0.0,12,sweep,0.939597055277432,0.0,research/results/verify_epsilon_floor/20260926T210310Z
awqpe_ablate_special,0.9,65536,0,0,0,0,0,0.5,2-4-6,0.0,12,sweep,0.939597055277432,0.0,research/results/verify_epsilon_floor/20260926T210310Z
awqpe,0.91,65536,0,0,0,0,0,0.5,2-4-6,0.0,12,sweep,0.939597055277432,0.0,research/results/verify_epsilon_floor/20260926T210310Z
awqpe_ablate_special,0.91,65536,0,0,0,0,0,0.5,2-4-6,0.0,12,sweep,0.939597055277432,0.0,research/results/verify_epsilon_floor/20260926T210310Z
awqpe,0.92,65536,0,0,0,0,0,0.5,2-4-6,0.0,12,sweep,0.939597055277432,0.0,research/results/verify_epsilon_floor/20260926T210310Z
awqpe_ablate_special,0.92,65536,0,0,0,0,0,0.5,2-4-6,0.0,12,sweep,0.939597055277432,0.0,research/results/verify_epsilon_floor/20260926T210310Z
awqpe,0.93,65536,0,0,0,0,0,0.5,2-4-6,0.0,12,sweep,0.939597055277432,0.0,research/results/verify_epsilon_floor/20260926T210310Z
awqpe_ablate_special,0.93,65536,0,0,0,0,0,0.5,2-4-6,0.0,12,sweep,0.939597055277432,0.0,research/results/verify_epsilon_floor/20260926T210310Z
awqpe,0.94,65536,64,0,0,0,64,960.5,2-4-6,0.0,12,sweep,0.939597055277432,0.0009765625,research/results/verify_epsilon_floor/20260926T210310Z
awqpe_ablate_special,0.94,65536,0,64,0,64,0,0.5,2-4-6,0.0,12,sweep,0.939597055277432,0.0,research/results/verify_epsilon_floor/20260926T210310Z
awqpe,0.95,65536,128,64,64,0,64,960.5,2-4-6,0.0,12,sweep,0.939597055277432,0.001953125,research/results/verify_epsilon_floor/20260926T210310Z
awqpe_ablate_special,0.95,65536,64,128,64,64,0,960.4375,2-4-6,0.0,12,sweep,0.939597055277432,0.0009765625,research/results/verify_epsilon_floor/20260926T210310Z
awqpe,0.96,65536,192,128,128,0,64,960.5,2-4-6,0.0,12,sweep,0.939597055277432,0.0029296875,research/results/verify_epsilon_floor/20260926T210310Z
awqpe_ablate_special,0.96,65536,128,192,128,64,0,960.4375,2-4-6,0.0,12,sweep,0.939597055277432,0.001953125,research/results/verify_epsilon_floor/20260926T210310Z
awqpe,0.97,65536,320,256,256,0,64,960.5,2-4-6,0.0,12,sweep,0.939597055277432,0.0048828125,research/results/verify_epsilon_floor/20260926T210310Z
awqpe_ablate_special,0.97,65536,256,320,256,64,0,960.4375,2-4-6,0.0,12,sweep,0.939597055277432,0.00390625,research/results/verify_epsilon_floor/20260926T210310Z
awqpe,0.98,65536,384,320,320,0,64,960.5,2-4-6,0.0,12,sweep,0.939597055277432,0.005859375,research/results/verify_epsilon_floor/20260926T210310Z
awqpe_ablate_special,0.98,65536,320,384,320,64,0,960.4375,2-4-6,0.0,12,sweep,0.939597055277432,0.0048828125,research/results/verify_epsilon_floor/20260926T210310Z
awqpe,0.99,65536,448,384,384,0,64,960.5,2-4-6,0.0,12,sweep,0.939597055277432,0.0068359375,research/results/verify_epsilon_floor/20260926T210310Z
awqpe_ablate_special,0.99,65536,384,448,384,64,0,960.4375,2-4-6,0.0,12,sweep,0.939597055277432,0.005859375,research/results/verify_epsilon_floor/20260926T210310Z
awqpe,0.3,65536,0,0,0,0,0,0.47687500000006366,2-4-6,0.37,12,sweep,0.939597055277432,0.0,research/results/verify_epsilon_floor/20260926T210310Z
awqpe_ablate_special,0.3,65536,0,0,0,0,0,0.47687500000006366,2-4-6,0.37,12,sweep,0.939597055277432,0.0,research/results/verify_epsilon_floor/20260926T210310Z
awqpe,0.31,65536,0,0,0,0,0,0.47687500000006366,2-4-6,0.37,12,sweep,0.939597055277432,0.0,research/results/verify_epsilon_floor/20260926T210310Z
awqpe_ablate_special,0.31,65536,0,0,0,0,0,0.47687500000006366,2-4-6,0.37,12,sweep,0.939597055277432,0.0,research/results/verify_epsilon_floor/20260926T210310Z
awqpe,0.32,65536,0,0,0,0,0,0.47687500000006366,2-4-6,0.37,12,sweep,0.939597055277432,0.0,research/results/verify_epsilon_floor/20260926T210310Z
awqpe_ablate_special,0.32,65536,0,0,0,0,0,0.47687500000006366,2-4-6,0.37,12,sweep,0.939597055277432,0.0,research/results/verify_epsilon_floor/20260926T210310Z
awqpe,0.33,65536,0,0,0,0,0,0.47687500000006366,2-4-6,0.37,12,sweep,0.939597055277432,0.0,research/results/verify_epsilon_floor/20260926T210310Z
awqpe_ablate_special,0.33,65536,0,0,0,0,0,0.47687500000006366,2-4-6,0.37,12,sweep,0.939597055277432,0.0,research/results/verify_epsilon_floor/20260926T210310Z
awqpe,0.34,65536,0,0,0,0,0,0.47687500000006366,2-4-6,0.37,12,sweep,0.939597055277432,0.0,research/results/verify_epsilon_floor/20260926T210310Z
awqpe_ablate_special,0.34,65536,0,0,0,0,0,0.47687500000006366,2-4-6,0.37,12,sweep,0.939597055277432,0.0,research/results/verify_epsilon_floor/20260926T210310Z
awqpe,0.35,65536,0,0,0,0,0,0.47687500000006366,2-4-6,0.37,12,sweep,0.939597055277432,0.0,research/results/verify_epsilon_floor/20260926T210310Z
awqpe_ablate_special,0.35,65536,0,0,0,0,0,0.47687500000006366,2-4-6,0.37,12,sweep,0.939597055277432,0.0,research/results/verify_epsilon_floor/20260926T210310Z
awqpe,0.36,65536,0,0,0,0,0,0.47687500000006366,2-4-6,0.37,12,sweep,0.939597055277432,0.0,research/results/verify_epsilon_floor/20260926T210310Z
awqpe_ablate_special,0.36,65536,0,0,0,0,0,0.47687500000006366,2-4-6,0.37,12,sweep,0.939597055277432,0.0,research/results/verify_epsilon_floor/20260926T210310Z
awqpe,0.37,65536,0,0,0,0,0,0.47687500000006366,2-4-6,0.37,12,sweep,0.939597055277432,0.0,research/results/verify_epsilon_floor/20260926T210310Z
awqpe_ablate_special,0.37,65536,0,0,0,0,0,0.47687500000006366,2-4-6,0.37,12,sweep,0.939597055277432,0.0,research/results/verify_epsilon_floor/20260926T210310Z
awqpe,0.38,65536,0,0,0,0,0,0.47687500000006366,2-4-6,0.37,12,sweep,0.939597055277432,0.0,research/results/verify_epsilon_floor/20260926T210310Z
awqpe_ablate_special,0.38,65536,0,0,0,0,0,0.47687500000006366,2-4-6,0.37,12,sweep,0.939597055277432,0.0,research/results/verify_epsilon_floor/20260926T210310Z
awqpe,0.39,65536,0,0,0,0,0,0.47687500000006366,2-4-6,0.37,12,sweep,0.939597055277432,0.0,research/results/verify_epsilon_floor/20260926T210310Z
awqpe_ablate_special,0.39,65536,0,0,0,0,0,0.47687500000006366,2-4-6,0.37,12,sweep,0.939597055277432,0.0,research/results/verify_epsilon_floor/20260926T210310Z
awqpe,0.4,65536,0,0,0,0,0,0.47687500000006366,2-4-6,0.37,12,sweep,0.939597055277432,0.0,research/results/verify_epsilon_floor/20260926T210310Z
awqpe_ablate_special,0.4,65536,0,0,0,0,0,0.47687500000006366,2-4-6,0.37,12,sweep,0.939597055277432,0.0,research/results/verify_epsilon_floor/20260926T210310Z
awqpe,0.41,65536,0,0,0,0,0,0.47687500000006366,2-4-6,0.37,12,sweep,0.939597055277432,0.0,research/results/verify_epsilon_floor/20260926T210310Z
awqpe_ablate_special,0.41,65536,0,0,0,0,0,0.47687500000006366,2-4-6,0.37,12,sweep,0.939597055277432,0.0,research/results/verify_epsilon_floor/20260926T210310Z
awqpe,0.42,65536,0,0,0,0,0,0.47687500000006366,2-4-6,0.37,12,sweep,0.939597055277432,0.0,research/results/verify_epsilon_floor/20260926T210310Z
awqpe_ablate_special,0.42,65536,0,0,0,0,0,0.47687500000006366,2-4-6,0.37,12,sweep,0.939597055277432,0.0,research/results/verify_epsilon_floor/20260926T210310Z
awqpe,0.43,65536,0,0,0,0,0,0.47687500000006366,2-4-6,0.37,12,sweep,0.939597055277432,0.0,research/results/verify_epsilon_floor/20260926T210310Z
awqpe_ablate_special,0.43,65536,0,0,0,0,0,0.47687500000006366,2-4-6,0.37,12,sweep,0.939597055277432,0.0,research/results/verify_epsilon_floor/20260926T210310Z
awqpe,0.44,65536,0,0,0,0,0,0.47687500000006366,2-4-6,0.37,12,sweep,0.939597055277432,0.0,research/results/verify_epsilon_floor/20260926T210310Z
awqpe_ablate_special,0.44,65536,0,0,0,0,0,0.47687500000006366,2-4-6,0.37,12,sweep,0.939597055277432,0.0,research/results/verify_epsilon_floor/20260926T210310Z
awqpe,0.45,65536,0,0,0,0,0,0.47687500000006366,2-4-6,0.37,12,sweep,0.939597055277432,0.0,research/results/verify_epsilon_floor/20260926T210310Z
awqpe_ablate_special,0.45,65536,0,0,0,0,0,0.47687500000006366,2-4-6,0.37,12,sweep,0.939597055277432,0.0,research/results/verify_epsilon_floor/20260926T210310Z
awqpe,0.46,65536,0,0,0,0,0,0.47687500000006366,2-4-6,0.37,12,sweep,0.939597055277432,0.0,research/results/verify_epsilon_floor/20260926T210310Z
awqpe_ablate_special,0.46,65536,0,0,0,0,0,0.47687500000006366,2-4-6,0.37,12,sweep,0.939597055277432,0.0,research/results/verify_epsilon_floor/20260926T210310Z
awqpe,0.47,65536,0,0,0,0,0,0.47687500000006366,2-4-6,0.37,12,sweep,0.939597055277432,0.0,research/results/verify_epsilon_floor/20260926T210310Z
awqpe_ablate_special,0.47,65536,0,0,0,0,0,0.47687500000006366,2-4-6,0.37,12,sweep,0.939597055277432,0.0,research/results/verify_epsilon_floor/20260926T210310Z
awqpe,0.48,65536,0,0,0,0,0,0.47687500000006366,2-4-6,0.37,12,sweep,0.939597055277432,0.0,research/results/verify_epsilon_floor/20260926T210310Z
awqpe_ablate_special,0.48,65536,0,0,0,0,0,0.47687500000006366,2-4-6,0.37,12,sweep,0.939597055277432,0.0,research/results/verify_epsilon_floor/20260926T210310Z
awqpe,0.49,65536,0,0,0,0,0,0.47687500000006366,2-4-6,0.37,12,sweep,0.939597055277432,0.0,research/results/verify_epsilon_floor/20260926T210310Z
awqpe_ablate_special,0.49,65536,0,0,0,0,0,0.47687500000006366,2-4-6,0.37,12,sweep,0.939597055277432,0.0,research/results/verify_epsilon_floor/20260926T210310Z
awqpe,0.5,65536,0,0,0,0,0,0.47687500000006366,2-4-6,0.37,12,sweep,0.939597055277432,0.0,research/results/verify_epsilon_floor/20260926T210310Z
awqpe_ablate_special,0.5,65536,0,0,0,0,0,0.47687500000006366,2-4-6,0.37,12,sweep,0.939597055277432,0.0,research/results/verify_epsilon_floor/20260926T210310Z
awqpe,0.51,65536,0,0,0,0,0,0.47687500000006366,2-4-6,0.37,12,sweep,0.939597055277432,0.0,research/results/verify_epsilon_floor/20260926T210310Z
awqpe_ablate_special,0.51,65536,0,0,0,0,0,0.47687500000006366,2-4-6,0.37,12,sweep,0.939597055277432,0.0,research/results/verify_epsilon_floor/20260926T210310Z
awqpe,0.52,65536,0,0,0,0,0,0.47687500000006366,2-4-6,0.37,12,sweep,0.939597055277432,0.0,research/results/verify_epsilon_floor/20260926T210310Z
awqpe_ablate_special,0.52,65536,0,0,0,0,0,0.47687500000006366,2-4-6,0.37,12,sweep,0.939597055277432,0.0,research/results/verify_epsilon_floor/20260926T210310Z
awqpe,0.53,65536,0,0,0,0,0,0.47687500000006366,2-4-6,0.37,12,sweep,0.939597055277432,0.0,research/results/verify_epsilon_floor/20260926T210310Z
awqpe_ablate_special,0.53,65536,0,0,0,0,0,0.47687500000006366,2-4-6,0.37,12,sweep,0.939597055277432,0.0,research/results/verify_epsilon_floor/20260926T210310Z
awqpe,0.54,65536,0,0,0,0,0,0.47687500000006366,2-4-6,0.37,12,sweep,0.939597055277432,0.0,research/results/verify_epsilon_floor/20260926T210310Z
awqpe_ablate_special,0.54,65536,0,0,0,0,0,0.47687500000006366,2-4-6,0.37,12,sweep,0.939597055277432,0.0,research/results/verify_epsilon_floor/20260926T210310Z
awqpe,0.55,65536,0,0,0,0,0,0.47687500000006366,2-4-6,0.37,12,sweep,0.939597055277432,0.0,research/results/verify_epsilon_floor/20260926T210310Z
awqpe_ablate_special,0.55,65536,0,0,0,0,0,0.47687500000006366,2-4-6,0.37,12,sweep,0.939597055277432,0.0,research/results/verify_epsilon_floor/20260926T210310Z
awqpe,0.56,65536,0,0,0,0,0,0.47687500000006366,2-4-6,0.37,12,sweep,0.939597055277432,0.0,research/results/verify_epsilon_floor/20260926T210310Z
awqpe_ablate_special,0.56,65536,0,0,0,0,0,0.47687500000006366,2-4-6,0.37,12,sweep,0.939597055277432,0.0,research/results/verify_epsilon_floor/20260926T210310Z
awqpe,0.57,65536,0,0,0,0,0,0.47687500000006366,2-4-6,0.37,12,sweep,0.939597055277432,0.0,research/results/verify_epsilon_floor/20260926T210310Z
awqpe_ablate_special,0.57,65536,0,0,0,0,0,0.47687500000006366,2-4-6,0.37,12,sweep,0.939597055277432,0.0,research/results/verify_epsilon_floor/20260926T210310Z
awqpe,0.58,65536,0,0,0,0,0,0.47687500000006366,2-4-6,0.37,12,sweep,0.939597055277432,0.0,research/results/verify_epsilon_floor/20260926T210310Z
awqpe_ablate_special,0.58,65536,0,0,0,0,0,0.47687500000006366,2-4-6,0.37,12,sweep,0.939597055277432,0.0,research/results/verify_epsilon_floor/20260926T210310Z
awqpe,0.59,65536,0,0,0,0,0,0.47687500000006366,2-4-6,0.37,12,sweep,0.939597055277432,0.0,research/results/verify_epsilon_floor/20260926T210310Z
awqpe_ablate_special,0.59,65536,0,0,0,0,0,0.47687500000006366,2-4-6,0.37,12,sweep,0.939597055277432,0.0,research/results/verify_epsilon_floor/20260926T210310Z
awqpe,0.6,65536,0,0,0,0,0,0.47687500000006366,2-4-6,0.37,12,sweep,0.939597055277432,0.0,research/results/verify_epsilon_floor/20260926T210310Z
awqpe_ablate_special,0.6,65536,0,0,0,0,0,0.47687500000006366,2-4-6,0.37,12,sweep,0.939597055277432,0.0,research/results/verify_epsilon_floor/20260926T210310Z
awqpe,0.61,65536,0,0,0,0,0,0.47687500000006366,2-4-6,0.37,12,sweep,0.939597055277432,0.0,research/results/verify_epsilon_floor/20260926T210310Z
awqpe_ablate_special,0.61,65536,0,0,0,0,0,0.47687500000006366,2-4-6,0.37,12,sweep,0.939597055277432,0.0,research/results/verify_epsilon_floor/20260926T210310Z
awqpe,0.62,65536,0,0,0,0,0,0.47687500000006366,2-4-6,0.37,12,sweep,0.939597055277432,0.0,research/results/verify_epsilon_floor/20260926T210310Z
awqpe_ablate_special,0.62,65536,0,0,0,0,0,0.47687500000006366,2-4-6,0.37,12,sweep,0.939597055277432,0.0,research/results/verify_epsilon_floor/20260926T210310Z
awqpe,0.63,65536,0,0,0,0,0,0.47687500000006366,2-4-6,0.37,12,sweep,0.939597055277432,0.0,research/results/verify_epsilon_floor/20260926T210310Z
awqpe_ablate_special,0.63,65536,0,0,0,0,0,0.47687500000006366,2-4-6,0.37,12,sweep,0.939597055277432,0.0,research/results/verify_epsilon_floor/20260926T210310Z
awqpe,0.64,65536,0,0,0,0,0,0.47687500000006366,2-4-6,0.37,12,sweep,0.939597055277432,0.0,research/results/verify_epsilon_floor/20260926T210310Z
awqpe_ablate_special,0.64,65536,0,0,0,0,0,0.47687500000006366,2-4-6,0.37,12,sweep,0.939597055277432,0.0,research/results/verify_epsilon_floor/20260926T210310Z
awqpe,0.65,65536,0,0,0,0,0,0.47687500000006366,2-4-6,0.37,12,sweep,0.939597055277432,0.0,research/results/verify_epsilon_floor/20260926T210310Z
awqpe_ablate_special,0.65,65536,0,0,0,0,0,0.47687500000006366,2-4-6,0.37,12,sweep,0.939597055277432,0.0,research/results/verify_epsilon_floor/20260926T210310Z
awqpe,0.66,65536,0,0,0,0,0,0.47687500000006366,2-4-6,0.37,12,sweep,0.939597055277432,0.0,research/results/verify_epsilon_floor/20260926T210310Z
awqpe_ablate_special,0.66,65536,0,0,0,0,0,0.47687500000006366,2-4-6,0.37,12,sweep,0.939597055277432,0.0,research/results/verify_epsilon_floor/20260926T210310Z
awqpe,0.67,65536,0,0,0,0,0,0.47687500000006366,2-4-6,0.37,12,sweep,0.939597055277432,0.0,research/results/verify_epsilon_floor/20260926T210310Z
awqpe_ablate_special,0.67,65536,0,0,0,0,0,0.47687500000006366,2-4-6,0.37,12,sweep,0.939597055277432,0.0,research/results/verify_epsilon_floor/20260926T210310Z
awqpe,0.68,65536,0,0,0,0,0,0.47687500000006366,2-4-6,0.37,12,sweep,0.939597055277432,0.0,research/results/verify_epsilon_floor/20260926T210310Z
awqpe_ablate_special,0.68,65536,0,0,0,0,0,0.47687500000006366,2-4-6,0.37,12,sweep,0.939597055277432,0.0,research/results/verify_epsilon_floor/20260926T210310Z
awqpe,0.69,65536,0,0,0,0,0,0.47687500000006366,2-4-6,0.37,12,sweep,0.939597055277432,0.0,research/results/verify_epsilon_floor/20260926T210310Z
awqpe_ablate_special,0.69,65536,0,0,0,0,0,0.47687500000006366,2-4-6,0.37,12,sweep,0.939597055277432,0.0,research/results/verify_epsilon_floor/20260926T210310Z
awqpe,0.7,65536,0,0,0,0,0,0.47687500000006366,2-4-6,0.37,12,sweep,0.939597055277432,0.0,research/results/verify_epsilon_floor/20260926T210310Z
awqpe_ablate_special,0.7,65536,0,0,0,0,0,0.47687500000006366,2-4-6,0.37,12,sweep,0.939597055277432,0.0,research/results/verify_epsilon_floor/20260926T210310Z
awqpe,0.71,65536,0,0,0,0,0,0.47687500000006366,2-4-6,0.37,12,sweep,0.939597055277432,0.0,research/results/verify_epsilon_floor/20260926T210310Z
awqpe_ablate_special,0.71,65536,0,0,0,0,0,0.47687500000006366,2-4-6,0.37,12,sweep,0.939597055277432,0.0,research/results/verify_epsilon_floor/20260926T210310Z
awqpe,0.72,65536,0,0,0,0,0,0.47687500000006366,2-4-6,0.37,12,sweep,0.939597055277432,0.0,research/results/verify_epsilon_floor/20260926T210310Z
awqpe_ablate_special,0.72,65536,0,0,0,0,0,0.47687500000006366,2-4-6,0.37,12,sweep,0.939597055277432,0.0,research/results/verify_epsilon_floor/20260926T210310Z
awqpe,0.73,65536,0,0,0,0,0,0.47687500000006366,2-4-6,0.37,12,sweep,0.939597055277432,0.0,research/results/verify_epsilon_floor/20260926T210310Z
awqpe_ablate_special,0.73,65536,0,0,0,0,0,0.47687500000006366,2-4-6,0.37,12,sweep,0.939597055277432,0.0,research/results/verify_epsilon_floor/20260926T210310Z
awqpe,0.74,65536,0,0,0,0,0,0.47687500000006366,2-4-6,0.37,12,sweep,0.939597055277432,0.0,research/results/verify_epsilon_floor/20260926T210310Z
awqpe_ablate_special,0.74,65536,0,0,0,0,0,0.47687500000006366,2-4-6,0.37,12,sweep,0.939597055277432,0.0,research/results/verify_epsilon_floor/20260926T210310Z
awqpe,0.75,65536,0,0,0,0,0,0.47687500000006366,2-4-6,0.37,12,sweep,0.939597055277432,0.0,research/results/verify_epsilon_floor/20260926T210310Z
awqpe_ablate_special,0.75,65536,0,0,0,0,0,0.47687500000006366,2-4-6,0.37,12,sweep,0.939597055277432,0.0,research/results/verify_epsilon_floor/20260926T210310Z
awqpe,0.76,65536,0,0,0,0,0,0.47687500000006366,2-4-6,0.37,12,sweep,0.939597055277432,0.0,research/results/verify_epsilon_floor/20260926T210310Z
awqpe_ablate_special,0.76,65536,0,0,0,0,0,0.47687500000006366,2-4-6,0.37,12,sweep,0.939597055277432,0.0,research/results/verify_epsilon_floor/20260926T210310Z
awqpe,0.77,65536,0,0,0,0,0,0.47687500000006366,2-4-6,0.37,12,sweep,0.939597055277432,0.0,research/results/verify_epsilon_floor/20260926T210310Z
awqpe_ablate_special,0.77,65536,0,0,0,0,0,0.47687500000006366,2-4-6,0.37,12,sweep,0.939597055277432,0.0,research/results/verify_epsilon_floor/20260926T210310Z
awqpe,0.78,65536,0,0,0,0,0,0.47687500000006366,2-4-6,0.37,12,sweep,0.939597055277432,0.0,research/results/verify_epsilon_floor/20260926T210310Z
awqpe_ablate_special,0.78,65536,0,0,0,0,0,0.47687500000006366,2-4-6,0.37,12,sweep,0.939597055277432,0.0,research/results/verify_epsilon_floor/20260926T210310Z
awqpe,0.79,65536,0,0,0,0,0,0.47687500000006366,2-4-6,0.37,12,sweep,0.939597055277432,0.0,research/results/verify_epsilon_floor/20260926T210310Z
awqpe_ablate_special,0.79,65536,0,0,0,0,0,0.47687500000006366,2-4-6,0.37,12,sweep,0.939597055277432,0.0,research/results/verify_epsilon_floor/20260926T210310Z
awqpe,0.8,65536,0,0,0,0,0,0.47687500000006366,2-4-6,0.37,12,sweep,0.939597055277432,0.0,research/results/verify_epsilon_floor/20260926T210310Z
awqpe_ablate_special,0.8,65536,0,0,0,0,0,0.47687500000006366,2-4-6,0.37,12,sweep,0.939597055277432,0.0,research/results/verify_epsilon_floor/20260926T210310Z
awqpe,0.81,65536,0,0,0,0,0,0.47687500000006366,2-4-6,0.37,12,sweep,0.939597055277432,0.0,research/results/verify_epsilon_floor/20260926T210310Z
awqpe_ablate_special,0.81,65536,0,0,0,0,0,0.47687500000006366,2-4-6,0.37,12,sweep,0.939597055277432,0.0,research/results/verify_epsilon_floor/20260926T210310Z
awqpe,0.82,65536,0,0,0,0,0,0.47687500000006366,2-4-6,0.37,12,sweep,0.939597055277432,0.0,research/results/verify_epsilon_floor/20260926T210310Z
awqpe_ablate_special,0.82,65536,0,0,0,0,0,0.47687500000006366,2-4-6,0.37,12,sweep,0.939597055277432,0.0,research/results/verify_epsilon_floor/20260926T210310Z
awqpe,0.83,65536,0,0,0,0,0,0.47687500000006366,2-4-6,0.37,12,sweep,0.939597055277432,0.0,research/results/verify_epsilon_floor/20260926T210310Z
awqpe_ablate_special,0.83,65536,0,0,0,0,0,0.47687500000006366,2-4-6,0.37,12,sweep,0.939597055277432,0.0,research/results/verify_epsilon_floor/20260926T210310Z
awqpe,0.84,65536,0,0,0,0,0,0.47687500000006366,2-4-6,0.37,12,sweep,0.939597055277432,0.0,research/results/verify_epsilon_floor/20260926T210310Z
awqpe_ablate_special,0.84,65536,0,0,0,0,0,0.47687500000006366,2-4-6,0.37,12,sweep,0.939597055277432,0.0,research/results/verify_epsilon_floor/20260926T210310Z
awqpe,0.85,65536,0,0,0,0,0,0.47687500000006366,2-4-6,0.37,12,sweep,0.939597055277432,0.0,research/results/verify_epsilon_floor/20260926T210310Z
awqpe_ablate_special,0.85,65536,0,0,0,0,0,0.47687500000006366,2-4-6,0.37,12,sweep,0.939597055277432,0.0,research/results/verify_epsilon_floor/20260926T210310Z
awqpe,0.86,65536,0,0,0,0,0,0.47687500000006366,2-4-6,0.37,12,sweep,0.939597055277432,0.0,research/results/verify_epsilon_floor/20260926T210310Z
awqpe_ablate_special,0.86,65536,0,0,0,0,0,0.47687500000006366,2-4-6,0.37,12,sweep,0.939597055277432,0.0,research/results/verify_epsilon_floor/20260926T210310Z
awqpe,0.87,65536,0,0,0,0,0,0.47687500000006366,2-4-6,0.37,12,sweep,0.939597055277432,0.0,research/results/verify_epsilon_floor/20260926T210310Z
awqpe_ablate_special,0.87,65536,0,0,0,0,0,0.47687500000006366,2-4-6,0.37,12,sweep,0.939597055277432,0.0,research/results/verify_epsilon_floor/20260926T210310Z
awqpe,0.88,65536,0,0,0,0,0,0.47687500000006366,2-4-6,0.37,12,sweep,0.939597055277432,0.0,research/results/verify_epsilon_floor/20260926T210310Z
awqpe_ablate_special,0.88,65536,0,0,0,0,0,0.47687500000006366,2-4-6,0.37,12,sweep,0.939597055277432,0.0,research/results/verify_epsilon_floor/20260926T210310Z
awqpe,0.89,65536,0,0,0,0,0,0.47687500000006366,2-4-6,0.37,12,sweep,0.939597055277432,0.0,research/results/verify_epsilon_floor/20260926T210310Z
awqpe_ablate_special,0.89,65536,0,0,0,0,0,0.47687500000006366,2-4-6,0.37,12,sweep,0.939597055277432,0.0,research/results/verify_epsilon_floor/20260926T210310Z
awqpe,0.9,65536,0,0,0,0,0,0.47687500000006366,2-4-6,0.37,12,sweep,0.939597055277432,0.0,research/results/verify_epsilon_floor/20260926T210310Z
awqpe_ablate_special,0.9,65536,0,0,0,0,0,0.47687500000006366,2-4-6,0.37,12,sweep,0.939597055277432,0.0,research/results/verify_epsilon_floor/20260926T210310Z
awqpe,0.91,65536,0,0,0,0,0,0.47687500000006366,2-4-6,0.37,12,sweep,0.939597055277432,0.0,research/results/verify_epsilon_floor/20260926T210310Z
awqpe_ablate_special,0.91,65536,0,0,0,0,0,0.47687500000006366,2-4-6,0.37,12,sweep,0.939597055277432,0.0,research/results/verify_epsilon_floor/20260926T210310Z
awqpe,0.92,65536,0,0,0,0,0,0.47687500000006366,2-4-6,0.37,12,sweep,0.939597055277432,0.0,research/results/verify_epsilon_floor/20260926T210310Z
awqpe_ablate_special,0.92,65536,0,0,0,0,0,0.47687500000006366,2-4-6,0.37,12,sweep,0.939597055277432,0.0,research/results/verify_epsilon_floor/20260926T210310Z
awqpe,0.93,65536,0,0,0,0,0,0.47687500000006366,2-4-6,0.37,12,sweep,0.939597055277432,0.0,research/results/verify_epsilon_floor/20260926T210310Z
awqpe_ablate_special,0.93,65536,0,0,0,0,0,0.47687500000006366,2-4-6,0.37,12,sweep,0.939597055277432,0.0,research/results/verify_epsilon_floor/20260926T210310Z
awqpe,0.94,65536,0,0,0,0,0,0.47687500000006366,2-4-6,0.37,12,sweep,0.939597055277432,0.0,research/results/verify_epsilon_floor/20260926T210310Z
awqpe_ablate_special,0.94,65536,0,0,0,0,0,0.47687500000006366,2-4-6,0.37,12,sweep,0.939597055277432,0.0,research/results/verify_epsilon_floor/20260926T210310Z
awqpe,0.95,65536,64,64,64,0,0,960.4606250000002,2-4-6,0.37,12,sweep,0.939597055277432,0.0009765625,research/results/verify_epsilon_floor/20260926T210310Z
awqpe_ablate_special,0.95,65536,128,128,128,0,0,960.4768750000001,2-4-6,0.37,12,sweep,0.939597055277432,0.001953125,research/results/verify_epsilon_floor/20260926T210310Z
awqpe,0.96,65536,192,192,192,0,0,960.4606250000002,2-4-6,0.37,12,sweep,0.939597055277432,0.0029296875,research/results/verify_epsilon_floor/20260926T210310Z
awqpe_ablate_special,0.96,65536,192,192,192,0,0,960.4768750000001,2-4-6,0.37,12,sweep,0.939597055277432,0.0029296875,research/results/verify_epsilon_floor/20260926T210310Z
awqpe,0.97,65536,256,256,256,0,0,960.4606250000002,2-4-6,0.37,12,sweep,0.939597055277432,0.00390625,research/results/verify_epsilon_floor/20260926T210310Z
awqpe_ablate_special,0.97,65536,256,256,256,0,0,960.4768750000001,2-4-6,0.37,12,sweep,0.939597055277432,0.00390625,research/results/verify_epsilon_floor/20260926T210310Z
awqpe,0.98,65536,320,320,320,0,0,960.4606250000002,2-4-6,0.37,12,sweep,0.939597055277432,0.0048828125,research/results/verify_epsilon_floor/20260926T210310Z
awqpe_ablate_special,0.98,65536,384,384,384,0,0,960.4768750000001,2-4-6,0.37,12,sweep,0.939597055277432,0.005859375,research/results/verify_epsilon_floor/20260926T210310Z
awqpe,0.99,65536,448,448,448,0,0,960.4606250000002,2-4-6,0.37,12,sweep,0.939597055277432,0.0068359375,research/results/verify_epsilon_floor/20260926T210310Z
awqpe_ablate_special,0.99,65536,448,448,448,0,0,960.4768750000001,2-4-6,0.37,12,sweep,0.939597055277432,0.0068359375,research/results/verify_epsilon_floor/20260926T210310Z
awqpe,0.3,16384,0,0,0,0,0,0.5,3-2-3,0.0,8,sweep,0.6208571582663802,0.0,research/results/verify_epsilon_floor/20260926T210310Z
awqpe_ablate_special,0.3,16384,0,0,0,0,0,0.5,3-2-3,0.0,8,sweep,0.6208571582663802,0.0,research/results/verify_epsilon_floor/20260926T210310Z
awqpe,0.31,16384,0,0,0,0,0,0.5,3-2-3,0.0,8,sweep,0.6208571582663802,0.0,research/results/verify_epsilon_floor/20260926T210310Z
awqpe_ablate_special,0.31,16384,0,0,0,0,0,0.5,3-2-3,0.0,8,sweep,0.6208571582663802,0.0,research/results/verify_epsilon_floor/20260926T210310Z
awqpe,0.32,16384,0,0,0,0,0,0.5,3-2-3,0.0,8,sweep,0.6208571582663802,0.0,research/results/verify_epsilon_floor/20260926T210310Z
awqpe_ablate_special,0.32,16384,0,0,0,0,0,0.5,3-2-3,0.0,8,sweep,0.6208571582663802,0.0,research/results/verify_epsilon_floor/20260926T210310Z
awqpe,0.33,16384,0,0,0,0,0,0.5,3-2-3,0.0,8,sweep,0.6208571582663802,0.0,research/results/verify_epsilon_floor/20260926T210310Z
awqpe_ablate_special,0.33,16384,0,0,0,0,0,0.5,3-2-3,0.0,8,sweep,0.6208571582663802,0.0,research/results/verify_epsilon_floor/20260926T210310Z
awqpe,0.34,16384,0,0,0,0,0,0.5,3-2-3,0.0,8,sweep,0.6208571582663802,0.0,research/results/verify_epsilon_floor/20260926T210310Z
awqpe_ablate_special,0.34,16384,0,0,0,0,0,0.5,3-2-3,0.0,8,sweep,0.6208571582663802,0.0,research/results/verify_epsilon_floor/20260926T210310Z
awqpe,0.35,16384,0,0,0,0,0,0.5,3-2-3,0.0,8,sweep,0.6208571582663802,0.0,research/results/verify_epsilon_floor/20260926T210310Z
awqpe_ablate_special,0.35,16384,0,0,0,0,0,0.5,3-2-3,0.0,8,sweep,0.6208571582663802,0.0,research/results/verify_epsilon_floor/20260926T210310Z
awqpe,0.36,16384,0,0,0,0,0,0.5,3-2-3,0.0,8,sweep,0.6208571582663802,0.0,research/results/verify_epsilon_floor/20260926T210310Z
awqpe_ablate_special,0.36,16384,0,0,0,0,0,0.5,3-2-3,0.0,8,sweep,0.6208571582663802,0.0,research/results/verify_epsilon_floor/20260926T210310Z
awqpe,0.37,16384,0,0,0,0,0,0.5,3-2-3,0.0,8,sweep,0.6208571582663802,0.0,research/results/verify_epsilon_floor/20260926T210310Z
awqpe_ablate_special,0.37,16384,0,0,0,0,0,0.5,3-2-3,0.0,8,sweep,0.6208571582663802,0.0,research/results/verify_epsilon_floor/20260926T210310Z
awqpe,0.38,16384,0,0,0,0,0,0.5,3-2-3,0.0,8,sweep,0.6208571582663802,0.0,research/results/verify_epsilon_floor/20260926T210310Z
awqpe_ablate_special,0.38,16384,0,0,0,0,0,0.5,3-2-3,0.0,8,sweep,0.6208571582663802,0.0,research/results/verify_epsilon_floor/20260926T210310Z
awqpe,0.39,16384,0,0,0,0,0,0.5,3-2-3,0.0,8,sweep,0.6208571582663802,0.0,research/results/verify_epsilon_floor/20260926T210310Z
awqpe_ablate_special,0.39,16384,0,0,0,0,0,0.5,3-2-3,0.0,8,sweep,0.6208571582663802,0.0,research/results/verify_epsilon_floor/20260926T210310Z
awqpe,0.4,16384,0,0,0,0,0,0.5,3-2-3,0.0,8,sweep,0.6208571582663802,0.0,research/results/verify_epsilon_floor/20260926T210310Z
awqpe_ablate_special,0.4,16384,0,0,0,0,0,0.5,3-2-3,0.0,8,sweep,0.6208571582663802,0.0,research/results/verify_epsilon_floor/20260926T210310Z
awqpe,0.41,16384,0,0,0,0,0,0.5,3-2-3,0.0,8,sweep,0.6208571582663802,0.0,research/results/verify_epsilon_floor/20260926T210310Z
awqpe_ablate_special,0.41,16384,0,0,0,0,0,0.5,3-2-3,0.0,8,sweep,0.6208571582663802,0.0,research/results/verify_epsilon_floor/20260926T210310Z
awqpe,0.42,16384,0,0,0,0,0,0.5,3-2-3,0.0,8,sweep,0.6208571582663802,0.0,research/results/verify_epsilon_floor/20260926T210310Z
awqpe_ablate_special,0.42,16384,0,0,0,0,0,0.5,3-2-3,0.0,8,sweep,0.6208571582663802,0.0,research/results/verify_epsilon_floor/20260926T210310Z
awqpe,0.43,16384,0,0,0,0,0,0.5,3-2-3,0.0,8,sweep,0.6208571582663802,0.0,research/results/verify_epsilon_floor/20260926T210310Z
awqpe_ablate_special,0.43,16384,0,0,0,0,0,0.5,3-2-3,0.0,8,sweep,0.6208571582663802,0.0,research/results/verify_epsilon_floor/20260926T210310Z
awqpe,0.44,16384,0,0,0,0,0,0.5,3-2-3,0.0,8,sweep,0.6208571582663802,0.0,research/results/verify_epsilon_floor/20260926T210310Z
awqpe_ablate_special,0.44,16384,0,0,0,0,0,0.5,3-2-3,0.0,8,sweep,0.6208571582663802,0.0,research/results/verify_epsilon_floor/20260926T210310Z
awqpe,0.45,16384,0,0,0,0,0,0.5,3-2-3,0.0,8,sweep,0.6208571582663802,0.0,research/results/verify_epsilon_floor/20260926T210310Z
awqpe_ablate_special,0.45,16384,0,0,0,0,0,0.5,3-2-3,0.0,8,sweep,0.6208571582663802,0.0,research/results/verify_epsilon_floor/20260926T210310Z
awqpe,0.46,16384,0,0,0,0,0,0.5,3-2-3,0.0,8,sweep,0.6208571582663802,0.0,research/results/verify_epsilon_floor/20260926T210310Z
awqpe_ablate_special,0.46,16384,0,0,0,0,0,0.5,3-2-3,0.0,8,sweep,0.6208571582663802,0.0,research/results/verify_epsilon_floor/20260926T210310Z
awqpe,0.47,16384,0,0,0,0,0,0.5,3-2-3,0.0,8,sweep,0.6208571582663802,0.0,research/results/verify_epsilon_floor/20260926T210310Z
awqpe_ablate_special,0.47,16384,0,0,0,0,0,0.5,3-2-3,0.0,8,sweep,0.6208571582663802,0.0,research/results/verify_epsilon_floor/20260926T210310Z
awqpe,0.48,16384,0,0,0,0,0,0.5,3-2-3,0.0,8,sweep,0.6208571582663802,0.0,research/results/verify_epsilon_floor/20260926T210310Z
awqpe_ablate_special,0.48,16384,0,0,0,0,0,0.5,3-2-3,0.0,8,sweep,0.6208571582663802,0.0,research/results/verify_epsilon_floor/20260926T210310Z
awqpe,0.49,16384,0,0,0,0,0,0.5,3-2-3,0.0,8,sweep,0.6208571582663802,0.0,research/results/verify_epsilon_floor/20260926T210310Z
awqpe_ablate_special,0.49,16384,0,0,0,0,0,0.5,3-2-3,0.0,8,sweep,0.6208571582663802,0.0,research/results/verify_epsilon_floor/20260926T210310Z
awqpe,0.5,16384,0,0,0,0,0,0.5,3-2-3,0.0,8,sweep,0.6208571582663802,0.0,research/results/verify_epsilon_floor/20260926T210310Z
awqpe_ablate_special,0.5,16384,0,0,0,0,0,0.5,3-2-3,0.0,8,sweep,0.6208571582663802,0.0,research/results/verify_epsilon_floor/20260926T210310Z
awqpe,0.51,16384,0,0,0,0,0,0.5,3-2-3,0.0,8,sweep,0.6208571582663802,0.0,research/results/verify_epsilon_floor/20260926T210310Z
awqpe_ablate_special,0.51,16384,0,0,0,0,0,0.5,3-2-3,0.0,8,sweep,0.6208571582663802,0.0,research/results/verify_epsilon_floor/20260926T210310Z
awqpe,0.52,16384,0,0,0,0,0,0.5,3-2-3,0.0,8,sweep,0.6208571582663802,0.0,research/results/verify_epsilon_floor/20260926T210310Z
awqpe_ablate_special,0.52,16384,0,0,0,0,0,0.5,3-2-3,0.0,8,sweep,0.6208571582663802,0.0,research/results/verify_epsilon_floor/20260926T210310Z
awqpe,0.53,16384,0,0,0,0,0,0.5,3-2-3,0.0,8,sweep,0.6208571582663802,0.0,research/results/verify_epsilon_floor/20260926T210310Z
awqpe_ablate_special,0.53,16384,0,0,0,0,0,0.5,3-2-3,0.0,8,sweep,0.6208571582663802,0.0,research/results/verify_epsilon_floor/20260926T210310Z
awqpe,0.54,16384,0,0,0,0,0,0.5,3-2-3,0.0,8,sweep,0.6208571582663802,0.0,research/results/verify_epsilon_floor/20260926T210310Z
awqpe_ablate_special,0.54,16384,0,0,0,0,0,0.5,3-2-3,0.0,8,sweep,0.6208571582663802,0.0,research/results/verify_epsilon_floor/20260926T210310Z
awqpe,0.55,16384,0,0,0,0,0,0.5,3-2-3,0.0,8,sweep,0.6208571582663802,0.0,research/results/verify_epsilon_floor/20260926T210310Z
awqpe_ablate_special,0.55,16384,0,0,0,0,0,0.5,3-2-3,0.0,8,sweep,0.6208571582663802,0.0,research/results/verify_epsilon_floor/20260926T210310Z
awqpe,0.56,16384,0,0,0,0,0,0.5,3-2-3,0.0,8,sweep,0.6208571582663802,0.0,research/results/verify_epsilon_floor/20260926T210310Z
awqpe_ablate_special,0.56,16384,0,0,0,0,0,0.5,3-2-3,0.0,8,sweep,0.6208571582663802,0.0,research/results/verify_epsilon_floor/20260926T210310Z
awqpe,0.57,16384,0,0,0,0,0,0.5,3-2-3,0.0,8,sweep,0.6208571582663802,0.0,research/results/verify_epsilon_floor/20260926T210310Z
awqpe_ablate_special,0.57,16384,0,0,0,0,0,0.5,3-2-3,0.0,8,sweep,0.6208571582663802,0.0,research/results/verify_epsilon_floor/20260926T210310Z
awqpe,0.58,16384,0,0,0,0,0,0.5,3-2-3,0.0,8,sweep,0.6208571582663802,0.0,research/results/verify_epsilon_floor/20260926T210310Z
awqpe_ablate_special,0.58,16384,0,0,0,0,0,0.5,3-2-3,0.0,8,sweep,0.6208571582663802,0.0,research/results/verify_epsilon_floor/20260926T210310Z
awqpe,0.59,16384,0,0,0,0,0,0.5,3-2-3,0.0,8,sweep,0.6208571582663802,0.0,research/results/verify_epsilon_floor/20260926T210310Z
awqpe_ablate_special,0.59,16384,0,0,0,0,0,0.5,3-2-3,0.0,8,sweep,0.6208571582663802,0.0,research/results/verify_epsilon_floor/20260926T210310Z
awqpe,0.6,16384,0,0,0,0,0,0.5,3-2-3,0.0,8,sweep,0.6208571582663802,0.0,research/results/verify_epsilon_floor/20260926T210310Z
awqpe_ablate_special,0.6,16384,0,0,0,0,0,0.5,3-2-3,0.0,8,sweep,0.6208571582663802,0.0,research/results/verify_epsilon_floor/20260926T210310Z
awqpe,0.61,16384,0,0,0,0,0,0.5,3-2-3,0.0,8,sweep,0.6208571582663802,0.0,research/results/verify_epsilon_floor/20260926T210310Z
awqpe_ablate_special,0.61,16384,0,0,0,0,0,0.5,3-2-3,0.0,8,sweep,0.6208571582663802,0.0,research/results/verify_epsilon_floor/20260926T210310Z
awqpe,0.62,16384,0,0,0,0,0,0.5,3-2-3,0.0,8,sweep,0.6208571582663802,0.0,research/results/verify_epsilon_floor/20260926T210310Z
awqpe_ablate_special,0.62,16384,0,0,0,0,0,0.5,3-2-3,0.0,8,sweep,0.6208571582663802,0.0,research/results/verify_epsilon_floor/20260926T210310Z
awqpe,0.63,16384,32,0,0,0,32,24.5,3-2-3,0.0,8,sweep,0.6208571582663802,0.001953125,research/results/verify_epsilon_floor/20260926T210310Z
awqpe_ablate_special,0.63,16384,0,32,0,32,0,0.5,3-2-3,0.0,8,sweep,0.6208571582663802,0.0,research/results/verify_epsilon_floor/20260926T210310Z
awqpe,0.64,16384,96,64,64,0,32,24.5,3-2-3,0.0,8,sweep,0.6208571582663802,0.005859375,research/results/verify_epsilon_floor/20260926T210310Z
awqpe_ablate_special,0.64,16384,64,96,64,32,0,24.484375,3-2-3,0.0,8,sweep,0.6208571582663802,0.00390625,research/results/verify_epsilon_floor/20260926T210310Z
awqpe,0.65,16384,128,96,96,0,32,24.5,3-2-3,0.0,8,sweep,0.6208571582663802,0.0078125,research/results/verify_epsilon_floor/20260926T210310Z
awqpe_ablate_special,0.65,16384,96,128,96,32,0,24.484375,3-2-3,0.0,8,sweep,0.6208571582663802,0.005859375,research/results/verify_epsilon_floor/20260926T210310Z
awqpe,0.66,16384,160,128,128,0,32,24.5,3-2-3,0.0,8,sweep,0.6208571582663802,0.009765625,research/results/verify_epsilon_floor/20260926T210310Z
awqpe_ablate_special,0.66,16384,128,160,128,32,0,24.484375,3-2-3,0.0,8,sweep,0.6208571582663802,0.0078125,research/results/verify_epsilon_floor/20260926T210310Z
awqpe,0.67,16384,192,160,160,0,32,24.5,3-2-3,0.0,8,sweep,0.6208571582663802,0.01171875,research/results/verify_epsilon_floor/20260926T210310Z
awqpe_ablate_special,0.67,16384,160,192,160,32,0,24.484375,3-2-3,0.0,8,sweep,0.6208571582663802,0.009765625,research/results/verify_epsilon_floor/20260926T210310Z
awqpe,0.68,16384,224,192,192,0,32,24.5,3-2-3,0.0,8,sweep,0.6208571582663802,0.013671875,research/results/verify_epsilon_floor/20260926T210310Z
awqpe_ablate_special,0.68,16384,192,224,192,32,0,24.484375,3-2-3,0.0,8,sweep,0.6208571582663802,0.01171875,research/results/verify_epsilon_floor/20260926T210310Z
awqpe,0.69,16384,256,224,224,0,32,24.5,3-2-3,0.0,8,sweep,0.6208571582663802,0.015625,research/results/verify_epsilon_floor/20260926T210310Z
awqpe_ablate_special,0.69,16384,224,256,224,32,0,24.484375,3-2-3,0.0,8,sweep,0.6208571582663802,0.013671875,research/results/verify_epsilon_floor/20260926T210310Z
awqpe,0.7,16384,256,224,224,0,32,24.5,3-2-3,0.0,8,sweep,0.6208571582663802,0.015625,research/results/verify_epsilon_floor/20260926T210310Z
awqpe_ablate_special,0.7,16384,224,256,224,32,0,24.484375,3-2-3,0.0,8,sweep,0.6208571582663802,0.013671875,research/results/verify_epsilon_floor/20260926T210310Z
awqpe,0.71,16384,288,256,256,0,32,24.5,3-2-3,0.0,8,sweep,0.6208571582663802,0.017578125,research/results/verify_epsilon_floor/20260926T210310Z
awqpe_ablate_special,0.71,16384,256,288,256,32,0,24.484375,3-2-3,0.0,8,sweep,0.6208571582663802,0.015625,research/results/verify_epsilon_floor/20260926T210310Z
awqpe,0.72,16384,320,288,288,0,32,24.5,3-2-3,0.0,8,sweep,0.6208571582663802,0.01953125,research/results/verify_epsilon_floor/20260926T210310Z
awqpe_ablate_special,0.72,16384,288,320,288,32,0,24.484375,3-2-3,0.0,8,sweep,0.6208571582663802,0.017578125,research/results/verify_epsilon_floor/20260926T210310Z
awqpe,0.73,16384,352,320,320,0,32,24.5,3-2-3,0.0,8,sweep,0.6208571582663802,0.021484375,research/results/verify_epsilon_floor/20260926T210310Z
awqpe_ablate_special,0.73,16384,320,352,320,32,0,24.484375,3-2-3,0.0,8,sweep,0.6208571582663802,0.01953125,research/results/verify_epsilon_floor/20260926T210310Z
awqpe,0.74,16384,384,352,352,0,32,24.5,3-2-3,0.0,8,sweep,0.6208571582663802,0.0234375,research/results/verify_epsilon_floor/20260926T210310Z
awqpe_ablate_special,0.74,16384,352,384,352,32,0,24.484375,3-2-3,0.0,8,sweep,0.6208571582663802,0.021484375,research/results/verify_epsilon_floor/20260926T210310Z
awqpe,0.75,16384,416,384,384,0,32,24.5,3-2-3,0.0,8,sweep,0.6208571582663802,0.025390625,research/results/verify_epsilon_floor/20260926T210310Z
awqpe_ablate_special,0.75,16384,384,416,384,32,0,24.484375,3-2-3,0.0,8,sweep,0.6208571582663802,0.0234375,research/results/verify_epsilon_floor/20260926T210310Z
awqpe,0.76,16384,448,416,416,0,32,24.5,3-2-3,0.0,8,sweep,0.6208571582663802,0.02734375,research/results/verify_epsilon_floor/20260926T210310Z
awqpe_ablate_special,0.76,16384,416,448,416,32,0,24.484375,3-2-3,0.0,8,sweep,0.6208571582663802,0.025390625,research/results/verify_epsilon_floor/20260926T210310Z
awqpe,0.77,16384,480,448,448,0,32,24.5,3-2-3,0.0,8,sweep,0.6208571582663802,0.029296875,research/results/verify_epsilon_floor/20260926T210310Z
awqpe_ablate_special,0.77,16384,448,480,448,32,0,24.484375,3-2-3,0.0,8,sweep,0.6208571582663802,0.02734375,research/results/verify_epsilon_floor/20260926T210310Z
awqpe,0.78,16384,512,480,480,0,32,24.5,3-2-3,0.0,8,sweep,0.6208571582663802,0.03125,research/results/verify_epsilon_floor/20260926T210310Z
awqpe_ablate_special,0.78,16384,480,512,480,32,0,24.484375,3-2-3,0.0,8,sweep,0.6208571582663802,0.029296875,research/results/verify_epsilon_floor/20260926T210310Z
awqpe,0.79,16384,544,512,512,0,32,24.5,3-2-3,0.0,8,sweep,0.6208571582663802,0.033203125,research/results/verify_epsilon_floor/20260926T210310Z
awqpe_ablate_special,0.79,16384,512,544,512,32,0,24.484375,3-2-3,0.0,8,sweep,0.6208571582663802,0.03125,research/results/verify_epsilon_floor/20260926T210310Z
awqpe,0.8,16384,544,512,512,0,32,24.5,3-2-3,0.0,8,sweep,0.6208571582663802,0.033203125,research/results/verify_epsilon_floor/20260926T210310Z
awqpe_ablate_special,0.8,16384,512,544,512,32,0,24.484375,3-2-3,0.0,8,sweep,0.6208571582663802,0.03125,research/results/verify_epsilon_floor/20260926T210310Z
awqpe,0.81,16384,576,544,544,0,32,24.5,3-2-3,0.0,8,sweep,0.6208571582663802,0.03515625,research/results/verify_epsilon_floor/20260926T210310Z
awqpe_ablate_special,0.81,16384,544,576,544,32,0,24.484375,3-2-3,0.0,8,sweep,0.6208571582663802,0.033203125,research/results/verify_epsilon_floor/20260926T210310Z
awqpe,0.82,16384,608,576,576,0,32,24.5,3-2-3,0.0,8,sweep,0.6208571582663802,0.037109375,research/results/verify_epsilon_floor/20260926T210310Z
awqpe_ablate_special,0.82,16384,576,608,576,32,0,24.484375,3-2-3,0.0,8,sweep,0.6208571582663802,0.03515625,research/results/verify_epsilon_floor/20260926T210310Z
awqpe,0.83,16384,640,608,608,0,32,24.5,3-2-3,0.0,8,sweep,0.6208571582663802,0.0390625,research/results/verify_epsilon_floor/20260926T210310Z
awqpe_ablate_special,0.83,16384,608,640,608,32,0,24.484375,3-2-3,0.0,8,sweep,0.6208571582663802,0.037109375,research/results/verify_epsilon_floor/20260926T210310Z
awqpe,0.84,16384,672,640,640,0,32,24.5,3-2-3,0.0,8,sweep,0.6208571582663802,0.041015625,research/results/verify_epsilon_floor/20260926T210310Z
awqpe_ablate_special,0.84,16384,640,672,640,32,0,24.484375,3-2-3,0.0,8,sweep,0.6208571582663802,0.0390625,research/results/verify_epsilon_floor/20260926T210310Z
awqpe,0.85,16384,704,672,672,0,32,24.5,3-2-3,0.0,8,sweep,0.6208571582663802,0.04296875,research/results/verify_epsilon_floor/20260926T210310Z
awqpe_ablate_special,0.85,16384,672,704,672,32,0,24.484375,3-2-3,0.0,8,sweep,0.6208571582663802,0.041015625,research/results/verify_epsilon_floor/20260926T210310Z
awqpe,0.86,16384,704,672,672,0,32,24.5,3-2-3,0.0,8,sweep,0.6208571582663802,0.04296875,research/results/verify_epsilon_floor/20260926T210310Z
awqpe_ablate_special,0.86,16384,672,704,672,32,0,24.484375,3-2-3,0.0,8,sweep,0.6208571582663802,0.041015625,research/results/verify_epsilon_floor/20260926T210310Z
awqpe,0.87,16384,736,704,704,0,32,24.5,3-2-3,0.0,8,sweep,0.6208571582663802,0.044921875,research/results/verify_epsilon_floor/20260926T210310Z
awqpe_ablate_special,0.87,16384,704,736,704,32,0,24.484375,3-2-3,0.0,8,sweep,0.6208571582663802,0.04296875,research/results/verify_epsilon_floor/20260926T210310Z
awqpe,0.88,16384,768,736,736,0,32,24.5,3-2-3,0.0,8,sweep,0.6208571582663802,0.046875,research/results/verify_epsilon_floor/20260926T210310Z
awqpe_ablate_special,0.88,16384,736,768,736,32,0,24.484375,3-2-3,0.0,8,sweep,0.6208571582663802,0.044921875,research/results/verify_epsilon_floor/20260926T210310Z
awqpe,0.89,16384,816,776,776,0,40,31.515625,3-2-3,0.0,8,sweep,0.6208571582663802,0.0498046875,research/results/verify_epsilon_floor/20260926T210310Z
awqpe_ablate_special,0.89,16384,776,816,776,40,0,31.515625,3-2-3,0.0,8,sweep,0.6208571582663802,0.04736328125,research/results/verify_epsilon_floor/20260926T210310Z
awqpe,0.9,16384,840,800,800,0,40,31.5625,3-2-3,0.0,8,sweep,0.6208571582663802,0.05126953125,research/results/verify_epsilon_floor/20260926T210310Z
awqpe_ablate_special,0.9,16384,800,840,800,40,0,31.5625,3-2-3,0.0,8,sweep,0.6208571582663802,0.048828125,research/results/verify_epsilon_floor/20260926T210310Z
awqpe,0.91,16384,896,856,856,0,40,31.609375,3-2-3,0.0,8,sweep,0.6208571582663802,0.0546875,research/results/verify_epsilon_floor/20260926T210310Z
awqpe_ablate_special,0.91,16384,856,896,856,40,0,31.609375,3-2-3,0.0,8,sweep,0.6208571582663802,0.05224609375,research/results/verify_epsilon_floor/20260926T210310Z
awqpe,0.92,16384,952,912,912,0,40,31.65625,3-2-3,0.0,8,sweep,0.6208571582663802,0.05810546875,research/results/verify_epsilon_floor/20260926T210310Z
awqpe_ablate_special,0.92,16384,912,952,912,40,0,31.65625,3-2-3,0.0,8,sweep,0.6208571582663802,0.0556640625,research/results/verify_epsilon_floor/20260926T210310Z
awqpe,0.93,16384,1008,968,968,0,40,31.703125,3-2-3,0.0,8,sweep,0.6208571582663802,0.0615234375,research/results/verify_epsilon_floor/20260926T210310Z
awqpe_ablate_special,0.93,16384,968,1008,968,40,0,31.703125,3-2-3,0.0,8,sweep,0.6208571582663802,0.05908203125,research/results/verify_epsilon_floor/20260926T210310Z
awqpe,0.94,16384,1024,984,984,0,40,31.734375,3-2-3,0.0,8,sweep,0.6208571582663802,0.0625,research/results/verify_epsilon_floor/20260926T210310Z
awqpe_ablate_special,0.94,16384,984,1024,984,40,0,31.734375,3-2-3,0.0,8,sweep,0.6208571582663802,0.06005859375,research/results/verify_epsilon_floor/20260926T210310Z
awqpe,0.95,16384,1080,1040,1040,0,40,31.78125,3-2-3,0.0,8,sweep,0.6208571582663802,0.06591796875,research/results/verify_epsilon_floor/20260926T210310Z
awqpe_ablate_special,0.95,16384,1040,1080,1040,40,0,31.78125,3-2-3,0.0,8,sweep,0.6208571582663802,0.0634765625,research/results/verify_epsilon_floor/20260926T210310Z
awqpe,0.96,16384,1136,1096,1096,0,40,31.828125,3-2-3,0.0,8,sweep,0.6208571582663802,0.0693359375,research/results/verify_epsilon_floor/20260926T210310Z
awqpe_ablate_special,0.96,16384,1096,1136,1096,40,0,31.828125,3-2-3,0.0,8,sweep,0.6208571582663802,0.06689453125,research/results/verify_epsilon_floor/20260926T210310Z
awqpe,0.97,16384,1160,1120,1120,0,40,31.875,3-2-3,0.0,8,sweep,0.6208571582663802,0.07080078125,research/results/verify_epsilon_floor/20260926T210310Z
awqpe_ablate_special,0.97,16384,1120,1160,1120,40,0,31.875,3-2-3,0.0,8,sweep,0.6208571582663802,0.068359375,research/results/verify_epsilon_floor/20260926T210310Z
awqpe,0.98,16384,1208,1168,1168,0,40,31.90625,3-2-3,0.0,8,sweep,0.6208571582663802,0.07373046875,research/results/verify_epsilon_floor/20260926T210310Z
awqpe_ablate_special,0.98,16384,1168,1208,1168,40,0,31.90625,3-2-3,0.0,8,sweep,0.6208571582663802,0.0712890625,research/results/verify_epsilon_floor/20260926T210310Z
awqpe,0.99,16384,1264,1224,1224,0,40,31.953125,3-2-3,0.0,8,sweep,0.6208571582663802,0.0771484375,research/results/verify_epsilon_floor/20260926T210310Z
awqpe_ablate_special,0.99,16384,1224,1264,1224,40,0,31.953125,3-2-3,0.0,8,sweep,0.6208571582663802,0.07470703125,research/results/verify_epsilon_floor/20260926T210310Z
awqpe,0.3,16384,0,0,0,0,0,0.4942187500000017,3-2-3,0.37,8,sweep,0.6208571582663802,0.0,research/results/verify_epsilon_floor/20260926T210310Z
awqpe_ablate_special,0.3,16384,0,0,0,0,0,0.4942187500000017,3-2-3,0.37,8,sweep,0.6208571582663802,0.0,research/results/verify_epsilon_floor/20260926T210310Z
awqpe,0.31,16384,0,0,0,0,0,0.4942187500000017,3-2-3,0.37,8,sweep,0.6208571582663802,0.0,research/results/verify_epsilon_floor/20260926T210310Z
awqpe_ablate_special,0.31,16384,0,0,0,0,0,0.4942187500000017,3-2-3,0.37,8,sweep,0.6208571582663802,0.0,research/results/verify_epsilon_floor/20260926T210310Z
awqpe,0.32,16384,0,0,0,0,0,0.4942187500000017,3-2-3,0.37,8,sweep,0.6208571582663802,0.0,research/results/verify_epsilon_floor/20260926T210310Z
awqpe_ablate_special,0.32,16384,0,0,0,0,0,0.4942187500000017,3-2-3,0.37,8,sweep,0.6208571582663802,0.0,research/results/verify_epsilon_floor/20260926T210310Z
awqpe,0.33,16384,0,0,0,0,0,0.4942187500000017,3-2-3,0.37,8,sweep,0.6208571582663802,0.0,research/results/verify_epsilon_floor/20260926T210310Z
awqpe_ablate_special,0.33,16384,0,0,0,0,0,0.4942187500000017,3-2-3,0.37,8,sweep,0.6208571582663802,0.0,research/results/verify_epsilon_floor/20260926T210310Z
awqpe,0.34,16384,0,0,0,0,0,0.4942187500000017,3-2-3,0.37,8,sweep,0.6208571582663802,0.0,research/results/verify_epsilon_floor/20260926T210310Z
awqpe_ablate_special,0.34,16384,0,0,0,0,0,0.4942187500000017,3-2-3,0.37,8,sweep,0.6208571582663802,0.0,research/results/verify_epsilon_floor/20260926T210310Z
awqpe,0.35,16384,0,0,0,0,0,0.4942187500000017,3-2-3,0.37,8,sweep,0.6208571582663802,0.0,research/results/verify_epsilon_floor/20260926T210310Z
awqpe_ablate_special,0.35,16384,0,0,0,0,0,0.4942187500000017,3-2-3,0.37,8,sweep,0.6208571582663802,0.0,research/results/verify_epsilon_floor/20260926T210310Z
awqpe,0.36,16384,0,0,0,0,0,0.4942187500000017,3-2-3,0.37,8,sweep,0.6208571582663802,0.0,research/results/verify_epsilon_floor/20260926T210310Z
awqpe_ablate_special,0.36,16384,0,0,0,0,0,0.4942187500000017,3-2-3,0.37,8,sweep,0.6208571582663802,0.0,research/results/verify_epsilon_floor/20260926T210310Z
awqpe,0.37,16384,0,0,0,0,0,0.4942187500000017,3-2-3,0.37,8,sweep,0.6208571582663802,0.0,research/results/verify_epsilon_floor/20260926T210310Z
awqpe_ablate_special,0.37,16384,0,0,0,0,0,0.4942187500000017,3-2-3,0.37,8,sweep,0.6208571582663802,0.0,research/results/verify_epsilon_floor/20260926T210310Z
awqpe,0.38,16384,0,0,0,0,0,0.4942187500000017,3-2-3,0.37,8,sweep,0.6208571582663802,0.0,research/results/verify_epsilon_floor/20260926T210310Z
awqpe_ablate_special,0.38,16384,0,0,0,0,0,0.4942187500000017,3-2-3,0.37,8,sweep,0.6208571582663802,0.0,research/results/verify_epsilon_floor/20260926T210310Z
awqpe,0.39,16384,0,0,0,0,0,0.4942187500000017,3-2-3,0.37,8,sweep,0.6208571582663802,0.0,research/results/verify_epsilon_floor/20260926T210310Z
awqpe_ablate_special,0.39,16384,0,0,0,0,0,0.4942187500000017,3-2-3,0.37,8,sweep,0.6208571582663802,0.0,research/results/verify_epsilon_floor/20260926T210310Z
awqpe,0.4,16384,0,0,0,0,0,0.4942187500000017,3-2-3,0.37,8,sweep,0.6208571582663802,0.0,research/results/verify_epsilon_floor/20260926T210310Z
awqpe_ablate_special,0.4,16384,0,0,0,0,0,0.4942187500000017,3-2-3,0.37,8,sweep,0.6208571582663802,0.0,research/results/verify_epsilon_floor/20260926T210310Z
awqpe,0.41,16384,0,0,0,0,0,0.4942187500000017,3-2-3,0.37,8,sweep,0.6208571582663802,0.0,research/results/verify_epsilon_floor/20260926T210310Z
awqpe_ablate_special,0.41,16384,0,0,0,0,0,0.4942187500000017,3-2-3,0.37,8,sweep,0.6208571582663802,0.0,research/results/verify_epsilon_floor/20260926T210310Z
awqpe,0.42,16384,0,0,0,0,0,0.4942187500000017,3-2-3,0.37,8,sweep,0.6208571582663802,0.0,research/results/verify_epsilon_floor/20260926T210310Z
awqpe_ablate_special,0.42,16384,0,0,0,0,0,0.4942187500000017,3-2-3,0.37,8,sweep,0.6208571582663802,0.0,research/results/verify_epsilon_floor/20260926T210310Z
awqpe,0.43,16384,0,0,0,0,0,0.4942187500000017,3-2-3,0.37,8,sweep,0.6208571582663802,0.0,research/results/verify_epsilon_floor/20260926T210310Z
awqpe_ablate_special,0.43,16384,0,0,0,0,0,0.4942187500000017,3-2-3,0.37,8,sweep,0.6208571582663802,0.0,research/results/verify_epsilon_floor/20260926T210310Z
awqpe,0.44,16384,0,0,0,0,0,0.4942187500000017,3-2-3,0.37,8,sweep,0.6208571582663802,0.0,research/results/verify_epsilon_floor/20260926T210310Z
awqpe_ablate_special,0.44,16384,0,0,0,0,0,0.4942187500000017,3-2-3,0.37,8,sweep,0.6208571582663802,0.0,research/results/verify_epsilon_floor/20260926T210310Z
awqpe,0.45,16384,0,0,0,0,0,0.4942187500000017,3-2-3,0.37,8,sweep,0.6208571582663802,0.0,research/results/verify_epsilon_floor/20260926T210310Z
awqpe_ablate_special,0.45,16384,0,0,0,0,0,0.4942187500000017,3-2-3,0.37,8,sweep,0.6208571582663802,0.0,research/results/verify_epsilon_floor/20260926T210310Z
awqpe,0.46,16384,0,0,0,0,0,0.4942187500000017,3-2-3,0.37,8,sweep,0.6208571582663802,0.0,research/results/verify_epsilon_floor/20260926T210310Z
awqpe_ablate_special,0.46,16384,0,0,0,0,0,0.4942187500000017,3-2-3,0.37,8,sweep,0.6208571582663802,0.0,research/results/verify_epsilon_floor/20260926T210310Z
awqpe,0.47,16384,0,0,0,0,0,0.4942187500000017,3-2-3,0.37,8,sweep,0.6208571582663802,0.0,research/results/verify_epsilon_floor/20260926T210310Z
awqpe_ablate_special,0.47,16384,0,0,0,0,0,0.4942187500000017,3-2-3,0.37,8,sweep,0.6208571582663802,0.0,research/results/verify_epsilon_floor/20260926T210310Z
awqpe,0.48,16384,0,0,0,0,0,0.4942187500000017,3-2-3,0.37,8,sweep,0.6208571582663802,0.0,research/results/verify_epsilon_floor/20260926T210310Z
awqpe_ablate_special,0.48,16384,0,0,0,0,0,0.4942187500000017,3-2-3,0.37,8,sweep,0.6208571582663802,0.0,research/results/verify_epsilon_floor/20260926T210310Z
awqpe,0.49,16384,0,0,0,0,0,0.4942187500000017,3-2-3,0.37,8,sweep,0.6208571582663802,0.0,research/results/verify_epsilon_floor/20260926T210310Z
awqpe_ablate_special,0.49,16384,0,0,0,0,0,0.4942187500000017,3-2-3,0.37,8,sweep,0.6208571582663802,0.0,research/results/verify_epsilon_floor/20260926T210310Z
awqpe,0.5,16384,0,0,0,0,0,0.4942187500000017,3-2-3,0.37,8,sweep,0.6208571582663802,0.0,research/results/verify_epsilon_floor/20260926T210310Z
awqpe_ablate_special,0.5,16384,0,0,0,0,0,0.4942187500000017,3-2-3,0.37,8,sweep,0.6208571582663802,0.0,research/results/verify_epsilon_floor/20260926T210310Z
awqpe,0.51,16384,0,0,0,0,0,0.4942187500000017,3-2-3,0.37,8,sweep,0.6208571582663802,0.0,research/results/verify_epsilon_floor/20260926T210310Z
awqpe_ablate_special,0.51,16384,0,0,0,0,0,0.4942187500000017,3-2-3,0.37,8,sweep,0.6208571582663802,0.0,research/results/verify_epsilon_floor/20260926T210310Z
awqpe,0.52,16384,0,0,0,0,0,0.4942187500000017,3-2-3,0.37,8,sweep,0.6208571582663802,0.0,research/results/verify_epsilon_floor/20260926T210310Z
awqpe_ablate_special,0.52,16384,0,0,0,0,0,0.4942187500000017,3-2-3,0.37,8,sweep,0.6208571582663802,0.0,research/results/verify_epsilon_floor/20260926T210310Z
awqpe,0.53,16384,0,0,0,0,0,0.4942187500000017,3-2-3,0.37,8,sweep,0.6208571582663802,0.0,research/results/verify_epsilon_floor/20260926T210310Z
awqpe_ablate_special,0.53,16384,0,0,0,0,0,0.4942187500000017,3-2-3,0.37,8,sweep,0.6208571582663802,0.0,research/results/verify_epsilon_floor/20260926T210310Z
awqpe,0.54,16384,0,0,0,0,0,0.4942187500000017,3-2-3,0.37,8,sweep,0.6208571582663802,0.0,research/results/verify_epsilon_floor/20260926T210310Z
awqpe_ablate_special,0.54,16384,0,0,0,0,0,0.4942187500000017,3-2-3,0.37,8,sweep,0.6208571582663802,0.0,research/results/verify_epsilon_floor/20260926T210310Z
awqpe,0.55,16384,0,0,0,0,0,0.4942187500000017,3-2-3,0.37,8,sweep,0.6208571582663802,0.0,research/results/verify_epsilon_floor/20260926T210310Z
awqpe_ablate_special,0.55,16384,0,0,0,0,0,0.4942187500000017,3-2-3,0.37,8,sweep,0.6208571582663802,0.0,research/results/verify_epsilon_floor/20260926T210310Z
awqpe,0.56,16384,0,0,0,0,0,0.4942187500000017,3-2-3,0.37,8,sweep,0.6208571582663802,0.0,research/results/verify_epsilon_floor/20260926T210310Z
awqpe_ablate_special,0.56,16384,0,0,0,0,0,0.4942187500000017,3-2-3,0.37,8,sweep,0.6208571582663802,0.0,research/results/verify_epsilon_floor/20260926T210310Z
awqpe,0.57,16384,0,0,0,0,0,0.4942187500000017,3-2-3,0.37,8,sweep,0.6208571582663802,0.0,research/results/verify_epsilon_floor/20260926T210310Z
awqpe_ablate_special,0.57,16384,0,0,0,0,0,0.4942187500000017,3-2-3,0.37,8,sweep,0.6208571582663802,0.0,research/results/verify_epsilon_floor/20260926T210310Z
awqpe,0.58,16384,0,0,0,0,0,0.4942187500000017,3-2-3,0.37,8,sweep,0.6208571582663802,0.0,research/results/verify_epsilon_floor/20260926T210310Z
awqpe_ablate_special,0.58,16384,0,0,0,0,0,0.4942187500000017,3-2-3,0.37,8,sweep,0.6208571582663802,0.0,research/results/verify_epsilon_floor/20260926T210310Z
awqpe,0.59,16384,0,0,0,0,0,0.4942187500000017,3-2-3,0.37,8,sweep,0.6208571582663802,0.0,research/results/verify_epsilon_floor/20260926T210310Z
awqpe_ablate_special,0.59,16384,0,0,0,0,0,0.4942187500000017,3-2-3,0.37,8,sweep,0.6208571582663802,0.0,research/results/verify_epsilon_floor/20260926T210310Z
awqpe,0.6,16384,0,0,0,0,0,0.4942187500000017,3-2-3,0.37,8,sweep,0.6208571582663802,0.0,research/results/verify_epsilon_floor/20260926T210310Z
awqpe_ablate_special,0.6,16384,0,0,0,0,0,0.4942187500000017,3-2-3,0.37,8,sweep,0.6208571582663802,0.0,research/results/verify_epsilon_floor/20260926T210310Z
awqpe,0.61,16384,0,0,0,0,0,0.4942187500000017,3-2-3,0.37,8,sweep,0.6208571582663802,0.0,research/results/verify_epsilon_floor/20260926T210310Z
awqpe_ablate_special,0.61,16384,0,0,0,0,0,0.4942187500000017,3-2-3,0.37,8,sweep,0.6208571582663802,0.0,research/results/verify_epsilon_floor/20260926T210310Z
awqpe,0.62,16384,0,0,0,0,0,0.4942187500000017,3-2-3,0.37,8,sweep,0.6208571582663802,0.0,research/results/verify_epsilon_floor/20260926T210310Z
awqpe_ablate_special,0.62,16384,0,0,0,0,0,0.4942187500000017,3-2-3,0.37,8,sweep,0.6208571582663802,0.0,research/results/verify_epsilon_floor/20260926T210310Z
awqpe,0.63,16384,32,32,32,0,0,24.490156250000013,3-2-3,0.37,8,sweep,0.6208571582663802,0.001953125,research/results/verify_epsilon_floor/20260926T210310Z
awqpe_ablate_special,0.63,16384,32,32,32,0,0,24.49421875,3-2-3,0.37,8,sweep,0.6208571582663802,0.001953125,research/results/verify_epsilon_floor/20260926T210310Z
awqpe,0.64,16384,64,64,64,0,0,24.490156250000013,3-2-3,0.37,8,sweep,0.6208571582663802,0.00390625,research/results/verify_epsilon_floor/20260926T210310Z
awqpe_ablate_special,0.64,16384,64,64,64,0,0,24.49421875,3-2-3,0.37,8,sweep,0.6208571582663802,0.00390625,research/results/verify_epsilon_floor/20260926T210310Z
awqpe,0.65,16384,96,96,96,0,0,24.490156250000013,3-2-3,0.37,8,sweep,0.6208571582663802,0.005859375,research/results/verify_epsilon_floor/20260926T210310Z
awqpe_ablate_special,0.65,16384,96,96,96,0,0,24.49421875,3-2-3,0.37,8,sweep,0.6208571582663802,0.005859375,research/results/verify_epsilon_floor/20260926T210310Z
awqpe,0.66,16384,128,128,128,0,0,24.490156250000013,3-2-3,0.37,8,sweep,0.6208571582663802,0.0078125,research/results/verify_epsilon_floor/20260926T210310Z
awqpe_ablate_special,0.66,16384,128,128,128,0,0,24.49421875,3-2-3,0.37,8,sweep,0.6208571582663802,0.0078125,research/results/verify_epsilon_floor/20260926T210310Z
awqpe,0.67,16384,160,160,160,0,0,24.490156250000013,3-2-3,0.37,8,sweep,0.6208571582663802,0.009765625,research/results/verify_epsilon_floor/20260926T210310Z
awqpe_ablate_special,0.67,16384,160,160,160,0,0,24.49421875,3-2-3,0.37,8,sweep,0.6208571582663802,0.009765625,research/results/verify_epsilon_floor/20260926T210310Z
awqpe,0.68,16384,192,192,192,0,0,24.490156250000013,3-2-3,0.37,8,sweep,0.6208571582663802,0.01171875,research/results/verify_epsilon_floor/20260926T210310Z
awqpe_ablate_special,0.68,16384,192,192,192,0,0,24.49421875,3-2-3,0.37,8,sweep,0.6208571582663802,0.01171875,research/results/verify_epsilon_floor/20260926T210310Z
awqpe,0.69,16384,224,224,224,0,0,24.490156250000013,3-2-3,0.37,8,sweep,0.6208571582663802,0.013671875,research/results/verify_epsilon_floor/20260926T210310Z
awqpe_ablate_special,0.69,16384,224,224,224,0,0,24.49421875,3-2-3,0.37,8,sweep,0.6208571582663802,0.013671875,research/results/verify_epsilon_floor/20260926T210310Z
awqpe,0.7,16384,256,256,256,0,0,24.490156250000013,3-2-3,0.37,8,sweep,0.6208571582663802,0.015625,research/results/verify_epsilon_floor/20260926T210310Z
awqpe_ablate_special,0.7,16384,256,256,256,0,0,24.49421875,3-2-3,0.37,8,sweep,0.6208571582663802,0.015625,research/results/verify_epsilon_floor/20260926T210310Z
awqpe,0.71,16384,288,288,288,0,0,24.490156250000013,3-2-3,0.37,8,sweep,0.6208571582663802,0.017578125,research/results/verify_epsilon_floor/20260926T210310Z
awqpe_ablate_special,0.71,16384,288,288,288,0,0,24.49421875,3-2-3,0.37,8,sweep,0.6208571582663802,0.017578125,research/results/verify_epsilon_floor/20260926T210310Z
awqpe,0.72,16384,320,320,320,0,0,24.490156250000013,3-2-3,0.37,8,sweep,0.6208571582663802,0.01953125,research/results/verify_epsilon_floor/20260926T210310Z
awqpe_ablate_special,0.72,16384,320,320,320,0,0,24.49421875,3-2-3,0.37,8,sweep,0.6208571582663802,0.01953125,research/results/verify_epsilon_floor/20260926T210310Z
awqpe,0.73,16384,352,352,352,0,0,24.490156250000013,3-2-3,0.37,8,sweep,0.6208571582663802,0.021484375,research/results/verify_epsilon_floor/20260926T210310Z
awqpe_ablate_special,0.73,16384,352,352,352,0,0,24.49421875,3-2-3,0.37,8,sweep,0.6208571582663802,0.021484375,research/results/verify_epsilon_floor/20260926T210310Z
awqpe,0.74,16384,384,384,384,0,0,24.490156250000013,3-2-3,0.37,8,sweep,0.6208571582663802,0.0234375,research/results/verify_epsilon_floor/20260926T210310Z
awqpe_ablate_special,0.74,16384,384,384,384,0,0,24.49421875,3-2-3,0.37,8,sweep,0.6208571582663802,0.0234375,research/results/verify_epsilon_floor/20260926T210310Z
awqpe,0.75,16384,384,384,384,0,0,24.490156250000013,3-2-3,0.37,8,sweep,0.6208571582663802,0.0234375,research/results/verify_epsilon_floor/20260926T210310Z
awqpe_ablate_special,0.75,16384,416,416,416,0,0,24.49421875,3-2-3,0.37,8,sweep,0.6208571582663802,0.025390625,research/results/verify_epsilon_floor/20260926T210310Z
awqpe,0.76,16384,416,416,416,0,0,24.490156250000013,3-2-3,0.37,8,sweep,0.6208571582663802,0.025390625,research/results/verify_epsilon_floor/20260926T210310Z
awqpe_ablate_special,0.76,16384,448,448,448,0,0,24.49421875,3-2-3,0.37,8,sweep,0.6208571582663802,0.02734375,research/results/verify_epsilon_floor/20260926T210310Z
awqpe,0.77,16384,448,448,448,0,0,24.490156250000013,3-2-3,0.37,8,sweep,0.6208571582663802,0.02734375,research/results/verify_epsilon_floor/20260926T210310Z
awqpe_ablate_special,0.77,16384,480,480,480,0,0,24.49421875,3-2-3,0.37,8,sweep,0.6208571582663802,0.029296875,research/results/verify_epsilon_floor/20260926T210310Z
awqpe,0.78,16384,480,480,480,0,0,24.490156250000013,3-2-3,0.37,8,sweep,0.6208571582663802,0.029296875,research/results/verify_epsilon_floor/20260926T210310Z
awqpe_ablate_special,0.78,16384,480,480,480,0,0,24.49421875,3-2-3,0.37,8,sweep,0.6208571582663802,0.029296875,research/results/verify_epsilon_floor/20260926T210310Z
awqpe,0.79,16384,512,512,512,0,0,24.490156250000013,3-2-3,0.37,8,sweep,0.6208571582663802,0.03125,research/results/verify_epsilon_floor/20260926T210310Z
awqpe_ablate_special,0.79,16384,512,512,512,0,0,24.49421875,3-2-3,0.37,8,sweep,0.6208571582663802,0.03125,research/results/verify_epsilon_floor/20260926T210310Z
awqpe,0.8,16384,544,544,544,0,0,24.490156250000013,3-2-3,0.37,8,sweep,0.6208571582663802,0.033203125,research/results/verify_epsilon_floor/20260926T210310Z
awqpe_ablate_special,0.8,16384,544,544,544,0,0,24.49421875,3-2-3,0.37,8,sweep,0.6208571582663802,0.033203125,research/results/verify_epsilon_floor/20260926T210310Z
awqpe,0.81,16384,576,576,576,0,0,24.490156250000013,3-2-3,0.37,8,sweep,0.6208571582663802,0.03515625,research/results/verify_epsilon_floor/20260926T210310Z
awqpe_ablate_special,0.81,16384,576,576,576,0,0,24.49421875,3-2-3,0.37,8,sweep,0.6208571582663802,0.03515625,research/results/verify_epsilon_floor/20260926T210310Z
awqpe,0.82,16384,576,576,576,0,0,24.490156250000013,3-2-3,0.37,8,sweep,0.6208571582663802,0.03515625,research/results/verify_epsilon_floor/20260926T210310Z
awqpe_ablate_special,0.82,16384,608,608,608,0,0,24.49421875,3-2-3,0.37,8,sweep,0.6208571582663802,0.037109375,research/results/verify_epsilon_floor/20260926T210310Z
awqpe,0.83,16384,608,608,608,0,0,24.490156250000013,3-2-3,0.37,8,sweep,0.6208571582663802,0.037109375,research/results/verify_epsilon_floor/20260926T210310Z
awqpe_ablate_special,0.83,16384,640,640,640,0,0,24.49421875,3-2-3,0.37,8,sweep,0.6208571582663802,0.0390625,research/results/verify_epsilon_floor/20260926T210310Z
awqpe,0.84,16384,640,640,640,0,0,24.490156250000013,3-2-3,0.37,8,sweep,0.6208571582663802,0.0390625,research/results/verify_epsilon_floor/20260926T210310Z
awqpe_ablate_special,0.84,16384,640,640,640,0,0,24.49421875,3-2-3,0.37,8,sweep,0.6208571582663802,0.0390625,research/results/verify_epsilon_floor/20260926T210310Z
awqpe,0.85,16384,672,672,672,0,0,24.490156250000013,3-2-3,0.37,8,sweep,0.6208571582663802,0.041015625,research/results/verify_epsilon_floor/20260926T210310Z
awqpe_ablate_special,0.85,16384,672,672,672,0,0,24.49421875,3-2-3,0.37,8,sweep,0.6208571582663802,0.041015625,research/results/verify_epsilon_floor/20260926T210310Z
awqpe,0.86,16384,704,704,704,0,0,24.490156250000013,3-2-3,0.37,8,sweep,0.6208571582663802,0.04296875,research/results/verify_epsilon_floor/20260926T210310Z
awqpe_ablate_special,0.86,16384,704,704,704,0,0,24.49421875,3-2-3,0.37,8,sweep,0.6208571582663802,0.04296875,research/results/verify_epsilon_floor/20260926T210310Z
awqpe,0.87,16384,704,704,704,0,0,24.490156250000013,3-2-3,0.37,8,sweep,0.6208571582663802,0.04296875,research/results/verify_epsilon_floor/20260926T210310Z
awqpe_ablate_special,0.87,16384,736,736,736,0,0,24.49421875,3-2-3,0.37,8,sweep,0.6208571582663802,0.044921875,research/results/verify_epsilon_floor/20260926T210310Z
awqpe,0.88,16384,736,736,736,0,0,24.490156250000013,3-2-3,0.37,8,sweep,0.6208571582663802,0.044921875,research/results/verify_epsilon_floor/20260926T210310Z
awqpe_ablate_special,0.88,16384,768,768,768,0,0,24.49421875,3-2-3,0.37,8,sweep,0.6208571582663802,0.046875,research/results/verify_epsilon_floor/20260926T210310Z
awqpe,0.89,16384,784,784,784,0,0,31.52546875,3-2-3,0.37,8,sweep,0.6208571582663802,0.0478515625,research/results/verify_epsilon_floor/20260926T210310Z
awqpe_ablate_special,0.89,16384,784,784,784,0,0,31.521406250000013,3-2-3,0.37,8,sweep,0.6208571582663802,0.0478515625,research/results/verify_epsilon_floor/20260926T210310Z
awqpe,0.9,16384,840,840,840,0,0,31.57234375,3-2-3,0.37,8,sweep,0.6208571582663802,0.05126953125,research/results/verify_epsilon_floor/20260926T210310Z
awqpe_ablate_special,0.9,16384,840,840,840,0,0,31.568281250000013,3-2-3,0.37,8,sweep,0.6208571582663802,0.05126953125,research/results/verify_epsilon_floor/20260926T210310Z
awqpe,0.91,16384,888,888,888,0,0,31.60359375,3-2-3,0.37,8,sweep,0.6208571582663802,0.05419921875,research/results/verify_epsilon_floor/20260926T210310Z
awqpe_ablate_special,0.91,16384,896,896,896,0,0,31.615156250000013,3-2-3,0.37,8,sweep,0.6208571582663802,0.0546875,research/results/verify_epsilon_floor/20260926T210310Z
awqpe,0.92,16384,912,912,912,0,0,31.65046875,3-2-3,0.37,8,sweep,0.6208571582663802,0.0556640625,research/results/verify_epsilon_floor/20260926T210310Z
awqpe_ablate_special,0.92,16384,952,952,952,0,0,31.662031250000013,3-2-3,0.37,8,sweep,0.6208571582663802,0.05810546875,research/results/verify_epsilon_floor/20260926T210310Z
awqpe,0.93,16384,968,968,968,0,0,31.69734375,3-2-3,0.37,8,sweep,0.6208571582663802,0.05908203125,research/results/verify_epsilon_floor/20260926T210310Z
awqpe_ablate_special,0.93,16384,968,968,968,0,0,31.693281250000013,3-2-3,0.37,8,sweep,0.6208571582663802,0.05908203125,research/results/verify_epsilon_floor/20260926T210310Z
awqpe,0.94,16384,1024,1024,1024,0,0,31.74421875,3-2-3,0.37,8,sweep,0.6208571582663802,0.0625,research/results/verify_epsilon_floor/20260926T210310Z
awqpe_ablate_special,0.94,16384,1024,1024,1024,0,0,31.740156250000013,3-2-3,0.37,8,sweep,0.6208571582663802,0.0625,research/results/verify_epsilon_floor/20260926T210310Z
awqpe,0.95,16384,1048,1048,1048,0,0,31.79109375,3-2-3,0.37,8,sweep,0.6208571582663802,0.06396484375,research/results/verify_epsilon_floor/20260926T210310Z
awqpe_ablate_special,0.95,16384,1080,1080,1080,0,0,31.787031250000013,3-2-3,0.37,8,sweep,0.6208571582663802,0.06591796875,research/results/verify_epsilon_floor/20260926T210310Z
awqpe,0.96,16384,1096,1096,1096,0,0,31.82234375,3-2-3,0.37,8,sweep,0.6208571582663802,0.06689453125,research/results/verify_epsilon_floor/20260926T210310Z
awqpe_ablate_special,0.96,16384,1104,1104,1104,0,0,31.833906250000013,3-2-3,0.37,8,sweep,0.6208571582663802,0.0673828125,research/results/verify_epsilon_floor/20260926T210310Z
awqpe,0.97,16384,1152,1152,1152,0,0,31.86921875,3-2-3,0.37,8,sweep,0.6208571582663802,0.0703125,research/results/verify_epsilon_floor/20260926T210310Z
awqpe_ablate_special,0.97,16384,1152,1152,1152,0,0,31.865156250000013,3-2-3,0.37,8,sweep,0.6208571582663802,0.0703125,research/results/verify_epsilon_floor/20260926T210310Z
awqpe,0.98,16384,1208,1208,1208,0,0,31.91609375,3-2-3,0.37,8,sweep,0.6208571582663802,0.07373046875,research/results/verify_epsilon_floor/20260926T210310Z
awqpe_ablate_special,0.98,16384,1208,1208,1208,0,0,31.912031250000013,3-2-3,0.37,8,sweep,0.6208571582663802,0.07373046875,research/results/verify_epsilon_floor/20260926T210310Z
awqpe,0.99,16384,1224,1224,1224,0,0,31.94734375,3-2-3,0.37,8,sweep,0.6208571582663802,0.07470703125,research/results/verify_epsilon_floor/20260926T210310Z
awqpe_ablate_special,0.99,16384,1232,1232,1232,0,0,31.958906250000013,3-2-3,0.37,8,sweep,0.6208571582663802,0.0751953125,research/results/verify_epsilon_floor/20260926T210310Z
awqpe,0.3,16384,0,0,0,0,0,0.5,3-3-2,0.0,8,sweep,0.3646690831347098,0.0,research/results/verify_epsilon_floor/20260926T210310Z
awqpe_ablate_special,0.3,16384,0,0,0,0,0,0.5,3-3-2,0.0,8,sweep,0.3646690831347098,0.0,research/results/verify_epsilon_floor/20260926T210310Z
awqpe,0.31,16384,0,0,0,0,0,0.5,3-3-2,0.0,8,sweep,0.3646690831347098,0.0,research/results/verify_epsilon_floor/20260926T210310Z
awqpe_ablate_special,0.31,16384,0,0,0,0,0,0.5,3-3-2,0.0,8,sweep,0.3646690831347098,0.0,research/results/verify_epsilon_floor/20260926T210310Z
awqpe,0.32,16384,0,0,0,0,0,0.5,3-3-2,0.0,8,sweep,0.3646690831347098,0.0,research/results/verify_epsilon_floor/20260926T210310Z
awqpe_ablate_special,0.32,16384,0,0,0,0,0,0.5,3-3-2,0.0,8,sweep,0.3646690831347098,0.0,research/results/verify_epsilon_floor/20260926T210310Z
awqpe,0.33,16384,0,0,0,0,0,0.5,3-3-2,0.0,8,sweep,0.3646690831347098,0.0,research/results/verify_epsilon_floor/20260926T210310Z
awqpe_ablate_special,0.33,16384,0,0,0,0,0,0.5,3-3-2,0.0,8,sweep,0.3646690831347098,0.0,research/results/verify_epsilon_floor/20260926T210310Z
awqpe,0.34,16384,0,0,0,0,0,0.5,3-3-2,0.0,8,sweep,0.3646690831347098,0.0,research/results/verify_epsilon_floor/20260926T210310Z
awqpe_ablate_special,0.34,16384,0,0,0,0,0,0.5,3-3-2,0.0,8,sweep,0.3646690831347098,0.0,research/results/verify_epsilon_floor/20260926T210310Z
awqpe,0.35,16384,0,0,0,0,0,0.5,3-3-2,0.0,8,sweep,0.3646690831347098,0.0,research/results/verify_epsilon_floor/20260926T210310Z
awqpe_ablate_special,0.35,16384,0,0,0,0,0,0.5,3-3-2,0.0,8,sweep,0.3646690831347098,0.0,research/results/verify_epsilon_floor/20260926T210310Z
awqpe,0.36,16384,0,0,0,0,0,0.5,3-3-2,0.0,8,sweep,0.3646690831347098,0.0,research/results/verify_epsilon_floor/20260926T210310Z
awqpe_ablate_special,0.36,16384,0,0,0,0,0,0.5,3-3-2,0.0,8,sweep,0.3646690831347098,0.0,research/results/verify_epsilon_floor/20260926T210310Z
awqpe,0.37,16384,64,0,0,0,64,3.5,3-3-2,0.0,8,sweep,0.3646690831347098,0.00390625,research/results/verify_epsilon_floor/20260926T210310Z
awqpe_ablate_special,0.37,16384,0,64,0,64,0,0.5,3-3-2,0.0,8,sweep,0.3646690831347098,0.0,research/results/verify_epsilon_floor/20260926T210310Z
awqpe,0.38,16384,128,64,64,0,64,3.515625,3-3-2,0.0,8,sweep,0.3646690831347098,0.0078125,research/results/verify_epsilon_floor/20260926T210310Z
awqpe_ablate_special,0.38,16384,64,128,64,64,0,3.515625,3-3-2,0.0,8,sweep,0.3646690831347098,0.00390625,research/results/verify_epsilon_floor/20260926T210310Z
awqpe,0.39,16384,192,128,128,0,64,3.53125,3-3-2,0.0,8,sweep,0.3646690831347098,0.01171875,research/results/verify_epsilon_floor/20260926T210310Z
awqpe_ablate_special,0.39,16384,128,192,128,64,0,3.53125,3-3-2,0.0,8,sweep,0.3646690831347098,0.0078125,research/results/verify_epsilon_floor/20260926T210310Z
awqpe,0.4,16384,192,128,128,0,64,3.53125,3-3-2,0.0,8,sweep,0.3646690831347098,0.01171875,research/results/verify_epsilon_floor/20260926T210310Z
awqpe_ablate_special,0.4,16384,128,192,128,64,0,3.53125,3-3-2,0.0,8,sweep,0.3646690831347098,0.0078125,research/results/verify_epsilon_floor/20260926T210310Z
awqpe,0.41,16384,256,192,192,0,64,3.546875,3-3-2,0.0,8,sweep,0.3646690831347098,0.015625,research/results/verify_epsilon_floor/20260926T210310Z
awqpe_ablate_special,0.41,16384,192,256,192,64,0,3.546875,3-3-2,0.0,8,sweep,0.3646690831347098,0.01171875,research/results/verify_epsilon_floor/20260926T210310Z
awqpe,0.42,16384,320,256,256,0,64,3.5625,3-3-2,0.0,8,sweep,0.3646690831347098,0.01953125,research/results/verify_epsilon_floor/20260926T210310Z
awqpe_ablate_special,0.42,16384,256,320,256,64,0,3.5625,3-3-2,0.0,8,sweep,0.3646690831347098,0.015625,research/results/verify_epsilon_floor/20260926T210310Z
awqpe,0.43,16384,384,320,320,0,64,3.578125,3-3-2,0.0,8,sweep,0.3646690831347098,0.0234375,research/results/verify_epsilon_floor/20260926T210310Z
awqpe_ablate_special,0.43,16384,320,384,320,64,0,3.578125,3-3-2,0.0,8,sweep,0.3646690831347098,0.01953125,research/results/verify_epsilon_floor/20260926T210310Z
awqpe,0.44,16384,384,320,320,0,64,3.578125,3-3-2,0.0,8,sweep,0.3646690831347098,0.0234375,research/results/verify_epsilon_floor/20260926T210310Z
awqpe_ablate_special,0.44,16384,320,384,320,64,0,3.578125,3-3-2,0.0,8,sweep,0.3646690831347098,0.01953125,research/results/verify_epsilon_floor/20260926T210310Z
awqpe,0.45,16384,448,384,384,0,64,3.59375,3-3-2,0.0,8,sweep,0.3646690831347098,0.02734375,research/results/verify_epsilon_floor/20260926T210310Z
awqpe_ablate_special,0.45,16384,384,448,384,64,0,3.59375,3-3-2,0.0,8,sweep,0.3646690831347098,0.0234375,research/results/verify_epsilon_floor/20260926T210310Z
awqpe,0.46,16384,512,448,448,0,64,3.609375,3-3-2,0.0,8,sweep,0.3646690831347098,0.03125,research/results/verify_epsilon_floor/20260926T210310Z
awqpe_ablate_special,0.46,16384,448,512,448,64,0,3.609375,3-3-2,0.0,8,sweep,0.3646690831347098,0.02734375,research/results/verify_epsilon_floor/20260926T210310Z
awqpe,0.47,16384,512,448,448,0,64,3.609375,3-3-2,0.0,8,sweep,0.3646690831347098,0.03125,research/results/verify_epsilon_floor/20260926T210310Z
awqpe_ablate_special,0.47,16384,448,512,448,64,0,3.609375,3-3-2,0.0,8,sweep,0.3646690831347098,0.02734375,research/results/verify_epsilon_floor/20260926T210310Z
awqpe,0.48,16384,576,512,512,0,64,3.625,3-3-2,0.0,8,sweep,0.3646690831347098,0.03515625,research/results/verify_epsilon_floor/20260926T210310Z
awqpe_ablate_special,0.48,16384,512,576,512,64,0,3.625,3-3-2,0.0,8,sweep,0.3646690831347098,0.03125,research/results/verify_epsilon_floor/20260926T210310Z
awqpe,0.49,16384,640,576,576,0,64,3.640625,3-3-2,0.0,8,sweep,0.3646690831347098,0.0390625,research/results/verify_epsilon_floor/20260926T210310Z
awqpe_ablate_special,0.49,16384,576,640,576,64,0,3.640625,3-3-2,0.0,8,sweep,0.3646690831347098,0.03515625,research/results/verify_epsilon_floor/20260926T210310Z
awqpe,0.5,16384,640,576,576,0,64,3.640625,3-3-2,0.0,8,sweep,0.3646690831347098,0.0390625,research/results/verify_epsilon_floor/20260926T210310Z
awqpe_ablate_special,0.5,16384,576,640,576,64,0,3.640625,3-3-2,0.0,8,sweep,0.3646690831347098,0.03515625,research/results/verify_epsilon_floor/20260926T210310Z
awqpe,0.51,16384,704,640,640,0,64,3.65625,3-3-2,0.0,8,sweep,0.3646690831347098,0.04296875,research/results/verify_epsilon_floor/20260926T210310Z
awqpe_ablate_special,0.51,16384,640,704,640,64,0,3.65625,3-3-2,0.0,8,sweep,0.3646690831347098,0.0390625,research/results/verify_epsilon_floor/20260926T210310Z
awqpe,0.52,16384,704,640,640,0,64,3.65625,3-3-2,0.0,8,sweep,0.3646690831347098,0.04296875,research/results/verify_epsilon_floor/20260926T210310Z
awqpe_ablate_special,0.52,16384,640,704,640,64,0,3.65625,3-3-2,0.0,8,sweep,0.3646690831347098,0.0390625,research/results/verify_epsilon_floor/20260926T210310Z
awqpe,0.53,16384,768,704,704,0,64,3.671875,3-3-2,0.0,8,sweep,0.3646690831347098,0.046875,research/results/verify_epsilon_floor/20260926T210310Z
awqpe_ablate_special,0.53,16384,704,768,704,64,0,3.671875,3-3-2,0.0,8,sweep,0.3646690831347098,0.04296875,research/results/verify_epsilon_floor/20260926T210310Z
awqpe,0.54,16384,832,768,768,0,64,3.6875,3-3-2,0.0,8,sweep,0.3646690831347098,0.05078125,research/results/verify_epsilon_floor/20260926T210310Z
awqpe_ablate_special,0.54,16384,768,832,768,64,0,3.6875,3-3-2,0.0,8,sweep,0.3646690831347098,0.046875,research/results/verify_epsilon_floor/20260926T210310Z
awqpe,0.55,16384,832,768,768,0,64,3.6875,3-3-2,0.0,8,sweep,0.3646690831347098,0.05078125,research/results/verify_epsilon_floor/20260926T210310Z
awqpe_ablate_special,0.55,16384,768,832,768,64,0,3.6875,3-3-2,0.0,8,sweep,0.3646690831347098,0.046875,research/results/verify_epsilon_floor/20260926T210310Z
awqpe,0.56,16384,896,832,832,0,64,3.703125,3-3-2,0.0,8,sweep,0.3646690831347098,0.0546875,research/results/verify_epsilon_floor/20260926T210310Z
awqpe_ablate_special,0.56,16384,832,896,832,64,0,3.703125,3-3-2,0.0,8,sweep,0.3646690831347098,0.05078125,research/results/verify_epsilon_floor/20260926T210310Z
awqpe,0.57,16384,896,832,832,0,64,3.703125,3-3-2,0.0,8,sweep,0.3646690831347098,0.0546875,research/results/verify_epsilon_floor/20260926T210310Z
awqpe_ablate_special,0.57,16384,832,896,832,64,0,3.703125,3-3-2,0.0,8,sweep,0.3646690831347098,0.05078125,research/results/verify_epsilon_floor/20260926T210310Z
awqpe,0.58,16384,960,896,896,0,64,3.71875,3-3-2,0.0,8,sweep,0.3646690831347098,0.05859375,research/results/verify_epsilon_floor/20260926T210310Z
awqpe_ablate_special,0.58,16384,896,960,896,64,0,3.71875,3-3-2,0.0,8,sweep,0.3646690831347098,0.0546875,research/results/verify_epsilon_floor/20260926T210310Z
awqpe,0.59,16384,960,896,896,0,64,3.71875,3-3-2,0.0,8,sweep,0.3646690831347098,0.05859375,research/results/verify_epsilon_floor/20260926T210310Z
awqpe_ablate_special,0.59,16384,896,960,896,64,0,3.71875,3-3-2,0.0,8,sweep,0.3646690831347098,0.0546875,research/results/verify_epsilon_floor/20260926T210310Z
awqpe,0.6,16384,1024,960,960,0,64,3.734375,3-3-2,0.0,8,sweep,0.3646690831347098,0.0625,research/results/verify_epsilon_floor/20260926T210310Z
awqpe_ablate_special,0.6,16384,960,1024,960,64,0,3.734375,3-3-2,0.0,8,sweep,0.3646690831347098,0.05859375,research/results/verify_epsilon_floor/20260926T210310Z
awqpe,0.61,16384,1088,1024,1024,0,64,3.75,3-3-2,0.0,8,sweep,0.3646690831347098,0.06640625,research/results/verify_epsilon_floor/20260926T210310Z
awqpe_ablate_special,0.61,16384,1024,1088,1024,64,0,3.75,3-3-2,0.0,8,sweep,0.3646690831347098,0.0625,research/results/verify_epsilon_floor/20260926T210310Z
awqpe,0.62,16384,1088,1024,1024,0,64,3.75,3-3-2,0.0,8,sweep,0.3646690831347098,0.06640625,research/results/verify_epsilon_floor/20260926T210310Z
awqpe_ablate_special,0.62,16384,1024,1088,1024,64,0,3.75,3-3-2,0.0,8,sweep,0.3646690831347098,0.0625,research/results/verify_epsilon_floor/20260926T210310Z
awqpe,0.63,16384,1152,1088,1088,0,64,3.765625,3-3-2,0.0,8,sweep,0.3646690831347098,0.0703125,research/results/verify_epsilon_floor/20260926T210310Z
awqpe_ablate_special,0.63,16384,1088,1152,1088,64,0,3.765625,3-3-2,0.0,8,sweep,0.3646690831347098,0.06640625,research/results/verify_epsilon_floor/20260926T210310Z
awqpe,0.64,16384,1152,1088,1088,0,64,3.765625,3-3-2,0.0,8,sweep,0.3646690831347098,0.0703125,research/results/verify_epsilon_floor/20260926T210310Z
awqpe_ablate_special,0.64,16384,1088,1152,1088,64,0,3.765625,3-3-2,0.0,8,sweep,0.3646690831347098,0.06640625,research/results/verify_epsilon_floor/20260926T210310Z
awqpe,0.65,16384,1216,1152,1152,0,64,28.25,3-3-2,0.0,8,sweep,0.3646690831347098,0.07421875,research/results/verify_epsilon_floor/20260926T210310Z
awqpe_ablate_special,0.65,16384,1152,1216,1152,64,0,28.25,3-3-2,0.0,8,sweep,0.3646690831347098,0.0703125,research/results/verify_epsilon_floor/20260926T210310Z
awqpe,0.66,16384,1216,1152,1152,0,64,28.3125,3-3-2,0.0,8,sweep,0.3646690831347098,0.07421875,research/results/verify_epsilon_floor/20260926T210310Z
awqpe_ablate_special,0.66,16384,1152,1216,1152,64,0,28.3125,3-3-2,0.0,8,sweep,0.3646690831347098,0.0703125,research/results/verify_epsilon_floor/20260926T210310Z
awqpe,0.67,16384,1280,1216,1216,0,64,28.375,3-3-2,0.0,8,sweep,0.3646690831347098,0.078125,research/results/verify_epsilon_floor/20260926T210310Z
awqpe_ablate_special,0.67,16384,1216,1280,1216,64,0,28.375,3-3-2,0.0,8,sweep,0.3646690831347098,0.07421875,research/results/verify_epsilon_floor/20260926T210310Z
awqpe,0.68,16384,1280,1216,1216,0,64,28.4375,3-3-2,0.0,8,sweep,0.3646690831347098,0.078125,research/results/verify_epsilon_floor/20260926T210310Z
awqpe_ablate_special,0.68,16384,1216,1280,1216,64,0,28.4375,3-3-2,0.0,8,sweep,0.3646690831347098,0.07421875,research/results/verify_epsilon_floor/20260926T210310Z
awqpe,0.69,16384,1344,1280,1280,0,64,28.5,3-3-2,0.0,8,sweep,0.3646690831347098,0.08203125,research/results/verify_epsilon_floor/20260926T210310Z
awqpe_ablate_special,0.69,16384,1280,1344,1280,64,0,28.484375,3-3-2,0.0,8,sweep,0.3646690831347098,0.078125,research/results/verify_epsilon_floor/20260926T210310Z
awqpe,0.7,16384,1344,1280,1280,0,64,28.5,3-3-2,0.0,8,sweep,0.3646690831347098,0.08203125,research/results/verify_epsilon_floor/20260926T210310Z
awqpe_ablate_special,0.7,16384,1280,1344,1280,64,0,28.484375,3-3-2,0.0,8,sweep,0.3646690831347098,0.078125,research/results/verify_epsilon_floor/20260926T210310Z
awqpe,0.71,16384,1344,1280,1280,0,64,28.5,3-3-2,0.0,8,sweep,0.3646690831347098,0.08203125,research/results/verify_epsilon_floor/20260926T210310Z
awqpe_ablate_special,0.71,16384,1280,1344,1280,64,0,28.484375,3-3-2,0.0,8,sweep,0.3646690831347098,0.078125,research/results/verify_epsilon_floor/20260926T210310Z
awqpe,0.72,16384,1408,1344,1344,0,64,28.5,3-3-2,0.0,8,sweep,0.3646690831347098,0.0859375,research/results/verify_epsilon_floor/20260926T210310Z
awqpe_ablate_special,0.72,16384,1344,1408,1344,64,0,28.484375,3-3-2,0.0,8,sweep,0.3646690831347098,0.08203125,research/results/verify_epsilon_floor/20260926T210310Z
awqpe,0.73,16384,1408,1344,1344,0,64,28.5,3-3-2,0.0,8,sweep,0.3646690831347098,0.0859375,research/results/verify_epsilon_floor/20260926T210310Z
awqpe_ablate_special,0.73,16384,1344,1408,1344,64,0,28.484375,3-3-2,0.0,8,sweep,0.3646690831347098,0.08203125,research/results/verify_epsilon_floor/20260926T210310Z
awqpe,0.74,16384,1472,1408,1408,0,64,28.5,3-3-2,0.0,8,sweep,0.3646690831347098,0.08984375,research/results/verify_epsilon_floor/20260926T210310Z
awqpe_ablate_special,0.74,16384,1408,1472,1408,64,0,28.484375,3-3-2,0.0,8,sweep,0.3646690831347098,0.0859375,research/results/verify_epsilon_floor/20260926T210310Z
awqpe,0.75,16384,1472,1408,1408,0,64,28.5,3-3-2,0.0,8,sweep,0.3646690831347098,0.08984375,research/results/verify_epsilon_floor/20260926T210310Z
awqpe_ablate_special,0.75,16384,1408,1472,1408,64,0,28.484375,3-3-2,0.0,8,sweep,0.3646690831347098,0.0859375,research/results/verify_epsilon_floor/20260926T210310Z
awqpe,0.76,16384,1536,1472,1472,0,64,28.5,3-3-2,0.0,8,sweep,0.3646690831347098,0.09375,research/results/verify_epsilon_floor/20260926T210310Z
awqpe_ablate_special,0.76,16384,1472,1536,1472,64,0,28.484375,3-3-2,0.0,8,sweep,0.3646690831347098,0.08984375,research/results/verify_epsilon_floor/20260926T210310Z
awqpe,0.77,16384,1536,1472,1472,0,64,28.5,3-3-2,0.0,8,sweep,0.3646690831347098,0.09375,research/results/verify_epsilon_floor/20260926T210310Z
awqpe_ablate_special,0.77,16384,1472,1536,1472,64,0,28.484375,3-3-2,0.0,8,sweep,0.3646690831347098,0.08984375,research/results/verify_epsilon_floor/20260926T210310Z
awqpe,0.78,16384,1536,1472,1472,0,64,28.5,3-3-2,0.0,8,sweep,0.3646690831347098,0.09375,research/results/verify_epsilon_floor/20260926T210310Z
awqpe_ablate_special,0.78,16384,1472,1536,1472,64,0,28.484375,3-3-2,0.0,8,sweep,0.3646690831347098,0.08984375,research/results/verify_epsilon_floor/20260926T210310Z
awqpe,0.79,16384,1600,1536,1536,0,64,28.5,3-3-2,0.0,8,sweep,0.3646690831347098,0.09765625,research/results/verify_epsilon_floor/20260926T210310Z
awqpe_ablate_special,0.79,16384,1536,1600,1536,64,0,28.484375,3-3-2,0.0,8,sweep,0.3646690831347098,0.09375,research/results/verify_epsilon_floor/20260926T210310Z
awqpe,0.8,16384,1600,1536,1536,0,64,28.5,3-3-2,0.0,8,sweep,0.3646690831347098,0.09765625,research/results/verify_epsilon_floor/20260926T210310Z
awqpe_ablate_special,0.8,16384,1536,1600,1536,64,0,28.484375,3-3-2,0.0,8,sweep,0.3646690831347098,0.09375,research/results/verify_epsilon_floor/20260926T210310Z
awqpe,0.81,16384,1664,1600,1600,0,64,28.5,3-3-2,0.0,8,sweep,0.3646690831347098,0.1015625,research/results/verify_epsilon_floor/20260926T210310Z
awqpe_ablate_special,0.81,16384,1600,1664,1600,64,0,28.484375,3-3-2,0.0,8,sweep,0.3646690831347098,0.09765625,research/results/verify_epsilon_floor/20260926T210310Z
awqpe,0.82,16384,1664,1600,1600,0,64,28.5,3-3-2,0.0,8,sweep,0.3646690831347098,0.1015625,research/results/verify_epsilon_floor/20260926T210310Z
awqpe_ablate_special,0.82,16384,1600,1664,1600,64,0,28.484375,3-3-2,0.0,8,sweep,0.3646690831347098,0.09765625,research/results/verify_epsilon_floor/20260926T210310Z
awqpe,0.83,16384,1664,1600,1600,0,64,28.5,3-3-2,0.0,8,sweep,0.3646690831347098,0.1015625,research/results/verify_epsilon_floor/20260926T210310Z
awqpe_ablate_special,0.83,16384,1600,1664,1600,64,0,28.484375,3-3-2,0.0,8,sweep,0.3646690831347098,0.09765625,research/results/verify_epsilon_floor/20260926T210310Z
awqpe,0.84,16384,1728,1664,1664,0,64,28.5,3-3-2,0.0,8,sweep,0.3646690831347098,0.10546875,research/results/verify_epsilon_floor/20260926T210310Z
awqpe_ablate_special,0.84,16384,1664,1728,1664,64,0,28.484375,3-3-2,0.0,8,sweep,0.3646690831347098,0.1015625,research/results/verify_epsilon_floor/20260926T210310Z
awqpe,0.85,16384,1728,1664,1664,0,64,28.5,3-3-2,0.0,8,sweep,0.3646690831347098,0.10546875,research/results/verify_epsilon_floor/20260926T210310Z
awqpe_ablate_special,0.85,16384,1664,1728,1664,64,0,28.484375,3-3-2,0.0,8,sweep,0.3646690831347098,0.1015625,research/results/verify_epsilon_floor/20260926T210310Z
awqpe,0.86,16384,1792,1728,1728,0,64,28.5,3-3-2,0.0,8,sweep,0.3646690831347098,0.109375,research/results/verify_epsilon_floor/20260926T210310Z
awqpe_ablate_special,0.86,16384,1728,1792,1728,64,0,28.484375,3-3-2,0.0,8,sweep,0.3646690831347098,0.10546875,research/results/verify_epsilon_floor/20260926T210310Z
awqpe,0.87,16384,1792,1728,1728,0,64,28.5,3-3-2,0.0,8,sweep,0.3646690831347098,0.109375,research/results/verify_epsilon_floor/20260926T210310Z
awqpe_ablate_special,0.87,16384,1728,1792,1728,64,0,28.484375,3-3-2,0.0,8,sweep,0.3646690831347098,0.10546875,research/results/verify_epsilon_floor/20260926T210310Z
awqpe,0.88,16384,1792,1728,1728,0,64,28.5,3-3-2,0.0,8,sweep,0.3646690831347098,0.109375,research/results/verify_epsilon_floor/20260926T210310Z
awqpe_ablate_special,0.88,16384,1728,1792,1728,64,0,28.484375,3-3-2,0.0,8,sweep,0.3646690831347098,0.10546875,research/results/verify_epsilon_floor/20260926T210310Z
awqpe,0.89,16384,1872,1800,1800,0,72,31.515625,3-3-2,0.0,8,sweep,0.3646690831347098,0.1142578125,research/results/verify_epsilon_floor/20260926T210310Z
awqpe_ablate_special,0.89,16384,1800,1872,1800,72,0,31.515625,3-3-2,0.0,8,sweep,0.3646690831347098,0.10986328125,research/results/verify_epsilon_floor/20260926T210310Z
awqpe,0.9,16384,1896,1824,1824,0,72,31.5625,3-3-2,0.0,8,sweep,0.3646690831347098,0.11572265625,research/results/verify_epsilon_floor/20260926T210310Z
awqpe_ablate_special,0.9,16384,1824,1896,1824,72,0,31.5625,3-3-2,0.0,8,sweep,0.3646690831347098,0.111328125,research/results/verify_epsilon_floor/20260926T210310Z
awqpe,0.91,16384,1920,1848,1848,0,72,31.609375,3-3-2,0.0,8,sweep,0.3646690831347098,0.1171875,research/results/verify_epsilon_floor/20260926T210310Z
awqpe_ablate_special,0.91,16384,1848,1920,1848,72,0,31.609375,3-3-2,0.0,8,sweep,0.3646690831347098,0.11279296875,research/results/verify_epsilon_floor/20260926T210310Z
awqpe,0.92,16384,2008,1936,1936,0,72,31.65625,3-3-2,0.0,8,sweep,0.3646690831347098,0.12255859375,research/results/verify_epsilon_floor/20260926T210310Z
awqpe_ablate_special,0.92,16384,1936,2008,1936,72,0,31.65625,3-3-2,0.0,8,sweep,0.3646690831347098,0.1181640625,research/results/verify_epsilon_floor/20260926T210310Z
awqpe,0.93,16384,2032,1960,1960,0,72,31.703125,3-3-2,0.0,8,sweep,0.3646690831347098,0.1240234375,research/results/verify_epsilon_floor/20260926T210310Z
awqpe_ablate_special,0.93,16384,1960,2032,1960,72,0,31.703125,3-3-2,0.0,8,sweep,0.3646690831347098,0.11962890625,research/results/verify_epsilon_floor/20260926T210310Z
awqpe,0.94,16384,2048,1976,1976,0,72,31.734375,3-3-2,0.0,8,sweep,0.3646690831347098,0.125,research/results/verify_epsilon_floor/20260926T210310Z
awqpe_ablate_special,0.94,16384,1976,2048,1976,72,0,31.734375,3-3-2,0.0,8,sweep,0.3646690831347098,0.12060546875,research/results/verify_epsilon_floor/20260926T210310Z
awqpe,0.95,16384,2136,2064,2064,0,72,31.78125,3-3-2,0.0,8,sweep,0.3646690831347098,0.13037109375,research/results/verify_epsilon_floor/20260926T210310Z
awqpe_ablate_special,0.95,16384,2064,2136,2064,72,0,31.78125,3-3-2,0.0,8,sweep,0.3646690831347098,0.1259765625,research/results/verify_epsilon_floor/20260926T210310Z
awqpe,0.96,16384,2160,2088,2088,0,72,31.828125,3-3-2,0.0,8,sweep,0.3646690831347098,0.1318359375,research/results/verify_epsilon_floor/20260926T210310Z
awqpe_ablate_special,0.96,16384,2088,2160,2088,72,0,31.828125,3-3-2,0.0,8,sweep,0.3646690831347098,0.12744140625,research/results/verify_epsilon_floor/20260926T210310Z
awqpe,0.97,16384,2248,2176,2176,0,72,31.875,3-3-2,0.0,8,sweep,0.3646690831347098,0.13720703125,research/results/verify_epsilon_floor/20260926T210310Z
awqpe_ablate_special,0.97,16384,2176,2248,2176,72,0,31.875,3-3-2,0.0,8,sweep,0.3646690831347098,0.1328125,research/results/verify_epsilon_floor/20260926T210310Z
awqpe,0.98,16384,2264,2192,2192,0,72,31.90625,3-3-2,0.0,8,sweep,0.3646690831347098,0.13818359375,research/results/verify_epsilon_floor/20260926T210310Z
awqpe_ablate_special,0.98,16384,2192,2264,2192,72,0,31.90625,3-3-2,0.0,8,sweep,0.3646690831347098,0.1337890625,research/results/verify_epsilon_floor/20260926T210310Z
awqpe,0.99,16384,2288,2216,2216,0,72,31.953125,3-3-2,0.0,8,sweep,0.3646690831347098,0.1396484375,research/results/verify_epsilon_floor/20260926T210310Z
awqpe_ablate_special,0.99,16384,2216,2288,2216,72,0,31.953125,3-3-2,0.0,8,sweep,0.3646690831347098,0.13525390625,research/results/verify_epsilon_floor/20260926T210310Z
awqpe,0.3,16384,0,0,0,0,0,0.4942187500000017,3-3-2,0.37,8,sweep,0.3646690831347098,0.0,research/results/verify_epsilon_floor/20260926T210310Z
awqpe_ablate_special,0.3,16384,0,0,0,0,0,0.4942187500000017,3-3-2,0.37,8,sweep,0.3646690831347098,0.0,research/results/verify_epsilon_floor/20260926T210310Z
awqpe,0.31,16384,0,0,0,0,0,0.4942187500000017,3-3-2,0.37,8,sweep,0.3646690831347098,0.0,research/results/verify_epsilon_floor/20260926T210310Z
awqpe_ablate_special,0.31,16384,0,0,0,0,0,0.4942187500000017,3-3-2,0.37,8,sweep,0.3646690831347098,0.0,research/results/verify_epsilon_floor/20260926T210310Z
awqpe,0.32,16384,0,0,0,0,0,0.4942187500000017,3-3-2,0.37,8,sweep,0.3646690831347098,0.0,research/results/verify_epsilon_floor/20260926T210310Z
awqpe_ablate_special,0.32,16384,0,0,0,0,0,0.4942187500000017,3-3-2,0.37,8,sweep,0.3646690831347098,0.0,research/results/verify_epsilon_floor/20260926T210310Z
awqpe,0.33,16384,0,0,0,0,0,0.4942187500000017,3-3-2,0.37,8,sweep,0.3646690831347098,0.0,research/results/verify_epsilon_floor/20260926T210310Z
awqpe_ablate_special,0.33,16384,0,0,0,0,0,0.4942187500000017,3-3-2,0.37,8,sweep,0.3646690831347098,0.0,research/results/verify_epsilon_floor/20260926T210310Z
awqpe,0.34,16384,0,0,0,0,0,0.4942187500000017,3-3-2,0.37,8,sweep,0.3646690831347098,0.0,research/results/verify_epsilon_floor/20260926T210310Z
awqpe_ablate_special,0.34,16384,0,0,0,0,0,0.4942187500000017,3-3-2,0.37,8,sweep,0.3646690831347098,0.0,research/results/verify_epsilon_floor/20260926T210310Z
awqpe,0.35,16384,0,0,0,0,0,0.4942187500000017,3-3-2,0.37,8,sweep,0.3646690831347098,0.0,research/results/verify_epsilon_floor/20260926T210310Z
awqpe_ablate_special,0.35,16384,0,0,0,0,0,0.4942187500000017,3-3-2,0.37,8,sweep,0.3646690831347098,0.0,research/results/verify_epsilon_floor/20260926T210310Z
awqpe,0.36,16384,0,0,0,0,0,0.4942187500000017,3-3-2,0.37,8,sweep,0.3646690831347098,0.0,research/results/verify_epsilon_floor/20260926T210310Z
awqpe_ablate_special,0.36,16384,0,0,0,0,0,0.4942187500000017,3-3-2,0.37,8,sweep,0.3646690831347098,0.0,research/results/verify_epsilon_floor/20260926T210310Z
awqpe,0.37,16384,0,0,0,0,0,0.4942187500000017,3-3-2,0.37,8,sweep,0.3646690831347098,0.0,research/results/verify_epsilon_floor/20260926T210310Z
awqpe_ablate_special,0.37,16384,64,64,64,0,0,3.5057812500000125,3-3-2,0.37,8,sweep,0.3646690831347098,0.00390625,research/results/verify_epsilon_floor/20260926T210310Z
awqpe,0.38,16384,64,64,64,0,0,3.5098437500000017,3-3-2,0.37,8,sweep,0.3646690831347098,0.00390625,research/results/verify_epsilon_floor/20260926T210310Z
awqpe_ablate_special,0.38,16384,64,64,64,0,0,3.5057812500000125,3-3-2,0.37,8,sweep,0.3646690831347098,0.00390625,research/results/verify_epsilon_floor/20260926T210310Z
awqpe,0.39,16384,128,128,128,0,0,3.5254687500000017,3-3-2,0.37,8,sweep,0.3646690831347098,0.0078125,research/results/verify_epsilon_floor/20260926T210310Z
awqpe_ablate_special,0.39,16384,128,128,128,0,0,3.5214062500000125,3-3-2,0.37,8,sweep,0.3646690831347098,0.0078125,research/results/verify_epsilon_floor/20260926T210310Z
awqpe,0.4,16384,192,192,192,0,0,3.5410937500000017,3-3-2,0.37,8,sweep,0.3646690831347098,0.01171875,research/results/verify_epsilon_floor/20260926T210310Z
awqpe_ablate_special,0.4,16384,192,192,192,0,0,3.5370312500000125,3-3-2,0.37,8,sweep,0.3646690831347098,0.01171875,research/results/verify_epsilon_floor/20260926T210310Z
awqpe,0.41,16384,192,192,192,0,0,3.5410937500000017,3-3-2,0.37,8,sweep,0.3646690831347098,0.01171875,research/results/verify_epsilon_floor/20260926T210310Z
awqpe_ablate_special,0.41,16384,256,256,256,0,0,3.5526562500000125,3-3-2,0.37,8,sweep,0.3646690831347098,0.015625,research/results/verify_epsilon_floor/20260926T210310Z
awqpe,0.42,16384,256,256,256,0,0,3.5567187500000017,3-3-2,0.37,8,sweep,0.3646690831347098,0.015625,research/results/verify_epsilon_floor/20260926T210310Z
awqpe_ablate_special,0.42,16384,256,256,256,0,0,3.5526562500000125,3-3-2,0.37,8,sweep,0.3646690831347098,0.015625,research/results/verify_epsilon_floor/20260926T210310Z
awqpe,0.43,16384,320,320,320,0,0,3.5723437500000017,3-3-2,0.37,8,sweep,0.3646690831347098,0.01953125,research/results/verify_epsilon_floor/20260926T210310Z
awqpe_ablate_special,0.43,16384,320,320,320,0,0,3.5682812500000125,3-3-2,0.37,8,sweep,0.3646690831347098,0.01953125,research/results/verify_epsilon_floor/20260926T210310Z
awqpe,0.44,16384,384,384,384,0,0,3.5879687500000017,3-3-2,0.37,8,sweep,0.3646690831347098,0.0234375,research/results/verify_epsilon_floor/20260926T210310Z
awqpe_ablate_special,0.44,16384,384,384,384,0,0,3.5839062500000125,3-3-2,0.37,8,sweep,0.3646690831347098,0.0234375,research/results/verify_epsilon_floor/20260926T210310Z
awqpe,0.45,16384,384,384,384,0,0,3.5879687500000017,3-3-2,0.37,8,sweep,0.3646690831347098,0.0234375,research/results/verify_epsilon_floor/20260926T210310Z
awqpe_ablate_special,0.45,16384,448,448,448,0,0,3.5995312500000125,3-3-2,0.37,8,sweep,0.3646690831347098,0.02734375,research/results/verify_epsilon_floor/20260926T210310Z
awqpe,0.46,16384,448,448,448,0,0,3.6035937500000017,3-3-2,0.37,8,sweep,0.3646690831347098,0.02734375,research/results/verify_epsilon_floor/20260926T210310Z
awqpe_ablate_special,0.46,16384,448,448,448,0,0,3.5995312500000125,3-3-2,0.37,8,sweep,0.3646690831347098,0.02734375,research/results/verify_epsilon_floor/20260926T210310Z
awqpe,0.47,16384,512,512,512,0,0,3.6192187500000017,3-3-2,0.37,8,sweep,0.3646690831347098,0.03125,research/results/verify_epsilon_floor/20260926T210310Z
awqpe_ablate_special,0.47,16384,512,512,512,0,0,3.6151562500000125,3-3-2,0.37,8,sweep,0.3646690831347098,0.03125,research/results/verify_epsilon_floor/20260926T210310Z
awqpe,0.48,16384,512,512,512,0,0,3.6192187500000017,3-3-2,0.37,8,sweep,0.3646690831347098,0.03125,research/results/verify_epsilon_floor/20260926T210310Z
awqpe_ablate_special,0.48,16384,576,576,576,0,0,3.6307812500000125,3-3-2,0.37,8,sweep,0.3646690831347098,0.03515625,research/results/verify_epsilon_floor/20260926T210310Z
awqpe,0.49,16384,576,576,576,0,0,3.6348437500000017,3-3-2,0.37,8,sweep,0.3646690831347098,0.03515625,research/results/verify_epsilon_floor/20260926T210310Z
awqpe_ablate_special,0.49,16384,576,576,576,0,0,3.6307812500000125,3-3-2,0.37,8,sweep,0.3646690831347098,0.03515625,research/results/verify_epsilon_floor/20260926T210310Z
awqpe,0.5,16384,640,640,640,0,0,3.6504687500000017,3-3-2,0.37,8,sweep,0.3646690831347098,0.0390625,research/results/verify_epsilon_floor/20260926T210310Z
awqpe_ablate_special,0.5,16384,640,640,640,0,0,3.6464062500000125,3-3-2,0.37,8,sweep,0.3646690831347098,0.0390625,research/results/verify_epsilon_floor/20260926T210310Z
awqpe,0.51,16384,640,640,640,0,0,3.6504687500000017,3-3-2,0.37,8,sweep,0.3646690831347098,0.0390625,research/results/verify_epsilon_floor/20260926T210310Z
awqpe_ablate_special,0.51,16384,704,704,704,0,0,3.6620312500000125,3-3-2,0.37,8,sweep,0.3646690831347098,0.04296875,research/results/verify_epsilon_floor/20260926T210310Z
awqpe,0.52,16384,704,704,704,0,0,3.6660937500000017,3-3-2,0.37,8,sweep,0.3646690831347098,0.04296875,research/results/verify_epsilon_floor/20260926T210310Z
awqpe_ablate_special,0.52,16384,704,704,704,0,0,3.6620312500000125,3-3-2,0.37,8,sweep,0.3646690831347098,0.04296875,research/results/verify_epsilon_floor/20260926T210310Z
awqpe,0.53,16384,704,704,704,0,0,3.6660937500000017,3-3-2,0.37,8,sweep,0.3646690831347098,0.04296875,research/results/verify_epsilon_floor/20260926T210310Z
awqpe_ablate_special,0.53,16384,768,768,768,0,0,3.6776562500000125,3-3-2,0.37,8,sweep,0.3646690831347098,0.046875,research/results/verify_epsilon_floor/20260926T210310Z
awqpe,0.54,16384,768,768,768,0,0,3.6817187500000017,3-3-2,0.37,8,sweep,0.3646690831347098,0.046875,research/results/verify_epsilon_floor/20260926T210310Z
awqpe_ablate_special,0.54,16384,768,768,768,0,0,3.6776562500000125,3-3-2,0.37,8,sweep,0.3646690831347098,0.046875,research/results/verify_epsilon_floor/20260926T210310Z
awqpe,0.55,16384,832,832,832,0,0,3.6973437500000017,3-3-2,0.37,8,sweep,0.3646690831347098,0.05078125,research/results/verify_epsilon_floor/20260926T210310Z
awqpe_ablate_special,0.55,16384,832,832,832,0,0,3.6932812500000125,3-3-2,0.37,8,sweep,0.3646690831347098,0.05078125,research/results/verify_epsilon_floor/20260926T210310Z
awqpe,0.56,16384,832,832,832,0,0,3.6973437500000017,3-3-2,0.37,8,sweep,0.3646690831347098,0.05078125,research/results/verify_epsilon_floor/20260926T210310Z
awqpe_ablate_special,0.56,16384,832,832,832,0,0,3.6932812500000125,3-3-2,0.37,8,sweep,0.3646690831347098,0.05078125,research/results/verify_epsilon_floor/20260926T210310Z
awqpe,0.57,16384,896,896,896,0,0,3.7129687500000017,3-3-2,0.37,8,sweep,0.3646690831347098,0.0546875,research/results/verify_epsilon_floor/20260926T210310Z
awqpe_ablate_special,0.57,16384,896,896,896,0,0,3.7089062500000125,3-3-2,0.37,8,sweep,0.3646690831347098,0.0546875,research/results/verify_epsilon_floor/20260926T210310Z
awqpe,0.58,16384,896,896,896,0,0,3.7129687500000017,3-3-2,0.37,8,sweep,0.3646690831347098,0.0546875,research/results/verify_epsilon_floor/20260926T210310Z
awqpe_ablate_special,0.58,16384,960,960,960,0,0,3.7245312500000125,3-3-2,0.37,8,sweep,0.3646690831347098,0.05859375,research/results/verify_epsilon_floor/20260926T210310Z
awqpe,0.59,16384,960,960,960,0,0,3.7285937500000017,3-3-2,0.37,8,sweep,0.3646690831347098,0.05859375,research/results/verify_epsilon_floor/20260926T210310Z
awqpe_ablate_special,0.59,16384,960,960,960,0,0,3.7245312500000125,3-3-2,0.37,8,sweep,0.3646690831347098,0.05859375,research/results/verify_epsilon_floor/20260926T210310Z
awqpe,0.6,16384,960,960,960,0,0,3.7285937500000017,3-3-2,0.37,8,sweep,0.3646690831347098,0.05859375,research/results/verify_epsilon_floor/20260926T210310Z
awqpe_ablate_special,0.6,16384,1024,1024,1024,0,0,3.7401562500000125,3-3-2,0.37,8,sweep,0.3646690831347098,0.0625,research/results/verify_epsilon_floor/20260926T210310Z
awqpe,0.61,16384,1024,1024,1024,0,0,3.7442187500000017,3-3-2,0.37,8,sweep,0.3646690831347098,0.0625,research/results/verify_epsilon_floor/20260926T210310Z
awqpe_ablate_special,0.61,16384,1024,1024,1024,0,0,3.7401562500000125,3-3-2,0.37,8,sweep,0.3646690831347098,0.0625,research/results/verify_epsilon_floor/20260926T210310Z
awqpe,0.62,16384,1024,1024,1024,0,0,3.7442187500000017,3-3-2,0.37,8,sweep,0.3646690831347098,0.0625,research/results/verify_epsilon_floor/20260926T210310Z
awqpe_ablate_special,0.62,16384,1088,1088,1088,0,0,3.7557812500000125,3-3-2,0.37,8,sweep,0.3646690831347098,0.06640625,research/results/verify_epsilon_floor/20260926T210310Z
awqpe,0.63,16384,1088,1088,1088,0,0,3.7598437500000017,3-3-2,0.37,8,sweep,0.3646690831347098,0.06640625,research/results/verify_epsilon_floor/20260926T210310Z
awqpe_ablate_special,0.63,16384,1088,1088,1088,0,0,3.7557812500000125,3-3-2,0.37,8,sweep,0.3646690831347098,0.06640625,research/results/verify_epsilon_floor/20260926T210310Z
awqpe,0.64,16384,1088,1088,1088,0,0,3.7598437500000017,3-3-2,0.37,8,sweep,0.3646690831347098,0.06640625,research/results/verify_epsilon_floor/20260926T210310Z
awqpe_ablate_special,0.64,16384,1152,1152,1152,0,0,3.7714062500000125,3-3-2,0.37,8,sweep,0.3646690831347098,0.0703125,research/results/verify_epsilon_floor/20260926T210310Z
awqpe,0.65,16384,1152,1152,1152,0,0,28.255781250000013,3-3-2,0.37,8,sweep,0.3646690831347098,0.0703125,research/results/verify_epsilon_floor/20260926T210310Z
awqpe_ablate_special,0.65,16384,1152,1152,1152,0,0,28.25984375,3-3-2,0.37,8,sweep,0.3646690831347098,0.0703125,research/results/verify_epsilon_floor/20260926T210310Z
awqpe,0.66,16384,1152,1152,1152,0,0,28.318281250000013,3-3-2,0.37,8,sweep,0.3646690831347098,0.0703125,research/results/verify_epsilon_floor/20260926T210310Z
awqpe_ablate_special,0.66,16384,1216,1216,1216,0,0,28.32234375,3-3-2,0.37,8,sweep,0.3646690831347098,0.07421875,research/results/verify_epsilon_floor/20260926T210310Z
awqpe,0.67,16384,1216,1216,1216,0,0,28.380781250000013,3-3-2,0.37,8,sweep,0.3646690831347098,0.07421875,research/results/verify_epsilon_floor/20260926T210310Z
awqpe_ablate_special,0.67,16384,1216,1216,1216,0,0,28.36921875,3-3-2,0.37,8,sweep,0.3646690831347098,0.07421875,research/results/verify_epsilon_floor/20260926T210310Z
awqpe,0.68,16384,1216,1216,1216,0,0,28.427656250000013,3-3-2,0.37,8,sweep,0.3646690831347098,0.07421875,research/results/verify_epsilon_floor/20260926T210310Z
awqpe_ablate_special,0.68,16384,1280,1280,1280,0,0,28.43171875,3-3-2,0.37,8,sweep,0.3646690831347098,0.078125,research/results/verify_epsilon_floor/20260926T210310Z
awqpe,0.69,16384,1280,1280,1280,0,0,28.490156250000013,3-3-2,0.37,8,sweep,0.3646690831347098,0.078125,research/results/verify_epsilon_floor/20260926T210310Z
awqpe_ablate_special,0.69,16384,1280,1280,1280,0,0,28.49421875,3-3-2,0.37,8,sweep,0.3646690831347098,0.078125,research/results/verify_epsilon_floor/20260926T210310Z
awqpe,0.7,16384,1280,1280,1280,0,0,28.490156250000013,3-3-2,0.37,8,sweep,0.3646690831347098,0.078125,research/results/verify_epsilon_floor/20260926T210310Z
awqpe_ablate_special,0.7,16384,1344,1344,1344,0,0,28.49421875,3-3-2,0.37,8,sweep,0.3646690831347098,0.08203125,research/results/verify_epsilon_floor/20260926T210310Z
awqpe,0.71,16384,1344,1344,1344,0,0,28.490156250000013,3-3-2,0.37,8,sweep,0.3646690831347098,0.08203125,research/results/verify_epsilon_floor/20260926T210310Z
awqpe_ablate_special,0.71,16384,1344,1344,1344,0,0,28.49421875,3-3-2,0.37,8,sweep,0.3646690831347098,0.08203125,research/results/verify_epsilon_floor/20260926T210310Z
awqpe,0.72,16384,1344,1344,1344,0,0,28.490156250000013,3-3-2,0.37,8,sweep,0.3646690831347098,0.08203125,research/results/verify_epsilon_floor/20260926T210310Z
awqpe_ablate_special,0.72,16384,1408,1408,1408,0,0,28.49421875,3-3-2,0.37,8,sweep,0.3646690831347098,0.0859375,research/results/verify_epsilon_floor/20260926T210310Z
awqpe,0.73,16384,1408,1408,1408,0,0,28.490156250000013,3-3-2,0.37,8,sweep,0.3646690831347098,0.0859375,research/results/verify_epsilon_floor/20260926T210310Z
awqpe_ablate_special,0.73,16384,1408,1408,1408,0,0,28.49421875,3-3-2,0.37,8,sweep,0.3646690831347098,0.0859375,research/results/verify_epsilon_floor/20260926T210310Z
awqpe,0.74,16384,1408,1408,1408,0,0,28.490156250000013,3-3-2,0.37,8,sweep,0.3646690831347098,0.0859375,research/results/verify_epsilon_floor/20260926T210310Z
awqpe_ablate_special,0.74,16384,1408,1408,1408,0,0,28.49421875,3-3-2,0.37,8,sweep,0.3646690831347098,0.0859375,research/results/verify_epsilon_floor/20260926T210310Z
awqpe,0.75,16384,1472,1472,1472,0,0,28.490156250000013,3-3-2,0.37,8,sweep,0.3646690831347098,0.08984375,research/results/verify_epsilon_floor/20260926T210310Z
awqpe_ablate_special,0.75,16384,1472,1472,1472,0,0,28.49421875,3-3-2,0.37,8,sweep,0.3646690831347098,0.08984375,research/results/verify_epsilon_floor/20260926T210310Z
awqpe,0.76,16384,1472,1472,1472,0,0,28.490156250000013,3-3-2,0.37,8,sweep,0.3646690831347098,0.08984375,research/results/verify_epsilon_floor/20260926T210310Z
awqpe_ablate_special,0.76,16384,1472,1472,1472,0,0,28.49421875,3-3-2,0.37,8,sweep,0.3646690831347098,0.08984375,research/results/verify_epsilon_floor/20260926T210310Z
awqpe,0.77,16384,1472,1472,1472,0,0,28.490156250000013,3-3-2,0.37,8,sweep,0.3646690831347098,0.08984375,research/results/verify_epsilon_floor/20260926T210310Z
awqpe_ablate_special,0.77,16384,1536,1536,1536,0,0,28.49421875,3-3-2,0.37,8,sweep,0.3646690831347098,0.09375,research/results/verify_epsilon_floor/20260926T210310Z
awqpe,0.78,16384,1536,1536,1536,0,0,28.490156250000013,3-3-2,0.37,8,sweep,0.3646690831347098,0.09375,research/results/verify_epsilon_floor/20260926T210310Z
awqpe_ablate_special,0.78,16384,1536,1536,1536,0,0,28.49421875,3-3-2,0.37,8,sweep,0.3646690831347098,0.09375,research/results/verify_epsilon_floor/20260926T210310Z
awqpe,0.79,16384,1536,1536,1536,0,0,28.490156250000013,3-3-2,0.37,8,sweep,0.3646690831347098,0.09375,research/results/verify_epsilon_floor/20260926T210310Z
awqpe_ablate_special,0.79,16384,1536,1536,1536,0,0,28.49421875,3-3-2,0.37,8,sweep,0.3646690831347098,0.09375,research/results/verify_epsilon_floor/20260926T210310Z
awqpe,0.8,16384,1600,1600,1600,0,0,28.490156250000013,3-3-2,0.37,8,sweep,0.3646690831347098,0.09765625,research/results/verify_epsilon_floor/20260926T210310Z
awqpe_ablate_special,0.8,16384,1600,1600,1600,0,0,28.49421875,3-3-2,0.37,8,sweep,0.3646690831347098,0.09765625,research/results/verify_epsilon_floor/20260926T210310Z
awqpe,0.81,16384,1600,1600,1600,0,0,28.490156250000013,3-3-2,0.37,8,sweep,0.3646690831347098,0.09765625,research/results/verify_epsilon_floor/20260926T210310Z
awqpe_ablate_special,0.81,16384,1600,1600,1600,0,0,28.49421875,3-3-2,0.37,8,sweep,0.3646690831347098,0.09765625,research/results/verify_epsilon_floor/20260926T210310Z
awqpe,0.82,16384,1600,1600,1600,0,0,28.490156250000013,3-3-2,0.37,8,sweep,0.3646690831347098,0.09765625,research/results/verify_epsilon_floor/20260926T210310Z
awqpe_ablate_special,0.82,16384,1664,1664,1664,0,0,28.49421875,3-3-2,0.37,8,sweep,0.3646690831347098,0.1015625,research/results/verify_epsilon_floor/20260926T210310Z
awqpe,0.83,16384,1664,1664,1664,0,0,28.490156250000013,3-3-2,0.37,8,sweep,0.3646690831347098,0.1015625,research/results/verify_epsilon_floor/20260926T210310Z
awqpe_ablate_special,0.83,16384,1664,1664,1664,0,0,28.49421875,3-3-2,0.37,8,sweep,0.3646690831347098,0.1015625,research/results/verify_epsilon_floor/20260926T210310Z
awqpe,0.84,16384,1664,1664,1664,0,0,28.490156250000013,3-3-2,0.37,8,sweep,0.3646690831347098,0.1015625,research/results/verify_epsilon_floor/20260926T210310Z
awqpe_ablate_special,0.84,16384,1664,1664,1664,0,0,28.49421875,3-3-2,0.37,8,sweep,0.3646690831347098,0.1015625,research/results/verify_epsilon_floor/20260926T210310Z
awqpe,0.85,16384,1728,1728,1728,0,0,28.490156250000013,3-3-2,0.37,8,sweep,0.3646690831347098,0.10546875,research/results/verify_epsilon_floor/20260926T210310Z
awqpe_ablate_special,0.85,16384,1728,1728,1728,0,0,28.49421875,3-3-2,0.37,8,sweep,0.3646690831347098,0.10546875,research/results/verify_epsilon_floor/20260926T210310Z
awqpe,0.86,16384,1728,1728,1728,0,0,28.490156250000013,3-3-2,0.37,8,sweep,0.3646690831347098,0.10546875,research/results/verify_epsilon_floor/20260926T210310Z
awqpe_ablate_special,0.86,16384,1728,1728,1728,0,0,28.49421875,3-3-2,0.37,8,sweep,0.3646690831347098,0.10546875,research/results/verify_epsilon_floor/20260926T210310Z
awqpe,0.87,16384,1728,1728,1728,0,0,28.490156250000013,3-3-2,0.37,8,sweep,0.3646690831347098,0.10546875,research/results/verify_epsilon_floor/20260926T210310Z
awqpe_ablate_special,0.87,16384,1792,1792,1792,0,0,28.49421875,3-3-2,0.37,8,sweep,0.3646690831347098,0.109375,research/results/verify_epsilon_floor/20260926T210310Z
awqpe,0.88,16384,1792,1792,1792,0,0,28.490156250000013,3-3-2,0.37,8,sweep,0.3646690831347098,0.109375,research/results/verify_epsilon_floor/20260926T210310Z
awqpe_ablate_special,0.88,16384,1792,1792,1792,0,0,28.49421875,3-3-2,0.37,8,sweep,0.3646690831347098,0.109375,research/results/verify_epsilon_floor/20260926T210310Z
awqpe,0.89,16384,1808,1808,1808,0,0,31.52546875,3-3-2,0.37,8,sweep,0.3646690831347098,0.1103515625,research/results/verify_epsilon_floor/20260926T210310Z
awqpe_ablate_special,0.89,16384,1808,1808,1808,0,0,31.521406250000013,3-3-2,0.37,8,sweep,0.3646690831347098,0.1103515625,research/results/verify_epsilon_floor/20260926T210310Z
awqpe,0.9,16384,1832,1832,1832,0,0,31.57234375,3-3-2,0.37,8,sweep,0.3646690831347098,0.11181640625,research/results/verify_epsilon_floor/20260926T210310Z
awqpe_ablate_special,0.9,16384,1896,1896,1896,0,0,31.568281250000013,3-3-2,0.37,8,sweep,0.3646690831347098,0.11572265625,research/results/verify_epsilon_floor/20260926T210310Z
awqpe,0.91,16384,1912,1912,1912,0,0,31.60359375,3-3-2,0.37,8,sweep,0.3646690831347098,0.11669921875,research/results/verify_epsilon_floor/20260926T210310Z
awqpe_ablate_special,0.91,16384,1920,1920,1920,0,0,31.615156250000013,3-3-2,0.37,8,sweep,0.3646690831347098,0.1171875,research/results/verify_epsilon_floor/20260926T210310Z
awqpe,0.92,16384,1936,1936,1936,0,0,31.65046875,3-3-2,0.37,8,sweep,0.3646690831347098,0.1181640625,research/results/verify_epsilon_floor/20260926T210310Z
awqpe_ablate_special,0.92,16384,1944,1944,1944,0,0,31.662031250000013,3-3-2,0.37,8,sweep,0.3646690831347098,0.11865234375,research/results/verify_epsilon_floor/20260926T210310Z
awqpe,0.93,16384,2024,2024,2024,0,0,31.69734375,3-3-2,0.37,8,sweep,0.3646690831347098,0.12353515625,research/results/verify_epsilon_floor/20260926T210310Z
awqpe_ablate_special,0.93,16384,2024,2024,2024,0,0,31.693281250000013,3-3-2,0.37,8,sweep,0.3646690831347098,0.12353515625,research/results/verify_epsilon_floor/20260926T210310Z
awqpe,0.94,16384,2048,2048,2048,0,0,31.74421875,3-3-2,0.37,8,sweep,0.3646690831347098,0.125,research/results/verify_epsilon_floor/20260926T210310Z
awqpe_ablate_special,0.94,16384,2048,2048,2048,0,0,31.740156250000013,3-3-2,0.37,8,sweep,0.3646690831347098,0.125,research/results/verify_epsilon_floor/20260926T210310Z
awqpe,0.95,16384,2072,2072,2072,0,0,31.79109375,3-3-2,0.37,8,sweep,0.3646690831347098,0.12646484375,research/results/verify_epsilon_floor/20260926T210310Z
awqpe_ablate_special,0.95,16384,2072,2072,2072,0,0,31.787031250000013,3-3-2,0.37,8,sweep,0.3646690831347098,0.12646484375,research/results/verify_epsilon_floor/20260926T210310Z
awqpe,0.96,16384,2152,2152,2152,0,0,31.82234375,3-3-2,0.37,8,sweep,0.3646690831347098,0.13134765625,research/results/verify_epsilon_floor/20260926T210310Z
awqpe_ablate_special,0.96,16384,2160,2160,2160,0,0,31.833906250000013,3-3-2,0.37,8,sweep,0.3646690831347098,0.1318359375,research/results/verify_epsilon_floor/20260926T210310Z
awqpe,0.97,16384,2176,2176,2176,0,0,31.86921875,3-3-2,0.37,8,sweep,0.3646690831347098,0.1328125,research/results/verify_epsilon_floor/20260926T210310Z
awqpe_ablate_special,0.97,16384,2176,2176,2176,0,0,31.865156250000013,3-3-2,0.37,8,sweep,0.3646690831347098,0.1328125,research/results/verify_epsilon_floor/20260926T210310Z
awqpe,0.98,16384,2200,2200,2200,0,0,31.91609375,3-3-2,0.37,8,sweep,0.3646690831347098,0.13427734375,research/results/verify_epsilon_floor/20260926T210310Z
awqpe_ablate_special,0.98,16384,2200,2200,2200,0,0,31.912031250000013,3-3-2,0.37,8,sweep,0.3646690831347098,0.13427734375,research/results/verify_epsilon_floor/20260926T210310Z
awqpe,0.99,16384,2280,2280,2280,0,0,31.94734375,3-3-2,0.37,8,sweep,0.3646690831347098,0.13916015625,research/results/verify_epsilon_floor/20260926T210310Z
awqpe_ablate_special,0.99,16384,2288,2288,2288,0,0,31.958906250000013,3-3-2,0.37,8,sweep,0.3646690831347098,0.1396484375,research/results/verify_epsilon_floor/20260926T210310Z
awqpe,0.3,65536,0,0,0,0,0,0.5,3-3-3-3,0.0,12,sweep,0.6088480828720225,0.0,research/results/verify_epsilon_floor/20260926T210310Z
awqpe_ablate_special,0.3,65536,0,0,0,0,0,0.5,3-3-3-3,0.0,12,sweep,0.6088480828720225,0.0,research/results/verify_epsilon_floor/20260926T210310Z
awqpe,0.31,65536,0,0,0,0,0,0.5,3-3-3-3,0.0,12,sweep,0.6088480828720225,0.0,research/results/verify_epsilon_floor/20260926T210310Z
awqpe_ablate_special,0.31,65536,0,0,0,0,0,0.5,3-3-3-3,0.0,12,sweep,0.6088480828720225,0.0,research/results/verify_epsilon_floor/20260926T210310Z
awqpe,0.32,65536,0,0,0,0,0,0.5,3-3-3-3,0.0,12,sweep,0.6088480828720225,0.0,research/results/verify_epsilon_floor/20260926T210310Z
awqpe_ablate_special,0.32,65536,0,0,0,0,0,0.5,3-3-3-3,0.0,12,sweep,0.6088480828720225,0.0,research/results/verify_epsilon_floor/20260926T210310Z
awqpe,0.33,65536,0,0,0,0,0,0.5,3-3-3-3,0.0,12,sweep,0.6088480828720225,0.0,research/results/verify_epsilon_floor/20260926T210310Z
awqpe_ablate_special,0.33,65536,0,0,0,0,0,0.5,3-3-3-3,0.0,12,sweep,0.6088480828720225,0.0,research/results/verify_epsilon_floor/20260926T210310Z
awqpe,0.34,65536,0,0,0,0,0,0.5,3-3-3-3,0.0,12,sweep,0.6088480828720225,0.0,research/results/verify_epsilon_floor/20260926T210310Z
awqpe_ablate_special,0.34,65536,0,0,0,0,0,0.5,3-3-3-3,0.0,12,sweep,0.6088480828720225,0.0,research/results/verify_epsilon_floor/20260926T210310Z
awqpe,0.35,65536,0,0,0,0,0,0.5,3-3-3-3,0.0,12,sweep,0.6088480828720225,0.0,research/results/verify_epsilon_floor/20260926T210310Z
awqpe_ablate_special,0.35,65536,0,0,0,0,0,0.5,3-3-3-3,0.0,12,sweep,0.6088480828720225,0.0,research/results/verify_epsilon_floor/20260926T210310Z
awqpe,0.36,65536,0,0,0,0,0,0.5,3-3-3-3,0.0,12,sweep,0.6088480828720225,0.0,research/results/verify_epsilon_floor/20260926T210310Z
awqpe_ablate_special,0.36,65536,0,0,0,0,0,0.5,3-3-3-3,0.0,12,sweep,0.6088480828720225,0.0,research/results/verify_epsilon_floor/20260926T210310Z
awqpe,0.37,65536,0,0,0,0,0,0.5,3-3-3-3,0.0,12,sweep,0.6088480828720225,0.0,research/results/verify_epsilon_floor/20260926T210310Z
awqpe_ablate_special,0.37,65536,0,0,0,0,0,0.5,3-3-3-3,0.0,12,sweep,0.6088480828720225,0.0,research/results/verify_epsilon_floor/20260926T210310Z
awqpe,0.38,65536,0,0,0,0,0,0.5,3-3-3-3,0.0,12,sweep,0.6088480828720225,0.0,research/results/verify_epsilon_floor/20260926T210310Z
awqpe_ablate_special,0.38,65536,0,0,0,0,0,0.5,3-3-3-3,0.0,12,sweep,0.6088480828720225,0.0,research/results/verify_epsilon_floor/20260926T210310Z
awqpe,0.39,65536,0,0,0,0,0,0.5,3-3-3-3,0.0,12,sweep,0.6088480828720225,0.0,research/results/verify_epsilon_floor/20260926T210310Z
awqpe_ablate_special,0.39,65536,0,0,0,0,0,0.5,3-3-3-3,0.0,12,sweep,0.6088480828720225,0.0,research/results/verify_epsilon_floor/20260926T210310Z
awqpe,0.4,65536,0,0,0,0,0,0.5,3-3-3-3,0.0,12,sweep,0.6088480828720225,0.0,research/results/verify_epsilon_floor/20260926T210310Z
awqpe_ablate_special,0.4,65536,0,0,0,0,0,0.5,3-3-3-3,0.0,12,sweep,0.6088480828720225,0.0,research/results/verify_epsilon_floor/20260926T210310Z
awqpe,0.41,65536,0,0,0,0,0,0.5,3-3-3-3,0.0,12,sweep,0.6088480828720225,0.0,research/results/verify_epsilon_floor/20260926T210310Z
awqpe_ablate_special,0.41,65536,0,0,0,0,0,0.5,3-3-3-3,0.0,12,sweep,0.6088480828720225,0.0,research/results/verify_epsilon_floor/20260926T210310Z
awqpe,0.42,65536,0,0,0,0,0,0.5,3-3-3-3,0.0,12,sweep,0.6088480828720225,0.0,research/results/verify_epsilon_floor/20260926T210310Z
awqpe_ablate_special,0.42,65536,0,0,0,0,0,0.5,3-3-3-3,0.0,12,sweep,0.6088480828720225,0.0,research/results/verify_epsilon_floor/20260926T210310Z
awqpe,0.43,65536,0,0,0,0,0,0.5,3-3-3-3,0.0,12,sweep,0.6088480828720225,0.0,research/results/verify_epsilon_floor/20260926T210310Z
awqpe_ablate_special,0.43,65536,0,0,0,0,0,0.5,3-3-3-3,0.0,12,sweep,0.6088480828720225,0.0,research/results/verify_epsilon_floor/20260926T210310Z
awqpe,0.44,65536,0,0,0,0,0,0.5,3-3-3-3,0.0,12,sweep,0.6088480828720225,0.0,research/results/verify_epsilon_floor/20260926T210310Z
awqpe_ablate_special,0.44,65536,0,0,0,0,0,0.5,3-3-3-3,0.0,12,sweep,0.6088480828720225,0.0,research/results/verify_epsilon_floor/20260926T210310Z
awqpe,0.45,65536,0,0,0,0,0,0.5,3-3-3-3,0.0,12,sweep,0.6088480828720225,0.0,research/results/verify_epsilon_floor/20260926T210310Z
awqpe_ablate_special,0.45,65536,0,0,0,0,0,0.5,3-3-3-3,0.0,12,sweep,0.6088480828720225,0.0,research/results/verify_epsilon_floor/20260926T210310Z
awqpe,0.46,65536,0,0,0,0,0,0.5,3-3-3-3,0.0,12,sweep,0.6088480828720225,0.0,research/results/verify_epsilon_floor/20260926T210310Z
awqpe_ablate_special,0.46,65536,0,0,0,0,0,0.5,3-3-3-3,0.0,12,sweep,0.6088480828720225,0.0,research/results/verify_epsilon_floor/20260926T210310Z
awqpe,0.47,65536,0,0,0,0,0,0.5,3-3-3-3,0.0,12,sweep,0.6088480828720225,0.0,research/results/verify_epsilon_floor/20260926T210310Z
awqpe_ablate_special,0.47,65536,0,0,0,0,0,0.5,3-3-3-3,0.0,12,sweep,0.6088480828720225,0.0,research/results/verify_epsilon_floor/20260926T210310Z
awqpe,0.48,65536,0,0,0,0,0,0.5,3-3-3-3,0.0,12,sweep,0.6088480828720225,0.0,research/results/verify_epsilon_floor/20260926T210310Z
awqpe_ablate_special,0.48,65536,0,0,0,0,0,0.5,3-3-3-3,0.0,12,sweep,0.6088480828720225,0.0,research/results/verify_epsilon_floor/20260926T210310Z
awqpe,0.49,65536,0,0,0,0,0,0.5,3-3-3-3,0.0,12,sweep,0.6088480828720225,0.0,research/results/verify_epsilon_floor/20260926T210310Z
awqpe_ablate_special,0.49,65536,0,0,0,0,0,0.5,3-3-3-3,0.0,12,sweep,0.6088480828720225,0.0,research/results/verify_epsilon_floor/20260926T210310Z
awqpe,0.5,65536,0,0,0,0,0,0.5,3-3-3-3,0.0,12,sweep,0.6088480828720225,0.0,research/results/verify_epsilon_floor/20260926T210310Z
awqpe_ablate_special,0.5,65536,0,0,0,0,0,0.5,3-3-3-3,0.0,12,sweep,0.6088480828720225,0.0,research/results/verify_epsilon_floor/20260926T210310Z
awqpe,0.51,65536,0,0,0,0,0,0.5,3-3-3-3,0.0,12,sweep,0.6088480828720225,0.0,research/results/verify_epsilon_floor/20260926T210310Z
awqpe_ablate_special,0.51,65536,0,0,0,0,0,0.5,3-3-3-3,0.0,12,sweep,0.6088480828720225,0.0,research/results/verify_epsilon_floor/20260926T210310Z
awqpe,0.52,65536,0,0,0,0,0,0.5,3-3-3-3,0.0,12,sweep,0.6088480828720225,0.0,research/results/verify_epsilon_floor/20260926T210310Z
awqpe_ablate_special,0.52,65536,0,0,0,0,0,0.5,3-3-3-3,0.0,12,sweep,0.6088480828720225,0.0,research/results/verify_epsilon_floor/20260926T210310Z
awqpe,0.53,65536,0,0,0,0,0,0.5,3-3-3-3,0.0,12,sweep,0.6088480828720225,0.0,research/results/verify_epsilon_floor/20260926T210310Z
awqpe_ablate_special,0.53,65536,0,0,0,0,0,0.5,3-3-3-3,0.0,12,sweep,0.6088480828720225,0.0,research/results/verify_epsilon_floor/20260926T210310Z
awqpe,0.54,65536,0,0,0,0,0,0.5,3-3-3-3,0.0,12,sweep,0.6088480828720225,0.0,research/results/verify_epsilon_floor/20260926T210310Z
awqpe_ablate_special,0.54,65536,0,0,0,0,0,0.5,3-3-3-3,0.0,12,sweep,0.6088480828720225,0.0,research/results/verify_epsilon_floor/20260926T210310Z
awqpe,0.55,65536,0,0,0,0,0,0.5,3-3-3-3,0.0,12,sweep,0.6088480828720225,0.0,research/results/verify_epsilon_floor/20260926T210310Z
awqpe_ablate_special,0.55,65536,0,0,0,0,0,0.5,3-3-3-3,0.0,12,sweep,0.6088480828720225,0.0,research/results/verify_epsilon_floor/20260926T210310Z
awqpe,0.56,65536,0,0,0,0,0,0.5,3-3-3-3,0.0,12,sweep,0.6088480828720225,0.0,research/results/verify_epsilon_floor/20260926T210310Z
awqpe_ablate_special,0.56,65536,0,0,0,0,0,0.5,3-3-3-3,0.0,12,sweep,0.6088480828720225,0.0,research/results/verify_epsilon_floor/20260926T210310Z
awqpe,0.57,65536,0,0,0,0,0,0.5,3-3-3-3,0.0,12,sweep,0.6088480828720225,0.0,research/results/verify_epsilon_floor/20260926T210310Z
awqpe_ablate_special,0.57,65536,0,0,0,0,0,0.5,3-3-3-3,0.0,12,sweep,0.6088480828720225,0.0,research/results/verify_epsilon_floor/20260926T210310Z
awqpe,0.58,65536,0,0,0,0,0,0.5,3-3-3-3,0.0,12,sweep,0.6088480828720225,0.0,research/results/verify_epsilon_floor/20260926T210310Z
awqpe_ablate_special,0.58,65536,0,0,0,0,0,0.5,3-3-3-3,0.0,12,sweep,0.6088480828720225,0.0,research/results/verify_epsilon_floor/20260926T210310Z
awqpe,0.59,65536,0,0,0,0,0,0.5,3-3-3-3,0.0,12,sweep,0.6088480828720225,0.0,research/results/verify_epsilon_floor/20260926T210310Z
awqpe_ablate_special,0.59,65536,0,0,0,0,0,0.5,3-3-3-3,0.0,12,sweep,0.6088480828720225,0.0,research/results/verify_epsilon_floor/20260926T210310Z
awqpe,0.6,65536,0,0,0,0,0,0.5,3-3-3-3,0.0,12,sweep,0.6088480828720225,0.0,research/results/verify_epsilon_floor/20260926T210310Z
awqpe_ablate_special,0.6,65536,0,0,0,0,0,0.5,3-3-3-3,0.0,12,sweep,0.6088480828720225,0.0,research/results/verify_epsilon_floor/20260926T210310Z
awqpe,0.61,65536,512,0,0,0,512,7.5,3-3-3-3,0.0,12,sweep,0.6088480828720225,0.0078125,research/results/verify_epsilon_floor/20260926T210310Z
awqpe_ablate_special,0.61,65536,0,512,0,512,0,0.5,3-3-3-3,0.0,12,sweep,0.6088480828720225,0.0,research/results/verify_epsilon_floor/20260926T210310Z
awqpe,0.62,65536,512,0,0,0,512,7.5,3-3-3-3,0.0,12,sweep,0.6088480828720225,0.0078125,research/results/verify_epsilon_floor/20260926T210310Z
awqpe_ablate_special,0.62,65536,0,512,0,512,0,0.5,3-3-3-3,0.0,12,sweep,0.6088480828720225,0.0,research/results/verify_epsilon_floor/20260926T210310Z
awqpe,0.63,65536,512,0,0,0,512,7.5,3-3-3-3,0.0,12,sweep,0.6088480828720225,0.0078125,research/results/verify_epsilon_floor/20260926T210310Z
awqpe_ablate_special,0.63,65536,0,512,0,512,0,0.5,3-3-3-3,0.0,12,sweep,0.6088480828720225,0.0,research/results/verify_epsilon_floor/20260926T210310Z
awqpe,0.64,65536,512,0,0,0,512,7.5,3-3-3-3,0.0,12,sweep,0.6088480828720225,0.0078125,research/results/verify_epsilon_floor/20260926T210310Z
awqpe_ablate_special,0.64,65536,0,512,0,512,0,0.5,3-3-3-3,0.0,12,sweep,0.6088480828720225,0.0,research/results/verify_epsilon_floor/20260926T210310Z
awqpe,0.65,65536,1024,512,512,0,512,455.5625,3-3-3-3,0.0,12,sweep,0.6088480828720225,0.015625,research/results/verify_epsilon_floor/20260926T210310Z
awqpe_ablate_special,0.65,65536,512,1024,512,512,0,455.5625,3-3-3-3,0.0,12,sweep,0.6088480828720225,0.0078125,research/results/verify_epsilon_floor/20260926T210310Z
awqpe,0.66,65536,1024,512,512,0,512,455.5625,3-3-3-3,0.0,12,sweep,0.6088480828720225,0.015625,research/results/verify_epsilon_floor/20260926T210310Z
awqpe_ablate_special,0.66,65536,512,1024,512,512,0,455.5625,3-3-3-3,0.0,12,sweep,0.6088480828720225,0.0078125,research/results/verify_epsilon_floor/20260926T210310Z
awqpe,0.67,65536,1024,512,512,0,512,455.5625,3-3-3-3,0.0,12,sweep,0.6088480828720225,0.015625,research/results/verify_epsilon_floor/20260926T210310Z
awqpe_ablate_special,0.67,65536,512,1024,512,512,0,455.5625,3-3-3-3,0.0,12,sweep,0.6088480828720225,0.0078125,research/results/verify_epsilon_floor/20260926T210310Z
awqpe,0.68,65536,1024,512,512,0,512,455.5625,3-3-3-3,0.0,12,sweep,0.6088480828720225,0.015625,research/results/verify_epsilon_floor/20260926T210310Z
awqpe_ablate_special,0.68,65536,512,1024,512,512,0,455.5625,3-3-3-3,0.0,12,sweep,0.6088480828720225,0.0078125,research/results/verify_epsilon_floor/20260926T210310Z
awqpe,0.69,65536,1536,1024,1024,0,512,455.625,3-3-3-3,0.0,12,sweep,0.6088480828720225,0.0234375,research/results/verify_epsilon_floor/20260926T210310Z
awqpe_ablate_special,0.69,65536,1024,1536,1024,512,0,455.625,3-3-3-3,0.0,12,sweep,0.6088480828720225,0.015625,research/results/verify_epsilon_floor/20260926T210310Z
awqpe,0.7,65536,1536,1024,1024,0,512,455.625,3-3-3-3,0.0,12,sweep,0.6088480828720225,0.0234375,research/results/verify_epsilon_floor/20260926T210310Z
awqpe_ablate_special,0.7,65536,1024,1536,1024,512,0,455.625,3-3-3-3,0.0,12,sweep,0.6088480828720225,0.015625,research/results/verify_epsilon_floor/20260926T210310Z
awqpe,0.71,65536,1536,1024,1024,0,512,455.625,3-3-3-3,0.0,12,sweep,0.6088480828720225,0.0234375,research/results/verify_epsilon_floor/20260926T210310Z
awqpe_ablate_special,0.71,65536,1024,1536,1024,512,0,455.625,3-3-3-3,0.0,12,sweep,0.6088480828720225,0.015625,research/results/verify_epsilon_floor/20260926T210310Z
awqpe,0.72,65536,1536,1024,1024,0,512,455.625,3-3-3-3,0.0,12,sweep,0.6088480828720225,0.0234375,research/results/verify_epsilon_floor/20260926T210310Z
awqpe_ablate_special,0.72,65536,1024,1536,1024,512,0,455.625,3-3-3-3,0.0,12,sweep,0.6088480828720225,0.015625,research/results/verify_epsilon_floor/20260926T210310Z
awqpe,0.73,65536,1536,1024,1024,0,512,455.625,3-3-3-3,0.0,12,sweep,0.6088480828720225,0.0234375,research/results/verify_epsilon_floor/20260926T210310Z
awqpe_ablate_special,0.73,65536,1024,1536,1024,512,0,455.625,3-3-3-3,0.0,12,sweep,0.6088480828720225,0.015625,research/results/verify_epsilon_floor/20260926T210310Z
awqpe,0.74,65536,2048,1536,1536,0,512,455.6875,3-3-3-3,0.0,12,sweep,0.6088480828720225,0.03125,research/results/verify_epsilon_floor/20260926T210310Z
awqpe_ablate_special,0.74,65536,1536,2048,1536,512,0,455.6875,3-3-3-3,0.0,12,sweep,0.6088480828720225,0.0234375,research/results/verify_epsilon_floor/20260926T210310Z
awqpe,0.75,65536,2048,1536,1536,0,512,455.6875,3-3-3-3,0.0,12,sweep,0.6088480828720225,0.03125,research/results/verify_epsilon_floor/20260926T210310Z
awqpe_ablate_special,0.75,65536,1536,2048,1536,512,0,455.6875,3-3-3-3,0.0,12,sweep,0.6088480828720225,0.0234375,research/results/verify_epsilon_floor/20260926T210310Z
awqpe,0.76,65536,2048,1536,1536,0,512,455.6875,3-3-3-3,0.0,12,sweep,0.6088480828720225,0.03125,research/results/verify_epsilon_floor/20260926T210310Z
awqpe_ablate_special,0.76,65536,1536,2048,1536,512,0,455.6875,3-3-3-3,0.0,12,sweep,0.6088480828720225,0.0234375,research/results/verify_epsilon_floor/20260926T210310Z
awqpe,0.77,65536,2048,1536,1536,0,512,455.6875,3-3-3-3,0.0,12,sweep,0.6088480828720225,0.03125,research/results/verify_epsilon_floor/20260926T210310Z
awqpe_ablate_special,0.77,65536,1536,2048,1536,512,0,455.6875,3-3-3-3,0.0,12,sweep,0.6088480828720225,0.0234375,research/results/verify_epsilon_floor/20260926T210310Z
awqpe,0.78,65536,2048,1536,1536,0,512,455.6875,3-3-3-3,0.0,12,sweep,0.6088480828720225,0.03125,research/results/verify_epsilon_floor/20260926T210310Z
awqpe_ablate_special,0.78,65536,1536,2048,1536,512,0,455.6875,3-3-3-3,0.0,12,sweep,0.6088480828720225,0.0234375,research/results/verify_epsilon_floor/20260926T210310Z
awqpe,0.79,65536,2560,2048,2048,0,512,455.75,3-3-3-3,0.0,12,sweep,0.6088480828720225,0.0390625,research/results/verify_epsilon_floor/20260926T210310Z
awqpe_ablate_special,0.79,65536,2048,2560,2048,512,0,455.75,3-3-3-3,0.0,12,sweep,0.6088480828720225,0.03125,research/results/verify_epsilon_floor/20260926T210310Z
awqpe,0.8,65536,2560,2048,2048,0,512,455.75,3-3-3-3,0.0,12,sweep,0.6088480828720225,0.0390625,research/results/verify_epsilon_floor/20260926T210310Z
awqpe_ablate_special,0.8,65536,2048,2560,2048,512,0,455.75,3-3-3-3,0.0,12,sweep,0.6088480828720225,0.03125,research/results/verify_epsilon_floor/20260926T210310Z
awqpe,0.81,65536,2560,2048,2048,0,512,455.75,3-3-3-3,0.0,12,sweep,0.6088480828720225,0.0390625,research/results/verify_epsilon_floor/20260926T210310Z
awqpe_ablate_special,0.81,65536,2048,2560,2048,512,0,455.75,3-3-3-3,0.0,12,sweep,0.6088480828720225,0.03125,research/results/verify_epsilon_floor/20260926T210310Z
awqpe,0.82,65536,2560,2048,2048,0,512,455.75,3-3-3-3,0.0,12,sweep,0.6088480828720225,0.0390625,research/results/verify_epsilon_floor/20260926T210310Z
awqpe_ablate_special,0.82,65536,2048,2560,2048,512,0,455.75,3-3-3-3,0.0,12,sweep,0.6088480828720225,0.03125,research/results/verify_epsilon_floor/20260926T210310Z
awqpe,0.83,65536,2560,2048,2048,0,512,455.75,3-3-3-3,0.0,12,sweep,0.6088480828720225,0.0390625,research/results/verify_epsilon_floor/20260926T210310Z
awqpe_ablate_special,0.83,65536,2048,2560,2048,512,0,455.75,3-3-3-3,0.0,12,sweep,0.6088480828720225,0.03125,research/results/verify_epsilon_floor/20260926T210310Z
awqpe,0.84,65536,3072,2560,2560,0,512,455.8125,3-3-3-3,0.0,12,sweep,0.6088480828720225,0.046875,research/results/verify_epsilon_floor/20260926T210310Z
awqpe_ablate_special,0.84,65536,2560,3072,2560,512,0,455.8125,3-3-3-3,0.0,12,sweep,0.6088480828720225,0.0390625,research/results/verify_epsilon_floor/20260926T210310Z
awqpe,0.85,65536,3072,2560,2560,0,512,455.8125,3-3-3-3,0.0,12,sweep,0.6088480828720225,0.046875,research/results/verify_epsilon_floor/20260926T210310Z
awqpe_ablate_special,0.85,65536,2560,3072,2560,512,0,455.8125,3-3-3-3,0.0,12,sweep,0.6088480828720225,0.0390625,research/results/verify_epsilon_floor/20260926T210310Z
awqpe,0.86,65536,3072,2560,2560,0,512,455.8125,3-3-3-3,0.0,12,sweep,0.6088480828720225,0.046875,research/results/verify_epsilon_floor/20260926T210310Z
awqpe_ablate_special,0.86,65536,2560,3072,2560,512,0,455.8125,3-3-3-3,0.0,12,sweep,0.6088480828720225,0.0390625,research/results/verify_epsilon_floor/20260926T210310Z
awqpe,0.87,65536,3072,2560,2560,0,512,455.8125,3-3-3-3,0.0,12,sweep,0.6088480828720225,0.046875,research/results/verify_epsilon_floor/20260926T210310Z
awqpe_ablate_special,0.87,65536,2560,3072,2560,512,0,455.8125,3-3-3-3,0.0,12,sweep,0.6088480828720225,0.0390625,research/results/verify_epsilon_floor/20260926T210310Z
awqpe,0.88,65536,3072,2560,2560,0,512,455.8125,3-3-3-3,0.0,12,sweep,0.6088480828720225,0.046875,research/results/verify_epsilon_floor/20260926T210310Z
awqpe_ablate_special,0.88,65536,2560,3072,2560,512,0,455.8125,3-3-3-3,0.0,12,sweep,0.6088480828720225,0.0390625,research/results/verify_epsilon_floor/20260926T210310Z
awqpe,0.89,65536,3584,3072,3072,0,512,455.875,3-3-3-3,0.0,12,sweep,0.6088480828720225,0.0546875,research/results/verify_epsilon_floor/20260926T210310Z
awqpe_ablate_special,0.89,65536,3072,3584,3072,512,0,455.875,3-3-3-3,0.0,12,sweep,0.6088480828720225,0.046875,research/results/verify_epsilon_floor/20260926T210310Z
awqpe,0.9,65536,3584,3072,3072,0,512,455.875,3-3-3-3,0.0,12,sweep,0.6088480828720225,0.0546875,research/results/verify_epsilon_floor/20260926T210310Z
awqpe_ablate_special,0.9,65536,3072,3584,3072,512,0,455.875,3-3-3-3,0.0,12,sweep,0.6088480828720225,0.046875,research/results/verify_epsilon_floor/20260926T210310Z
awqpe,0.91,65536,3584,3072,3072,0,512,455.875,3-3-3-3,0.0,12,sweep,0.6088480828720225,0.0546875,research/results/verify_epsilon_floor/20260926T210310Z
awqpe_ablate_special,0.91,65536,3072,3584,3072,512,0,455.875,3-3-3-3,0.0,12,sweep,0.6088480828720225,0.046875,research/results/verify_epsilon_floor/20260926T210310Z
awqpe,0.92,65536,3584,3072,3072,0,512,455.875,3-3-3-3,0.0,12,sweep,0.6088480828720225,0.0546875,research/results/verify_epsilon_floor/20260926T210310Z
awqpe_ablate_special,0.92,65536,3072,3584,3072,512,0,455.875,3-3-3-3,0.0,12,sweep,0.6088480828720225,0.046875,research/results/verify_epsilon_floor/20260926T210310Z
awqpe,0.93,65536,3584,3072,3072,0,512,455.875,3-3-3-3,0.0,12,sweep,0.6088480828720225,0.0546875,research/results/verify_epsilon_floor/20260926T210310Z
awqpe_ablate_special,0.93,65536,3072,3584,3072,512,0,455.875,3-3-3-3,0.0,12,sweep,0.6088480828720225,0.046875,research/results/verify_epsilon_floor/20260926T210310Z
awqpe,0.94,65536,3584,3072,3072,0,512,455.875,3-3-3-3,0.0,12,sweep,0.6088480828720225,0.0546875,research/results/verify_epsilon_floor/20260926T210310Z
awqpe_ablate_special,0.94,65536,3072,3584,3072,512,0,455.875,3-3-3-3,0.0,12,sweep,0.6088480828720225,0.046875,research/results/verify_epsilon_floor/20260926T210310Z
awqpe,0.95,65536,4224,3648,3648,0,576,504.5,3-3-3-3,0.0,12,sweep,0.6088480828720225,0.064453125,research/results/verify_epsilon_floor/20260926T210310Z
awqpe_ablate_special,0.95,65536,3648,4224,3648,576,0,504.4375,3-3-3-3,0.0,12,sweep,0.6088480828720225,0.0556640625,research/results/verify_epsilon_floor/20260926T210310Z
awqpe,0.96,65536,4288,3712,3712,0,576,504.5,3-3-3-3,0.0,12,sweep,0.6088480828720225,0.0654296875,research/results/verify_epsilon_floor/20260926T210310Z
awqpe_ablate_special,0.96,65536,3712,4288,3712,576,0,504.4375,3-3-3-3,0.0,12,sweep,0.6088480828720225,0.056640625,research/results/verify_epsilon_floor/20260926T210310Z
awqpe,0.97,65536,4416,3840,3840,0,576,504.5,3-3-3-3,0.0,12,sweep,0.6088480828720225,0.0673828125,research/results/verify_epsilon_floor/20260926T210310Z
awqpe_ablate_special,0.97,65536,3840,4416,3840,576,0,504.4375,3-3-3-3,0.0,12,sweep,0.6088480828720225,0.05859375,research/results/verify_epsilon_floor/20260926T210310Z
awqpe,0.98,65536,4480,3904,3904,0,576,504.5,3-3-3-3,0.0,12,sweep,0.6088480828720225,0.068359375,research/results/verify_epsilon_floor/20260926T210310Z
awqpe_ablate_special,0.98,65536,3904,4480,3904,576,0,504.4375,3-3-3-3,0.0,12,sweep,0.6088480828720225,0.0595703125,research/results/verify_epsilon_floor/20260926T210310Z
awqpe,0.99,65536,4544,3968,3968,0,576,504.5,3-3-3-3,0.0,12,sweep,0.6088480828720225,0.0693359375,research/results/verify_epsilon_floor/20260926T210310Z
awqpe_ablate_special,0.99,65536,3968,4544,3968,576,0,504.4375,3-3-3-3,0.0,12,sweep,0.6088480828720225,0.060546875,research/results/verify_epsilon_floor/20260926T210310Z
awqpe,0.3,65536,0,0,0,0,0,0.47687500000006366,3-3-3-3,0.37,12,sweep,0.6088480828720225,0.0,research/results/verify_epsilon_floor/20260926T210310Z
awqpe_ablate_special,0.3,65536,0,0,0,0,0,0.47687500000006366,3-3-3-3,0.37,12,sweep,0.6088480828720225,0.0,research/results/verify_epsilon_floor/20260926T210310Z
awqpe,0.31,65536,0,0,0,0,0,0.47687500000006366,3-3-3-3,0.37,12,sweep,0.6088480828720225,0.0,research/results/verify_epsilon_floor/20260926T210310Z
awqpe_ablate_special,0.31,65536,0,0,0,0,0,0.47687500000006366,3-3-3-3,0.37,12,sweep,0.6088480828720225,0.0,research/results/verify_epsilon_floor/20260926T210310Z
awqpe,0.32,65536,0,0,0,0,0,0.47687500000006366,3-3-3-3,0.37,12,sweep,0.6088480828720225,0.0,research/results/verify_epsilon_floor/20260926T210310Z
awqpe_ablate_special,0.32,65536,0,0,0,0,0,0.47687500000006366,3-3-3-3,0.37,12,sweep,0.6088480828720225,0.0,research/results/verify_epsilon_floor/20260926T210310Z
awqpe,0.33,65536,0,0,0,0,0,0.47687500000006366,3-3-3-3,0.37,12,sweep,0.6088480828720225,0.0,research/results/verify_epsilon_floor/20260926T210310Z
awqpe_ablate_special,0.33,65536,0,0,0,0,0,0.47687500000006366,3-3-3-3,0.37,12,sweep,0.6088480828720225,0.0,research/results/verify_epsilon_floor/20260926T210310Z
awqpe,0.34,65536,0,0,0,0,0,0.47687500000006366,3-3-3-3,0.37,12,sweep,0.6088480828720225,0.0,research/results/verify_epsilon_floor/20260926T210310Z
awqpe_ablate_special,0.34,65536,0,0,0,0,0,0.47687500000006366,3-3-3-3,0.37,12,sweep,0.6088480828720225,0.0,research/results/verify_epsilon_floor/20260926T210310Z
awqpe,0.35,65536,0,0,0,0,0,0.47687500000006366,3-3-3-3,0.37,12,sweep,0.6088480828720225,0.0,research/results/verify_epsilon_floor/20260926T210310Z
awqpe_ablate_special,0.35,65536,0,0,0,0,0,0.47687500000006366,3-3-3-3,0.37,12,sweep,0.6088480828720225,0.0,research/results/verify_epsilon_floor/20260926T210310Z
awqpe,0.36,65536,0,0,0,0,0,0.47687500000006366,3-3-3-3,0.37,12,sweep,0.6088480828720225,0.0,research/results/verify_epsilon_floor/20260926T210310Z
awqpe_ablate_special,0.36,65536,0,0,0,0,0,0.47687500000006366,3-3-3-3,0.37,12,sweep,0.6088480828720225,0.0,research/results/verify_epsilon_floor/20260926T210310Z
awqpe,0.37,65536,0,0,0,0,0,0.47687500000006366,3-3-3-3,0.37,12,sweep,0.6088480828720225,0.0,research/results/verify_epsilon_floor/20260926T210310Z
awqpe_ablate_special,0.37,65536,0,0,0,0,0,0.47687500000006366,3-3-3-3,0.37,12,sweep,0.6088480828720225,0.0,research/results/verify_epsilon_floor/20260926T210310Z
awqpe,0.38,65536,0,0,0,0,0,0.47687500000006366,3-3-3-3,0.37,12,sweep,0.6088480828720225,0.0,research/results/verify_epsilon_floor/20260926T210310Z
awqpe_ablate_special,0.38,65536,0,0,0,0,0,0.47687500000006366,3-3-3-3,0.37,12,sweep,0.6088480828720225,0.0,research/results/verify_epsilon_floor/20260926T210310Z
awqpe,0.39,65536,0,0,0,0,0,0.47687500000006366,3-3-3-3,0.37,12,sweep,0.6088480828720225,0.0,research/results/verify_epsilon_floor/20260926T210310Z
awqpe_ablate_special,0.39,65536,0,0,0,0,0,0.47687500000006366,3-3-3-3,0.37,12,sweep,0.6088480828720225,0.0,research/results/verify_epsilon_floor/20260926T210310Z
awqpe,0.4,65536,0,0,0,0,0,0.47687500000006366,3-3-3-3,0.37,12,sweep,0.6088480828720225,0.0,research/results/verify_epsilon_floor/20260926T210310Z
awqpe_ablate_special,0.4,65536,0,0,0,0,0,0.47687500000006366,3-3-3-3,0.37,12,sweep,0.6088480828720225,0.0,research/results/verify_epsilon_floor/20260926T210310Z
awqpe,0.41,65536,0,0,0,0,0,0.47687500000006366,3-3-3-3,0.37,12,sweep,0.6088480828720225,0.0,research/results/verify_epsilon_floor/20260926T210310Z
awqpe_ablate_special,0.41,65536,0,0,0,0,0,0.47687500000006366,3-3-3-3,0.37,12,sweep,0.6088480828720225,0.0,research/results/verify_epsilon_floor/20260926T210310Z
awqpe,0.42,65536,0,0,0,0,0,0.47687500000006366,3-3-3-3,0.37,12,sweep,0.6088480828720225,0.0,research/results/verify_epsilon_floor/20260926T210310Z
awqpe_ablate_special,0.42,65536,0,0,0,0,0,0.47687500000006366,3-3-3-3,0.37,12,sweep,0.6088480828720225,0.0,research/results/verify_epsilon_floor/20260926T210310Z
awqpe,0.43,65536,0,0,0,0,0,0.47687500000006366,3-3-3-3,0.37,12,sweep,0.6088480828720225,0.0,research/results/verify_epsilon_floor/20260926T210310Z
awqpe_ablate_special,0.43,65536,0,0,0,0,0,0.47687500000006366,3-3-3-3,0.37,12,sweep,0.6088480828720225,0.0,research/results/verify_epsilon_floor/20260926T210310Z
awqpe,0.44,65536,0,0,0,0,0,0.47687500000006366,3-3-3-3,0.37,12,sweep,0.6088480828720225,0.0,research/results/verify_epsilon_floor/20260926T210310Z
awqpe_ablate_special,0.44,65536,0,0,0,0,0,0.47687500000006366,3-3-3-3,0.37,12,sweep,0.6088480828720225,0.0,research/results/verify_epsilon_floor/20260926T210310Z
awqpe,0.45,65536,0,0,0,0,0,0.47687500000006366,3-3-3-3,0.37,12,sweep,0.6088480828720225,0.0,research/results/verify_epsilon_floor/20260926T210310Z
awqpe_ablate_special,0.45,65536,0,0,0,0,0,0.47687500000006366,3-3-3-3,0.37,12,sweep,0.6088480828720225,0.0,research/results/verify_epsilon_floor/20260926T210310Z
awqpe,0.46,65536,0,0,0,0,0,0.47687500000006366,3-3-3-3,0.37,12,sweep,0.6088480828720225,0.0,research/results/verify_epsilon_floor/20260926T210310Z
awqpe_ablate_special,0.46,65536,0,0,0,0,0,0.47687500000006366,3-3-3-3,0.37,12,sweep,0.6088480828720225,0.0,research/results/verify_epsilon_floor/20260926T210310Z
awqpe,0.47,65536,0,0,0,0,0,0.47687500000006366,3-3-3-3,0.37,12,sweep,0.6088480828720225,0.0,research/results/verify_epsilon_floor/20260926T210310Z
awqpe_ablate_special,0.47,65536,0,0,0,0,0,0.47687500000006366,3-3-3-3,0.37,12,sweep,0.6088480828720225,0.0,research/results/verify_epsilon_floor/20260926T210310Z
awqpe,0.48,65536,0,0,0,0,0,0.47687500000006366,3-3-3-3,0.37,12,sweep,0.6088480828720225,0.0,research/results/verify_epsilon_floor/20260926T210310Z
awqpe_ablate_special,0.48,65536,0,0,0,0,0,0.47687500000006366,3-3-3-3,0.37,12,sweep,0.6088480828720225,0.0,research/results/verify_epsilon_floor/20260926T210310Z
awqpe,0.49,65536,0,0,0,0,0,0.47687500000006366,3-3-3-3,0.37,12,sweep,0.6088480828720225,0.0,research/results/verify_epsilon_floor/20260926T210310Z
awqpe_ablate_special,0.49,65536,0,0,0,0,0,0.47687500000006366,3-3-3-3,0.37,12,sweep,0.6088480828720225,0.0,research/results/verify_epsilon_floor/20260926T210310Z
awqpe,0.5,65536,0,0,0,0,0,0.47687500000006366,3-3-3-3,0.37,12,sweep,0.6088480828720225,0.0,research/results/verify_epsilon_floor/20260926T210310Z
awqpe_ablate_special,0.5,65536,0,0,0,0,0,0.47687500000006366,3-3-3-3,0.37,12,sweep,0.6088480828720225,0.0,research/results/verify_epsilon_floor/20260926T210310Z
awqpe,0.51,65536,0,0,0,0,0,0.47687500000006366,3-3-3-3,0.37,12,sweep,0.6088480828720225,0.0,research/results/verify_epsilon_floor/20260926T210310Z
awqpe_ablate_special,0.51,65536,0,0,0,0,0,0.47687500000006366,3-3-3-3,0.37,12,sweep,0.6088480828720225,0.0,research/results/verify_epsilon_floor/20260926T210310Z
awqpe,0.52,65536,0,0,0,0,0,0.47687500000006366,3-3-3-3,0.37,12,sweep,0.6088480828720225,0.0,research/results/verify_epsilon_floor/20260926T210310Z
awqpe_ablate_special,0.52,65536,0,0,0,0,0,0.47687500000006366,3-3-3-3,0.37,12,sweep,0.6088480828720225,0.0,research/results/verify_epsilon_floor/20260926T210310Z
awqpe,0.53,65536,0,0,0,0,0,0.47687500000006366,3-3-3-3,0.37,12,sweep,0.6088480828720225,0.0,research/results/verify_epsilon_floor/20260926T210310Z
awqpe_ablate_special,0.53,65536,0,0,0,0,0,0.47687500000006366,3-3-3-3,0.37,12,sweep,0.6088480828720225,0.0,research/results/verify_epsilon_floor/20260926T210310Z
awqpe,0.54,65536,0,0,0,0,0,0.47687500000006366,3-3-3-3,0.37,12,sweep,0.6088480828720225,0.0,research/results/verify_epsilon_floor/20260926T210310Z
awqpe_ablate_special,0.54,65536,0,0,0,0,0,0.47687500000006366,3-3-3-3,0.37,12,sweep,0.6088480828720225,0.0,research/results/verify_epsilon_floor/20260926T210310Z
awqpe,0.55,65536,0,0,0,0,0,0.47687500000006366,3-3-3-3,0.37,12,sweep,0.6088480828720225,0.0,research/results/verify_epsilon_floor/20260926T210310Z
awqpe_ablate_special,0.55,65536,0,0,0,0,0,0.47687500000006366,3-3-3-3,0.37,12,sweep,0.6088480828720225,0.0,research/results/verify_epsilon_floor/20260926T210310Z
awqpe,0.56,65536,0,0,0,0,0,0.47687500000006366,3-3-3-3,0.37,12,sweep,0.6088480828720225,0.0,research/results/verify_epsilon_floor/20260926T210310Z
awqpe_ablate_special,0.56,65536,0,0,0,0,0,0.47687500000006366,3-3-3-3,0.37,12,sweep,0.6088480828720225,0.0,research/results/verify_epsilon_floor/20260926T210310Z
awqpe,0.57,65536,0,0,0,0,0,0.47687500000006366,3-3-3-3,0.37,12,sweep,0.6088480828720225,0.0,research/results/verify_epsilon_floor/20260926T210310Z
awqpe_ablate_special,0.57,65536,0,0,0,0,0,0.47687500000006366,3-3-3-3,0.37,12,sweep,0.6088480828720225,0.0,research/results/verify_epsilon_floor/20260926T210310Z
awqpe,0.58,65536,0,0,0,0,0,0.47687500000006366,3-3-3-3,0.37,12,sweep,0.6088480828720225,0.0,research/results/verify_epsilon_floor/20260926T210310Z
awqpe_ablate_special,0.58,65536,0,0,0,0,0,0.47687500000006366,3-3-3-3,0.37,12,sweep,0.6088480828720225,0.0,research/results/verify_epsilon_floor/20260926T210310Z
awqpe,0.59,65536,0,0,0,0,0,0.47687500000006366,3-3-3-3,0.37,12,sweep,0.6088480828720225,0.0,research/results/verify_epsilon_floor/20260926T210310Z
awqpe_ablate_special,0.59,65536,0,0,0,0,0,0.47687500000006366,3-3-3-3,0.37,12,sweep,0.6088480828720225,0.0,research/results/verify_epsilon_floor/20260926T210310Z
awqpe,0.6,65536,0,0,0,0,0,0.47687500000006366,3-3-3-3,0.37,12,sweep,0.6088480828720225,0.0,research/results/verify_epsilon_floor/20260926T210310Z
awqpe_ablate_special,0.6,65536,0,0,0,0,0,0.47687500000006366,3-3-3-3,0.37,12,sweep,0.6088480828720225,0.0,research/results/verify_epsilon_floor/20260926T210310Z
awqpe,0.61,65536,0,0,0,0,0,0.47687500000006366,3-3-3-3,0.37,12,sweep,0.6088480828720225,0.0,research/results/verify_epsilon_floor/20260926T210310Z
awqpe_ablate_special,0.61,65536,0,0,0,0,0,0.47687500000006366,3-3-3-3,0.37,12,sweep,0.6088480828720225,0.0,research/results/verify_epsilon_floor/20260926T210310Z
awqpe,0.62,65536,0,0,0,0,0,0.47687500000006366,3-3-3-3,0.37,12,sweep,0.6088480828720225,0.0,research/results/verify_epsilon_floor/20260926T210310Z
awqpe_ablate_special,0.62,65536,0,0,0,0,0,0.47687500000006366,3-3-3-3,0.37,12,sweep,0.6088480828720225,0.0,research/results/verify_epsilon_floor/20260926T210310Z
awqpe,0.63,65536,0,0,0,0,0,0.47687500000006366,3-3-3-3,0.37,12,sweep,0.6088480828720225,0.0,research/results/verify_epsilon_floor/20260926T210310Z
awqpe_ablate_special,0.63,65536,512,512,512,0,0,7.523125000000164,3-3-3-3,0.37,12,sweep,0.6088480828720225,0.0078125,research/results/verify_epsilon_floor/20260926T210310Z
awqpe,0.64,65536,512,512,512,0,0,7.539375000000064,3-3-3-3,0.37,12,sweep,0.6088480828720225,0.0078125,research/results/verify_epsilon_floor/20260926T210310Z
awqpe_ablate_special,0.64,65536,512,512,512,0,0,7.523125000000164,3-3-3-3,0.37,12,sweep,0.6088480828720225,0.0078125,research/results/verify_epsilon_floor/20260926T210310Z
awqpe,0.65,65536,512,512,512,0,0,455.53937500000006,3-3-3-3,0.37,12,sweep,0.6088480828720225,0.0078125,research/results/verify_epsilon_floor/20260926T210310Z
awqpe_ablate_special,0.65,65536,512,512,512,0,0,455.52312500000016,3-3-3-3,0.37,12,sweep,0.6088480828720225,0.0078125,research/results/verify_epsilon_floor/20260926T210310Z
awqpe,0.66,65536,512,512,512,0,0,455.53937500000006,3-3-3-3,0.37,12,sweep,0.6088480828720225,0.0078125,research/results/verify_epsilon_floor/20260926T210310Z
awqpe_ablate_special,0.66,65536,512,512,512,0,0,455.52312500000016,3-3-3-3,0.37,12,sweep,0.6088480828720225,0.0078125,research/results/verify_epsilon_floor/20260926T210310Z
awqpe,0.67,65536,512,512,512,0,0,455.53937500000006,3-3-3-3,0.37,12,sweep,0.6088480828720225,0.0078125,research/results/verify_epsilon_floor/20260926T210310Z
awqpe_ablate_special,0.67,65536,1024,1024,1024,0,0,455.58562500000016,3-3-3-3,0.37,12,sweep,0.6088480828720225,0.015625,research/results/verify_epsilon_floor/20260926T210310Z
awqpe,0.68,65536,1024,1024,1024,0,0,455.60187500000006,3-3-3-3,0.37,12,sweep,0.6088480828720225,0.015625,research/results/verify_epsilon_floor/20260926T210310Z
awqpe_ablate_special,0.68,65536,1024,1024,1024,0,0,455.58562500000016,3-3-3-3,0.37,12,sweep,0.6088480828720225,0.015625,research/results/verify_epsilon_floor/20260926T210310Z
awqpe,0.69,65536,1024,1024,1024,0,0,455.60187500000006,3-3-3-3,0.37,12,sweep,0.6088480828720225,0.015625,research/results/verify_epsilon_floor/20260926T210310Z
awqpe_ablate_special,0.69,65536,1024,1024,1024,0,0,455.58562500000016,3-3-3-3,0.37,12,sweep,0.6088480828720225,0.015625,research/results/verify_epsilon_floor/20260926T210310Z
awqpe,0.7,65536,1024,1024,1024,0,0,455.60187500000006,3-3-3-3,0.37,12,sweep,0.6088480828720225,0.015625,research/results/verify_epsilon_floor/20260926T210310Z
awqpe_ablate_special,0.7,65536,1024,1024,1024,0,0,455.58562500000016,3-3-3-3,0.37,12,sweep,0.6088480828720225,0.015625,research/results/verify_epsilon_floor/20260926T210310Z
awqpe,0.71,65536,1024,1024,1024,0,0,455.60187500000006,3-3-3-3,0.37,12,sweep,0.6088480828720225,0.015625,research/results/verify_epsilon_floor/20260926T210310Z
awqpe_ablate_special,0.71,65536,1536,1536,1536,0,0,455.64812500000016,3-3-3-3,0.37,12,sweep,0.6088480828720225,0.0234375,research/results/verify_epsilon_floor/20260926T210310Z
awqpe,0.72,65536,1536,1536,1536,0,0,455.66437500000006,3-3-3-3,0.37,12,sweep,0.6088480828720225,0.0234375,research/results/verify_epsilon_floor/20260926T210310Z
awqpe_ablate_special,0.72,65536,1536,1536,1536,0,0,455.64812500000016,3-3-3-3,0.37,12,sweep,0.6088480828720225,0.0234375,research/results/verify_epsilon_floor/20260926T210310Z
awqpe,0.73,65536,1536,1536,1536,0,0,455.66437500000006,3-3-3-3,0.37,12,sweep,0.6088480828720225,0.0234375,research/results/verify_epsilon_floor/20260926T210310Z
awqpe_ablate_special,0.73,65536,1536,1536,1536,0,0,455.64812500000016,3-3-3-3,0.37,12,sweep,0.6088480828720225,0.0234375,research/results/verify_epsilon_floor/20260926T210310Z
awqpe,0.74,65536,1536,1536,1536,0,0,455.66437500000006,3-3-3-3,0.37,12,sweep,0.6088480828720225,0.0234375,research/results/verify_epsilon_floor/20260926T210310Z
awqpe_ablate_special,0.74,65536,1536,1536,1536,0,0,455.64812500000016,3-3-3-3,0.37,12,sweep,0.6088480828720225,0.0234375,research/results/verify_epsilon_floor/20260926T210310Z
awqpe,0.75,65536,1536,1536,1536,0,0,455.66437500000006,3-3-3-3,0.37,12,sweep,0.6088480828720225,0.0234375,research/results/verify_epsilon_floor/20260926T210310Z
awqpe_ablate_special,0.75,65536,1536,1536,1536,0,0,455.64812500000016,3-3-3-3,0.37,12,sweep,0.6088480828720225,0.0234375,research/results/verify_epsilon_floor/20260926T210310Z
awqpe,0.76,65536,1536,1536,1536,0,0,455.66437500000006,3-3-3-3,0.37,12,sweep,0.6088480828720225,0.0234375,research/results/verify_epsilon_floor/20260926T210310Z
awqpe_ablate_special,0.76,65536,2048,2048,2048,0,0,455.71062500000016,3-3-3-3,0.37,12,sweep,0.6088480828720225,0.03125,research/results/verify_epsilon_floor/20260926T210310Z
awqpe,0.77,65536,2048,2048,2048,0,0,455.72687500000006,3-3-3-3,0.37,12,sweep,0.6088480828720225,0.03125,research/results/verify_epsilon_floor/20260926T210310Z
awqpe_ablate_special,0.77,65536,2048,2048,2048,0,0,455.71062500000016,3-3-3-3,0.37,12,sweep,0.6088480828720225,0.03125,research/results/verify_epsilon_floor/20260926T210310Z
awqpe,0.78,65536,2048,2048,2048,0,0,455.72687500000006,3-3-3-3,0.37,12,sweep,0.6088480828720225,0.03125,research/results/verify_epsilon_floor/20260926T210310Z
awqpe_ablate_special,0.78,65536,2048,2048,2048,0,0,455.71062500000016,3-3-3-3,0.37,12,sweep,0.6088480828720225,0.03125,research/results/verify_epsilon_floor/20260926T210310Z
awqpe,0.79,65536,2048,2048,2048,0,0,455.72687500000006,3-3-3-3,0.37,12,sweep,0.6088480828720225,0.03125,research/results/verify_epsilon_floor/20260926T210310Z
awqpe_ablate_special,0.79,65536,2048,2048,2048,0,0,455.71062500000016,3-3-3-3,0.37,12,sweep,0.6088480828720225,0.03125,research/results/verify_epsilon_floor/20260926T210310Z
awqpe,0.8,65536,2048,2048,2048,0,0,455.72687500000006,3-3-3-3,0.37,12,sweep,0.6088480828720225,0.03125,research/results/verify_epsilon_floor/20260926T210310Z
awqpe_ablate_special,0.8,65536,2560,2560,2560,0,0,455.77312500000016,3-3-3-3,0.37,12,sweep,0.6088480828720225,0.0390625,research/results/verify_epsilon_floor/20260926T210310Z
awqpe,0.81,65536,2048,2048,2048,0,0,455.72687500000006,3-3-3-3,0.37,12,sweep,0.6088480828720225,0.03125,research/results/verify_epsilon_floor/20260926T210310Z
awqpe_ablate_special,0.81,65536,2560,2560,2560,0,0,455.77312500000016,3-3-3-3,0.37,12,sweep,0.6088480828720225,0.0390625,research/results/verify_epsilon_floor/20260926T210310Z
awqpe,0.82,65536,2560,2560,2560,0,0,455.78937500000006,3-3-3-3,0.37,12,sweep,0.6088480828720225,0.0390625,research/results/verify_epsilon_floor/20260926T210310Z
awqpe_ablate_special,0.82,65536,2560,2560,2560,0,0,455.77312500000016,3-3-3-3,0.37,12,sweep,0.6088480828720225,0.0390625,research/results/verify_epsilon_floor/20260926T210310Z
awqpe,0.83,65536,2560,2560,2560,0,0,455.78937500000006,3-3-3-3,0.37,12,sweep,0.6088480828720225,0.0390625,research/results/verify_epsilon_floor/20260926T210310Z
awqpe_ablate_special,0.83,65536,2560,2560,2560,0,0,455.77312500000016,3-3-3-3,0.37,12,sweep,0.6088480828720225,0.0390625,research/results/verify_epsilon_floor/20260926T210310Z
awqpe,0.84,65536,2560,2560,2560,0,0,455.78937500000006,3-3-3-3,0.37,12,sweep,0.6088480828720225,0.0390625,research/results/verify_epsilon_floor/20260926T210310Z
awqpe_ablate_special,0.84,65536,2560,2560,2560,0,0,455.77312500000016,3-3-3-3,0.37,12,sweep,0.6088480828720225,0.0390625,research/results/verify_epsilon_floor/20260926T210310Z
awqpe,0.85,65536,2560,2560,2560,0,0,455.78937500000006,3-3-3-3,0.37,12,sweep,0.6088480828720225,0.0390625,research/results/verify_epsilon_floor/20260926T210310Z
awqpe_ablate_special,0.85,65536,2560,2560,2560,0,0,455.77312500000016,3-3-3-3,0.37,12,sweep,0.6088480828720225,0.0390625,research/results/verify_epsilon_floor/20260926T210310Z
awqpe,0.86,65536,2560,2560,2560,0,0,455.78937500000006,3-3-3-3,0.37,12,sweep,0.6088480828720225,0.0390625,research/results/verify_epsilon_floor/20260926T210310Z
awqpe_ablate_special,0.86,65536,3072,3072,3072,0,0,455.83562500000016,3-3-3-3,0.37,12,sweep,0.6088480828720225,0.046875,research/results/verify_epsilon_floor/20260926T210310Z
awqpe,0.87,65536,3072,3072,3072,0,0,455.85187500000006,3-3-3-3,0.37,12,sweep,0.6088480828720225,0.046875,research/results/verify_epsilon_floor/20260926T210310Z
awqpe_ablate_special,0.87,65536,3072,3072,3072,0,0,455.83562500000016,3-3-3-3,0.37,12,sweep,0.6088480828720225,0.046875,research/results/verify_epsilon_floor/20260926T210310Z
awqpe,0.88,65536,3072,3072,3072,0,0,455.85187500000006,3-3-3-3,0.37,12,sweep,0.6088480828720225,0.046875,research/results/verify_epsilon_floor/20260926T210310Z
awqpe_ablate_special,0.88,65536,3072,3072,3072,0,0,455.83562500000016,3-3-3-3,0.37,12,sweep,0.6088480828720225,0.046875,research/results/verify_epsilon_floor/20260926T210310Z
awqpe,0.89,65536,3072,3072,3072,0,0,455.85187500000006,3-3-3-3,0.37,12,sweep,0.6088480828720225,0.046875,research/results/verify_epsilon_floor/20260926T210310Z
awqpe_ablate_special,0.89,65536,3072,3072,3072,0,0,455.83562500000016,3-3-3-3,0.37,12,sweep,0.6088480828720225,0.046875,research/results/verify_epsilon_floor/20260926T210310Z
awqpe,0.9,65536,3072,3072,3072,0,0,455.85187500000006,3-3-3-3,0.37,12,sweep,0.6088480828720225,0.046875,research/results/verify_epsilon_floor/20260926T210310Z
awqpe_ablate_special,0.9,65536,3072,3072,3072,0,0,455.83562500000016,3-3-3-3,0.37,12,sweep,0.6088480828720225,0.046875,research/results/verify_epsilon_floor/20260926T210310Z
awqpe,0.91,65536,3072,3072,3072,0,0,455.85187500000006,3-3-3-3,0.37,12,sweep,0.6088480828720225,0.046875,research/results/verify_epsilon_floor/20260926T210310Z
awqpe_ablate_special,0.91,65536,3584,3584,3584,0,0,455.89812500000016,3-3-3-3,0.37,12,sweep,0.6088480828720225,0.0546875,research/results/verify_epsilon_floor/20260926T210310Z
awqpe,0.92,65536,3584,3584,3584,0,0,455.91437500000006,3-3-3-3,0.37,12,sweep,0.6088480828720225,0.0546875,research/results/verify_epsilon_floor/20260926T210310Z
awqpe_ablate_special,0.92,65536,3584,3584,3584,0,0,455.89812500000016,3-3-3-3,0.37,12,sweep,0.6088480828720225,0.0546875,research/results/verify_epsilon_floor/20260926T210310Z
awqpe,0.93,65536,3584,3584,3584,0,0,455.91437500000006,3-3-3-3,0.37,12,sweep,0.6088480828720225,0.0546875,research/results/verify_epsilon_floor/20260926T210310Z
awqpe_ablate_special,0.93,65536,3584,3584,3584,0,0,455.89812500000016,3-3-3-3,0.37,12,sweep,0.6088480828720225,0.0546875,research/results/verify_epsilon_floor/20260926T210310Z
awqpe,0.94,65536,3584,3584,3584,0,0,455.91437500000006,3-3-3-3,0.37,12,sweep,0.6088480828720225,0.0546875,research/results/verify_epsilon_floor/20260926T210310Z
awqpe_ablate_special,0.94,65536,3584,3584,3584,0,0,455.89812500000016,3-3-3-3,0.37,12,sweep,0.6088480828720225,0.0546875,research/results/verify_epsilon_floor/20260926T210310Z
awqpe,0.95,65536,3648,3648,3648,0,0,504.46062500000016,3-3-3-3,0.37,12,sweep,0.6088480828720225,0.0556640625,research/results/verify_epsilon_floor/20260926T210310Z
awqpe_ablate_special,0.95,65536,3648,3648,3648,0,0,504.47687500000006,3-3-3-3,0.37,12,sweep,0.6088480828720225,0.0556640625,research/results/verify_epsilon_floor/20260926T210310Z
awqpe,0.96,65536,3776,3776,3776,0,0,504.46062500000016,3-3-3-3,0.37,12,sweep,0.6088480828720225,0.0576171875,research/results/verify_epsilon_floor/20260926T210310Z
awqpe_ablate_special,0.96,65536,3776,3776,3776,0,0,504.47687500000006,3-3-3-3,0.37,12,sweep,0.6088480828720225,0.0576171875,research/results/verify_epsilon_floor/20260926T210310Z
awqpe,0.97,65536,3840,3840,3840,0,0,504.46062500000016,3-3-3-3,0.37,12,sweep,0.6088480828720225,0.05859375,research/results/verify_epsilon_floor/20260926T210310Z
awqpe_ablate_special,0.97,65536,4352,4352,4352,0,0,504.47687500000006,3-3-3-3,0.37,12,sweep,0.6088480828720225,0.06640625,research/results/verify_epsilon_floor/20260926T210310Z
awqpe,0.98,65536,4416,4416,4416,0,0,504.46062500000016,3-3-3-3,0.37,12,sweep,0.6088480828720225,0.0673828125,research/results/verify_epsilon_floor/20260926T210310Z
awqpe_ablate_special,0.98,65536,4480,4480,4480,0,0,504.47687500000006,3-3-3-3,0.37,12,sweep,0.6088480828720225,0.068359375,research/results/verify_epsilon_floor/20260926T210310Z
awqpe,0.99,65536,4544,4544,4544,0,0,504.46062500000016,3-3-3-3,0.37,12,sweep,0.6088480828720225,0.0693359375,research/results/verify_epsilon_floor/20260926T210310Z
awqpe_ablate_special,0.99,65536,4544,4544,4544,0,0,504.47687500000006,3-3-3-3,0.37,12,sweep,0.6088480828720225,0.0693359375,research/results/verify_epsilon_floor/20260926T210310Z
awqpe,0.3,16384,0,0,0,0,0,0.5,3-5,0.0,8,sweep,0.8838833474037064,0.0,research/results/verify_epsilon_floor/20260926T210310Z
awqpe_ablate_special,0.3,16384,0,0,0,0,0,0.5,3-5,0.0,8,sweep,0.8838833474037064,0.0,research/results/verify_epsilon_floor/20260926T210310Z
awqpe,0.31,16384,0,0,0,0,0,0.5,3-5,0.0,8,sweep,0.8838833474037064,0.0,research/results/verify_epsilon_floor/20260926T210310Z
awqpe_ablate_special,0.31,16384,0,0,0,0,0,0.5,3-5,0.0,8,sweep,0.8838833474037064,0.0,research/results/verify_epsilon_floor/20260926T210310Z
awqpe,0.32,16384,0,0,0,0,0,0.5,3-5,0.0,8,sweep,0.8838833474037064,0.0,research/results/verify_epsilon_floor/20260926T210310Z
awqpe_ablate_special,0.32,16384,0,0,0,0,0,0.5,3-5,0.0,8,sweep,0.8838833474037064,0.0,research/results/verify_epsilon_floor/20260926T210310Z
awqpe,0.33,16384,0,0,0,0,0,0.5,3-5,0.0,8,sweep,0.8838833474037064,0.0,research/results/verify_epsilon_floor/20260926T210310Z
awqpe_ablate_special,0.33,16384,0,0,0,0,0,0.5,3-5,0.0,8,sweep,0.8838833474037064,0.0,research/results/verify_epsilon_floor/20260926T210310Z
awqpe,0.34,16384,0,0,0,0,0,0.5,3-5,0.0,8,sweep,0.8838833474037064,0.0,research/results/verify_epsilon_floor/20260926T210310Z
awqpe_ablate_special,0.34,16384,0,0,0,0,0,0.5,3-5,0.0,8,sweep,0.8838833474037064,0.0,research/results/verify_epsilon_floor/20260926T210310Z
awqpe,0.35,16384,0,0,0,0,0,0.5,3-5,0.0,8,sweep,0.8838833474037064,0.0,research/results/verify_epsilon_floor/20260926T210310Z
awqpe_ablate_special,0.35,16384,0,0,0,0,0,0.5,3-5,0.0,8,sweep,0.8838833474037064,0.0,research/results/verify_epsilon_floor/20260926T210310Z
awqpe,0.36,16384,0,0,0,0,0,0.5,3-5,0.0,8,sweep,0.8838833474037064,0.0,research/results/verify_epsilon_floor/20260926T210310Z
awqpe_ablate_special,0.36,16384,0,0,0,0,0,0.5,3-5,0.0,8,sweep,0.8838833474037064,0.0,research/results/verify_epsilon_floor/20260926T210310Z
awqpe,0.37,16384,0,0,0,0,0,0.5,3-5,0.0,8,sweep,0.8838833474037064,0.0,research/results/verify_epsilon_floor/20260926T210310Z
awqpe_ablate_special,0.37,16384,0,0,0,0,0,0.5,3-5,0.0,8,sweep,0.8838833474037064,0.0,research/results/verify_epsilon_floor/20260926T210310Z
awqpe,0.38,16384,0,0,0,0,0,0.5,3-5,0.0,8,sweep,0.8838833474037064,0.0,research/results/verify_epsilon_floor/20260926T210310Z
awqpe_ablate_special,0.38,16384,0,0,0,0,0,0.5,3-5,0.0,8,sweep,0.8838833474037064,0.0,research/results/verify_epsilon_floor/20260926T210310Z
awqpe,0.39,16384,0,0,0,0,0,0.5,3-5,0.0,8,sweep,0.8838833474037064,0.0,research/results/verify_epsilon_floor/20260926T210310Z
awqpe_ablate_special,0.39,16384,0,0,0,0,0,0.5,3-5,0.0,8,sweep,0.8838833474037064,0.0,research/results/verify_epsilon_floor/20260926T210310Z
awqpe,0.4,16384,0,0,0,0,0,0.5,3-5,0.0,8,sweep,0.8838833474037064,0.0,research/results/verify_epsilon_floor/20260926T210310Z
awqpe_ablate_special,0.4,16384,0,0,0,0,0,0.5,3-5,0.0,8,sweep,0.8838833474037064,0.0,research/results/verify_epsilon_floor/20260926T210310Z
awqpe,0.41,16384,0,0,0,0,0,0.5,3-5,0.0,8,sweep,0.8838833474037064,0.0,research/results/verify_epsilon_floor/20260926T210310Z
awqpe_ablate_special,0.41,16384,0,0,0,0,0,0.5,3-5,0.0,8,sweep,0.8838833474037064,0.0,research/results/verify_epsilon_floor/20260926T210310Z
awqpe,0.42,16384,0,0,0,0,0,0.5,3-5,0.0,8,sweep,0.8838833474037064,0.0,research/results/verify_epsilon_floor/20260926T210310Z
awqpe_ablate_special,0.42,16384,0,0,0,0,0,0.5,3-5,0.0,8,sweep,0.8838833474037064,0.0,research/results/verify_epsilon_floor/20260926T210310Z
awqpe,0.43,16384,0,0,0,0,0,0.5,3-5,0.0,8,sweep,0.8838833474037064,0.0,research/results/verify_epsilon_floor/20260926T210310Z
awqpe_ablate_special,0.43,16384,0,0,0,0,0,0.5,3-5,0.0,8,sweep,0.8838833474037064,0.0,research/results/verify_epsilon_floor/20260926T210310Z
awqpe,0.44,16384,0,0,0,0,0,0.5,3-5,0.0,8,sweep,0.8838833474037064,0.0,research/results/verify_epsilon_floor/20260926T210310Z
awqpe_ablate_special,0.44,16384,0,0,0,0,0,0.5,3-5,0.0,8,sweep,0.8838833474037064,0.0,research/results/verify_epsilon_floor/20260926T210310Z
awqpe,0.45,16384,0,0,0,0,0,0.5,3-5,0.0,8,sweep,0.8838833474037064,0.0,research/results/verify_epsilon_floor/20260926T210310Z
awqpe_ablate_special,0.45,16384,0,0,0,0,0,0.5,3-5,0.0,8,sweep,0.8838833474037064,0.0,research/results/verify_epsilon_floor/20260926T210310Z
awqpe,0.46,16384,0,0,0,0,0,0.5,3-5,0.0,8,sweep,0.8838833474037064,0.0,research/results/verify_epsilon_floor/20260926T210310Z
awqpe_ablate_special,0.46,16384,0,0,0,0,0,0.5,3-5,0.0,8,sweep,0.8838833474037064,0.0,research/results/verify_epsilon_floor/20260926T210310Z
awqpe,0.47,16384,0,0,0,0,0,0.5,3-5,0.0,8,sweep,0.8838833474037064,0.0,research/results/verify_epsilon_floor/20260926T210310Z
awqpe_ablate_special,0.47,16384,0,0,0,0,0,0.5,3-5,0.0,8,sweep,0.8838833474037064,0.0,research/results/verify_epsilon_floor/20260926T210310Z
awqpe,0.48,16384,0,0,0,0,0,0.5,3-5,0.0,8,sweep,0.8838833474037064,0.0,research/results/verify_epsilon_floor/20260926T210310Z
awqpe_ablate_special,0.48,16384,0,0,0,0,0,0.5,3-5,0.0,8,sweep,0.8838833474037064,0.0,research/results/verify_epsilon_floor/20260926T210310Z
awqpe,0.49,16384,0,0,0,0,0,0.5,3-5,0.0,8,sweep,0.8838833474037064,0.0,research/results/verify_epsilon_floor/20260926T210310Z
awqpe_ablate_special,0.49,16384,0,0,0,0,0,0.5,3-5,0.0,8,sweep,0.8838833474037064,0.0,research/results/verify_epsilon_floor/20260926T210310Z
awqpe,0.5,16384,0,0,0,0,0,0.5,3-5,0.0,8,sweep,0.8838833474037064,0.0,research/results/verify_epsilon_floor/20260926T210310Z
awqpe_ablate_special,0.5,16384,0,0,0,0,0,0.5,3-5,0.0,8,sweep,0.8838833474037064,0.0,research/results/verify_epsilon_floor/20260926T210310Z
awqpe,0.51,16384,0,0,0,0,0,0.5,3-5,0.0,8,sweep,0.8838833474037064,0.0,research/results/verify_epsilon_floor/20260926T210310Z
awqpe_ablate_special,0.51,16384,0,0,0,0,0,0.5,3-5,0.0,8,sweep,0.8838833474037064,0.0,research/results/verify_epsilon_floor/20260926T210310Z
awqpe,0.52,16384,0,0,0,0,0,0.5,3-5,0.0,8,sweep,0.8838833474037064,0.0,research/results/verify_epsilon_floor/20260926T210310Z
awqpe_ablate_special,0.52,16384,0,0,0,0,0,0.5,3-5,0.0,8,sweep,0.8838833474037064,0.0,research/results/verify_epsilon_floor/20260926T210310Z
awqpe,0.53,16384,0,0,0,0,0,0.5,3-5,0.0,8,sweep,0.8838833474037064,0.0,research/results/verify_epsilon_floor/20260926T210310Z
awqpe_ablate_special,0.53,16384,0,0,0,0,0,0.5,3-5,0.0,8,sweep,0.8838833474037064,0.0,research/results/verify_epsilon_floor/20260926T210310Z
awqpe,0.54,16384,0,0,0,0,0,0.5,3-5,0.0,8,sweep,0.8838833474037064,0.0,research/results/verify_epsilon_floor/20260926T210310Z
awqpe_ablate_special,0.54,16384,0,0,0,0,0,0.5,3-5,0.0,8,sweep,0.8838833474037064,0.0,research/results/verify_epsilon_floor/20260926T210310Z
awqpe,0.55,16384,0,0,0,0,0,0.5,3-5,0.0,8,sweep,0.8838833474037064,0.0,research/results/verify_epsilon_floor/20260926T210310Z
awqpe_ablate_special,0.55,16384,0,0,0,0,0,0.5,3-5,0.0,8,sweep,0.8838833474037064,0.0,research/results/verify_epsilon_floor/20260926T210310Z
awqpe,0.56,16384,0,0,0,0,0,0.5,3-5,0.0,8,sweep,0.8838833474037064,0.0,research/results/verify_epsilon_floor/20260926T210310Z
awqpe_ablate_special,0.56,16384,0,0,0,0,0,0.5,3-5,0.0,8,sweep,0.8838833474037064,0.0,research/results/verify_epsilon_floor/20260926T210310Z
awqpe,0.57,16384,0,0,0,0,0,0.5,3-5,0.0,8,sweep,0.8838833474037064,0.0,research/results/verify_epsilon_floor/20260926T210310Z
awqpe_ablate_special,0.57,16384,0,0,0,0,0,0.5,3-5,0.0,8,sweep,0.8838833474037064,0.0,research/results/verify_epsilon_floor/20260926T210310Z
awqpe,0.58,16384,0,0,0,0,0,0.5,3-5,0.0,8,sweep,0.8838833474037064,0.0,research/results/verify_epsilon_floor/20260926T210310Z
awqpe_ablate_special,0.58,16384,0,0,0,0,0,0.5,3-5,0.0,8,sweep,0.8838833474037064,0.0,research/results/verify_epsilon_floor/20260926T210310Z
awqpe,0.59,16384,0,0,0,0,0,0.5,3-5,0.0,8,sweep,0.8838833474037064,0.0,research/results/verify_epsilon_floor/20260926T210310Z
awqpe_ablate_special,0.59,16384,0,0,0,0,0,0.5,3-5,0.0,8,sweep,0.8838833474037064,0.0,research/results/verify_epsilon_floor/20260926T210310Z
awqpe,0.6,16384,0,0,0,0,0,0.5,3-5,0.0,8,sweep,0.8838833474037064,0.0,research/results/verify_epsilon_floor/20260926T210310Z
awqpe_ablate_special,0.6,16384,0,0,0,0,0,0.5,3-5,0.0,8,sweep,0.8838833474037064,0.0,research/results/verify_epsilon_floor/20260926T210310Z
awqpe,0.61,16384,0,0,0,0,0,0.5,3-5,0.0,8,sweep,0.8838833474037064,0.0,research/results/verify_epsilon_floor/20260926T210310Z
awqpe_ablate_special,0.61,16384,0,0,0,0,0,0.5,3-5,0.0,8,sweep,0.8838833474037064,0.0,research/results/verify_epsilon_floor/20260926T210310Z
awqpe,0.62,16384,0,0,0,0,0,0.5,3-5,0.0,8,sweep,0.8838833474037064,0.0,research/results/verify_epsilon_floor/20260926T210310Z
awqpe_ablate_special,0.62,16384,0,0,0,0,0,0.5,3-5,0.0,8,sweep,0.8838833474037064,0.0,research/results/verify_epsilon_floor/20260926T210310Z
awqpe,0.63,16384,0,0,0,0,0,0.5,3-5,0.0,8,sweep,0.8838833474037064,0.0,research/results/verify_epsilon_floor/20260926T210310Z
awqpe_ablate_special,0.63,16384,0,0,0,0,0,0.5,3-5,0.0,8,sweep,0.8838833474037064,0.0,research/results/verify_epsilon_floor/20260926T210310Z
awqpe,0.64,16384,0,0,0,0,0,0.5,3-5,0.0,8,sweep,0.8838833474037064,0.0,research/results/verify_epsilon_floor/20260926T210310Z
awqpe_ablate_special,0.64,16384,0,0,0,0,0,0.5,3-5,0.0,8,sweep,0.8838833474037064,0.0,research/results/verify_epsilon_floor/20260926T210310Z
awqpe,0.65,16384,0,0,0,0,0,0.5,3-5,0.0,8,sweep,0.8838833474037064,0.0,research/results/verify_epsilon_floor/20260926T210310Z
awqpe_ablate_special,0.65,16384,0,0,0,0,0,0.5,3-5,0.0,8,sweep,0.8838833474037064,0.0,research/results/verify_epsilon_floor/20260926T210310Z
awqpe,0.66,16384,0,0,0,0,0,0.5,3-5,0.0,8,sweep,0.8838833474037064,0.0,research/results/verify_epsilon_floor/20260926T210310Z
awqpe_ablate_special,0.66,16384,0,0,0,0,0,0.5,3-5,0.0,8,sweep,0.8838833474037064,0.0,research/results/verify_epsilon_floor/20260926T210310Z
awqpe,0.67,16384,0,0,0,0,0,0.5,3-5,0.0,8,sweep,0.8838833474037064,0.0,research/results/verify_epsilon_floor/20260926T210310Z
awqpe_ablate_special,0.67,16384,0,0,0,0,0,0.5,3-5,0.0,8,sweep,0.8838833474037064,0.0,research/results/verify_epsilon_floor/20260926T210310Z
awqpe,0.68,16384,0,0,0,0,0,0.5,3-5,0.0,8,sweep,0.8838833474037064,0.0,research/results/verify_epsilon_floor/20260926T210310Z
awqpe_ablate_special,0.68,16384,0,0,0,0,0,0.5,3-5,0.0,8,sweep,0.8838833474037064,0.0,research/results/verify_epsilon_floor/20260926T210310Z
awqpe,0.69,16384,0,0,0,0,0,0.5,3-5,0.0,8,sweep,0.8838833474037064,0.0,research/results/verify_epsilon_floor/20260926T210310Z
awqpe_ablate_special,0.69,16384,0,0,0,0,0,0.5,3-5,0.0,8,sweep,0.8838833474037064,0.0,research/results/verify_epsilon_floor/20260926T210310Z
awqpe,0.7,16384,0,0,0,0,0,0.5,3-5,0.0,8,sweep,0.8838833474037064,0.0,research/results/verify_epsilon_floor/20260926T210310Z
awqpe_ablate_special,0.7,16384,0,0,0,0,0,0.5,3-5,0.0,8,sweep,0.8838833474037064,0.0,research/results/verify_epsilon_floor/20260926T210310Z
awqpe,0.71,16384,0,0,0,0,0,0.5,3-5,0.0,8,sweep,0.8838833474037064,0.0,research/results/verify_epsilon_floor/20260926T210310Z
awqpe_ablate_special,0.71,16384,0,0,0,0,0,0.5,3-5,0.0,8,sweep,0.8838833474037064,0.0,research/results/verify_epsilon_floor/20260926T210310Z
awqpe,0.72,16384,0,0,0,0,0,0.5,3-5,0.0,8,sweep,0.8838833474037064,0.0,research/results/verify_epsilon_floor/20260926T210310Z
awqpe_ablate_special,0.72,16384,0,0,0,0,0,0.5,3-5,0.0,8,sweep,0.8838833474037064,0.0,research/results/verify_epsilon_floor/20260926T210310Z
awqpe,0.73,16384,0,0,0,0,0,0.5,3-5,0.0,8,sweep,0.8838833474037064,0.0,research/results/verify_epsilon_floor/20260926T210310Z
awqpe_ablate_special,0.73,16384,0,0,0,0,0,0.5,3-5,0.0,8,sweep,0.8838833474037064,0.0,research/results/verify_epsilon_floor/20260926T210310Z
awqpe,0.74,16384,0,0,0,0,0,0.5,3-5,0.0,8,sweep,0.8838833474037064,0.0,research/results/verify_epsilon_floor/20260926T210310Z
awqpe_ablate_special,0.74,16384,0,0,0,0,0,0.5,3-5,0.0,8,sweep,0.8838833474037064,0.0,research/results/verify_epsilon_floor/20260926T210310Z
awqpe,0.75,16384,0,0,0,0,0,0.5,3-5,0.0,8,sweep,0.8838833474037064,0.0,research/results/verify_epsilon_floor/20260926T210310Z
awqpe_ablate_special,0.75,16384,0,0,0,0,0,0.5,3-5,0.0,8,sweep,0.8838833474037064,0.0,research/results/verify_epsilon_floor/20260926T210310Z
awqpe,0.76,16384,0,0,0,0,0,0.5,3-5,0.0,8,sweep,0.8838833474037064,0.0,research/results/verify_epsilon_floor/20260926T210310Z
awqpe_ablate_special,0.76,16384,0,0,0,0,0,0.5,3-5,0.0,8,sweep,0.8838833474037064,0.0,research/results/verify_epsilon_floor/20260926T210310Z
awqpe,0.77,16384,0,0,0,0,0,0.5,3-5,0.0,8,sweep,0.8838833474037064,0.0,research/results/verify_epsilon_floor/20260926T210310Z
awqpe_ablate_special,0.77,16384,0,0,0,0,0,0.5,3-5,0.0,8,sweep,0.8838833474037064,0.0,research/results/verify_epsilon_floor/20260926T210310Z
awqpe,0.78,16384,0,0,0,0,0,0.5,3-5,0.0,8,sweep,0.8838833474037064,0.0,research/results/verify_epsilon_floor/20260926T210310Z
awqpe_ablate_special,0.78,16384,0,0,0,0,0,0.5,3-5,0.0,8,sweep,0.8838833474037064,0.0,research/results/verify_epsilon_floor/20260926T210310Z
awqpe,0.79,16384,0,0,0,0,0,0.5,3-5,0.0,8,sweep,0.8838833474037064,0.0,research/results/verify_epsilon_floor/20260926T210310Z
awqpe_ablate_special,0.79,16384,0,0,0,0,0,0.5,3-5,0.0,8,sweep,0.8838833474037064,0.0,research/results/verify_epsilon_floor/20260926T210310Z
awqpe,0.8,16384,0,0,0,0,0,0.5,3-5,0.0,8,sweep,0.8838833474037064,0.0,research/results/verify_epsilon_floor/20260926T210310Z
awqpe_ablate_special,0.8,16384,0,0,0,0,0,0.5,3-5,0.0,8,sweep,0.8838833474037064,0.0,research/results/verify_epsilon_floor/20260926T210310Z
awqpe,0.81,16384,0,0,0,0,0,0.5,3-5,0.0,8,sweep,0.8838833474037064,0.0,research/results/verify_epsilon_floor/20260926T210310Z
awqpe_ablate_special,0.81,16384,0,0,0,0,0,0.5,3-5,0.0,8,sweep,0.8838833474037064,0.0,research/results/verify_epsilon_floor/20260926T210310Z
awqpe,0.82,16384,0,0,0,0,0,0.5,3-5,0.0,8,sweep,0.8838833474037064,0.0,research/results/verify_epsilon_floor/20260926T210310Z
awqpe_ablate_special,0.82,16384,0,0,0,0,0,0.5,3-5,0.0,8,sweep,0.8838833474037064,0.0,research/results/verify_epsilon_floor/20260926T210310Z
awqpe,0.83,16384,0,0,0,0,0,0.5,3-5,0.0,8,sweep,0.8838833474037064,0.0,research/results/verify_epsilon_floor/20260926T210310Z
awqpe_ablate_special,0.83,16384,0,0,0,0,0,0.5,3-5,0.0,8,sweep,0.8838833474037064,0.0,research/results/verify_epsilon_floor/20260926T210310Z
awqpe,0.84,16384,0,0,0,0,0,0.5,3-5,0.0,8,sweep,0.8838833474037064,0.0,research/results/verify_epsilon_floor/20260926T210310Z
awqpe_ablate_special,0.84,16384,0,0,0,0,0,0.5,3-5,0.0,8,sweep,0.8838833474037064,0.0,research/results/verify_epsilon_floor/20260926T210310Z
awqpe,0.85,16384,0,0,0,0,0,0.5,3-5,0.0,8,sweep,0.8838833474037064,0.0,research/results/verify_epsilon_floor/20260926T210310Z
awqpe_ablate_special,0.85,16384,0,0,0,0,0,0.5,3-5,0.0,8,sweep,0.8838833474037064,0.0,research/results/verify_epsilon_floor/20260926T210310Z
awqpe,0.86,16384,0,0,0,0,0,0.5,3-5,0.0,8,sweep,0.8838833474037064,0.0,research/results/verify_epsilon_floor/20260926T210310Z
awqpe_ablate_special,0.86,16384,0,0,0,0,0,0.5,3-5,0.0,8,sweep,0.8838833474037064,0.0,research/results/verify_epsilon_floor/20260926T210310Z
awqpe,0.87,16384,0,0,0,0,0,0.5,3-5,0.0,8,sweep,0.8838833474037064,0.0,research/results/verify_epsilon_floor/20260926T210310Z
awqpe_ablate_special,0.87,16384,0,0,0,0,0,0.5,3-5,0.0,8,sweep,0.8838833474037064,0.0,research/results/verify_epsilon_floor/20260926T210310Z
awqpe,0.88,16384,0,0,0,0,0,0.5,3-5,0.0,8,sweep,0.8838833474037064,0.0,research/results/verify_epsilon_floor/20260926T210310Z
awqpe_ablate_special,0.88,16384,0,0,0,0,0,0.5,3-5,0.0,8,sweep,0.8838833474037064,0.0,research/results/verify_epsilon_floor/20260926T210310Z
awqpe,0.89,16384,16,8,8,0,8,31.515625,3-5,0.0,8,sweep,0.8838833474037064,0.0009765625,research/results/verify_epsilon_floor/20260926T210310Z
awqpe_ablate_special,0.89,16384,8,16,8,8,0,31.515625,3-5,0.0,8,sweep,0.8838833474037064,0.00048828125,research/results/verify_epsilon_floor/20260926T210310Z
awqpe,0.9,16384,40,32,32,0,8,31.5625,3-5,0.0,8,sweep,0.8838833474037064,0.00244140625,research/results/verify_epsilon_floor/20260926T210310Z
awqpe_ablate_special,0.9,16384,32,40,32,8,0,31.5625,3-5,0.0,8,sweep,0.8838833474037064,0.001953125,research/results/verify_epsilon_floor/20260926T210310Z
awqpe,0.91,16384,64,56,56,0,8,31.609375,3-5,0.0,8,sweep,0.8838833474037064,0.00390625,research/results/verify_epsilon_floor/20260926T210310Z
awqpe_ablate_special,0.91,16384,56,64,56,8,0,31.609375,3-5,0.0,8,sweep,0.8838833474037064,0.00341796875,research/results/verify_epsilon_floor/20260926T210310Z
awqpe,0.92,16384,88,80,80,0,8,31.65625,3-5,0.0,8,sweep,0.8838833474037064,0.00537109375,research/results/verify_epsilon_floor/20260926T210310Z
awqpe_ablate_special,0.92,16384,80,88,80,8,0,31.65625,3-5,0.0,8,sweep,0.8838833474037064,0.0048828125,research/results/verify_epsilon_floor/20260926T210310Z
awqpe,0.93,16384,112,104,104,0,8,31.703125,3-5,0.0,8,sweep,0.8838833474037064,0.0068359375,research/results/verify_epsilon_floor/20260926T210310Z
awqpe_ablate_special,0.93,16384,104,112,104,8,0,31.703125,3-5,0.0,8,sweep,0.8838833474037064,0.00634765625,research/results/verify_epsilon_floor/20260926T210310Z
awqpe,0.94,16384,128,120,120,0,8,31.734375,3-5,0.0,8,sweep,0.8838833474037064,0.0078125,research/results/verify_epsilon_floor/20260926T210310Z
awqpe_ablate_special,0.94,16384,120,128,120,8,0,31.734375,3-5,0.0,8,sweep,0.8838833474037064,0.00732421875,research/results/verify_epsilon_floor/20260926T210310Z
awqpe,0.95,16384,152,144,144,0,8,31.78125,3-5,0.0,8,sweep,0.8838833474037064,0.00927734375,research/results/verify_epsilon_floor/20260926T210310Z
awqpe_ablate_special,0.95,16384,144,152,144,8,0,31.78125,3-5,0.0,8,sweep,0.8838833474037064,0.0087890625,research/results/verify_epsilon_floor/20260926T210310Z
awqpe,0.96,16384,176,168,168,0,8,31.828125,3-5,0.0,8,sweep,0.8838833474037064,0.0107421875,research/results/verify_epsilon_floor/20260926T210310Z
awqpe_ablate_special,0.96,16384,168,176,168,8,0,31.828125,3-5,0.0,8,sweep,0.8838833474037064,0.01025390625,research/results/verify_epsilon_floor/20260926T210310Z
awqpe,0.97,16384,200,192,192,0,8,31.875,3-5,0.0,8,sweep,0.8838833474037064,0.01220703125,research/results/verify_epsilon_floor/20260926T210310Z
awqpe_ablate_special,0.97,16384,192,200,192,8,0,31.875,3-5,0.0,8,sweep,0.8838833474037064,0.01171875,research/results/verify_epsilon_floor/20260926T210310Z
awqpe,0.98,16384,216,208,208,0,8,31.90625,3-5,0.0,8,sweep,0.8838833474037064,0.01318359375,research/results/verify_epsilon_floor/20260926T210310Z
awqpe_ablate_special,0.98,16384,208,216,208,8,0,31.90625,3-5,0.0,8,sweep,0.8838833474037064,0.0126953125,research/results/verify_epsilon_floor/20260926T210310Z
awqpe,0.99,16384,240,232,232,0,8,31.953125,3-5,0.0,8,sweep,0.8838833474037064,0.0146484375,research/results/verify_epsilon_floor/20260926T210310Z
awqpe_ablate_special,0.99,16384,232,240,232,8,0,31.953125,3-5,0.0,8,sweep,0.8838833474037064,0.01416015625,research/results/verify_epsilon_floor/20260926T210310Z
awqpe,0.3,16384,0,0,0,0,0,0.4942187500000017,3-5,0.37,8,sweep,0.8838833474037064,0.0,research/results/verify_epsilon_floor/20260926T210310Z
awqpe_ablate_special,0.3,16384,0,0,0,0,0,0.4942187500000017,3-5,0.37,8,sweep,0.8838833474037064,0.0,research/results/verify_epsilon_floor/20260926T210310Z
awqpe,0.31,16384,0,0,0,0,0,0.4942187500000017,3-5,0.37,8,sweep,0.8838833474037064,0.0,research/results/verify_epsilon_floor/20260926T210310Z
awqpe_ablate_special,0.31,16384,0,0,0,0,0,0.4942187500000017,3-5,0.37,8,sweep,0.8838833474037064,0.0,research/results/verify_epsilon_floor/20260926T210310Z
awqpe,0.32,16384,0,0,0,0,0,0.4942187500000017,3-5,0.37,8,sweep,0.8838833474037064,0.0,research/results/verify_epsilon_floor/20260926T210310Z
awqpe_ablate_special,0.32,16384,0,0,0,0,0,0.4942187500000017,3-5,0.37,8,sweep,0.8838833474037064,0.0,research/results/verify_epsilon_floor/20260926T210310Z
awqpe,0.33,16384,0,0,0,0,0,0.4942187500000017,3-5,0.37,8,sweep,0.8838833474037064,0.0,research/results/verify_epsilon_floor/20260926T210310Z
awqpe_ablate_special,0.33,16384,0,0,0,0,0,0.4942187500000017,3-5,0.37,8,sweep,0.8838833474037064,0.0,research/results/verify_epsilon_floor/20260926T210310Z
awqpe,0.34,16384,0,0,0,0,0,0.4942187500000017,3-5,0.37,8,sweep,0.8838833474037064,0.0,research/results/verify_epsilon_floor/20260926T210310Z
awqpe_ablate_special,0.34,16384,0,0,0,0,0,0.4942187500000017,3-5,0.37,8,sweep,0.8838833474037064,0.0,research/results/verify_epsilon_floor/20260926T210310Z
awqpe,0.35,16384,0,0,0,0,0,0.4942187500000017,3-5,0.37,8,sweep,0.8838833474037064,0.0,research/results/verify_epsilon_floor/20260926T210310Z
awqpe_ablate_special,0.35,16384,0,0,0,0,0,0.4942187500000017,3-5,0.37,8,sweep,0.8838833474037064,0.0,research/results/verify_epsilon_floor/20260926T210310Z
awqpe,0.36,16384,0,0,0,0,0,0.4942187500000017,3-5,0.37,8,sweep,0.8838833474037064,0.0,research/results/verify_epsilon_floor/20260926T210310Z
awqpe_ablate_special,0.36,16384,0,0,0,0,0,0.4942187500000017,3-5,0.37,8,sweep,0.8838833474037064,0.0,research/results/verify_epsilon_floor/20260926T210310Z
awqpe,0.37,16384,0,0,0,0,0,0.4942187500000017,3-5,0.37,8,sweep,0.8838833474037064,0.0,research/results/verify_epsilon_floor/20260926T210310Z
awqpe_ablate_special,0.37,16384,0,0,0,0,0,0.4942187500000017,3-5,0.37,8,sweep,0.8838833474037064,0.0,research/results/verify_epsilon_floor/20260926T210310Z
awqpe,0.38,16384,0,0,0,0,0,0.4942187500000017,3-5,0.37,8,sweep,0.8838833474037064,0.0,research/results/verify_epsilon_floor/20260926T210310Z
awqpe_ablate_special,0.38,16384,0,0,0,0,0,0.4942187500000017,3-5,0.37,8,sweep,0.8838833474037064,0.0,research/results/verify_epsilon_floor/20260926T210310Z
awqpe,0.39,16384,0,0,0,0,0,0.4942187500000017,3-5,0.37,8,sweep,0.8838833474037064,0.0,research/results/verify_epsilon_floor/20260926T210310Z
awqpe_ablate_special,0.39,16384,0,0,0,0,0,0.4942187500000017,3-5,0.37,8,sweep,0.8838833474037064,0.0,research/results/verify_epsilon_floor/20260926T210310Z
awqpe,0.4,16384,0,0,0,0,0,0.4942187500000017,3-5,0.37,8,sweep,0.8838833474037064,0.0,research/results/verify_epsilon_floor/20260926T210310Z
awqpe_ablate_special,0.4,16384,0,0,0,0,0,0.4942187500000017,3-5,0.37,8,sweep,0.8838833474037064,0.0,research/results/verify_epsilon_floor/20260926T210310Z
awqpe,0.41,16384,0,0,0,0,0,0.4942187500000017,3-5,0.37,8,sweep,0.8838833474037064,0.0,research/results/verify_epsilon_floor/20260926T210310Z
awqpe_ablate_special,0.41,16384,0,0,0,0,0,0.4942187500000017,3-5,0.37,8,sweep,0.8838833474037064,0.0,research/results/verify_epsilon_floor/20260926T210310Z
awqpe,0.42,16384,0,0,0,0,0,0.4942187500000017,3-5,0.37,8,sweep,0.8838833474037064,0.0,research/results/verify_epsilon_floor/20260926T210310Z
awqpe_ablate_special,0.42,16384,0,0,0,0,0,0.4942187500000017,3-5,0.37,8,sweep,0.8838833474037064,0.0,research/results/verify_epsilon_floor/20260926T210310Z
awqpe,0.43,16384,0,0,0,0,0,0.4942187500000017,3-5,0.37,8,sweep,0.8838833474037064,0.0,research/results/verify_epsilon_floor/20260926T210310Z
awqpe_ablate_special,0.43,16384,0,0,0,0,0,0.4942187500000017,3-5,0.37,8,sweep,0.8838833474037064,0.0,research/results/verify_epsilon_floor/20260926T210310Z
awqpe,0.44,16384,0,0,0,0,0,0.4942187500000017,3-5,0.37,8,sweep,0.8838833474037064,0.0,research/results/verify_epsilon_floor/20260926T210310Z
awqpe_ablate_special,0.44,16384,0,0,0,0,0,0.4942187500000017,3-5,0.37,8,sweep,0.8838833474037064,0.0,research/results/verify_epsilon_floor/20260926T210310Z
awqpe,0.45,16384,0,0,0,0,0,0.4942187500000017,3-5,0.37,8,sweep,0.8838833474037064,0.0,research/results/verify_epsilon_floor/20260926T210310Z
awqpe_ablate_special,0.45,16384,0,0,0,0,0,0.4942187500000017,3-5,0.37,8,sweep,0.8838833474037064,0.0,research/results/verify_epsilon_floor/20260926T210310Z
awqpe,0.46,16384,0,0,0,0,0,0.4942187500000017,3-5,0.37,8,sweep,0.8838833474037064,0.0,research/results/verify_epsilon_floor/20260926T210310Z
awqpe_ablate_special,0.46,16384,0,0,0,0,0,0.4942187500000017,3-5,0.37,8,sweep,0.8838833474037064,0.0,research/results/verify_epsilon_floor/20260926T210310Z
awqpe,0.47,16384,0,0,0,0,0,0.4942187500000017,3-5,0.37,8,sweep,0.8838833474037064,0.0,research/results/verify_epsilon_floor/20260926T210310Z
awqpe_ablate_special,0.47,16384,0,0,0,0,0,0.4942187500000017,3-5,0.37,8,sweep,0.8838833474037064,0.0,research/results/verify_epsilon_floor/20260926T210310Z
awqpe,0.48,16384,0,0,0,0,0,0.4942187500000017,3-5,0.37,8,sweep,0.8838833474037064,0.0,research/results/verify_epsilon_floor/20260926T210310Z
awqpe_ablate_special,0.48,16384,0,0,0,0,0,0.4942187500000017,3-5,0.37,8,sweep,0.8838833474037064,0.0,research/results/verify_epsilon_floor/20260926T210310Z
awqpe,0.49,16384,0,0,0,0,0,0.4942187500000017,3-5,0.37,8,sweep,0.8838833474037064,0.0,research/results/verify_epsilon_floor/20260926T210310Z
awqpe_ablate_special,0.49,16384,0,0,0,0,0,0.4942187500000017,3-5,0.37,8,sweep,0.8838833474037064,0.0,research/results/verify_epsilon_floor/20260926T210310Z
awqpe,0.5,16384,0,0,0,0,0,0.4942187500000017,3-5,0.37,8,sweep,0.8838833474037064,0.0,research/results/verify_epsilon_floor/20260926T210310Z
awqpe_ablate_special,0.5,16384,0,0,0,0,0,0.4942187500000017,3-5,0.37,8,sweep,0.8838833474037064,0.0,research/results/verify_epsilon_floor/20260926T210310Z
awqpe,0.51,16384,0,0,0,0,0,0.4942187500000017,3-5,0.37,8,sweep,0.8838833474037064,0.0,research/results/verify_epsilon_floor/20260926T210310Z
awqpe_ablate_special,0.51,16384,0,0,0,0,0,0.4942187500000017,3-5,0.37,8,sweep,0.8838833474037064,0.0,research/results/verify_epsilon_floor/20260926T210310Z
awqpe,0.52,16384,0,0,0,0,0,0.4942187500000017,3-5,0.37,8,sweep,0.8838833474037064,0.0,research/results/verify_epsilon_floor/20260926T210310Z
awqpe_ablate_special,0.52,16384,0,0,0,0,0,0.4942187500000017,3-5,0.37,8,sweep,0.8838833474037064,0.0,research/results/verify_epsilon_floor/20260926T210310Z
awqpe,0.53,16384,0,0,0,0,0,0.4942187500000017,3-5,0.37,8,sweep,0.8838833474037064,0.0,research/results/verify_epsilon_floor/20260926T210310Z
awqpe_ablate_special,0.53,16384,0,0,0,0,0,0.4942187500000017,3-5,0.37,8,sweep,0.8838833474037064,0.0,research/results/verify_epsilon_floor/20260926T210310Z
awqpe,0.54,16384,0,0,0,0,0,0.4942187500000017,3-5,0.37,8,sweep,0.8838833474037064,0.0,research/results/verify_epsilon_floor/20260926T210310Z
awqpe_ablate_special,0.54,16384,0,0,0,0,0,0.4942187500000017,3-5,0.37,8,sweep,0.8838833474037064,0.0,research/results/verify_epsilon_floor/20260926T210310Z
awqpe,0.55,16384,0,0,0,0,0,0.4942187500000017,3-5,0.37,8,sweep,0.8838833474037064,0.0,research/results/verify_epsilon_floor/20260926T210310Z
awqpe_ablate_special,0.55,16384,0,0,0,0,0,0.4942187500000017,3-5,0.37,8,sweep,0.8838833474037064,0.0,research/results/verify_epsilon_floor/20260926T210310Z
awqpe,0.56,16384,0,0,0,0,0,0.4942187500000017,3-5,0.37,8,sweep,0.8838833474037064,0.0,research/results/verify_epsilon_floor/20260926T210310Z
awqpe_ablate_special,0.56,16384,0,0,0,0,0,0.4942187500000017,3-5,0.37,8,sweep,0.8838833474037064,0.0,research/results/verify_epsilon_floor/20260926T210310Z
awqpe,0.57,16384,0,0,0,0,0,0.4942187500000017,3-5,0.37,8,sweep,0.8838833474037064,0.0,research/results/verify_epsilon_floor/20260926T210310Z
awqpe_ablate_special,0.57,16384,0,0,0,0,0,0.4942187500000017,3-5,0.37,8,sweep,0.8838833474037064,0.0,research/results/verify_epsilon_floor/20260926T210310Z
awqpe,0.58,16384,0,0,0,0,0,0.4942187500000017,3-5,0.37,8,sweep,0.8838833474037064,0.0,research/results/verify_epsilon_floor/20260926T210310Z
awqpe_ablate_special,0.58,16384,0,0,0,0,0,0.4942187500000017,3-5,0.37,8,sweep,0.8838833474037064,0.0,research/results/verify_epsilon_floor/20260926T210310Z
awqpe,0.59,16384,0,0,0,0,0,0.4942187500000017,3-5,0.37,8,sweep,0.8838833474037064,0.0,research/results/verify_epsilon_floor/20260926T210310Z
awqpe_ablate_special,0.59,16384,0,0,0,0,0,0.4942187500000017,3-5,0.37,8,sweep,0.8838833474037064,0.0,research/results/verify_epsilon_floor/20260926T210310Z
awqpe,0.6,16384,0,0,0,0,0,0.4942187500000017,3-5,0.37,8,sweep,0.8838833474037064,0.0,research/results/verify_epsilon_floor/20260926T210310Z
awqpe_ablate_special,0.6,16384,0,0,0,0,0,0.4942187500000017,3-5,0.37,8,sweep,0.8838833474037064,0.0,research/results/verify_epsilon_floor/20260926T210310Z
awqpe,0.61,16384,0,0,0,0,0,0.4942187500000017,3-5,0.37,8,sweep,0.8838833474037064,0.0,research/results/verify_epsilon_floor/20260926T210310Z
awqpe_ablate_special,0.61,16384,0,0,0,0,0,0.4942187500000017,3-5,0.37,8,sweep,0.8838833474037064,0.0,research/results/verify_epsilon_floor/20260926T210310Z
awqpe,0.62,16384,0,0,0,0,0,0.4942187500000017,3-5,0.37,8,sweep,0.8838833474037064,0.0,research/results/verify_epsilon_floor/20260926T210310Z
awqpe_ablate_special,0.62,16384,0,0,0,0,0,0.4942187500000017,3-5,0.37,8,sweep,0.8838833474037064,0.0,research/results/verify_epsilon_floor/20260926T210310Z
awqpe,0.63,16384,0,0,0,0,0,0.4942187500000017,3-5,0.37,8,sweep,0.8838833474037064,0.0,research/results/verify_epsilon_floor/20260926T210310Z
awqpe_ablate_special,0.63,16384,0,0,0,0,0,0.4942187500000017,3-5,0.37,8,sweep,0.8838833474037064,0.0,research/results/verify_epsilon_floor/20260926T210310Z
awqpe,0.64,16384,0,0,0,0,0,0.4942187500000017,3-5,0.37,8,sweep,0.8838833474037064,0.0,research/results/verify_epsilon_floor/20260926T210310Z
awqpe_ablate_special,0.64,16384,0,0,0,0,0,0.4942187500000017,3-5,0.37,8,sweep,0.8838833474037064,0.0,research/results/verify_epsilon_floor/20260926T210310Z
awqpe,0.65,16384,0,0,0,0,0,0.4942187500000017,3-5,0.37,8,sweep,0.8838833474037064,0.0,research/results/verify_epsilon_floor/20260926T210310Z
awqpe_ablate_special,0.65,16384,0,0,0,0,0,0.4942187500000017,3-5,0.37,8,sweep,0.8838833474037064,0.0,research/results/verify_epsilon_floor/20260926T210310Z
awqpe,0.66,16384,0,0,0,0,0,0.4942187500000017,3-5,0.37,8,sweep,0.8838833474037064,0.0,research/results/verify_epsilon_floor/20260926T210310Z
awqpe_ablate_special,0.66,16384,0,0,0,0,0,0.4942187500000017,3-5,0.37,8,sweep,0.8838833474037064,0.0,research/results/verify_epsilon_floor/20260926T210310Z
awqpe,0.67,16384,0,0,0,0,0,0.4942187500000017,3-5,0.37,8,sweep,0.8838833474037064,0.0,research/results/verify_epsilon_floor/20260926T210310Z
awqpe_ablate_special,0.67,16384,0,0,0,0,0,0.4942187500000017,3-5,0.37,8,sweep,0.8838833474037064,0.0,research/results/verify_epsilon_floor/20260926T210310Z
awqpe,0.68,16384,0,0,0,0,0,0.4942187500000017,3-5,0.37,8,sweep,0.8838833474037064,0.0,research/results/verify_epsilon_floor/20260926T210310Z
awqpe_ablate_special,0.68,16384,0,0,0,0,0,0.4942187500000017,3-5,0.37,8,sweep,0.8838833474037064,0.0,research/results/verify_epsilon_floor/20260926T210310Z
awqpe,0.69,16384,0,0,0,0,0,0.4942187500000017,3-5,0.37,8,sweep,0.8838833474037064,0.0,research/results/verify_epsilon_floor/20260926T210310Z
awqpe_ablate_special,0.69,16384,0,0,0,0,0,0.4942187500000017,3-5,0.37,8,sweep,0.8838833474037064,0.0,research/results/verify_epsilon_floor/20260926T210310Z
awqpe,0.7,16384,0,0,0,0,0,0.4942187500000017,3-5,0.37,8,sweep,0.8838833474037064,0.0,research/results/verify_epsilon_floor/20260926T210310Z
awqpe_ablate_special,0.7,16384,0,0,0,0,0,0.4942187500000017,3-5,0.37,8,sweep,0.8838833474037064,0.0,research/results/verify_epsilon_floor/20260926T210310Z
awqpe,0.71,16384,0,0,0,0,0,0.4942187500000017,3-5,0.37,8,sweep,0.8838833474037064,0.0,research/results/verify_epsilon_floor/20260926T210310Z
awqpe_ablate_special,0.71,16384,0,0,0,0,0,0.4942187500000017,3-5,0.37,8,sweep,0.8838833474037064,0.0,research/results/verify_epsilon_floor/20260926T210310Z
awqpe,0.72,16384,0,0,0,0,0,0.4942187500000017,3-5,0.37,8,sweep,0.8838833474037064,0.0,research/results/verify_epsilon_floor/20260926T210310Z
awqpe_ablate_special,0.72,16384,0,0,0,0,0,0.4942187500000017,3-5,0.37,8,sweep,0.8838833474037064,0.0,research/results/verify_epsilon_floor/20260926T210310Z
awqpe,0.73,16384,0,0,0,0,0,0.4942187500000017,3-5,0.37,8,sweep,0.8838833474037064,0.0,research/results/verify_epsilon_floor/20260926T210310Z
awqpe_ablate_special,0.73,16384,0,0,0,0,0,0.4942187500000017,3-5,0.37,8,sweep,0.8838833474037064,0.0,research/results/verify_epsilon_floor/20260926T210310Z
awqpe,0.74,16384,0,0,0,0,0,0.4942187500000017,3-5,0.37,8,sweep,0.8838833474037064,0.0,research/results/verify_epsilon_floor/20260926T210310Z
awqpe_ablate_special,0.74,16384,0,0,0,0,0,0.4942187500000017,3-5,0.37,8,sweep,0.8838833474037064,0.0,research/results/verify_epsilon_floor/20260926T210310Z
awqpe,0.75,16384,0,0,0,0,0,0.4942187500000017,3-5,0.37,8,sweep,0.8838833474037064,0.0,research/results/verify_epsilon_floor/20260926T210310Z
awqpe_ablate_special,0.75,16384,0,0,0,0,0,0.4942187500000017,3-5,0.37,8,sweep,0.8838833474037064,0.0,research/results/verify_epsilon_floor/20260926T210310Z
awqpe,0.76,16384,0,0,0,0,0,0.4942187500000017,3-5,0.37,8,sweep,0.8838833474037064,0.0,research/results/verify_epsilon_floor/20260926T210310Z
awqpe_ablate_special,0.76,16384,0,0,0,0,0,0.4942187500000017,3-5,0.37,8,sweep,0.8838833474037064,0.0,research/results/verify_epsilon_floor/20260926T210310Z
awqpe,0.77,16384,0,0,0,0,0,0.4942187500000017,3-5,0.37,8,sweep,0.8838833474037064,0.0,research/results/verify_epsilon_floor/20260926T210310Z
awqpe_ablate_special,0.77,16384,0,0,0,0,0,0.4942187500000017,3-5,0.37,8,sweep,0.8838833474037064,0.0,research/results/verify_epsilon_floor/20260926T210310Z
awqpe,0.78,16384,0,0,0,0,0,0.4942187500000017,3-5,0.37,8,sweep,0.8838833474037064,0.0,research/results/verify_epsilon_floor/20260926T210310Z
awqpe_ablate_special,0.78,16384,0,0,0,0,0,0.4942187500000017,3-5,0.37,8,sweep,0.8838833474037064,0.0,research/results/verify_epsilon_floor/20260926T210310Z
awqpe,0.79,16384,0,0,0,0,0,0.4942187500000017,3-5,0.37,8,sweep,0.8838833474037064,0.0,research/results/verify_epsilon_floor/20260926T210310Z
awqpe_ablate_special,0.79,16384,0,0,0,0,0,0.4942187500000017,3-5,0.37,8,sweep,0.8838833474037064,0.0,research/results/verify_epsilon_floor/20260926T210310Z
awqpe,0.8,16384,0,0,0,0,0,0.4942187500000017,3-5,0.37,8,sweep,0.8838833474037064,0.0,research/results/verify_epsilon_floor/20260926T210310Z
awqpe_ablate_special,0.8,16384,0,0,0,0,0,0.4942187500000017,3-5,0.37,8,sweep,0.8838833474037064,0.0,research/results/verify_epsilon_floor/20260926T210310Z
awqpe,0.81,16384,0,0,0,0,0,0.4942187500000017,3-5,0.37,8,sweep,0.8838833474037064,0.0,research/results/verify_epsilon_floor/20260926T210310Z
awqpe_ablate_special,0.81,16384,0,0,0,0,0,0.4942187500000017,3-5,0.37,8,sweep,0.8838833474037064,0.0,research/results/verify_epsilon_floor/20260926T210310Z
awqpe,0.82,16384,0,0,0,0,0,0.4942187500000017,3-5,0.37,8,sweep,0.8838833474037064,0.0,research/results/verify_epsilon_floor/20260926T210310Z
awqpe_ablate_special,0.82,16384,0,0,0,0,0,0.4942187500000017,3-5,0.37,8,sweep,0.8838833474037064,0.0,research/results/verify_epsilon_floor/20260926T210310Z
awqpe,0.83,16384,0,0,0,0,0,0.4942187500000017,3-5,0.37,8,sweep,0.8838833474037064,0.0,research/results/verify_epsilon_floor/20260926T210310Z
awqpe_ablate_special,0.83,16384,0,0,0,0,0,0.4942187500000017,3-5,0.37,8,sweep,0.8838833474037064,0.0,research/results/verify_epsilon_floor/20260926T210310Z
awqpe,0.84,16384,0,0,0,0,0,0.4942187500000017,3-5,0.37,8,sweep,0.8838833474037064,0.0,research/results/verify_epsilon_floor/20260926T210310Z
awqpe_ablate_special,0.84,16384,0,0,0,0,0,0.4942187500000017,3-5,0.37,8,sweep,0.8838833474037064,0.0,research/results/verify_epsilon_floor/20260926T210310Z
awqpe,0.85,16384,0,0,0,0,0,0.4942187500000017,3-5,0.37,8,sweep,0.8838833474037064,0.0,research/results/verify_epsilon_floor/20260926T210310Z
awqpe_ablate_special,0.85,16384,0,0,0,0,0,0.4942187500000017,3-5,0.37,8,sweep,0.8838833474037064,0.0,research/results/verify_epsilon_floor/20260926T210310Z
awqpe,0.86,16384,0,0,0,0,0,0.4942187500000017,3-5,0.37,8,sweep,0.8838833474037064,0.0,research/results/verify_epsilon_floor/20260926T210310Z
awqpe_ablate_special,0.86,16384,0,0,0,0,0,0.4942187500000017,3-5,0.37,8,sweep,0.8838833474037064,0.0,research/results/verify_epsilon_floor/20260926T210310Z
awqpe,0.87,16384,0,0,0,0,0,0.4942187500000017,3-5,0.37,8,sweep,0.8838833474037064,0.0,research/results/verify_epsilon_floor/20260926T210310Z
awqpe_ablate_special,0.87,16384,0,0,0,0,0,0.4942187500000017,3-5,0.37,8,sweep,0.8838833474037064,0.0,research/results/verify_epsilon_floor/20260926T210310Z
awqpe,0.88,16384,0,0,0,0,0,0.4942187500000017,3-5,0.37,8,sweep,0.8838833474037064,0.0,research/results/verify_epsilon_floor/20260926T210310Z
awqpe_ablate_special,0.88,16384,0,0,0,0,0,0.4942187500000017,3-5,0.37,8,sweep,0.8838833474037064,0.0,research/results/verify_epsilon_floor/20260926T210310Z
awqpe,0.89,16384,16,16,16,0,0,31.52546875,3-5,0.37,8,sweep,0.8838833474037064,0.0009765625,research/results/verify_epsilon_floor/20260926T210310Z
awqpe_ablate_special,0.89,16384,16,16,16,0,0,31.521406250000013,3-5,0.37,8,sweep,0.8838833474037064,0.0009765625,research/results/verify_epsilon_floor/20260926T210310Z
awqpe,0.9,16384,40,40,40,0,0,31.57234375,3-5,0.37,8,sweep,0.8838833474037064,0.00244140625,research/results/verify_epsilon_floor/20260926T210310Z
awqpe_ablate_special,0.9,16384,40,40,40,0,0,31.568281250000013,3-5,0.37,8,sweep,0.8838833474037064,0.00244140625,research/results/verify_epsilon_floor/20260926T210310Z
awqpe,0.91,16384,56,56,56,0,0,31.60359375,3-5,0.37,8,sweep,0.8838833474037064,0.00341796875,research/results/verify_epsilon_floor/20260926T210310Z
awqpe_ablate_special,0.91,16384,64,64,64,0,0,31.615156250000013,3-5,0.37,8,sweep,0.8838833474037064,0.00390625,research/results/verify_epsilon_floor/20260926T210310Z
awqpe,0.92,16384,80,80,80,0,0,31.65046875,3-5,0.37,8,sweep,0.8838833474037064,0.0048828125,research/results/verify_epsilon_floor/20260926T210310Z
awqpe_ablate_special,0.92,16384,88,88,88,0,0,31.662031250000013,3-5,0.37,8,sweep,0.8838833474037064,0.00537109375,research/results/verify_epsilon_floor/20260926T210310Z
awqpe,0.93,16384,104,104,104,0,0,31.69734375,3-5,0.37,8,sweep,0.8838833474037064,0.00634765625,research/results/verify_epsilon_floor/20260926T210310Z
awqpe_ablate_special,0.93,16384,104,104,104,0,0,31.693281250000013,3-5,0.37,8,sweep,0.8838833474037064,0.00634765625,research/results/verify_epsilon_floor/20260926T210310Z
awqpe,0.94,16384,128,128,128,0,0,31.74421875,3-5,0.37,8,sweep,0.8838833474037064,0.0078125,research/results/verify_epsilon_floor/20260926T210310Z
awqpe_ablate_special,0.94,16384,128,128,128,0,0,31.740156250000013,3-5,0.37,8,sweep,0.8838833474037064,0.0078125,research/results/verify_epsilon_floor/20260926T210310Z
awqpe,0.95,16384,152,152,152,0,0,31.79109375,3-5,0.37,8,sweep,0.8838833474037064,0.00927734375,research/results/verify_epsilon_floor/20260926T210310Z
awqpe_ablate_special,0.95,16384,152,152,152,0,0,31.787031250000013,3-5,0.37,8,sweep,0.8838833474037064,0.00927734375,research/results/verify_epsilon_floor/20260926T210310Z
awqpe,0.96,16384,168,168,168,0,0,31.82234375,3-5,0.37,8,sweep,0.8838833474037064,0.01025390625,research/results/verify_epsilon_floor/20260926T210310Z
awqpe_ablate_special,0.96,16384,176,176,176,0,0,31.833906250000013,3-5,0.37,8,sweep,0.8838833474037064,0.0107421875,research/results/verify_epsilon_floor/20260926T210310Z
awqpe,0.97,16384,192,192,192,0,0,31.86921875,3-5,0.37,8,sweep,0.8838833474037064,0.01171875,research/results/verify_epsilon_floor/20260926T210310Z
awqpe_ablate_special,0.97,16384,192,192,192,0,0,31.865156250000013,3-5,0.37,8,sweep,0.8838833474037064,0.01171875,research/results/verify_epsilon_floor/20260926T210310Z
awqpe,0.98,16384,216,216,216,0,0,31.91609375,3-5,0.37,8,sweep,0.8838833474037064,0.01318359375,research/results/verify_epsilon_floor/20260926T210310Z
awqpe_ablate_special,0.98,16384,216,216,216,0,0,31.912031250000013,3-5,0.37,8,sweep,0.8838833474037064,0.01318359375,research/results/verify_epsilon_floor/20260926T210310Z
awqpe,0.99,16384,232,232,232,0,0,31.94734375,3-5,0.37,8,sweep,0.8838833474037064,0.01416015625,research/results/verify_epsilon_floor/20260926T210310Z
awqpe_ablate_special,0.99,16384,240,240,240,0,0,31.958906250000013,3-5,0.37,8,sweep,0.8838833474037064,0.0146484375,research/results/verify_epsilon_floor/20260926T210310Z
awqpe,0.3,65536,0,0,0,0,0,0.5,4-4-4,0.0,12,sweep,0.7791726893600024,0.0,research/results/verify_epsilon_floor/20260926T210310Z
awqpe_ablate_special,0.3,65536,0,0,0,0,0,0.5,4-4-4,0.0,12,sweep,0.7791726893600024,0.0,research/results/verify_epsilon_floor/20260926T210310Z
awqpe,0.31,65536,0,0,0,0,0,0.5,4-4-4,0.0,12,sweep,0.7791726893600024,0.0,research/results/verify_epsilon_floor/20260926T210310Z
awqpe_ablate_special,0.31,65536,0,0,0,0,0,0.5,4-4-4,0.0,12,sweep,0.7791726893600024,0.0,research/results/verify_epsilon_floor/20260926T210310Z
awqpe,0.32,65536,0,0,0,0,0,0.5,4-4-4,0.0,12,sweep,0.7791726893600024,0.0,research/results/verify_epsilon_floor/20260926T210310Z
awqpe_ablate_special,0.32,65536,0,0,0,0,0,0.5,4-4-4,0.0,12,sweep,0.7791726893600024,0.0,research/results/verify_epsilon_floor/20260926T210310Z
awqpe,0.33,65536,0,0,0,0,0,0.5,4-4-4,0.0,12,sweep,0.7791726893600024,0.0,research/results/verify_epsilon_floor/20260926T210310Z
awqpe_ablate_special,0.33,65536,0,0,0,0,0,0.5,4-4-4,0.0,12,sweep,0.7791726893600024,0.0,research/results/verify_epsilon_floor/20260926T210310Z
awqpe,0.34,65536,0,0,0,0,0,0.5,4-4-4,0.0,12,sweep,0.7791726893600024,0.0,research/results/verify_epsilon_floor/20260926T210310Z
awqpe_ablate_special,0.34,65536,0,0,0,0,0,0.5,4-4-4,0.0,12,sweep,0.7791726893600024,0.0,research/results/verify_epsilon_floor/20260926T210310Z
awqpe,0.35,65536,0,0,0,0,0,0.5,4-4-4,0.0,12,sweep,0.7791726893600024,0.0,research/results/verify_epsilon_floor/20260926T210310Z
awqpe_ablate_special,0.35,65536,0,0,0,0,0,0.5,4-4-4,0.0,12,sweep,0.7791726893600024,0.0,research/results/verify_epsilon_floor/20260926T210310Z
awqpe,0.36,65536,0,0,0,0,0,0.5,4-4-4,0.0,12,sweep,0.7791726893600024,0.0,research/results/verify_epsilon_floor/20260926T210310Z
awqpe_ablate_special,0.36,65536,0,0,0,0,0,0.5,4-4-4,0.0,12,sweep,0.7791726893600024,0.0,research/results/verify_epsilon_floor/20260926T210310Z
awqpe,0.37,65536,0,0,0,0,0,0.5,4-4-4,0.0,12,sweep,0.7791726893600024,0.0,research/results/verify_epsilon_floor/20260926T210310Z
awqpe_ablate_special,0.37,65536,0,0,0,0,0,0.5,4-4-4,0.0,12,sweep,0.7791726893600024,0.0,research/results/verify_epsilon_floor/20260926T210310Z
awqpe,0.38,65536,0,0,0,0,0,0.5,4-4-4,0.0,12,sweep,0.7791726893600024,0.0,research/results/verify_epsilon_floor/20260926T210310Z
awqpe_ablate_special,0.38,65536,0,0,0,0,0,0.5,4-4-4,0.0,12,sweep,0.7791726893600024,0.0,research/results/verify_epsilon_floor/20260926T210310Z
awqpe,0.39,65536,0,0,0,0,0,0.5,4-4-4,0.0,12,sweep,0.7791726893600024,0.0,research/results/verify_epsilon_floor/20260926T210310Z
awqpe_ablate_special,0.39,65536,0,0,0,0,0,0.5,4-4-4,0.0,12,sweep,0.7791726893600024,0.0,research/results/verify_epsilon_floor/20260926T210310Z
awqpe,0.4,65536,0,0,0,0,0,0.5,4-4-4,0.0,12,sweep,0.7791726893600024,0.0,research/results/verify_epsilon_floor/20260926T210310Z
awqpe_ablate_special,0.4,65536,0,0,0,0,0,0.5,4-4-4,0.0,12,sweep,0.7791726893600024,0.0,research/results/verify_epsilon_floor/20260926T210310Z
awqpe,0.41,65536,0,0,0,0,0,0.5,4-4-4,0.0,12,sweep,0.7791726893600024,0.0,research/results/verify_epsilon_floor/20260926T210310Z
awqpe_ablate_special,0.41,65536,0,0,0,0,0,0.5,4-4-4,0.0,12,sweep,0.7791726893600024,0.0,research/results/verify_epsilon_floor/20260926T210310Z
awqpe,0.42,65536,0,0,0,0,0,0.5,4-4-4,0.0,12,sweep,0.7791726893600024,0.0,research/results/verify_epsilon_floor/20260926T210310Z
awqpe_ablate_special,0.42,65536,0,0,0,0,0,0.5,4-4-4,0.0,12,sweep,0.7791726893600024,0.0,research/results/verify_epsilon_floor/20260926T210310Z
awqpe,0.43,65536,0,0,0,0,0,0.5,4-4-4,0.0,12,sweep,0.7791726893600024,0.0,research/results/verify_epsilon_floor/20260926T210310Z
awqpe_ablate_special,0.43,65536,0,0,0,0,0,0.5,4-4-4,0.0,12,sweep,0.7791726893600024,0.0,research/results/verify_epsilon_floor/20260926T210310Z
awqpe,0.44,65536,0,0,0,0,0,0.5,4-4-4,0.0,12,sweep,0.7791726893600024,0.0,research/results/verify_epsilon_floor/20260926T210310Z
awqpe_ablate_special,0.44,65536,0,0,0,0,0,0.5,4-4-4,0.0,12,sweep,0.7791726893600024,0.0,research/results/verify_epsilon_floor/20260926T210310Z
awqpe,0.45,65536,0,0,0,0,0,0.5,4-4-4,0.0,12,sweep,0.7791726893600024,0.0,research/results/verify_epsilon_floor/20260926T210310Z
awqpe_ablate_special,0.45,65536,0,0,0,0,0,0.5,4-4-4,0.0,12,sweep,0.7791726893600024,0.0,research/results/verify_epsilon_floor/20260926T210310Z
awqpe,0.46,65536,0,0,0,0,0,0.5,4-4-4,0.0,12,sweep,0.7791726893600024,0.0,research/results/verify_epsilon_floor/20260926T210310Z
awqpe_ablate_special,0.46,65536,0,0,0,0,0,0.5,4-4-4,0.0,12,sweep,0.7791726893600024,0.0,research/results/verify_epsilon_floor/20260926T210310Z
awqpe,0.47,65536,0,0,0,0,0,0.5,4-4-4,0.0,12,sweep,0.7791726893600024,0.0,research/results/verify_epsilon_floor/20260926T210310Z
awqpe_ablate_special,0.47,65536,0,0,0,0,0,0.5,4-4-4,0.0,12,sweep,0.7791726893600024,0.0,research/results/verify_epsilon_floor/20260926T210310Z
awqpe,0.48,65536,0,0,0,0,0,0.5,4-4-4,0.0,12,sweep,0.7791726893600024,0.0,research/results/verify_epsilon_floor/20260926T210310Z
awqpe_ablate_special,0.48,65536,0,0,0,0,0,0.5,4-4-4,0.0,12,sweep,0.7791726893600024,0.0,research/results/verify_epsilon_floor/20260926T210310Z
awqpe,0.49,65536,0,0,0,0,0,0.5,4-4-4,0.0,12,sweep,0.7791726893600024,0.0,research/results/verify_epsilon_floor/20260926T210310Z
awqpe_ablate_special,0.49,65536,0,0,0,0,0,0.5,4-4-4,0.0,12,sweep,0.7791726893600024,0.0,research/results/verify_epsilon_floor/20260926T210310Z
awqpe,0.5,65536,0,0,0,0,0,0.5,4-4-4,0.0,12,sweep,0.7791726893600024,0.0,research/results/verify_epsilon_floor/20260926T210310Z
awqpe_ablate_special,0.5,65536,0,0,0,0,0,0.5,4-4-4,0.0,12,sweep,0.7791726893600024,0.0,research/results/verify_epsilon_floor/20260926T210310Z
awqpe,0.51,65536,0,0,0,0,0,0.5,4-4-4,0.0,12,sweep,0.7791726893600024,0.0,research/results/verify_epsilon_floor/20260926T210310Z
awqpe_ablate_special,0.51,65536,0,0,0,0,0,0.5,4-4-4,0.0,12,sweep,0.7791726893600024,0.0,research/results/verify_epsilon_floor/20260926T210310Z
awqpe,0.52,65536,0,0,0,0,0,0.5,4-4-4,0.0,12,sweep,0.7791726893600024,0.0,research/results/verify_epsilon_floor/20260926T210310Z
awqpe_ablate_special,0.52,65536,0,0,0,0,0,0.5,4-4-4,0.0,12,sweep,0.7791726893600024,0.0,research/results/verify_epsilon_floor/20260926T210310Z
awqpe,0.53,65536,0,0,0,0,0,0.5,4-4-4,0.0,12,sweep,0.7791726893600024,0.0,research/results/verify_epsilon_floor/20260926T210310Z
awqpe_ablate_special,0.53,65536,0,0,0,0,0,0.5,4-4-4,0.0,12,sweep,0.7791726893600024,0.0,research/results/verify_epsilon_floor/20260926T210310Z
awqpe,0.54,65536,0,0,0,0,0,0.5,4-4-4,0.0,12,sweep,0.7791726893600024,0.0,research/results/verify_epsilon_floor/20260926T210310Z
awqpe_ablate_special,0.54,65536,0,0,0,0,0,0.5,4-4-4,0.0,12,sweep,0.7791726893600024,0.0,research/results/verify_epsilon_floor/20260926T210310Z
awqpe,0.55,65536,0,0,0,0,0,0.5,4-4-4,0.0,12,sweep,0.7791726893600024,0.0,research/results/verify_epsilon_floor/20260926T210310Z
awqpe_ablate_special,0.55,65536,0,0,0,0,0,0.5,4-4-4,0.0,12,sweep,0.7791726893600024,0.0,research/results/verify_epsilon_floor/20260926T210310Z
awqpe,0.56,65536,0,0,0,0,0,0.5,4-4-4,0.0,12,sweep,0.7791726893600024,0.0,research/results/verify_epsilon_floor/20260926T210310Z
awqpe_ablate_special,0.56,65536,0,0,0,0,0,0.5,4-4-4,0.0,12,sweep,0.7791726893600024,0.0,research/results/verify_epsilon_floor/20260926T210310Z
awqpe,0.57,65536,0,0,0,0,0,0.5,4-4-4,0.0,12,sweep,0.7791726893600024,0.0,research/results/verify_epsilon_floor/20260926T210310Z
awqpe_ablate_special,0.57,65536,0,0,0,0,0,0.5,4-4-4,0.0,12,sweep,0.7791726893600024,0.0,research/results/verify_epsilon_floor/20260926T210310Z
awqpe,0.58,65536,0,0,0,0,0,0.5,4-4-4,0.0,12,sweep,0.7791726893600024,0.0,research/results/verify_epsilon_floor/20260926T210310Z
awqpe_ablate_special,0.58,65536,0,0,0,0,0,0.5,4-4-4,0.0,12,sweep,0.7791726893600024,0.0,research/results/verify_epsilon_floor/20260926T210310Z
awqpe,0.59,65536,0,0,0,0,0,0.5,4-4-4,0.0,12,sweep,0.7791726893600024,0.0,research/results/verify_epsilon_floor/20260926T210310Z
awqpe_ablate_special,0.59,65536,0,0,0,0,0,0.5,4-4-4,0.0,12,sweep,0.7791726893600024,0.0,research/results/verify_epsilon_floor/20260926T210310Z
awqpe,0.6,65536,0,0,0,0,0,0.5,4-4-4,0.0,12,sweep,0.7791726893600024,0.0,research/results/verify_epsilon_floor/20260926T210310Z
awqpe_ablate_special,0.6,65536,0,0,0,0,0,0.5,4-4-4,0.0,12,sweep,0.7791726893600024,0.0,research/results/verify_epsilon_floor/20260926T210310Z
awqpe,0.61,65536,0,0,0,0,0,0.5,4-4-4,0.0,12,sweep,0.7791726893600024,0.0,research/results/verify_epsilon_floor/20260926T210310Z
awqpe_ablate_special,0.61,65536,0,0,0,0,0,0.5,4-4-4,0.0,12,sweep,0.7791726893600024,0.0,research/results/verify_epsilon_floor/20260926T210310Z
awqpe,0.62,65536,0,0,0,0,0,0.5,4-4-4,0.0,12,sweep,0.7791726893600024,0.0,research/results/verify_epsilon_floor/20260926T210310Z
awqpe_ablate_special,0.62,65536,0,0,0,0,0,0.5,4-4-4,0.0,12,sweep,0.7791726893600024,0.0,research/results/verify_epsilon_floor/20260926T210310Z
awqpe,0.63,65536,0,0,0,0,0,0.5,4-4-4,0.0,12,sweep,0.7791726893600024,0.0,research/results/verify_epsilon_floor/20260926T210310Z
awqpe_ablate_special,0.63,65536,0,0,0,0,0,0.5,4-4-4,0.0,12,sweep,0.7791726893600024,0.0,research/results/verify_epsilon_floor/20260926T210310Z
awqpe,0.64,65536,0,0,0,0,0,0.5,4-4-4,0.0,12,sweep,0.7791726893600024,0.0,research/results/verify_epsilon_floor/20260926T210310Z
awqpe_ablate_special,0.64,65536,0,0,0,0,0,0.5,4-4-4,0.0,12,sweep,0.7791726893600024,0.0,research/results/verify_epsilon_floor/20260926T210310Z
awqpe,0.65,65536,0,0,0,0,0,0.5,4-4-4,0.0,12,sweep,0.7791726893600024,0.0,research/results/verify_epsilon_floor/20260926T210310Z
awqpe_ablate_special,0.65,65536,0,0,0,0,0,0.5,4-4-4,0.0,12,sweep,0.7791726893600024,0.0,research/results/verify_epsilon_floor/20260926T210310Z
awqpe,0.66,65536,0,0,0,0,0,0.5,4-4-4,0.0,12,sweep,0.7791726893600024,0.0,research/results/verify_epsilon_floor/20260926T210310Z
awqpe_ablate_special,0.66,65536,0,0,0,0,0,0.5,4-4-4,0.0,12,sweep,0.7791726893600024,0.0,research/results/verify_epsilon_floor/20260926T210310Z
awqpe,0.67,65536,0,0,0,0,0,0.5,4-4-4,0.0,12,sweep,0.7791726893600024,0.0,research/results/verify_epsilon_floor/20260926T210310Z
awqpe_ablate_special,0.67,65536,0,0,0,0,0,0.5,4-4-4,0.0,12,sweep,0.7791726893600024,0.0,research/results/verify_epsilon_floor/20260926T210310Z
awqpe,0.68,65536,0,0,0,0,0,0.5,4-4-4,0.0,12,sweep,0.7791726893600024,0.0,research/results/verify_epsilon_floor/20260926T210310Z
awqpe_ablate_special,0.68,65536,0,0,0,0,0,0.5,4-4-4,0.0,12,sweep,0.7791726893600024,0.0,research/results/verify_epsilon_floor/20260926T210310Z
awqpe,0.69,65536,0,0,0,0,0,0.5,4-4-4,0.0,12,sweep,0.7791726893600024,0.0,research/results/verify_epsilon_floor/20260926T210310Z
awqpe_ablate_special,0.69,65536,0,0,0,0,0,0.5,4-4-4,0.0,12,sweep,0.7791726893600024,0.0,research/results/verify_epsilon_floor/20260926T210310Z
awqpe,0.7,65536,0,0,0,0,0,0.5,4-4-4,0.0,12,sweep,0.7791726893600024,0.0,research/results/verify_epsilon_floor/20260926T210310Z
awqpe_ablate_special,0.7,65536,0,0,0,0,0,0.5,4-4-4,0.0,12,sweep,0.7791726893600024,0.0,research/results/verify_epsilon_floor/20260926T210310Z
awqpe,0.71,65536,0,0,0,0,0,0.5,4-4-4,0.0,12,sweep,0.7791726893600024,0.0,research/results/verify_epsilon_floor/20260926T210310Z
awqpe_ablate_special,0.71,65536,0,0,0,0,0,0.5,4-4-4,0.0,12,sweep,0.7791726893600024,0.0,research/results/verify_epsilon_floor/20260926T210310Z
awqpe,0.72,65536,0,0,0,0,0,0.5,4-4-4,0.0,12,sweep,0.7791726893600024,0.0,research/results/verify_epsilon_floor/20260926T210310Z
awqpe_ablate_special,0.72,65536,0,0,0,0,0,0.5,4-4-4,0.0,12,sweep,0.7791726893600024,0.0,research/results/verify_epsilon_floor/20260926T210310Z
awqpe,0.73,65536,0,0,0,0,0,0.5,4-4-4,0.0,12,sweep,0.7791726893600024,0.0,research/results/verify_epsilon_floor/20260926T210310Z
awqpe_ablate_special,0.73,65536,0,0,0,0,0,0.5,4-4-4,0.0,12,sweep,0.7791726893600024,0.0,research/results/verify_epsilon_floor/20260926T210310Z
awqpe,0.74,65536,0,0,0,0,0,0.5,4-4-4,0.0,12,sweep,0.7791726893600024,0.0,research/results/verify_epsilon_floor/20260926T210310Z
awqpe_ablate_special,0.74,65536,0,0,0,0,0,0.5,4-4-4,0.0,12,sweep,0.7791726893600024,0.0,research/results/verify_epsilon_floor/20260926T210310Z
awqpe,0.75,65536,0,0,0,0,0,0.5,4-4-4,0.0,12,sweep,0.7791726893600024,0.0,research/results/verify_epsilon_floor/20260926T210310Z
awqpe_ablate_special,0.75,65536,0,0,0,0,0,0.5,4-4-4,0.0,12,sweep,0.7791726893600024,0.0,research/results/verify_epsilon_floor/20260926T210310Z
awqpe,0.76,65536,0,0,0,0,0,0.5,4-4-4,0.0,12,sweep,0.7791726893600024,0.0,research/results/verify_epsilon_floor/20260926T210310Z
awqpe_ablate_special,0.76,65536,0,0,0,0,0,0.5,4-4-4,0.0,12,sweep,0.7791726893600024,0.0,research/results/verify_epsilon_floor/20260926T210310Z
awqpe,0.77,65536,0,0,0,0,0,0.5,4-4-4,0.0,12,sweep,0.7791726893600024,0.0,research/results/verify_epsilon_floor/20260926T210310Z
awqpe_ablate_special,0.77,65536,0,0,0,0,0,0.5,4-4-4,0.0,12,sweep,0.7791726893600024,0.0,research/results/verify_epsilon_floor/20260926T210310Z
awqpe,0.78,65536,256,0,0,0,256,15.5,4-4-4,0.0,12,sweep,0.7791726893600024,0.00390625,research/results/verify_epsilon_floor/20260926T210310Z
awqpe_ablate_special,0.78,65536,0,256,0,256,0,0.5,4-4-4,0.0,12,sweep,0.7791726893600024,0.0,research/results/verify_epsilon_floor/20260926T210310Z
awqpe,0.79,65536,256,0,0,0,256,15.5,4-4-4,0.0,12,sweep,0.7791726893600024,0.00390625,research/results/verify_epsilon_floor/20260926T210310Z
awqpe_ablate_special,0.79,65536,0,256,0,256,0,0.5,4-4-4,0.0,12,sweep,0.7791726893600024,0.0,research/results/verify_epsilon_floor/20260926T210310Z
awqpe,0.8,65536,256,0,0,0,256,240.5,4-4-4,0.0,12,sweep,0.7791726893600024,0.00390625,research/results/verify_epsilon_floor/20260926T210310Z
awqpe_ablate_special,0.8,65536,0,256,0,256,0,0.5,4-4-4,0.0,12,sweep,0.7791726893600024,0.0,research/results/verify_epsilon_floor/20260926T210310Z
awqpe,0.81,65536,512,256,256,0,256,240.5,4-4-4,0.0,12,sweep,0.7791726893600024,0.0078125,research/results/verify_epsilon_floor/20260926T210310Z
awqpe_ablate_special,0.81,65536,256,512,256,256,0,240.4375,4-4-4,0.0,12,sweep,0.7791726893600024,0.00390625,research/results/verify_epsilon_floor/20260926T210310Z
awqpe,0.82,65536,512,256,256,0,256,240.5,4-4-4,0.0,12,sweep,0.7791726893600024,0.0078125,research/results/verify_epsilon_floor/20260926T210310Z
awqpe_ablate_special,0.82,65536,256,512,256,256,0,240.4375,4-4-4,0.0,12,sweep,0.7791726893600024,0.00390625,research/results/verify_epsilon_floor/20260926T210310Z
awqpe,0.83,65536,768,512,512,0,256,240.5,4-4-4,0.0,12,sweep,0.7791726893600024,0.01171875,research/results/verify_epsilon_floor/20260926T210310Z
awqpe_ablate_special,0.83,65536,512,768,512,256,0,240.4375,4-4-4,0.0,12,sweep,0.7791726893600024,0.0078125,research/results/verify_epsilon_floor/20260926T210310Z
awqpe,0.84,65536,768,512,512,0,256,240.5,4-4-4,0.0,12,sweep,0.7791726893600024,0.01171875,research/results/verify_epsilon_floor/20260926T210310Z
awqpe_ablate_special,0.84,65536,512,768,512,256,0,240.4375,4-4-4,0.0,12,sweep,0.7791726893600024,0.0078125,research/results/verify_epsilon_floor/20260926T210310Z
awqpe,0.85,65536,768,512,512,0,256,240.5,4-4-4,0.0,12,sweep,0.7791726893600024,0.01171875,research/results/verify_epsilon_floor/20260926T210310Z
awqpe_ablate_special,0.85,65536,512,768,512,256,0,240.4375,4-4-4,0.0,12,sweep,0.7791726893600024,0.0078125,research/results/verify_epsilon_floor/20260926T210310Z
awqpe,0.86,65536,1024,768,768,0,256,240.5,4-4-4,0.0,12,sweep,0.7791726893600024,0.015625,research/results/verify_epsilon_floor/20260926T210310Z
awqpe_ablate_special,0.86,65536,768,1024,768,256,0,240.4375,4-4-4,0.0,12,sweep,0.7791726893600024,0.01171875,research/results/verify_epsilon_floor/20260926T210310Z
awqpe,0.87,65536,1024,768,768,0,256,240.5,4-4-4,0.0,12,sweep,0.7791726893600024,0.015625,research/results/verify_epsilon_floor/20260926T210310Z
awqpe_ablate_special,0.87,65536,768,1024,768,256,0,240.4375,4-4-4,0.0,12,sweep,0.7791726893600024,0.01171875,research/results/verify_epsilon_floor/20260926T210310Z
awqpe,0.88,65536,1024,768,768,0,256,240.5,4-4-4,0.0,12,sweep,0.7791726893600024,0.015625,research/results/verify_epsilon_floor/20260926T210310Z
awqpe_ablate_special,0.88,65536,768,1024,768,256,0,240.4375,4-4-4,0.0,12,sweep,0.7791726893600024,0.01171875,research/results/verify_epsilon_floor/20260926T210310Z
awqpe,0.89,65536,1280,1024,1024,0,256,240.5,4-4-4,0.0,12,sweep,0.7791726893600024,0.01953125,research/results/verify_epsilon_floor/20260926T210310Z
awqpe_ablate_special,0.89,65536,1024,1280,1024,256,0,240.4375,4-4-4,0.0,12,sweep,0.7791726893600024,0.015625,research/results/verify_epsilon_floor/20260926T210310Z
awqpe,0.9,65536,1280,1024,1024,0,256,240.5,4-4-4,0.0,12,sweep,0.7791726893600024,0.01953125,research/results/verify_epsilon_floor/20260926T210310Z
awqpe_ablate_special,0.9,65536,1024,1280,1024,256,0,240.4375,4-4-4,0.0,12,sweep,0.7791726893600024,0.015625,research/results/verify_epsilon_floor/20260926T210310Z
awqpe,0.91,65536,1280,1024,1024,0,256,240.5,4-4-4,0.0,12,sweep,0.7791726893600024,0.01953125,research/results/verify_epsilon_floor/20260926T210310Z
awqpe_ablate_special,0.91,65536,1024,1280,1024,256,0,240.4375,4-4-4,0.0,12,sweep,0.7791726893600024,0.015625,research/results/verify_epsilon_floor/20260926T210310Z
awqpe,0.92,65536,1536,1280,1280,0,256,240.5,4-4-4,0.0,12,sweep,0.7791726893600024,0.0234375,research/results/verify_epsilon_floor/20260926T210310Z
awqpe_ablate_special,0.92,65536,1280,1536,1280,256,0,240.4375,4-4-4,0.0,12,sweep,0.7791726893600024,0.01953125,research/results/verify_epsilon_floor/20260926T210310Z
awqpe,0.93,65536,1536,1280,1280,0,256,240.5,4-4-4,0.0,12,sweep,0.7791726893600024,0.0234375,research/results/verify_epsilon_floor/20260926T210310Z
awqpe_ablate_special,0.93,65536,1280,1536,1280,256,0,240.4375,4-4-4,0.0,12,sweep,0.7791726893600024,0.01953125,research/results/verify_epsilon_floor/20260926T210310Z
awqpe,0.94,65536,1792,1536,1536,0,256,240.5,4-4-4,0.0,12,sweep,0.7791726893600024,0.02734375,research/results/verify_epsilon_floor/20260926T210310Z
awqpe_ablate_special,0.94,65536,1536,1792,1536,256,0,240.4375,4-4-4,0.0,12,sweep,0.7791726893600024,0.0234375,research/results/verify_epsilon_floor/20260926T210310Z
awqpe,0.95,65536,1792,1536,1536,0,256,240.5,4-4-4,0.0,12,sweep,0.7791726893600024,0.02734375,research/results/verify_epsilon_floor/20260926T210310Z
awqpe_ablate_special,0.95,65536,1536,1792,1536,256,0,240.4375,4-4-4,0.0,12,sweep,0.7791726893600024,0.0234375,research/results/verify_epsilon_floor/20260926T210310Z
awqpe,0.96,65536,1792,1536,1536,0,256,240.5,4-4-4,0.0,12,sweep,0.7791726893600024,0.02734375,research/results/verify_epsilon_floor/20260926T210310Z
awqpe_ablate_special,0.96,65536,1536,1792,1536,256,0,240.4375,4-4-4,0.0,12,sweep,0.7791726893600024,0.0234375,research/results/verify_epsilon_floor/20260926T210310Z
awqpe,0.97,65536,2048,1792,1792,0,256,240.5,4-4-4,0.0,12,sweep,0.7791726893600024,0.03125,research/results/verify_epsilon_floor/20260926T210310Z
awqpe_ablate_special,0.97,65536,1792,2048,1792,256,0,240.4375,4-4-4,0.0,12,sweep,0.7791726893600024,0.02734375,research/results/verify_epsilon_floor/20260926T210310Z
awqpe,0.98,65536,2048,1792,1792,0,256,240.5,4-4-4,0.0,12,sweep,0.7791726893600024,0.03125,research/results/verify_epsilon_floor/20260926T210310Z
awqpe_ablate_special,0.98,65536,1792,2048,1792,256,0,240.4375,4-4-4,0.0,12,sweep,0.7791726893600024,0.02734375,research/results/verify_epsilon_floor/20260926T210310Z
awqpe,0.99,65536,2096,1824,1824,0,272,255.625,4-4-4,0.0,12,sweep,0.7791726893600024,0.031982421875,research/results/verify_epsilon_floor/20260926T210310Z
awqpe_ablate_special,0.99,65536,1824,2096,1824,272,0,255.625,4-4-4,0.0,12,sweep,0.7791726893600024,0.02783203125,research/results/verify_epsilon_floor/20260926T210310Z
awqpe,0.3,65536,0,0,0,0,0,0.47687500000006366,4-4-4,0.37,12,sweep,0.7791726893600024,0.0,research/results/verify_epsilon_floor/20260926T210310Z
awqpe_ablate_special,0.3,65536,0,0,0,0,0,0.47687500000006366,4-4-4,0.37,12,sweep,0.7791726893600024,0.0,research/results/verify_epsilon_floor/20260926T210310Z
awqpe,0.31,65536,0,0,0,0,0,0.47687500000006366,4-4-4,0.37,12,sweep,0.7791726893600024,0.0,research/results/verify_epsilon_floor/20260926T210310Z
awqpe_ablate_special,0.31,65536,0,0,0,0,0,0.47687500000006366,4-4-4,0.37,12,sweep,0.7791726893600024,0.0,research/results/verify_epsilon_floor/20260926T210310Z
awqpe,0.32,65536,0,0,0,0,0,0.47687500000006366,4-4-4,0.37,12,sweep,0.7791726893600024,0.0,research/results/verify_epsilon_floor/20260926T210310Z
awqpe_ablate_special,0.32,65536,0,0,0,0,0,0.47687500000006366,4-4-4,0.37,12,sweep,0.7791726893600024,0.0,research/results/verify_epsilon_floor/20260926T210310Z
awqpe,0.33,65536,0,0,0,0,0,0.47687500000006366,4-4-4,0.37,12,sweep,0.7791726893600024,0.0,research/results/verify_epsilon_floor/20260926T210310Z
awqpe_ablate_special,0.33,65536,0,0,0,0,0,0.47687500000006366,4-4-4,0.37,12,sweep,0.7791726893600024,0.0,research/results/verify_epsilon_floor/20260926T210310Z
awqpe,0.34,65536,0,0,0,0,0,0.47687500000006366,4-4-4,0.37,12,sweep,0.7791726893600024,0.0,research/results/verify_epsilon_floor/20260926T210310Z
awqpe_ablate_special,0.34,65536,0,0,0,0,0,0.47687500000006366,4-4-4,0.37,12,sweep,0.7791726893600024,0.0,research/results/verify_epsilon_floor/20260926T210310Z
awqpe,0.35,65536,0,0,0,0,0,0.47687500000006366,4-4-4,0.37,12,sweep,0.7791726893600024,0.0,research/results/verify_epsilon_floor/20260926T210310Z
awqpe_ablate_special,0.35,65536,0,0,0,0,0,0.47687500000006366,4-4-4,0.37,12,sweep,0.7791726893600024,0.0,research/results/verify_epsilon_floor/20260926T210310Z
awqpe,0.36,65536,0,0,0,0,0,0.47687500000006366,4-4-4,0.37,12,sweep,0.7791726893600024,0.0,research/results/verify_epsilon_floor/20260926T210310Z
awqpe_ablate_special,0.36,65536,0,0,0,0,0,0.47687500000006366,4-4-4,0.37,12,sweep,0.7791726893600024,0.0,research/results/verify_epsilon_floor/20260926T210310Z
awqpe,0.37,65536,0,0,0,0,0,0.47687500000006366,4-4-4,0.37,12,sweep,0.7791726893600024,0.0,research/results/verify_epsilon_floor/20260926T210310Z
awqpe_ablate_special,0.37,65536,0,0,0,0,0,0.47687500000006366,4-4-4,0.37,12,sweep,0.7791726893600024,0.0,research/results/verify_epsilon_floor/20260926T210310Z
awqpe,0.38,65536,0,0,0,0,0,0.47687500000006366,4-4-4,0.37,12,sweep,0.7791726893600024,0.0,research/results/verify_epsilon_floor/20260926T210310Z
awqpe_ablate_special,0.38,65536,0,0,0,0,0,0.47687500000006366,4-4-4,0.37,12,sweep,0.7791726893600024,0.0,research/results/verify_epsilon_floor/20260926T210310Z
awqpe,0.39,65536,0,0,0,0,0,0.47687500000006366,4-4-4,0.37,12,sweep,0.7791726893600024,0.0,research/results/verify_epsilon_floor/20260926T210310Z
awqpe_ablate_special,0.39,65536,0,0,0,0,0,0.47687500000006366,4-4-4,0.37,12,sweep,0.7791726893600024,0.0,research/results/verify_epsilon_floor/20260926T210310Z
awqpe,0.4,65536,0,0,0,0,0,0.47687500000006366,4-4-4,0.37,12,sweep,0.7791726893600024,0.0,research/results/verify_epsilon_floor/20260926T210310Z
awqpe_ablate_special,0.4,65536,0,0,0,0,0,0.47687500000006366,4-4-4,0.37,12,sweep,0.7791726893600024,0.0,research/results/verify_epsilon_floor/20260926T210310Z
awqpe,0.41,65536,0,0,0,0,0,0.47687500000006366,4-4-4,0.37,12,sweep,0.7791726893600024,0.0,research/results/verify_epsilon_floor/20260926T210310Z
awqpe_ablate_special,0.41,65536,0,0,0,0,0,0.47687500000006366,4-4-4,0.37,12,sweep,0.7791726893600024,0.0,research/results/verify_epsilon_floor/20260926T210310Z
awqpe,0.42,65536,0,0,0,0,0,0.47687500000006366,4-4-4,0.37,12,sweep,0.7791726893600024,0.0,research/results/verify_epsilon_floor/20260926T210310Z
awqpe_ablate_special,0.42,65536,0,0,0,0,0,0.47687500000006366,4-4-4,0.37,12,sweep,0.7791726893600024,0.0,research/results/verify_epsilon_floor/20260926T210310Z
awqpe,0.43,65536,0,0,0,0,0,0.47687500000006366,4-4-4,0.37,12,sweep,0.7791726893600024,0.0,research/results/verify_epsilon_floor/20260926T210310Z
awqpe_ablate_special,0.43,65536,0,0,0,0,0,0.47687500000006366,4-4-4,0.37,12,sweep,0.7791726893600024,0.0,research/results/verify_epsilon_floor/20260926T210310Z
awqpe,0.44,65536,0,0,0,0,0,0.47687500000006366,4-4-4,0.37,12,sweep,0.7791726893600024,0.0,research/results/verify_epsilon_floor/20260926T210310Z
awqpe_ablate_special,0.44,65536,0,0,0,0,0,0.47687500000006366,4-4-4,0.37,12,sweep,0.7791726893600024,0.0,research/results/verify_epsilon_floor/20260926T210310Z
awqpe,0.45,65536,0,0,0,0,0,0.47687500000006366,4-4-4,0.37,12,sweep,0.7791726893600024,0.0,research/results/verify_epsilon_floor/20260926T210310Z
awqpe_ablate_special,0.45,65536,0,0,0,0,0,0.47687500000006366,4-4-4,0.37,12,sweep,0.7791726893600024,0.0,research/results/verify_epsilon_floor/20260926T210310Z
awqpe,0.46,65536,0,0,0,0,0,0.47687500000006366,4-4-4,0.37,12,sweep,0.7791726893600024,0.0,research/results/verify_epsilon_floor/20260926T210310Z
awqpe_ablate_special,0.46,65536,0,0,0,0,0,0.47687500000006366,4-4-4,0.37,12,sweep,0.7791726893600024,0.0,research/results/verify_epsilon_floor/20260926T210310Z
awqpe,0.47,65536,0,0,0,0,0,0.47687500000006366,4-4-4,0.37,12,sweep,0.7791726893600024,0.0,research/results/verify_epsilon_floor/20260926T210310Z
awqpe_ablate_special,0.47,65536,0,0,0,0,0,0.47687500000006366,4-4-4,0.37,12,sweep,0.7791726893600024,0.0,research/results/verify_epsilon_floor/20260926T210310Z
awqpe,0.48,65536,0,0,0,0,0,0.47687500000006366,4-4-4,0.37,12,sweep,0.7791726893600024,0.0,research/results/verify_epsilon_floor/20260926T210310Z
awqpe_ablate_special,0.48,65536,0,0,0,0,0,0.47687500000006366,4-4-4,0.37,12,sweep,0.7791726893600024,0.0,research/results/verify_epsilon_floor/20260926T210310Z
awqpe,0.49,65536,0,0,0,0,0,0.47687500000006366,4-4-4,0.37,12,sweep,0.7791726893600024,0.0,research/results/verify_epsilon_floor/20260926T210310Z
awqpe_ablate_special,0.49,65536,0,0,0,0,0,0.47687500000006366,4-4-4,0.37,12,sweep,0.7791726893600024,0.0,research/results/verify_epsilon_floor/20260926T210310Z
awqpe,0.5,65536,0,0,0,0,0,0.47687500000006366,4-4-4,0.37,12,sweep,0.7791726893600024,0.0,research/results/verify_epsilon_floor/20260926T210310Z
awqpe_ablate_special,0.5,65536,0,0,0,0,0,0.47687500000006366,4-4-4,0.37,12,sweep,0.7791726893600024,0.0,research/results/verify_epsilon_floor/20260926T210310Z
awqpe,0.51,65536,0,0,0,0,0,0.47687500000006366,4-4-4,0.37,12,sweep,0.7791726893600024,0.0,research/results/verify_epsilon_floor/20260926T210310Z
awqpe_ablate_special,0.51,65536,0,0,0,0,0,0.47687500000006366,4-4-4,0.37,12,sweep,0.7791726893600024,0.0,research/results/verify_epsilon_floor/20260926T210310Z
awqpe,0.52,65536,0,0,0,0,0,0.47687500000006366,4-4-4,0.37,12,sweep,0.7791726893600024,0.0,research/results/verify_epsilon_floor/20260926T210310Z
awqpe_ablate_special,0.52,65536,0,0,0,0,0,0.47687500000006366,4-4-4,0.37,12,sweep,0.7791726893600024,0.0,research/results/verify_epsilon_floor/20260926T210310Z
awqpe,0.53,65536,0,0,0,0,0,0.47687500000006366,4-4-4,0.37,12,sweep,0.7791726893600024,0.0,research/results/verify_epsilon_floor/20260926T210310Z
awqpe_ablate_special,0.53,65536,0,0,0,0,0,0.47687500000006366,4-4-4,0.37,12,sweep,0.7791726893600024,0.0,research/results/verify_epsilon_floor/20260926T210310Z
awqpe,0.54,65536,0,0,0,0,0,0.47687500000006366,4-4-4,0.37,12,sweep,0.7791726893600024,0.0,research/results/verify_epsilon_floor/20260926T210310Z
awqpe_ablate_special,0.54,65536,0,0,0,0,0,0.47687500000006366,4-4-4,0.37,12,sweep,0.7791726893600024,0.0,research/results/verify_epsilon_floor/20260926T210310Z
awqpe,0.55,65536,0,0,0,0,0,0.47687500000006366,4-4-4,0.37,12,sweep,0.7791726893600024,0.0,research/results/verify_epsilon_floor/20260926T210310Z
awqpe_ablate_special,0.55,65536,0,0,0,0,0,0.47687500000006366,4-4-4,0.37,12,sweep,0.7791726893600024,0.0,research/results/verify_epsilon_floor/20260926T210310Z
awqpe,0.56,65536,0,0,0,0,0,0.47687500000006366,4-4-4,0.37,12,sweep,0.7791726893600024,0.0,research/results/verify_epsilon_floor/20260926T210310Z
awqpe_ablate_special,0.56,65536,0,0,0,0,0,0.47687500000006366,4-4-4,0.37,12,sweep,0.7791726893600024,0.0,research/results/verify_epsilon_floor/20260926T210310Z
awqpe,0.57,65536,0,0,0,0,0,0.47687500000006366,4-4-4,0.37,12,sweep,0.7791726893600024,0.0,research/results/verify_epsilon_floor/20260926T210310Z
awqpe_ablate_special,0.57,65536,0,0,0,0,0,0.47687500000006366,4-4-4,0.37,12,sweep,0.7791726893600024,0.0,research/results/verify_epsilon_floor/20260926T210310Z
awqpe,0.58,65536,0,0,0,0,0,0.47687500000006366,4-4-4,0.37,12,sweep,0.7791726893600024,0.0,research/results/verify_epsilon_floor/20260926T210310Z
awqpe_ablate_special,0.58,65536,0,0,0,0,0,0.47687500000006366,4-4-4,0.37,12,sweep,0.7791726893600024,0.0,research/results/verify_epsilon_floor/20260926T210310Z
awqpe,0.59,65536,0,0,0,0,0,0.47687500000006366,4-4-4,0.37,12,sweep,0.7791726893600024,0.0,research/results/verify_epsilon_floor/20260926T210310Z
awqpe_ablate_special,0.59,65536,0,0,0,0,0,0.47687500000006366,4-4-4,0.37,12,sweep,0.7791726893600024,0.0,research/results/verify_epsilon_floor/20260926T210310Z
awqpe,0.6,65536,0,0,0,0,0,0.47687500000006366,4-4-4,0.37,12,sweep,0.7791726893600024,0.0,research/results/verify_epsilon_floor/20260926T210310Z
awqpe_ablate_special,0.6,65536,0,0,0,0,0,0.47687500000006366,4-4-4,0.37,12,sweep,0.7791726893600024,0.0,research/results/verify_epsilon_floor/20260926T210310Z
awqpe,0.61,65536,0,0,0,0,0,0.47687500000006366,4-4-4,0.37,12,sweep,0.7791726893600024,0.0,research/results/verify_epsilon_floor/20260926T210310Z
awqpe_ablate_special,0.61,65536,0,0,0,0,0,0.47687500000006366,4-4-4,0.37,12,sweep,0.7791726893600024,0.0,research/results/verify_epsilon_floor/20260926T210310Z
awqpe,0.62,65536,0,0,0,0,0,0.47687500000006366,4-4-4,0.37,12,sweep,0.7791726893600024,0.0,research/results/verify_epsilon_floor/20260926T210310Z
awqpe_ablate_special,0.62,65536,0,0,0,0,0,0.47687500000006366,4-4-4,0.37,12,sweep,0.7791726893600024,0.0,research/results/verify_epsilon_floor/20260926T210310Z
awqpe,0.63,65536,0,0,0,0,0,0.47687500000006366,4-4-4,0.37,12,sweep,0.7791726893600024,0.0,research/results/verify_epsilon_floor/20260926T210310Z
awqpe_ablate_special,0.63,65536,0,0,0,0,0,0.47687500000006366,4-4-4,0.37,12,sweep,0.7791726893600024,0.0,research/results/verify_epsilon_floor/20260926T210310Z
awqpe,0.64,65536,0,0,0,0,0,0.47687500000006366,4-4-4,0.37,12,sweep,0.7791726893600024,0.0,research/results/verify_epsilon_floor/20260926T210310Z
awqpe_ablate_special,0.64,65536,0,0,0,0,0,0.47687500000006366,4-4-4,0.37,12,sweep,0.7791726893600024,0.0,research/results/verify_epsilon_floor/20260926T210310Z
awqpe,0.65,65536,0,0,0,0,0,0.47687500000006366,4-4-4,0.37,12,sweep,0.7791726893600024,0.0,research/results/verify_epsilon_floor/20260926T210310Z
awqpe_ablate_special,0.65,65536,0,0,0,0,0,0.47687500000006366,4-4-4,0.37,12,sweep,0.7791726893600024,0.0,research/results/verify_epsilon_floor/20260926T210310Z
awqpe,0.66,65536,0,0,0,0,0,0.47687500000006366,4-4-4,0.37,12,sweep,0.7791726893600024,0.0,research/results/verify_epsilon_floor/20260926T210310Z
awqpe_ablate_special,0.66,65536,0,0,0,0,0,0.47687500000006366,4-4-4,0.37,12,sweep,0.7791726893600024,0.0,research/results/verify_epsilon_floor/20260926T210310Z
awqpe,0.67,65536,0,0,0,0,0,0.47687500000006366,4-4-4,0.37,12,sweep,0.7791726893600024,0.0,research/results/verify_epsilon_floor/20260926T210310Z
awqpe_ablate_special,0.67,65536,0,0,0,0,0,0.47687500000006366,4-4-4,0.37,12,sweep,0.7791726893600024,0.0,research/results/verify_epsilon_floor/20260926T210310Z
awqpe,0.68,65536,0,0,0,0,0,0.47687500000006366,4-4-4,0.37,12,sweep,0.7791726893600024,0.0,research/results/verify_epsilon_floor/20260926T210310Z
awqpe_ablate_special,0.68,65536,0,0,0,0,0,0.47687500000006366,4-4-4,0.37,12,sweep,0.7791726893600024,0.0,research/results/verify_epsilon_floor/20260926T210310Z
awqpe,0.69,65536,0,0,0,0,0,0.47687500000006366,4-4-4,0.37,12,sweep,0.7791726893600024,0.0,research/results/verify_epsilon_floor/20260926T210310Z
awqpe_ablate_special,0.69,65536,0,0,0,0,0,0.47687500000006366,4-4-4,0.37,12,sweep,0.7791726893600024,0.0,research/results/verify_epsilon_floor/20260926T210310Z
awqpe,0.7,65536,0,0,0,0,0,0.47687500000006366,4-4-4,0.37,12,sweep,0.7791726893600024,0.0,research/results/verify_epsilon_floor/20260926T210310Z
awqpe_ablate_special,0.7,65536,0,0,0,0,0,0.47687500000006366,4-4-4,0.37,12,sweep,0.7791726893600024,0.0,research/results/verify_epsilon_floor/20260926T210310Z
awqpe,0.71,65536,0,0,0,0,0,0.47687500000006366,4-4-4,0.37,12,sweep,0.7791726893600024,0.0,research/results/verify_epsilon_floor/20260926T210310Z
awqpe_ablate_special,0.71,65536,0,0,0,0,0,0.47687500000006366,4-4-4,0.37,12,sweep,0.7791726893600024,0.0,research/results/verify_epsilon_floor/20260926T210310Z
awqpe,0.72,65536,0,0,0,0,0,0.47687500000006366,4-4-4,0.37,12,sweep,0.7791726893600024,0.0,research/results/verify_epsilon_floor/20260926T210310Z
awqpe_ablate_special,0.72,65536,0,0,0,0,0,0.47687500000006366,4-4-4,0.37,12,sweep,0.7791726893600024,0.0,research/results/verify_epsilon_floor/20260926T210310Z
awqpe,0.73,65536,0,0,0,0,0,0.47687500000006366,4-4-4,0.37,12,sweep,0.7791726893600024,0.0,research/results/verify_epsilon_floor/20260926T210310Z
awqpe_ablate_special,0.73,65536,0,0,0,0,0,0.47687500000006366,4-4-4,0.37,12,sweep,0.7791726893600024,0.0,research/results/verify_epsilon_floor/20260926T210310Z
awqpe,0.74,65536,0,0,0,0,0,0.47687500000006366,4-4-4,0.37,12,sweep,0.7791726893600024,0.0,research/results/verify_epsilon_floor/20260926T210310Z
awqpe_ablate_special,0.74,65536,0,0,0,0,0,0.47687500000006366,4-4-4,0.37,12,sweep,0.7791726893600024,0.0,research/results/verify_epsilon_floor/20260926T210310Z
awqpe,0.75,65536,0,0,0,0,0,0.47687500000006366,4-4-4,0.37,12,sweep,0.7791726893600024,0.0,research/results/verify_epsilon_floor/20260926T210310Z
awqpe_ablate_special,0.75,65536,0,0,0,0,0,0.47687500000006366,4-4-4,0.37,12,sweep,0.7791726893600024,0.0,research/results/verify_epsilon_floor/20260926T210310Z
awqpe,0.76,65536,0,0,0,0,0,0.47687500000006366,4-4-4,0.37,12,sweep,0.7791726893600024,0.0,research/results/verify_epsilon_floor/20260926T210310Z
awqpe_ablate_special,0.76,65536,0,0,0,0,0,0.47687500000006366,4-4-4,0.37,12,sweep,0.7791726893600024,0.0,research/results/verify_epsilon_floor/20260926T210310Z
awqpe,0.77,65536,0,0,0,0,0,0.47687500000006366,4-4-4,0.37,12,sweep,0.7791726893600024,0.0,research/results/verify_epsilon_floor/20260926T210310Z
awqpe_ablate_special,0.77,65536,0,0,0,0,0,0.47687500000006366,4-4-4,0.37,12,sweep,0.7791726893600024,0.0,research/results/verify_epsilon_floor/20260926T210310Z
awqpe,0.78,65536,0,0,0,0,0,0.47687500000006366,4-4-4,0.37,12,sweep,0.7791726893600024,0.0,research/results/verify_epsilon_floor/20260926T210310Z
awqpe_ablate_special,0.78,65536,0,0,0,0,0,0.47687500000006366,4-4-4,0.37,12,sweep,0.7791726893600024,0.0,research/results/verify_epsilon_floor/20260926T210310Z
awqpe,0.79,65536,0,0,0,0,0,0.47687500000006366,4-4-4,0.37,12,sweep,0.7791726893600024,0.0,research/results/verify_epsilon_floor/20260926T210310Z
awqpe_ablate_special,0.79,65536,256,256,256,0,0,15.523125000000164,4-4-4,0.37,12,sweep,0.7791726893600024,0.00390625,research/results/verify_epsilon_floor/20260926T210310Z
awqpe,0.8,65536,256,256,256,0,0,240.46062500000016,4-4-4,0.37,12,sweep,0.7791726893600024,0.00390625,research/results/verify_epsilon_floor/20260926T210310Z
awqpe_ablate_special,0.8,65536,256,256,256,0,0,240.47687500000006,4-4-4,0.37,12,sweep,0.7791726893600024,0.00390625,research/results/verify_epsilon_floor/20260926T210310Z
awqpe,0.81,65536,256,256,256,0,0,240.46062500000016,4-4-4,0.37,12,sweep,0.7791726893600024,0.00390625,research/results/verify_epsilon_floor/20260926T210310Z
awqpe_ablate_special,0.81,65536,256,256,256,0,0,240.47687500000006,4-4-4,0.37,12,sweep,0.7791726893600024,0.00390625,research/results/verify_epsilon_floor/20260926T210310Z
awqpe,0.82,65536,512,512,512,0,0,240.46062500000016,4-4-4,0.37,12,sweep,0.7791726893600024,0.0078125,research/results/verify_epsilon_floor/20260926T210310Z
awqpe_ablate_special,0.82,65536,512,512,512,0,0,240.47687500000006,4-4-4,0.37,12,sweep,0.7791726893600024,0.0078125,research/results/verify_epsilon_floor/20260926T210310Z
awqpe,0.83,65536,512,512,512,0,0,240.46062500000016,4-4-4,0.37,12,sweep,0.7791726893600024,0.0078125,research/results/verify_epsilon_floor/20260926T210310Z
awqpe_ablate_special,0.83,65536,512,512,512,0,0,240.47687500000006,4-4-4,0.37,12,sweep,0.7791726893600024,0.0078125,research/results/verify_epsilon_floor/20260926T210310Z
awqpe,0.84,65536,512,512,512,0,0,240.46062500000016,4-4-4,0.37,12,sweep,0.7791726893600024,0.0078125,research/results/verify_epsilon_floor/20260926T210310Z
awqpe_ablate_special,0.84,65536,768,768,768,0,0,240.47687500000006,4-4-4,0.37,12,sweep,0.7791726893600024,0.01171875,research/results/verify_epsilon_floor/20260926T210310Z
awqpe,0.85,65536,768,768,768,0,0,240.46062500000016,4-4-4,0.37,12,sweep,0.7791726893600024,0.01171875,research/results/verify_epsilon_floor/20260926T210310Z
awqpe_ablate_special,0.85,65536,768,768,768,0,0,240.47687500000006,4-4-4,0.37,12,sweep,0.7791726893600024,0.01171875,research/results/verify_epsilon_floor/20260926T210310Z
awqpe,0.86,65536,768,768,768,0,0,240.46062500000016,4-4-4,0.37,12,sweep,0.7791726893600024,0.01171875,research/results/verify_epsilon_floor/20260926T210310Z
awqpe_ablate_special,0.86,65536,768,768,768,0,0,240.47687500000006,4-4-4,0.37,12,sweep,0.7791726893600024,0.01171875,research/results/verify_epsilon_floor/20260926T210310Z
awqpe,0.87,65536,768,768,768,0,0,240.46062500000016,4-4-4,0.37,12,sweep,0.7791726893600024,0.01171875,research/results/verify_epsilon_floor/20260926T210310Z
awqpe_ablate_special,0.87,65536,1024,1024,1024,0,0,240.47687500000006,4-4-4,0.37,12,sweep,0.7791726893600024,0.015625,research/results/verify_epsilon_floor/20260926T210310Z
awqpe,0.88,65536,1024,1024,1024,0,0,240.46062500000016,4-4-4,0.37,12,sweep,0.7791726893600024,0.015625,research/results/verify_epsilon_floor/20260926T210310Z
awqpe_ablate_special,0.88,65536,1024,1024,1024,0,0,240.47687500000006,4-4-4,0.37,12,sweep,0.7791726893600024,0.015625,research/results/verify_epsilon_floor/20260926T210310Z
awqpe,0.89,65536,1024,1024,1024,0,0,240.46062500000016,4-4-4,0.37,12,sweep,0.7791726893600024,0.015625,research/results/verify_epsilon_floor/20260926T210310Z
awqpe_ablate_special,0.89,65536,1024,1024,1024,0,0,240.47687500000006,4-4-4,0.37,12,sweep,0.7791726893600024,0.015625,research/results/verify_epsilon_floor/20260926T210310Z
awqpe,0.9,65536,1024,1024,1024,0,0,240.46062500000016,4-4-4,0.37,12,sweep,0.7791726893600024,0.015625,research/results/verify_epsilon_floor/20260926T210310Z
awqpe_ablate_special,0.9,65536,1280,1280,1280,0,0,240.47687500000006,4-4-4,0.37,12,sweep,0.7791726893600024,0.01953125,research/results/verify_epsilon_floor/20260926T210310Z
awqpe,0.91,65536,1280,1280,1280,0,0,240.46062500000016,4-4-4,0.37,12,sweep,0.7791726893600024,0.01953125,research/results/verify_epsilon_floor/20260926T210310Z
awqpe_ablate_special,0.91,65536,1280,1280,1280,0,0,240.47687500000006,4-4-4,0.37,12,sweep,0.7791726893600024,0.01953125,research/results/verify_epsilon_floor/20260926T210310Z
awqpe,0.92,65536,1280,1280,1280,0,0,240.46062500000016,4-4-4,0.37,12,sweep,0.7791726893600024,0.01953125,research/results/verify_epsilon_floor/20260926T210310Z
awqpe_ablate_special,0.92,65536,1280,1280,1280,0,0,240.47687500000006,4-4-4,0.37,12,sweep,0.7791726893600024,0.01953125,research/results/verify_epsilon_floor/20260926T210310Z
awqpe,0.93,65536,1536,1536,1536,0,0,240.46062500000016,4-4-4,0.37,12,sweep,0.7791726893600024,0.0234375,research/results/verify_epsilon_floor/20260926T210310Z
awqpe_ablate_special,0.93,65536,1536,1536,1536,0,0,240.47687500000006,4-4-4,0.37,12,sweep,0.7791726893600024,0.0234375,research/results/verify_epsilon_floor/20260926T210310Z
awqpe,0.94,65536,1536,1536,1536,0,0,240.46062500000016,4-4-4,0.37,12,sweep,0.7791726893600024,0.0234375,research/results/verify_epsilon_floor/20260926T210310Z
awqpe_ablate_special,0.94,65536,1536,1536,1536,0,0,240.47687500000006,4-4-4,0.37,12,sweep,0.7791726893600024,0.0234375,research/results/verify_epsilon_floor/20260926T210310Z
awqpe,0.95,65536,1536,1536,1536,0,0,240.46062500000016,4-4-4,0.37,12,sweep,0.7791726893600024,0.0234375,research/results/verify_epsilon_floor/20260926T210310Z
awqpe_ablate_special,0.95,65536,1536,1536,1536,0,0,240.47687500000006,4-4-4,0.37,12,sweep,0.7791726893600024,0.0234375,research/results/verify_epsilon_floor/20260926T210310Z
awqpe,0.96,65536,1792,1792,1792,0,0,240.46062500000016,4-4-4,0.37,12,sweep,0.7791726893600024,0.02734375,research/results/verify_epsilon_floor/20260926T210310Z
awqpe_ablate_special,0.96,65536,1792,1792,1792,0,0,240.47687500000006,4-4-4,0.37,12,sweep,0.7791726893600024,0.02734375,research/results/verify_epsilon_floor/20260926T210310Z
awqpe,0.97,65536,1792,1792,1792,0,0,240.46062500000016,4-4-4,0.37,12,sweep,0.7791726893600024,0.02734375,research/results/verify_epsilon_floor/20260926T210310Z
awqpe_ablate_special,0.97,65536,1792,1792,1792,0,0,240.47687500000006,4-4-4,0.37,12,sweep,0.7791726893600024,0.02734375,research/results/verify_epsilon_floor/20260926T210310Z
awqpe,0.98,65536,1792,1792,1792,0,0,240.46062500000016,4-4-4,0.37,12,sweep,0.7791726893600024,0.02734375,research/results/verify_epsilon_floor/20260926T210310Z
awqpe_ablate_special,0.98,65536,1792,1792,1792,0,0,240.47687500000006,4-4-4,0.37,12,sweep,0.7791726893600024,0.02734375,research/results/verify_epsilon_floor/20260926T210310Z
awqpe,0.99,65536,2096,2096,2096,0,0,255.66437500000006,4-4-4,0.37,12,sweep,0.7791726893600024,0.031982421875,research/results/verify_epsilon_floor/20260926T210310Z
awqpe_ablate_special,0.99,65536,2096,2096,2096,0,0,255.64812500000016,4-4-4,0.37,12,sweep,0.7791726893600024,0.031982421875,research/results/verify_epsilon_floor/20260926T210310Z
awqpe,0.3,16384,0,0,0,0,0,0.5,4-4,0.0,8,sweep,0.7791726893600024,0.0,research/results/verify_epsilon_floor/20260926T210310Z
awqpe_ablate_special,0.3,16384,0,0,0,0,0,0.5,4-4,0.0,8,sweep,0.7791726893600024,0.0,research/results/verify_epsilon_floor/20260926T210310Z
awqpe,0.31,16384,0,0,0,0,0,0.5,4-4,0.0,8,sweep,0.7791726893600024,0.0,research/results/verify_epsilon_floor/20260926T210310Z
awqpe_ablate_special,0.31,16384,0,0,0,0,0,0.5,4-4,0.0,8,sweep,0.7791726893600024,0.0,research/results/verify_epsilon_floor/20260926T210310Z
awqpe,0.32,16384,0,0,0,0,0,0.5,4-4,0.0,8,sweep,0.7791726893600024,0.0,research/results/verify_epsilon_floor/20260926T210310Z
awqpe_ablate_special,0.32,16384,0,0,0,0,0,0.5,4-4,0.0,8,sweep,0.7791726893600024,0.0,research/results/verify_epsilon_floor/20260926T210310Z
awqpe,0.33,16384,0,0,0,0,0,0.5,4-4,0.0,8,sweep,0.7791726893600024,0.0,research/results/verify_epsilon_floor/20260926T210310Z
awqpe_ablate_special,0.33,16384,0,0,0,0,0,0.5,4-4,0.0,8,sweep,0.7791726893600024,0.0,research/results/verify_epsilon_floor/20260926T210310Z
awqpe,0.34,16384,0,0,0,0,0,0.5,4-4,0.0,8,sweep,0.7791726893600024,0.0,research/results/verify_epsilon_floor/20260926T210310Z
awqpe_ablate_special,0.34,16384,0,0,0,0,0,0.5,4-4,0.0,8,sweep,0.7791726893600024,0.0,research/results/verify_epsilon_floor/20260926T210310Z
awqpe,0.35,16384,0,0,0,0,0,0.5,4-4,0.0,8,sweep,0.7791726893600024,0.0,research/results/verify_epsilon_floor/20260926T210310Z
awqpe_ablate_special,0.35,16384,0,0,0,0,0,0.5,4-4,0.0,8,sweep,0.7791726893600024,0.0,research/results/verify_epsilon_floor/20260926T210310Z
awqpe,0.36,16384,0,0,0,0,0,0.5,4-4,0.0,8,sweep,0.7791726893600024,0.0,research/results/verify_epsilon_floor/20260926T210310Z
awqpe_ablate_special,0.36,16384,0,0,0,0,0,0.5,4-4,0.0,8,sweep,0.7791726893600024,0.0,research/results/verify_epsilon_floor/20260926T210310Z
awqpe,0.37,16384,0,0,0,0,0,0.5,4-4,0.0,8,sweep,0.7791726893600024,0.0,research/results/verify_epsilon_floor/20260926T210310Z
awqpe_ablate_special,0.37,16384,0,0,0,0,0,0.5,4-4,0.0,8,sweep,0.7791726893600024,0.0,research/results/verify_epsilon_floor/20260926T210310Z
awqpe,0.38,16384,0,0,0,0,0,0.5,4-4,0.0,8,sweep,0.7791726893600024,0.0,research/results/verify_epsilon_floor/20260926T210310Z
awqpe_ablate_special,0.38,16384,0,0,0,0,0,0.5,4-4,0.0,8,sweep,0.7791726893600024,0.0,research/results/verify_epsilon_floor/20260926T210310Z
awqpe,0.39,16384,0,0,0,0,0,0.5,4-4,0.0,8,sweep,0.7791726893600024,0.0,research/results/verify_epsilon_floor/20260926T210310Z
awqpe_ablate_special,0.39,16384,0,0,0,0,0,0.5,4-4,0.0,8,sweep,0.7791726893600024,0.0,research/results/verify_epsilon_floor/20260926T210310Z
awqpe,0.4,16384,0,0,0,0,0,0.5,4-4,0.0,8,sweep,0.7791726893600024,0.0,research/results/verify_epsilon_floor/20260926T210310Z
awqpe_ablate_special,0.4,16384,0,0,0,0,0,0.5,4-4,0.0,8,sweep,0.7791726893600024,0.0,research/results/verify_epsilon_floor/20260926T210310Z
awqpe,0.41,16384,0,0,0,0,0,0.5,4-4,0.0,8,sweep,0.7791726893600024,0.0,research/results/verify_epsilon_floor/20260926T210310Z
awqpe_ablate_special,0.41,16384,0,0,0,0,0,0.5,4-4,0.0,8,sweep,0.7791726893600024,0.0,research/results/verify_epsilon_floor/20260926T210310Z
awqpe,0.42,16384,0,0,0,0,0,0.5,4-4,0.0,8,sweep,0.7791726893600024,0.0,research/results/verify_epsilon_floor/20260926T210310Z
awqpe_ablate_special,0.42,16384,0,0,0,0,0,0.5,4-4,0.0,8,sweep,0.7791726893600024,0.0,research/results/verify_epsilon_floor/20260926T210310Z
awqpe,0.43,16384,0,0,0,0,0,0.5,4-4,0.0,8,sweep,0.7791726893600024,0.0,research/results/verify_epsilon_floor/20260926T210310Z
awqpe_ablate_special,0.43,16384,0,0,0,0,0,0.5,4-4,0.0,8,sweep,0.7791726893600024,0.0,research/results/verify_epsilon_floor/20260926T210310Z
awqpe,0.44,16384,0,0,0,0,0,0.5,4-4,0.0,8,sweep,0.7791726893600024,0.0,research/results/verify_epsilon_floor/20260926T210310Z
awqpe_ablate_special,0.44,16384,0,0,0,0,0,0.5,4-4,0.0,8,sweep,0.7791726893600024,0.0,research/results/verify_epsilon_floor/20260926T210310Z
awqpe,0.45,16384,0,0,0,0,0,0.5,4-4,0.0,8,sweep,0.7791726893600024,0.0,research/results/verify_epsilon_floor/20260926T210310Z
awqpe_ablate_special,0.45,16384,0,0,0,0,0,0.5,4-4,0.0,8,sweep,0.7791726893600024,0.0,research/results/verify_epsilon_floor/20260926T210310Z
awqpe,0.46,16384,0,0,0,0,0,0.5,4-4,0.0,8,sweep,0.7791726893600024,0.0,research/results/verify_epsilon_floor/20260926T210310Z
awqpe_ablate_special,0.46,16384,0,0,0,0,0,0.5,4-4,0.0,8,sweep,0.7791726893600024,0.0,research/results/verify_epsilon_floor/20260926T210310Z
awqpe,0.47,16384,0,0,0,0,0,0.5,4-4,0.0,8,sweep,0.7791726893600024,0.0,research/results/verify_epsilon_floor/20260926T210310Z
awqpe_ablate_special,0.47,16384,0,0,0,0,0,0.5,4-4,0.0,8,sweep,0.7791726893600024,0.0,research/results/verify_epsilon_floor/20260926T210310Z
awqpe,0.48,16384,0,0,0,0,0,0.5,4-4,0.0,8,sweep,0.7791726893600024,0.0,research/results/verify_epsilon_floor/20260926T210310Z
awqpe_ablate_special,0.48,16384,0,0,0,0,0,0.5,4-4,0.0,8,sweep,0.7791726893600024,0.0,research/results/verify_epsilon_floor/20260926T210310Z
awqpe,0.49,16384,0,0,0,0,0,0.5,4-4,0.0,8,sweep,0.7791726893600024,0.0,research/results/verify_epsilon_floor/20260926T210310Z
awqpe_ablate_special,0.49,16384,0,0,0,0,0,0.5,4-4,0.0,8,sweep,0.7791726893600024,0.0,research/results/verify_epsilon_floor/20260926T210310Z
awqpe,0.5,16384,0,0,0,0,0,0.5,4-4,0.0,8,sweep,0.7791726893600024,0.0,research/results/verify_epsilon_floor/20260926T210310Z
awqpe_ablate_special,0.5,16384,0,0,0,0,0,0.5,4-4,0.0,8,sweep,0.7791726893600024,0.0,research/results/verify_epsilon_floor/20260926T210310Z
awqpe,0.51,16384,0,0,0,0,0,0.5,4-4,0.0,8,sweep,0.7791726893600024,0.0,research/results/verify_epsilon_floor/20260926T210310Z
awqpe_ablate_special,0.51,16384,0,0,0,0,0,0.5,4-4,0.0,8,sweep,0.7791726893600024,0.0,research/results/verify_epsilon_floor/20260926T210310Z
awqpe,0.52,16384,0,0,0,0,0,0.5,4-4,0.0,8,sweep,0.7791726893600024,0.0,research/results/verify_epsilon_floor/20260926T210310Z
awqpe_ablate_special,0.52,16384,0,0,0,0,0,0.5,4-4,0.0,8,sweep,0.7791726893600024,0.0,research/results/verify_epsilon_floor/20260926T210310Z
awqpe,0.53,16384,0,0,0,0,0,0.5,4-4,0.0,8,sweep,0.7791726893600024,0.0,research/results/verify_epsilon_floor/20260926T210310Z
awqpe_ablate_special,0.53,16384,0,0,0,0,0,0.5,4-4,0.0,8,sweep,0.7791726893600024,0.0,research/results/verify_epsilon_floor/20260926T210310Z
awqpe,0.54,16384,0,0,0,0,0,0.5,4-4,0.0,8,sweep,0.7791726893600024,0.0,research/results/verify_epsilon_floor/20260926T210310Z
awqpe_ablate_special,0.54,16384,0,0,0,0,0,0.5,4-4,0.0,8,sweep,0.7791726893600024,0.0,research/results/verify_epsilon_floor/20260926T210310Z
awqpe,0.55,16384,0,0,0,0,0,0.5,4-4,0.0,8,sweep,0.7791726893600024,0.0,research/results/verify_epsilon_floor/20260926T210310Z
awqpe_ablate_special,0.55,16384,0,0,0,0,0,0.5,4-4,0.0,8,sweep,0.7791726893600024,0.0,research/results/verify_epsilon_floor/20260926T210310Z
awqpe,0.56,16384,0,0,0,0,0,0.5,4-4,0.0,8,sweep,0.7791726893600024,0.0,research/results/verify_epsilon_floor/20260926T210310Z
awqpe_ablate_special,0.56,16384,0,0,0,0,0,0.5,4-4,0.0,8,sweep,0.7791726893600024,0.0,research/results/verify_epsilon_floor/20260926T210310Z
awqpe,0.57,16384,0,0,0,0,0,0.5,4-4,0.0,8,sweep,0.7791726893600024,0.0,research/results/verify_epsilon_floor/20260926T210310Z
awqpe_ablate_special,0.57,16384,0,0,0,0,0,0.5,4-4,0.0,8,sweep,0.7791726893600024,0.0,research/results/verify_epsilon_floor/20260926T210310Z
awqpe,0.58,16384,0,0,0,0,0,0.5,4-4,0.0,8,sweep,0.7791726893600024,0.0,research/results/verify_epsilon_floor/20260926T210310Z
awqpe_ablate_special,0.58,16384,0,0,0,0,0,0.5,4-4,0.0,8,sweep,0.7791726893600024,0.0,research/results/verify_epsilon_floor/20260926T210310Z
awqpe,0.59,16384,0,0,0,0,0,0.5,4-4,0.0,8,sweep,0.7791726893600024,0.0,research/results/verify_epsilon_floor/20260926T210310Z
awqpe_ablate_special,0.59,16384,0,0,0,0,0,0.5,4-4,0.0,8,sweep,0.7791726893600024,0.0,research/results/verify_epsilon_floor/20260926T210310Z
awqpe,0.6,16384,0,0,0,0,0,0.5,4-4,0.0,8,sweep,0.7791726893600024,0.0,research/results/verify_epsilon_floor/20260926T210310Z
awqpe_ablate_special,0.6,16384,0,0,0,0,0,0.5,4-4,0.0,8,sweep,0.7791726893600024,0.0,research/results/verify_epsilon_floor/20260926T210310Z
awqpe,0.61,16384,0,0,0,0,0,0.5,4-4,0.0,8,sweep,0.7791726893600024,0.0,research/results/verify_epsilon_floor/20260926T210310Z
awqpe_ablate_special,0.61,16384,0,0,0,0,0,0.5,4-4,0.0,8,sweep,0.7791726893600024,0.0,research/results/verify_epsilon_floor/20260926T210310Z
awqpe,0.62,16384,0,0,0,0,0,0.5,4-4,0.0,8,sweep,0.7791726893600024,0.0,research/results/verify_epsilon_floor/20260926T210310Z
awqpe_ablate_special,0.62,16384,0,0,0,0,0,0.5,4-4,0.0,8,sweep,0.7791726893600024,0.0,research/results/verify_epsilon_floor/20260926T210310Z
awqpe,0.63,16384,0,0,0,0,0,0.5,4-4,0.0,8,sweep,0.7791726893600024,0.0,research/results/verify_epsilon_floor/20260926T210310Z
awqpe_ablate_special,0.63,16384,0,0,0,0,0,0.5,4-4,0.0,8,sweep,0.7791726893600024,0.0,research/results/verify_epsilon_floor/20260926T210310Z
awqpe,0.64,16384,0,0,0,0,0,0.5,4-4,0.0,8,sweep,0.7791726893600024,0.0,research/results/verify_epsilon_floor/20260926T210310Z
awqpe_ablate_special,0.64,16384,0,0,0,0,0,0.5,4-4,0.0,8,sweep,0.7791726893600024,0.0,research/results/verify_epsilon_floor/20260926T210310Z
awqpe,0.65,16384,0,0,0,0,0,0.5,4-4,0.0,8,sweep,0.7791726893600024,0.0,research/results/verify_epsilon_floor/20260926T210310Z
awqpe_ablate_special,0.65,16384,0,0,0,0,0,0.5,4-4,0.0,8,sweep,0.7791726893600024,0.0,research/results/verify_epsilon_floor/20260926T210310Z
awqpe,0.66,16384,0,0,0,0,0,0.5,4-4,0.0,8,sweep,0.7791726893600024,0.0,research/results/verify_epsilon_floor/20260926T210310Z
awqpe_ablate_special,0.66,16384,0,0,0,0,0,0.5,4-4,0.0,8,sweep,0.7791726893600024,0.0,research/results/verify_epsilon_floor/20260926T210310Z
awqpe,0.67,16384,0,0,0,0,0,0.5,4-4,0.0,8,sweep,0.7791726893600024,0.0,research/results/verify_epsilon_floor/20260926T210310Z
awqpe_ablate_special,0.67,16384,0,0,0,0,0,0.5,4-4,0.0,8,sweep,0.7791726893600024,0.0,research/results/verify_epsilon_floor/20260926T210310Z
awqpe,0.68,16384,0,0,0,0,0,0.5,4-4,0.0,8,sweep,0.7791726893600024,0.0,research/results/verify_epsilon_floor/20260926T210310Z
awqpe_ablate_special,0.68,16384,0,0,0,0,0,0.5,4-4,0.0,8,sweep,0.7791726893600024,0.0,research/results/verify_epsilon_floor/20260926T210310Z
awqpe,0.69,16384,0,0,0,0,0,0.5,4-4,0.0,8,sweep,0.7791726893600024,0.0,research/results/verify_epsilon_floor/20260926T210310Z
awqpe_ablate_special,0.69,16384,0,0,0,0,0,0.5,4-4,0.0,8,sweep,0.7791726893600024,0.0,research/results/verify_epsilon_floor/20260926T210310Z
awqpe,0.7,16384,0,0,0,0,0,0.5,4-4,0.0,8,sweep,0.7791726893600024,0.0,research/results/verify_epsilon_floor/20260926T210310Z
awqpe_ablate_special,0.7,16384,0,0,0,0,0,0.5,4-4,0.0,8,sweep,0.7791726893600024,0.0,research/results/verify_epsilon_floor/20260926T210310Z
awqpe,0.71,16384,0,0,0,0,0,0.5,4-4,0.0,8,sweep,0.7791726893600024,0.0,research/results/verify_epsilon_floor/20260926T210310Z
awqpe_ablate_special,0.71,16384,0,0,0,0,0,0.5,4-4,0.0,8,sweep,0.7791726893600024,0.0,research/results/verify_epsilon_floor/20260926T210310Z
awqpe,0.72,16384,0,0,0,0,0,0.5,4-4,0.0,8,sweep,0.7791726893600024,0.0,research/results/verify_epsilon_floor/20260926T210310Z
awqpe_ablate_special,0.72,16384,0,0,0,0,0,0.5,4-4,0.0,8,sweep,0.7791726893600024,0.0,research/results/verify_epsilon_floor/20260926T210310Z
awqpe,0.73,16384,0,0,0,0,0,0.5,4-4,0.0,8,sweep,0.7791726893600024,0.0,research/results/verify_epsilon_floor/20260926T210310Z
awqpe_ablate_special,0.73,16384,0,0,0,0,0,0.5,4-4,0.0,8,sweep,0.7791726893600024,0.0,research/results/verify_epsilon_floor/20260926T210310Z
awqpe,0.74,16384,0,0,0,0,0,0.5,4-4,0.0,8,sweep,0.7791726893600024,0.0,research/results/verify_epsilon_floor/20260926T210310Z
awqpe_ablate_special,0.74,16384,0,0,0,0,0,0.5,4-4,0.0,8,sweep,0.7791726893600024,0.0,research/results/verify_epsilon_floor/20260926T210310Z
awqpe,0.75,16384,0,0,0,0,0,0.5,4-4,0.0,8,sweep,0.7791726893600024,0.0,research/results/verify_epsilon_floor/20260926T210310Z
awqpe_ablate_special,0.75,16384,0,0,0,0,0,0.5,4-4,0.0,8,sweep,0.7791726893600024,0.0,research/results/verify_epsilon_floor/20260926T210310Z
awqpe,0.76,16384,0,0,0,0,0,0.5,4-4,0.0,8,sweep,0.7791726893600024,0.0,research/results/verify_epsilon_floor/20260926T210310Z
awqpe_ablate_special,0.76,16384,0,0,0,0,0,0.5,4-4,0.0,8,sweep,0.7791726893600024,0.0,research/results/verify_epsilon_floor/20260926T210310Z
awqpe,0.77,16384,0,0,0,0,0,0.5,4-4,0.0,8,sweep,0.7791726893600024,0.0,research/results/verify_epsilon_floor/20260926T210310Z
awqpe_ablate_special,0.77,16384,0,0,0,0,0,0.5,4-4,0.0,8,sweep,0.7791726893600024,0.0,research/results/verify_epsilon_floor/20260926T210310Z
awqpe,0.78,16384,16,0,0,0,16,15.5,4-4,0.0,8,sweep,0.7791726893600024,0.0009765625,research/results/verify_epsilon_floor/20260926T210310Z
awqpe_ablate_special,0.78,16384,0,16,0,16,0,0.5,4-4,0.0,8,sweep,0.7791726893600024,0.0,research/results/verify_epsilon_floor/20260926T210310Z
awqpe,0.79,16384,32,16,16,0,16,15.515625,4-4,0.0,8,sweep,0.7791726893600024,0.001953125,research/results/verify_epsilon_floor/20260926T210310Z
awqpe_ablate_special,0.79,16384,16,32,16,16,0,15.515625,4-4,0.0,8,sweep,0.7791726893600024,0.0009765625,research/results/verify_epsilon_floor/20260926T210310Z
awqpe,0.8,16384,64,48,48,0,16,15.546875,4-4,0.0,8,sweep,0.7791726893600024,0.00390625,research/results/verify_epsilon_floor/20260926T210310Z
awqpe_ablate_special,0.8,16384,48,64,48,16,0,15.546875,4-4,0.0,8,sweep,0.7791726893600024,0.0029296875,research/results/verify_epsilon_floor/20260926T210310Z
awqpe,0.81,16384,80,64,64,0,16,15.5625,4-4,0.0,8,sweep,0.7791726893600024,0.0048828125,research/results/verify_epsilon_floor/20260926T210310Z
awqpe_ablate_special,0.81,16384,64,80,64,16,0,15.5625,4-4,0.0,8,sweep,0.7791726893600024,0.00390625,research/results/verify_epsilon_floor/20260926T210310Z
awqpe,0.82,16384,112,96,96,0,16,15.59375,4-4,0.0,8,sweep,0.7791726893600024,0.0068359375,research/results/verify_epsilon_floor/20260926T210310Z
awqpe_ablate_special,0.82,16384,96,112,96,16,0,15.59375,4-4,0.0,8,sweep,0.7791726893600024,0.005859375,research/results/verify_epsilon_floor/20260926T210310Z
awqpe,0.83,16384,144,128,128,0,16,15.625,4-4,0.0,8,sweep,0.7791726893600024,0.0087890625,research/results/verify_epsilon_floor/20260926T210310Z
awqpe_ablate_special,0.83,16384,128,144,128,16,0,15.625,4-4,0.0,8,sweep,0.7791726893600024,0.0078125,research/results/verify_epsilon_floor/20260926T210310Z
awqpe,0.84,16384,160,144,144,0,16,15.640625,4-4,0.0,8,sweep,0.7791726893600024,0.009765625,research/results/verify_epsilon_floor/20260926T210310Z
awqpe_ablate_special,0.84,16384,144,160,144,16,0,15.640625,4-4,0.0,8,sweep,0.7791726893600024,0.0087890625,research/results/verify_epsilon_floor/20260926T210310Z
awqpe,0.85,16384,192,176,176,0,16,15.671875,4-4,0.0,8,sweep,0.7791726893600024,0.01171875,research/results/verify_epsilon_floor/20260926T210310Z
awqpe_ablate_special,0.85,16384,176,192,176,16,0,15.671875,4-4,0.0,8,sweep,0.7791726893600024,0.0107421875,research/results/verify_epsilon_floor/20260926T210310Z
awqpe,0.86,16384,208,192,192,0,16,15.6875,4-4,0.0,8,sweep,0.7791726893600024,0.0126953125,research/results/verify_epsilon_floor/20260926T210310Z
awqpe_ablate_special,0.86,16384,192,208,192,16,0,15.6875,4-4,0.0,8,sweep,0.7791726893600024,0.01171875,research/results/verify_epsilon_floor/20260926T210310Z
awqpe,0.87,16384,240,224,224,0,16,15.71875,4-4,0.0,8,sweep,0.7791726893600024,0.0146484375,research/results/verify_epsilon_floor/20260926T210310Z
awqpe_ablate_special,0.87,16384,224,240,224,16,0,15.71875,4-4,0.0,8,sweep,0.7791726893600024,0.013671875,research/results/verify_epsilon_floor/20260926T210310Z
awqpe,0.88,16384,256,240,240,0,16,15.734375,4-4,0.0,8,sweep,0.7791726893600024,0.015625,research/results/verify_epsilon_floor/20260926T210310Z
awqpe_ablate_special,0.88,16384,240,256,240,16,0,15.734375,4-4,0.0,8,sweep,0.7791726893600024,0.0146484375,research/results/verify_epsilon_floor/20260926T210310Z
awqpe,0.89,16384,288,272,272,0,16,15.765625,4-4,0.0,8,sweep,0.7791726893600024,0.017578125,research/results/verify_epsilon_floor/20260926T210310Z
awqpe_ablate_special,0.89,16384,272,288,272,16,0,15.765625,4-4,0.0,8,sweep,0.7791726893600024,0.0166015625,research/results/verify_epsilon_floor/20260926T210310Z
awqpe,0.9,16384,304,288,288,0,16,15.78125,4-4,0.0,8,sweep,0.7791726893600024,0.0185546875,research/results/verify_epsilon_floor/20260926T210310Z
awqpe_ablate_special,0.9,16384,288,304,288,16,0,15.78125,4-4,0.0,8,sweep,0.7791726893600024,0.017578125,research/results/verify_epsilon_floor/20260926T210310Z
awqpe,0.91,16384,320,304,304,0,16,15.796875,4-4,0.0,8,sweep,0.7791726893600024,0.01953125,research/results/verify_epsilon_floor/20260926T210310Z
awqpe_ablate_special,0.91,16384,304,320,304,16,0,15.796875,4-4,0.0,8,sweep,0.7791726893600024,0.0185546875,research/results/verify_epsilon_floor/20260926T210310Z
awqpe,0.92,16384,352,336,336,0,16,15.828125,4-4,0.0,8,sweep,0.7791726893600024,0.021484375,research/results/verify_epsilon_floor/20260926T210310Z
awqpe_ablate_special,0.92,16384,336,352,336,16,0,15.828125,4-4,0.0,8,sweep,0.7791726893600024,0.0205078125,research/results/verify_epsilon_floor/20260926T210310Z
awqpe,0.93,16384,368,352,352,0,16,15.84375,4-4,0.0,8,sweep,0.7791726893600024,0.0224609375,research/results/verify_epsilon_floor/20260926T210310Z
awqpe_ablate_special,0.93,16384,352,368,352,16,0,15.84375,4-4,0.0,8,sweep,0.7791726893600024,0.021484375,research/results/verify_epsilon_floor/20260926T210310Z
awqpe,0.94,16384,400,384,384,0,16,15.875,4-4,0.0,8,sweep,0.7791726893600024,0.0244140625,research/results/verify_epsilon_floor/20260926T210310Z
awqpe_ablate_special,0.94,16384,384,400,384,16,0,15.875,4-4,0.0,8,sweep,0.7791726893600024,0.0234375,research/results/verify_epsilon_floor/20260926T210310Z
awqpe,0.95,16384,416,400,400,0,16,15.890625,4-4,0.0,8,sweep,0.7791726893600024,0.025390625,research/results/verify_epsilon_floor/20260926T210310Z
awqpe_ablate_special,0.95,16384,400,416,400,16,0,15.890625,4-4,0.0,8,sweep,0.7791726893600024,0.0244140625,research/results/verify_epsilon_floor/20260926T210310Z
awqpe,0.96,16384,432,416,416,0,16,15.90625,4-4,0.0,8,sweep,0.7791726893600024,0.0263671875,research/results/verify_epsilon_floor/20260926T210310Z
awqpe_ablate_special,0.96,16384,416,432,416,16,0,15.90625,4-4,0.0,8,sweep,0.7791726893600024,0.025390625,research/results/verify_epsilon_floor/20260926T210310Z
awqpe,0.97,16384,464,448,448,0,16,15.9375,4-4,0.0,8,sweep,0.7791726893600024,0.0283203125,research/results/verify_epsilon_floor/20260926T210310Z
awqpe_ablate_special,0.97,16384,448,464,448,16,0,15.9375,4-4,0.0,8,sweep,0.7791726893600024,0.02734375,research/results/verify_epsilon_floor/20260926T210310Z
awqpe,0.98,16384,480,464,464,0,16,15.953125,4-4,0.0,8,sweep,0.7791726893600024,0.029296875,research/results/verify_epsilon_floor/20260926T210310Z
awqpe_ablate_special,0.98,16384,464,480,464,16,0,15.953125,4-4,0.0,8,sweep,0.7791726893600024,0.0283203125,research/results/verify_epsilon_floor/20260926T210310Z
awqpe,0.99,16384,496,480,480,0,16,15.96875,4-4,0.0,8,sweep,0.7791726893600024,0.0302734375,research/results/verify_epsilon_floor/20260926T210310Z
awqpe_ablate_special,0.99,16384,480,496,480,16,0,15.96875,4-4,0.0,8,sweep,0.7791726893600024,0.029296875,research/results/verify_epsilon_floor/20260926T210310Z
awqpe,0.3,16384,0,0,0,0,0,0.4942187500000017,4-4,0.37,8,sweep,0.7791726893600024,0.0,research/results/verify_epsilon_floor/20260926T210310Z
awqpe_ablate_special,0.3,16384,0,0,0,0,0,0.4942187500000017,4-4,0.37,8,sweep,0.7791726893600024,0.0,research/results/verify_epsilon_floor/20260926T210310Z
awqpe,0.31,16384,0,0,0,0,0,0.4942187500000017,4-4,0.37,8,sweep,0.7791726893600024,0.0,research/results/verify_epsilon_floor/20260926T210310Z
awqpe_ablate_special,0.31,16384,0,0,0,0,0,0.4942187500000017,4-4,0.37,8,sweep,0.7791726893600024,0.0,research/results/verify_epsilon_floor/20260926T210310Z
awqpe,0.32,16384,0,0,0,0,0,0.4942187500000017,4-4,0.37,8,sweep,0.7791726893600024,0.0,research/results/verify_epsilon_floor/20260926T210310Z
awqpe_ablate_special,0.32,16384,0,0,0,0,0,0.4942187500000017,4-4,0.37,8,sweep,0.7791726893600024,0.0,research/results/verify_epsilon_floor/20260926T210310Z
awqpe,0.33,16384,0,0,0,0,0,0.4942187500000017,4-4,0.37,8,sweep,0.7791726893600024,0.0,research/results/verify_epsilon_floor/20260926T210310Z
awqpe_ablate_special,0.33,16384,0,0,0,0,0,0.4942187500000017,4-4,0.37,8,sweep,0.7791726893600024,0.0,research/results/verify_epsilon_floor/20260926T210310Z
awqpe,0.34,16384,0,0,0,0,0,0.4942187500000017,4-4,0.37,8,sweep,0.7791726893600024,0.0,research/results/verify_epsilon_floor/20260926T210310Z
awqpe_ablate_special,0.34,16384,0,0,0,0,0,0.4942187500000017,4-4,0.37,8,sweep,0.7791726893600024,0.0,research/results/verify_epsilon_floor/20260926T210310Z
awqpe,0.35,16384,0,0,0,0,0,0.4942187500000017,4-4,0.37,8,sweep,0.7791726893600024,0.0,research/results/verify_epsilon_floor/20260926T210310Z
awqpe_ablate_special,0.35,16384,0,0,0,0,0,0.4942187500000017,4-4,0.37,8,sweep,0.7791726893600024,0.0,research/results/verify_epsilon_floor/20260926T210310Z
awqpe,0.36,16384,0,0,0,0,0,0.4942187500000017,4-4,0.37,8,sweep,0.7791726893600024,0.0,research/results/verify_epsilon_floor/20260926T210310Z
awqpe_ablate_special,0.36,16384,0,0,0,0,0,0.4942187500000017,4-4,0.37,8,sweep,0.7791726893600024,0.0,research/results/verify_epsilon_floor/20260926T210310Z
awqpe,0.37,16384,0,0,0,0,0,0.4942187500000017,4-4,0.37,8,sweep,0.7791726893600024,0.0,research/results/verify_epsilon_floor/20260926T210310Z
awqpe_ablate_special,0.37,16384,0,0,0,0,0,0.4942187500000017,4-4,0.37,8,sweep,0.7791726893600024,0.0,research/results/verify_epsilon_floor/20260926T210310Z
awqpe,0.38,16384,0,0,0,0,0,0.4942187500000017,4-4,0.37,8,sweep,0.7791726893600024,0.0,research/results/verify_epsilon_floor/20260926T210310Z
awqpe_ablate_special,0.38,16384,0,0,0,0,0,0.4942187500000017,4-4,0.37,8,sweep,0.7791726893600024,0.0,research/results/verify_epsilon_floor/20260926T210310Z
awqpe,0.39,16384,0,0,0,0,0,0.4942187500000017,4-4,0.37,8,sweep,0.7791726893600024,0.0,research/results/verify_epsilon_floor/20260926T210310Z
awqpe_ablate_special,0.39,16384,0,0,0,0,0,0.4942187500000017,4-4,0.37,8,sweep,0.7791726893600024,0.0,research/results/verify_epsilon_floor/20260926T210310Z
awqpe,0.4,16384,0,0,0,0,0,0.4942187500000017,4-4,0.37,8,sweep,0.7791726893600024,0.0,research/results/verify_epsilon_floor/20260926T210310Z
awqpe_ablate_special,0.4,16384,0,0,0,0,0,0.4942187500000017,4-4,0.37,8,sweep,0.7791726893600024,0.0,research/results/verify_epsilon_floor/20260926T210310Z
awqpe,0.41,16384,0,0,0,0,0,0.4942187500000017,4-4,0.37,8,sweep,0.7791726893600024,0.0,research/results/verify_epsilon_floor/20260926T210310Z
awqpe_ablate_special,0.41,16384,0,0,0,0,0,0.4942187500000017,4-4,0.37,8,sweep,0.7791726893600024,0.0,research/results/verify_epsilon_floor/20260926T210310Z
awqpe,0.42,16384,0,0,0,0,0,0.4942187500000017,4-4,0.37,8,sweep,0.7791726893600024,0.0,research/results/verify_epsilon_floor/20260926T210310Z
awqpe_ablate_special,0.42,16384,0,0,0,0,0,0.4942187500000017,4-4,0.37,8,sweep,0.7791726893600024,0.0,research/results/verify_epsilon_floor/20260926T210310Z
awqpe,0.43,16384,0,0,0,0,0,0.4942187500000017,4-4,0.37,8,sweep,0.7791726893600024,0.0,research/results/verify_epsilon_floor/20260926T210310Z
awqpe_ablate_special,0.43,16384,0,0,0,0,0,0.4942187500000017,4-4,0.37,8,sweep,0.7791726893600024,0.0,research/results/verify_epsilon_floor/20260926T210310Z
awqpe,0.44,16384,0,0,0,0,0,0.4942187500000017,4-4,0.37,8,sweep,0.7791726893600024,0.0,research/results/verify_epsilon_floor/20260926T210310Z
awqpe_ablate_special,0.44,16384,0,0,0,0,0,0.4942187500000017,4-4,0.37,8,sweep,0.7791726893600024,0.0,research/results/verify_epsilon_floor/20260926T210310Z
awqpe,0.45,16384,0,0,0,0,0,0.4942187500000017,4-4,0.37,8,sweep,0.7791726893600024,0.0,research/results/verify_epsilon_floor/20260926T210310Z
awqpe_ablate_special,0.45,16384,0,0,0,0,0,0.4942187500000017,4-4,0.37,8,sweep,0.7791726893600024,0.0,research/results/verify_epsilon_floor/20260926T210310Z
awqpe,0.46,16384,0,0,0,0,0,0.4942187500000017,4-4,0.37,8,sweep,0.7791726893600024,0.0,research/results/verify_epsilon_floor/20260926T210310Z
awqpe_ablate_special,0.46,16384,0,0,0,0,0,0.4942187500000017,4-4,0.37,8,sweep,0.7791726893600024,0.0,research/results/verify_epsilon_floor/20260926T210310Z
awqpe,0.47,16384,0,0,0,0,0,0.4942187500000017,4-4,0.37,8,sweep,0.7791726893600024,0.0,research/results/verify_epsilon_floor/20260926T210310Z
awqpe_ablate_special,0.47,16384,0,0,0,0,0,0.4942187500000017,4-4,0.37,8,sweep,0.7791726893600024,0.0,research/results/verify_epsilon_floor/20260926T210310Z
awqpe,0.48,16384,0,0,0,0,0,0.4942187500000017,4-4,0.37,8,sweep,0.7791726893600024,0.0,research/results/verify_epsilon_floor/20260926T210310Z
awqpe_ablate_special,0.48,16384,0,0,0,0,0,0.4942187500000017,4-4,0.37,8,sweep,0.7791726893600024,0.0,research/results/verify_epsilon_floor/20260926T210310Z
awqpe,0.49,16384,0,0,0,0,0,0.4942187500000017,4-4,0.37,8,sweep,0.7791726893600024,0.0,research/results/verify_epsilon_floor/20260926T210310Z
awqpe_ablate_special,0.49,16384,0,0,0,0,0,0.4942187500000017,4-4,0.37,8,sweep,0.7791726893600024,0.0,research/results/verify_epsilon_floor/20260926T210310Z
awqpe,0.5,16384,0,0,0,0,0,0.4942187500000017,4-4,0.37,8,sweep,0.7791726893600024,0.0,research/results/verify_epsilon_floor/20260926T210310Z
awqpe_ablate_special,0.5,16384,0,0,0,0,0,0.4942187500000017,4-4,0.37,8,sweep,0.7791726893600024,0.0,research/results/verify_epsilon_floor/20260926T210310Z
awqpe,0.51,16384,0,0,0,0,0,0.4942187500000017,4-4,0.37,8,sweep,0.7791726893600024,0.0,research/results/verify_epsilon_floor/20260926T210310Z
awqpe_ablate_special,0.51,16384,0,0,0,0,0,0.4942187500000017,4-4,0.37,8,sweep,0.7791726893600024,0.0,research/results/verify_epsilon_floor/20260926T210310Z
awqpe,0.52,16384,0,0,0,0,0,0.4942187500000017,4-4,0.37,8,sweep,0.7791726893600024,0.0,research/results/verify_epsilon_floor/20260926T210310Z
awqpe_ablate_special,0.52,16384,0,0,0,0,0,0.4942187500000017,4-4,0.37,8,sweep,0.7791726893600024,0.0,research/results/verify_epsilon_floor/20260926T210310Z
awqpe,0.53,16384,0,0,0,0,0,0.4942187500000017,4-4,0.37,8,sweep,0.7791726893600024,0.0,research/results/verify_epsilon_floor/20260926T210310Z
awqpe_ablate_special,0.53,16384,0,0,0,0,0,0.4942187500000017,4-4,0.37,8,sweep,0.7791726893600024,0.0,research/results/verify_epsilon_floor/20260926T210310Z
awqpe,0.54,16384,0,0,0,0,0,0.4942187500000017,4-4,0.37,8,sweep,0.7791726893600024,0.0,research/results/verify_epsilon_floor/20260926T210310Z
awqpe_ablate_special,0.54,16384,0,0,0,0,0,0.4942187500000017,4-4,0.37,8,sweep,0.7791726893600024,0.0,research/results/verify_epsilon_floor/20260926T210310Z
awqpe,0.55,16384,0,0,0,0,0,0.4942187500000017,4-4,0.37,8,sweep,0.7791726893600024,0.0,research/results/verify_epsilon_floor/20260926T210310Z
awqpe_ablate_special,0.55,16384,0,0,0,0,0,0.4942187500000017,4-4,0.37,8,sweep,0.7791726893600024,0.0,research/results/verify_epsilon_floor/20260926T210310Z
awqpe,0.56,16384,0,0,0,0,0,0.4942187500000017,4-4,0.37,8,sweep,0.7791726893600024,0.0,research/results/verify_epsilon_floor/20260926T210310Z
awqpe_ablate_special,0.56,16384,0,0,0,0,0,0.4942187500000017,4-4,0.37,8,sweep,0.7791726893600024,0.0,research/results/verify_epsilon_floor/20260926T210310Z
awqpe,0.57,16384,0,0,0,0,0,0.4942187500000017,4-4,0.37,8,sweep,0.7791726893600024,0.0,research/results/verify_epsilon_floor/20260926T210310Z
awqpe_ablate_special,0.57,16384,0,0,0,0,0,0.4942187500000017,4-4,0.37,8,sweep,0.7791726893600024,0.0,research/results/verify_epsilon_floor/20260926T210310Z
awqpe,0.58,16384,0,0,0,0,0,0.4942187500000017,4-4,0.37,8,sweep,0.7791726893600024,0.0,research/results/verify_epsilon_floor/20260926T210310Z
awqpe_ablate_special,0.58,16384,0,0,0,0,0,0.4942187500000017,4-4,0.37,8,sweep,0.7791726893600024,0.0,research/results/verify_epsilon_floor/20260926T210310Z
awqpe,0.59,16384,0,0,0,0,0,0.4942187500000017,4-4,0.37,8,sweep,0.7791726893600024,0.0,research/results/verify_epsilon_floor/20260926T210310Z
awqpe_ablate_special,0.59,16384,0,0,0,0,0,0.4942187500000017,4-4,0.37,8,sweep,0.7791726893600024,0.0,research/results/verify_epsilon_floor/20260926T210310Z
awqpe,0.6,16384,0,0,0,0,0,0.4942187500000017,4-4,0.37,8,sweep,0.7791726893600024,0.0,research/results/verify_epsilon_floor/20260926T210310Z
awqpe_ablate_special,0.6,16384,0,0,0,0,0,0.4942187500000017,4-4,0.37,8,sweep,0.7791726893600024,0.0,research/results/verify_epsilon_floor/20260926T210310Z
awqpe,0.61,16384,0,0,0,0,0,0.4942187500000017,4-4,0.37,8,sweep,0.7791726893600024,0.0,research/results/verify_epsilon_floor/20260926T210310Z
awqpe_ablate_special,0.61,16384,0,0,0,0,0,0.4942187500000017,4-4,0.37,8,sweep,0.7791726893600024,0.0,research/results/verify_epsilon_floor/20260926T210310Z
awqpe,0.62,16384,0,0,0,0,0,0.4942187500000017,4-4,0.37,8,sweep,0.7791726893600024,0.0,research/results/verify_epsilon_floor/20260926T210310Z
awqpe_ablate_special,0.62,16384,0,0,0,0,0,0.4942187500000017,4-4,0.37,8,sweep,0.7791726893600024,0.0,research/results/verify_epsilon_floor/20260926T210310Z
awqpe,0.63,16384,0,0,0,0,0,0.4942187500000017,4-4,0.37,8,sweep,0.7791726893600024,0.0,research/results/verify_epsilon_floor/20260926T210310Z
awqpe_ablate_special,0.63,16384,0,0,0,0,0,0.4942187500000017,4-4,0.37,8,sweep,0.7791726893600024,0.0,research/results/verify_epsilon_floor/20260926T210310Z
awqpe,0.64,16384,0,0,0,0,0,0.4942187500000017,4-4,0.37,8,sweep,0.7791726893600024,0.0,research/results/verify_epsilon_floor/20260926T210310Z
awqpe_ablate_special,0.64,16384,0,0,0,0,0,0.4942187500000017,4-4,0.37,8,sweep,0.7791726893600024,0.0,research/results/verify_epsilon_floor/20260926T210310Z
awqpe,0.65,16384,0,0,0,0,0,0.4942187500000017,4-4,0.37,8,sweep,0.7791726893600024,0.0,research/results/verify_epsilon_floor/20260926T210310Z
awqpe_ablate_special,0.65,16384,0,0,0,0,0,0.4942187500000017,4-4,0.37,8,sweep,0.7791726893600024,0.0,research/results/verify_epsilon_floor/20260926T210310Z
awqpe,0.66,16384,0,0,0,0,0,0.4942187500000017,4-4,0.37,8,sweep,0.7791726893600024,0.0,research/results/verify_epsilon_floor/20260926T210310Z
awqpe_ablate_special,0.66,16384,0,0,0,0,0,0.4942187500000017,4-4,0.37,8,sweep,0.7791726893600024,0.0,research/results/verify_epsilon_floor/20260926T210310Z
awqpe,0.67,16384,0,0,0,0,0,0.4942187500000017,4-4,0.37,8,sweep,0.7791726893600024,0.0,research/results/verify_epsilon_floor/20260926T210310Z
awqpe_ablate_special,0.67,16384,0,0,0,0,0,0.4942187500000017,4-4,0.37,8,sweep,0.7791726893600024,0.0,research/results/verify_epsilon_floor/20260926T210310Z
awqpe,0.68,16384,0,0,0,0,0,0.4942187500000017,4-4,0.37,8,sweep,0.7791726893600024,0.0,research/results/verify_epsilon_floor/20260926T210310Z
awqpe_ablate_special,0.68,16384,0,0,0,0,0,0.4942187500000017,4-4,0.37,8,sweep,0.7791726893600024,0.0,research/results/verify_epsilon_floor/20260926T210310Z
awqpe,0.69,16384,0,0,0,0,0,0.4942187500000017,4-4,0.37,8,sweep,0.7791726893600024,0.0,research/results/verify_epsilon_floor/20260926T210310Z
awqpe_ablate_special,0.69,16384,0,0,0,0,0,0.4942187500000017,4-4,0.37,8,sweep,0.7791726893600024,0.0,research/results/verify_epsilon_floor/20260926T210310Z
awqpe,0.7,16384,0,0,0,0,0,0.4942187500000017,4-4,0.37,8,sweep,0.7791726893600024,0.0,research/results/verify_epsilon_floor/20260926T210310Z
awqpe_ablate_special,0.7,16384,0,0,0,0,0,0.4942187500000017,4-4,0.37,8,sweep,0.7791726893600024,0.0,research/results/verify_epsilon_floor/20260926T210310Z
awqpe,0.71,16384,0,0,0,0,0,0.4942187500000017,4-4,0.37,8,sweep,0.7791726893600024,0.0,research/results/verify_epsilon_floor/20260926T210310Z
awqpe_ablate_special,0.71,16384,0,0,0,0,0,0.4942187500000017,4-4,0.37,8,sweep,0.7791726893600024,0.0,research/results/verify_epsilon_floor/20260926T210310Z
awqpe,0.72,16384,0,0,0,0,0,0.4942187500000017,4-4,0.37,8,sweep,0.7791726893600024,0.0,research/results/verify_epsilon_floor/20260926T210310Z
awqpe_ablate_special,0.72,16384,0,0,0,0,0,0.4942187500000017,4-4,0.37,8,sweep,0.7791726893600024,0.0,research/results/verify_epsilon_floor/20260926T210310Z
awqpe,0.73,16384,0,0,0,0,0,0.4942187500000017,4-4,0.37,8,sweep,0.7791726893600024,0.0,research/results/verify_epsilon_floor/20260926T210310Z
awqpe_ablate_special,0.73,16384,0,0,0,0,0,0.4942187500000017,4-4,0.37,8,sweep,0.7791726893600024,0.0,research/results/verify_epsilon_floor/20260926T210310Z
awqpe,0.74,16384,0,0,0,0,0,0.4942187500000017,4-4,0.37,8,sweep,0.7791726893600024,0.0,research/results/verify_epsilon_floor/20260926T210310Z
awqpe_ablate_special,0.74,16384,0,0,0,0,0,0.4942187500000017,4-4,0.37,8,sweep,0.7791726893600024,0.0,research/results/verify_epsilon_floor/20260926T210310Z
awqpe,0.75,16384,0,0,0,0,0,0.4942187500000017,4-4,0.37,8,sweep,0.7791726893600024,0.0,research/results/verify_epsilon_floor/20260926T210310Z
awqpe_ablate_special,0.75,16384,0,0,0,0,0,0.4942187500000017,4-4,0.37,8,sweep,0.7791726893600024,0.0,research/results/verify_epsilon_floor/20260926T210310Z
awqpe,0.76,16384,0,0,0,0,0,0.4942187500000017,4-4,0.37,8,sweep,0.7791726893600024,0.0,research/results/verify_epsilon_floor/20260926T210310Z
awqpe_ablate_special,0.76,16384,0,0,0,0,0,0.4942187500000017,4-4,0.37,8,sweep,0.7791726893600024,0.0,research/results/verify_epsilon_floor/20260926T210310Z
awqpe,0.77,16384,0,0,0,0,0,0.4942187500000017,4-4,0.37,8,sweep,0.7791726893600024,0.0,research/results/verify_epsilon_floor/20260926T210310Z
awqpe_ablate_special,0.77,16384,0,0,0,0,0,0.4942187500000017,4-4,0.37,8,sweep,0.7791726893600024,0.0,research/results/verify_epsilon_floor/20260926T210310Z
awqpe,0.78,16384,0,0,0,0,0,0.4942187500000017,4-4,0.37,8,sweep,0.7791726893600024,0.0,research/results/verify_epsilon_floor/20260926T210310Z
awqpe_ablate_special,0.78,16384,0,0,0,0,0,0.4942187500000017,4-4,0.37,8,sweep,0.7791726893600024,0.0,research/results/verify_epsilon_floor/20260926T210310Z
awqpe,0.79,16384,32,32,32,0,0,15.525468750000002,4-4,0.37,8,sweep,0.7791726893600024,0.001953125,research/results/verify_epsilon_floor/20260926T210310Z
awqpe_ablate_special,0.79,16384,32,32,32,0,0,15.521406250000013,4-4,0.37,8,sweep,0.7791726893600024,0.001953125,research/results/verify_epsilon_floor/20260926T210310Z
awqpe,0.8,16384,48,48,48,0,0,15.541093750000002,4-4,0.37,8,sweep,0.7791726893600024,0.0029296875,research/results/verify_epsilon_floor/20260926T210310Z
awqpe_ablate_special,0.8,16384,64,64,64,0,0,15.552656250000013,4-4,0.37,8,sweep,0.7791726893600024,0.00390625,research/results/verify_epsilon_floor/20260926T210310Z
awqpe,0.81,16384,80,80,80,0,0,15.572343750000002,4-4,0.37,8,sweep,0.7791726893600024,0.0048828125,research/results/verify_epsilon_floor/20260926T210310Z
awqpe_ablate_special,0.81,16384,80,80,80,0,0,15.568281250000013,4-4,0.37,8,sweep,0.7791726893600024,0.0048828125,research/results/verify_epsilon_floor/20260926T210310Z
awqpe,0.82,16384,96,96,96,0,0,15.587968750000002,4-4,0.37,8,sweep,0.7791726893600024,0.005859375,research/results/verify_epsilon_floor/20260926T210310Z
awqpe_ablate_special,0.82,16384,112,112,112,0,0,15.599531250000013,4-4,0.37,8,sweep,0.7791726893600024,0.0068359375,research/results/verify_epsilon_floor/20260926T210310Z
awqpe,0.83,16384,128,128,128,0,0,15.619218750000002,4-4,0.37,8,sweep,0.7791726893600024,0.0078125,research/results/verify_epsilon_floor/20260926T210310Z
awqpe_ablate_special,0.83,16384,128,128,128,0,0,15.615156250000013,4-4,0.37,8,sweep,0.7791726893600024,0.0078125,research/results/verify_epsilon_floor/20260926T210310Z
awqpe,0.84,16384,144,144,144,0,0,15.634843750000002,4-4,0.37,8,sweep,0.7791726893600024,0.0087890625,research/results/verify_epsilon_floor/20260926T210310Z
awqpe_ablate_special,0.84,16384,160,160,160,0,0,15.646406250000013,4-4,0.37,8,sweep,0.7791726893600024,0.009765625,research/results/verify_epsilon_floor/20260926T210310Z
awqpe,0.85,16384,176,176,176,0,0,15.666093750000002,4-4,0.37,8,sweep,0.7791726893600024,0.0107421875,research/results/verify_epsilon_floor/20260926T210310Z
awqpe_ablate_special,0.85,16384,176,176,176,0,0,15.662031250000013,4-4,0.37,8,sweep,0.7791726893600024,0.0107421875,research/results/verify_epsilon_floor/20260926T210310Z
awqpe,0.86,16384,208,208,208,0,0,15.697343750000002,4-4,0.37,8,sweep,0.7791726893600024,0.0126953125,research/results/verify_epsilon_floor/20260926T210310Z
awqpe_ablate_special,0.86,16384,208,208,208,0,0,15.693281250000013,4-4,0.37,8,sweep,0.7791726893600024,0.0126953125,research/results/verify_epsilon_floor/20260926T210310Z
awqpe,0.87,16384,224,224,224,0,0,15.712968750000002,4-4,0.37,8,sweep,0.7791726893600024,0.013671875,research/results/verify_epsilon_floor/20260926T210310Z
awqpe_ablate_special,0.87,16384,224,224,224,0,0,15.708906250000013,4-4,0.37,8,sweep,0.7791726893600024,0.013671875,research/results/verify_epsilon_floor/20260926T210310Z
awqpe,0.88,16384,240,240,240,0,0,15.728593750000002,4-4,0.37,8,sweep,0.7791726893600024,0.0146484375,research/results/verify_epsilon_floor/20260926T210310Z
awqpe_ablate_special,0.88,16384,256,256,256,0,0,15.740156250000013,4-4,0.37,8,sweep,0.7791726893600024,0.015625,research/results/verify_epsilon_floor/20260926T210310Z
awqpe,0.89,16384,272,272,272,0,0,15.759843750000002,4-4,0.37,8,sweep,0.7791726893600024,0.0166015625,research/results/verify_epsilon_floor/20260926T210310Z
awqpe_ablate_special,0.89,16384,272,272,272,0,0,15.755781250000013,4-4,0.37,8,sweep,0.7791726893600024,0.0166015625,research/results/verify_epsilon_floor/20260926T210310Z
awqpe,0.9,16384,288,288,288,0,0,15.775468750000002,4-4,0.37,8,sweep,0.7791726893600024,0.017578125,research/results/verify_epsilon_floor/20260926T210310Z
awqpe_ablate_special,0.9,16384,304,304,304,0,0,15.787031250000013,4-4,0.37,8,sweep,0.7791726893600024,0.0185546875,research/results/verify_epsilon_floor/20260926T210310Z
awqpe,0.91,16384,320,320,320,0,0,15.806718750000002,4-4,0.37,8,sweep,0.7791726893600024,0.01953125,research/results/verify_epsilon_floor/20260926T210310Z
awqpe_ablate_special,0.91,16384,320,320,320,0,0,15.802656250000013,4-4,0.37,8,sweep,0.7791726893600024,0.01953125,research/results/verify_epsilon_floor/20260926T210310Z
awqpe,0.92,16384,336,336,336,0,0,15.822343750000002,4-4,0.37,8,sweep,0.7791726893600024,0.0205078125,research/results/verify_epsilon_floor/20260926T210310Z
awqpe_ablate_special,0.92,16384,336,336,336,0,0,15.818281250000013,4-4,0.37,8,sweep,0.7791726893600024,0.0205078125,research/results/verify_epsilon_floor/20260926T210310Z
awqpe,0.93,16384,368,368,368,0,0,15.853593750000002,4-4,0.37,8,sweep,0.7791726893600024,0.0224609375,research/results/verify_epsilon_floor/20260926T210310Z
awqpe_ablate_special,0.93,16384,368,368,368,0,0,15.849531250000013,4-4,0.37,8,sweep,0.7791726893600024,0.0224609375,research/results/verify_epsilon_floor/20260926T210310Z
awqpe,0.94,16384,384,384,384,0,0,15.869218750000002,4-4,0.37,8,sweep,0.7791726893600024,0.0234375,research/results/verify_epsilon_floor/20260926T210310Z
awqpe_ablate_special,0.94,16384,384,384,384,0,0,15.865156250000013,4-4,0.37,8,sweep,0.7791726893600024,0.0234375,research/results/verify_epsilon_floor/20260926T210310Z
awqpe,0.95,16384,400,400,400,0,0,15.884843750000002,4-4,0.37,8,sweep,0.7791726893600024,0.0244140625,research/results/verify_epsilon_floor/20260926T210310Z
awqpe_ablate_special,0.95,16384,416,416,416,0,0,15.896406250000013,4-4,0.37,8,sweep,0.7791726893600024,0.025390625,research/results/verify_epsilon_floor/20260926T210310Z
awqpe,0.96,16384,432,432,432,0,0,15.916093750000002,4-4,0.37,8,sweep,0.7791726893600024,0.0263671875,research/results/verify_epsilon_floor/20260926T210310Z
awqpe_ablate_special,0.96,16384,432,432,432,0,0,15.912031250000013,4-4,0.37,8,sweep,0.7791726893600024,0.0263671875,research/results/verify_epsilon_floor/20260926T210310Z
awqpe,0.97,16384,448,448,448,0,0,15.931718750000002,4-4,0.37,8,sweep,0.7791726893600024,0.02734375,research/results/verify_epsilon_floor/20260926T210310Z
awqpe_ablate_special,0.97,16384,448,448,448,0,0,15.927656250000013,4-4,0.37,8,sweep,0.7791726893600024,0.02734375,research/results/verify_epsilon_floor/20260926T210310Z
awqpe,0.98,16384,464,464,464,0,0,15.947343750000002,4-4,0.37,8,sweep,0.7791726893600024,0.0283203125,research/results/verify_epsilon_floor/20260926T210310Z
awqpe_ablate_special,0.98,16384,480,480,480,0,0,15.958906250000013,4-4,0.37,8,sweep,0.7791726893600024,0.029296875,research/results/verify_epsilon_floor/20260926T210310Z
awqpe,0.99,16384,496,496,496,0,0,15.978593750000002,4-4,0.37,8,sweep,0.7791726893600024,0.0302734375,research/results/verify_epsilon_floor/20260926T210310Z
awqpe_ablate_special,0.99,16384,496,496,496,0,0,15.974531250000013,4-4,0.37,8,sweep,0.7791726893600024,0.0302734375,research/results/verify_epsilon_floor/20260926T210310Z
awqpe,0.3,16384,0,0,0,0,0,0.5,5-3,0.0,8,sweep,0.6051813003789281,0.0,research/results/verify_epsilon_floor/20260926T210310Z
awqpe_ablate_special,0.3,16384,0,0,0,0,0,0.5,5-3,0.0,8,sweep,0.6051813003789281,0.0,research/results/verify_epsilon_floor/20260926T210310Z
awqpe,0.31,16384,0,0,0,0,0,0.5,5-3,0.0,8,sweep,0.6051813003789281,0.0,research/results/verify_epsilon_floor/20260926T210310Z
awqpe_ablate_special,0.31,16384,0,0,0,0,0,0.5,5-3,0.0,8,sweep,0.6051813003789281,0.0,research/results/verify_epsilon_floor/20260926T210310Z
awqpe,0.32,16384,0,0,0,0,0,0.5,5-3,0.0,8,sweep,0.6051813003789281,0.0,research/results/verify_epsilon_floor/20260926T210310Z
awqpe_ablate_special,0.32,16384,0,0,0,0,0,0.5,5-3,0.0,8,sweep,0.6051813003789281,0.0,research/results/verify_epsilon_floor/20260926T210310Z
awqpe,0.33,16384,0,0,0,0,0,0.5,5-3,0.0,8,sweep,0.6051813003789281,0.0,research/results/verify_epsilon_floor/20260926T210310Z
awqpe_ablate_special,0.33,16384,0,0,0,0,0,0.5,5-3,0.0,8,sweep,0.6051813003789281,0.0,research/results/verify_epsilon_floor/20260926T210310Z
awqpe,0.34,16384,0,0,0,0,0,0.5,5-3,0.0,8,sweep,0.6051813003789281,0.0,research/results/verify_epsilon_floor/20260926T210310Z
awqpe_ablate_special,0.34,16384,0,0,0,0,0,0.5,5-3,0.0,8,sweep,0.6051813003789281,0.0,research/results/verify_epsilon_floor/20260926T210310Z
awqpe,0.35,16384,0,0,0,0,0,0.5,5-3,0.0,8,sweep,0.6051813003789281,0.0,research/results/verify_epsilon_floor/20260926T210310Z
awqpe_ablate_special,0.35,16384,0,0,0,0,0,0.5,5-3,0.0,8,sweep,0.6051813003789281,0.0,research/results/verify_epsilon_floor/20260926T210310Z
awqpe,0.36,16384,0,0,0,0,0,0.5,5-3,0.0,8,sweep,0.6051813003789281,0.0,research/results/verify_epsilon_floor/20260926T210310Z
awqpe_ablate_special,0.36,16384,0,0,0,0,0,0.5,5-3,0.0,8,sweep,0.6051813003789281,0.0,research/results/verify_epsilon_floor/20260926T210310Z
awqpe,0.37,16384,0,0,0,0,0,0.5,5-3,0.0,8,sweep,0.6051813003789281,0.0,research/results/verify_epsilon_floor/20260926T210310Z
awqpe_ablate_special,0.37,16384,0,0,0,0,0,0.5,5-3,0.0,8,sweep,0.6051813003789281,0.0,research/results/verify_epsilon_floor/20260926T210310Z
awqpe,0.38,16384,0,0,0,0,0,0.5,5-3,0.0,8,sweep,0.6051813003789281,0.0,research/results/verify_epsilon_floor/20260926T210310Z
awqpe_ablate_special,0.38,16384,0,0,0,0,0,0.5,5-3,0.0,8,sweep,0.6051813003789281,0.0,research/results/verify_epsilon_floor/20260926T210310Z
awqpe,0.39,16384,0,0,0,0,0,0.5,5-3,0.0,8,sweep,0.6051813003789281,0.0,research/results/verify_epsilon_floor/20260926T210310Z
awqpe_ablate_special,0.39,16384,0,0,0,0,0,0.5,5-3,0.0,8,sweep,0.6051813003789281,0.0,research/results/verify_epsilon_floor/20260926T210310Z
awqpe,0.4,16384,0,0,0,0,0,0.5,5-3,0.0,8,sweep,0.6051813003789281,0.0,research/results/verify_epsilon_floor/20260926T210310Z
awqpe_ablate_special,0.4,16384,0,0,0,0,0,0.5,5-3,0.0,8,sweep,0.6051813003789281,0.0,research/results/verify_epsilon_floor/20260926T210310Z
awqpe,0.41,16384,0,0,0,0,0,0.5,5-3,0.0,8,sweep,0.6051813003789281,0.0,research/results/verify_epsilon_floor/20260926T210310Z
awqpe_ablate_special,0.41,16384,0,0,0,0,0,0.5,5-3,0.0,8,sweep,0.6051813003789281,0.0,research/results/verify_epsilon_floor/20260926T210310Z
awqpe,0.42,16384,0,0,0,0,0,0.5,5-3,0.0,8,sweep,0.6051813003789281,0.0,research/results/verify_epsilon_floor/20260926T210310Z
awqpe_ablate_special,0.42,16384,0,0,0,0,0,0.5,5-3,0.0,8,sweep,0.6051813003789281,0.0,research/results/verify_epsilon_floor/20260926T210310Z
awqpe,0.43,16384,0,0,0,0,0,0.5,5-3,0.0,8,sweep,0.6051813003789281,0.0,research/results/verify_epsilon_floor/20260926T210310Z
awqpe_ablate_special,0.43,16384,0,0,0,0,0,0.5,5-3,0.0,8,sweep,0.6051813003789281,0.0,research/results/verify_epsilon_floor/20260926T210310Z
awqpe,0.44,16384,0,0,0,0,0,0.5,5-3,0.0,8,sweep,0.6051813003789281,0.0,research/results/verify_epsilon_floor/20260926T210310Z
awqpe_ablate_special,0.44,16384,0,0,0,0,0,0.5,5-3,0.0,8,sweep,0.6051813003789281,0.0,research/results/verify_epsilon_floor/20260926T210310Z
awqpe,0.45,16384,0,0,0,0,0,0.5,5-3,0.0,8,sweep,0.6051813003789281,0.0,research/results/verify_epsilon_floor/20260926T210310Z
awqpe_ablate_special,0.45,16384,0,0,0,0,0,0.5,5-3,0.0,8,sweep,0.6051813003789281,0.0,research/results/verify_epsilon_floor/20260926T210310Z
awqpe,0.46,16384,0,0,0,0,0,0.5,5-3,0.0,8,sweep,0.6051813003789281,0.0,research/results/verify_epsilon_floor/20260926T210310Z
awqpe_ablate_special,0.46,16384,0,0,0,0,0,0.5,5-3,0.0,8,sweep,0.6051813003789281,0.0,research/results/verify_epsilon_floor/20260926T210310Z
awqpe,0.47,16384,0,0,0,0,0,0.5,5-3,0.0,8,sweep,0.6051813003789281,0.0,research/results/verify_epsilon_floor/20260926T210310Z
awqpe_ablate_special,0.47,16384,0,0,0,0,0,0.5,5-3,0.0,8,sweep,0.6051813003789281,0.0,research/results/verify_epsilon_floor/20260926T210310Z
awqpe,0.48,16384,0,0,0,0,0,0.5,5-3,0.0,8,sweep,0.6051813003789281,0.0,research/results/verify_epsilon_floor/20260926T210310Z
awqpe_ablate_special,0.48,16384,0,0,0,0,0,0.5,5-3,0.0,8,sweep,0.6051813003789281,0.0,research/results/verify_epsilon_floor/20260926T210310Z
awqpe,0.49,16384,0,0,0,0,0,0.5,5-3,0.0,8,sweep,0.6051813003789281,0.0,research/results/verify_epsilon_floor/20260926T210310Z
awqpe_ablate_special,0.49,16384,0,0,0,0,0,0.5,5-3,0.0,8,sweep,0.6051813003789281,0.0,research/results/verify_epsilon_floor/20260926T210310Z
awqpe,0.5,16384,0,0,0,0,0,0.5,5-3,0.0,8,sweep,0.6051813003789281,0.0,research/results/verify_epsilon_floor/20260926T210310Z
awqpe_ablate_special,0.5,16384,0,0,0,0,0,0.5,5-3,0.0,8,sweep,0.6051813003789281,0.0,research/results/verify_epsilon_floor/20260926T210310Z
awqpe,0.51,16384,0,0,0,0,0,0.5,5-3,0.0,8,sweep,0.6051813003789281,0.0,research/results/verify_epsilon_floor/20260926T210310Z
awqpe_ablate_special,0.51,16384,0,0,0,0,0,0.5,5-3,0.0,8,sweep,0.6051813003789281,0.0,research/results/verify_epsilon_floor/20260926T210310Z
awqpe,0.52,16384,0,0,0,0,0,0.5,5-3,0.0,8,sweep,0.6051813003789281,0.0,research/results/verify_epsilon_floor/20260926T210310Z
awqpe_ablate_special,0.52,16384,0,0,0,0,0,0.5,5-3,0.0,8,sweep,0.6051813003789281,0.0,research/results/verify_epsilon_floor/20260926T210310Z
awqpe,0.53,16384,0,0,0,0,0,0.5,5-3,0.0,8,sweep,0.6051813003789281,0.0,research/results/verify_epsilon_floor/20260926T210310Z
awqpe_ablate_special,0.53,16384,0,0,0,0,0,0.5,5-3,0.0,8,sweep,0.6051813003789281,0.0,research/results/verify_epsilon_floor/20260926T210310Z
awqpe,0.54,16384,0,0,0,0,0,0.5,5-3,0.0,8,sweep,0.6051813003789281,0.0,research/results/verify_epsilon_floor/20260926T210310Z
awqpe_ablate_special,0.54,16384,0,0,0,0,0,0.5,5-3,0.0,8,sweep,0.6051813003789281,0.0,research/results/verify_epsilon_floor/20260926T210310Z
awqpe,0.55,16384,0,0,0,0,0,0.5,5-3,0.0,8,sweep,0.6051813003789281,0.0,research/results/verify_epsilon_floor/20260926T210310Z
awqpe_ablate_special,0.55,16384,0,0,0,0,0,0.5,5-3,0.0,8,sweep,0.6051813003789281,0.0,research/results/verify_epsilon_floor/20260926T210310Z
awqpe,0.56,16384,0,0,0,0,0,0.5,5-3,0.0,8,sweep,0.6051813003789281,0.0,research/results/verify_epsilon_floor/20260926T210310Z
awqpe_ablate_special,0.56,16384,0,0,0,0,0,0.5,5-3,0.0,8,sweep,0.6051813003789281,0.0,research/results/verify_epsilon_floor/20260926T210310Z
awqpe,0.57,16384,0,0,0,0,0,0.5,5-3,0.0,8,sweep,0.6051813003789281,0.0,research/results/verify_epsilon_floor/20260926T210310Z
awqpe_ablate_special,0.57,16384,0,0,0,0,0,0.5,5-3,0.0,8,sweep,0.6051813003789281,0.0,research/results/verify_epsilon_floor/20260926T210310Z
awqpe,0.58,16384,0,0,0,0,0,0.5,5-3,0.0,8,sweep,0.6051813003789281,0.0,research/results/verify_epsilon_floor/20260926T210310Z
awqpe_ablate_special,0.58,16384,0,0,0,0,0,0.5,5-3,0.0,8,sweep,0.6051813003789281,0.0,research/results/verify_epsilon_floor/20260926T210310Z
awqpe,0.59,16384,0,0,0,0,0,0.5,5-3,0.0,8,sweep,0.6051813003789281,0.0,research/results/verify_epsilon_floor/20260926T210310Z
awqpe_ablate_special,0.59,16384,0,0,0,0,0,0.5,5-3,0.0,8,sweep,0.6051813003789281,0.0,research/results/verify_epsilon_floor/20260926T210310Z
awqpe,0.6,16384,0,0,0,0,0,0.5,5-3,0.0,8,sweep,0.6051813003789281,0.0,research/results/verify_epsilon_floor/20260926T210310Z
awqpe_ablate_special,0.6,16384,0,0,0,0,0,0.5,5-3,0.0,8,sweep,0.6051813003789281,0.0,research/results/verify_epsilon_floor/20260926T210310Z
awqpe,0.61,16384,32,0,0,0,32,7.5,5-3,0.0,8,sweep,0.6051813003789281,0.001953125,research/results/verify_epsilon_floor/20260926T210310Z
awqpe_ablate_special,0.61,16384,0,32,0,32,0,0.5,5-3,0.0,8,sweep,0.6051813003789281,0.0,research/results/verify_epsilon_floor/20260926T210310Z
awqpe,0.62,16384,64,32,32,0,32,7.515625,5-3,0.0,8,sweep,0.6051813003789281,0.00390625,research/results/verify_epsilon_floor/20260926T210310Z
awqpe_ablate_special,0.62,16384,32,64,32,32,0,7.515625,5-3,0.0,8,sweep,0.6051813003789281,0.001953125,research/results/verify_epsilon_floor/20260926T210310Z
awqpe,0.63,16384,96,64,64,0,32,7.53125,5-3,0.0,8,sweep,0.6051813003789281,0.005859375,research/results/verify_epsilon_floor/20260926T210310Z
awqpe_ablate_special,0.63,16384,64,96,64,32,0,7.53125,5-3,0.0,8,sweep,0.6051813003789281,0.00390625,research/results/verify_epsilon_floor/20260926T210310Z
awqpe,0.64,16384,128,96,96,0,32,7.546875,5-3,0.0,8,sweep,0.6051813003789281,0.0078125,research/results/verify_epsilon_floor/20260926T210310Z
awqpe_ablate_special,0.64,16384,96,128,96,32,0,7.546875,5-3,0.0,8,sweep,0.6051813003789281,0.005859375,research/results/verify_epsilon_floor/20260926T210310Z
awqpe,0.65,16384,160,128,128,0,32,7.5625,5-3,0.0,8,sweep,0.6051813003789281,0.009765625,research/results/verify_epsilon_floor/20260926T210310Z
awqpe_ablate_special,0.65,16384,128,160,128,32,0,7.5625,5-3,0.0,8,sweep,0.6051813003789281,0.0078125,research/results/verify_epsilon_floor/20260926T210310Z
awqpe,0.66,16384,192,160,160,0,32,7.578125,5-3,0.0,8,sweep,0.6051813003789281,0.01171875,research/results/verify_epsilon_floor/20260926T210310Z
awqpe_ablate_special,0.66,16384,160,192,160,32,0,7.578125,5-3,0.0,8,sweep,0.6051813003789281,0.009765625,research/results/verify_epsilon_floor/20260926T210310Z
awqpe,0.67,16384,224,192,192,0,32,7.59375,5-3,0.0,8,sweep,0.6051813003789281,0.013671875,research/results/verify_epsilon_floor/20260926T210310Z
awqpe_ablate_special,0.67,16384,192,224,192,32,0,7.59375,5-3,0.0,8,sweep,0.6051813003789281,0.01171875,research/results/verify_epsilon_floor/20260926T210310Z
awqpe,0.68,16384,256,224,224,0,32,7.609375,5-3,0.0,8,sweep,0.6051813003789281,0.015625,research/results/verify_epsilon_floor/20260926T210310Z
awqpe_ablate_special,0.68,16384,224,256,224,32,0,7.609375,5-3,0.0,8,sweep,0.6051813003789281,0.013671875,research/results/verify_epsilon_floor/20260926T210310Z
awqpe,0.69,16384,288,256,256,0,32,7.625,5-3,0.0,8,sweep,0.6051813003789281,0.017578125,research/results/verify_epsilon_floor/20260926T210310Z
awqpe_ablate_special,0.69,16384,256,288,256,32,0,7.625,5-3,0.0,8,sweep,0.6051813003789281,0.015625,research/results/verify_epsilon_floor/20260926T210310Z
awqpe,0.7,16384,320,288,288,0,32,7.640625,5-3,0.0,8,sweep,0.6051813003789281,0.01953125,research/results/verify_epsilon_floor/20260926T210310Z
awqpe_ablate_special,0.7,16384,288,320,288,32,0,7.640625,5-3,0.0,8,sweep,0.6051813003789281,0.017578125,research/results/verify_epsilon_floor/20260926T210310Z
awqpe,0.71,16384,352,320,320,0,32,7.65625,5-3,0.0,8,sweep,0.6051813003789281,0.021484375,research/results/verify_epsilon_floor/20260926T210310Z
awqpe_ablate_special,0.71,16384,320,352,320,32,0,7.65625,5-3,0.0,8,sweep,0.6051813003789281,0.01953125,research/results/verify_epsilon_floor/20260926T210310Z
awqpe,0.72,16384,384,352,352,0,32,7.671875,5-3,0.0,8,sweep,0.6051813003789281,0.0234375,research/results/verify_epsilon_floor/20260926T210310Z
awqpe_ablate_special,0.72,16384,352,384,352,32,0,7.671875,5-3,0.0,8,sweep,0.6051813003789281,0.021484375,research/results/verify_epsilon_floor/20260926T210310Z
awqpe,0.73,16384,384,352,352,0,32,7.671875,5-3,0.0,8,sweep,0.6051813003789281,0.0234375,research/results/verify_epsilon_floor/20260926T210310Z
awqpe_ablate_special,0.73,16384,352,384,352,32,0,7.671875,5-3,0.0,8,sweep,0.6051813003789281,0.021484375,research/results/verify_epsilon_floor/20260926T210310Z
awqpe,0.74,16384,416,384,384,0,32,7.6875,5-3,0.0,8,sweep,0.6051813003789281,0.025390625,research/results/verify_epsilon_floor/20260926T210310Z
awqpe_ablate_special,0.74,16384,384,416,384,32,0,7.6875,5-3,0.0,8,sweep,0.6051813003789281,0.0234375,research/results/verify_epsilon_floor/20260926T210310Z
awqpe,0.75,16384,448,416,416,0,32,7.703125,5-3,0.0,8,sweep,0.6051813003789281,0.02734375,research/results/verify_epsilon_floor/20260926T210310Z
awqpe_ablate_special,0.75,16384,416,448,416,32,0,7.703125,5-3,0.0,8,sweep,0.6051813003789281,0.025390625,research/results/verify_epsilon_floor/20260926T210310Z
awqpe,0.76,16384,480,448,448,0,32,7.71875,5-3,0.0,8,sweep,0.6051813003789281,0.029296875,research/results/verify_epsilon_floor/20260926T210310Z
awqpe_ablate_special,0.76,16384,448,480,448,32,0,7.71875,5-3,0.0,8,sweep,0.6051813003789281,0.02734375,research/results/verify_epsilon_floor/20260926T210310Z
awqpe,0.77,16384,512,480,480,0,32,7.734375,5-3,0.0,8,sweep,0.6051813003789281,0.03125,research/results/verify_epsilon_floor/20260926T210310Z
awqpe_ablate_special,0.77,16384,480,512,480,32,0,7.734375,5-3,0.0,8,sweep,0.6051813003789281,0.029296875,research/results/verify_epsilon_floor/20260926T210310Z
awqpe,0.78,16384,544,512,512,0,32,7.75,5-3,0.0,8,sweep,0.6051813003789281,0.033203125,research/results/verify_epsilon_floor/20260926T210310Z
awqpe_ablate_special,0.78,16384,512,544,512,32,0,7.75,5-3,0.0,8,sweep,0.6051813003789281,0.03125,research/results/verify_epsilon_floor/20260926T210310Z
awqpe,0.79,16384,544,512,512,0,32,7.75,5-3,0.0,8,sweep,0.6051813003789281,0.033203125,research/results/verify_epsilon_floor/20260926T210310Z
awqpe_ablate_special,0.79,16384,512,544,512,32,0,7.75,5-3,0.0,8,sweep,0.6051813003789281,0.03125,research/results/verify_epsilon_floor/20260926T210310Z
awqpe,0.8,16384,576,544,544,0,32,7.765625,5-3,0.0,8,sweep,0.6051813003789281,0.03515625,research/results/verify_epsilon_floor/20260926T210310Z
awqpe_ablate_special,0.8,16384,544,576,544,32,0,7.765625,5-3,0.0,8,sweep,0.6051813003789281,0.033203125,research/results/verify_epsilon_floor/20260926T210310Z
awqpe,0.81,16384,608,576,576,0,32,7.78125,5-3,0.0,8,sweep,0.6051813003789281,0.037109375,research/results/verify_epsilon_floor/20260926T210310Z
awqpe_ablate_special,0.81,16384,576,608,576,32,0,7.78125,5-3,0.0,8,sweep,0.6051813003789281,0.03515625,research/results/verify_epsilon_floor/20260926T210310Z
awqpe,0.82,16384,640,608,608,0,32,7.796875,5-3,0.0,8,sweep,0.6051813003789281,0.0390625,research/results/verify_epsilon_floor/20260926T210310Z
awqpe_ablate_special,0.82,16384,608,640,608,32,0,7.796875,5-3,0.0,8,sweep,0.6051813003789281,0.037109375,research/results/verify_epsilon_floor/20260926T210310Z
awqpe,0.83,16384,672,640,640,0,32,7.8125,5-3,0.0,8,sweep,0.6051813003789281,0.041015625,research/results/verify_epsilon_floor/20260926T210310Z
awqpe_ablate_special,0.83,16384,640,672,640,32,0,7.8125,5-3,0.0,8,sweep,0.6051813003789281,0.0390625,research/results/verify_epsilon_floor/20260926T210310Z
awqpe,0.84,16384,672,640,640,0,32,7.8125,5-3,0.0,8,sweep,0.6051813003789281,0.041015625,research/results/verify_epsilon_floor/20260926T210310Z
awqpe_ablate_special,0.84,16384,640,672,640,32,0,7.8125,5-3,0.0,8,sweep,0.6051813003789281,0.0390625,research/results/verify_epsilon_floor/20260926T210310Z
awqpe,0.85,16384,704,672,672,0,32,7.828125,5-3,0.0,8,sweep,0.6051813003789281,0.04296875,research/results/verify_epsilon_floor/20260926T210310Z
awqpe_ablate_special,0.85,16384,672,704,672,32,0,7.828125,5-3,0.0,8,sweep,0.6051813003789281,0.041015625,research/results/verify_epsilon_floor/20260926T210310Z
awqpe,0.86,16384,736,704,704,0,32,7.84375,5-3,0.0,8,sweep,0.6051813003789281,0.044921875,research/results/verify_epsilon_floor/20260926T210310Z
awqpe_ablate_special,0.86,16384,704,736,704,32,0,7.84375,5-3,0.0,8,sweep,0.6051813003789281,0.04296875,research/results/verify_epsilon_floor/20260926T210310Z
awqpe,0.87,16384,768,736,736,0,32,7.859375,5-3,0.0,8,sweep,0.6051813003789281,0.046875,research/results/verify_epsilon_floor/20260926T210310Z
awqpe_ablate_special,0.87,16384,736,768,736,32,0,7.859375,5-3,0.0,8,sweep,0.6051813003789281,0.044921875,research/results/verify_epsilon_floor/20260926T210310Z
awqpe,0.88,16384,768,736,736,0,32,7.859375,5-3,0.0,8,sweep,0.6051813003789281,0.046875,research/results/verify_epsilon_floor/20260926T210310Z
awqpe_ablate_special,0.88,16384,736,768,736,32,0,7.859375,5-3,0.0,8,sweep,0.6051813003789281,0.044921875,research/results/verify_epsilon_floor/20260926T210310Z
awqpe,0.89,16384,800,768,768,0,32,7.875,5-3,0.0,8,sweep,0.6051813003789281,0.048828125,research/results/verify_epsilon_floor/20260926T210310Z
awqpe_ablate_special,0.89,16384,768,800,768,32,0,7.875,5-3,0.0,8,sweep,0.6051813003789281,0.046875,research/results/verify_epsilon_floor/20260926T210310Z
awqpe,0.9,16384,832,800,800,0,32,7.890625,5-3,0.0,8,sweep,0.6051813003789281,0.05078125,research/results/verify_epsilon_floor/20260926T210310Z
awqpe_ablate_special,0.9,16384,800,832,800,32,0,7.890625,5-3,0.0,8,sweep,0.6051813003789281,0.048828125,research/results/verify_epsilon_floor/20260926T210310Z
awqpe,0.91,16384,832,800,800,0,32,7.890625,5-3,0.0,8,sweep,0.6051813003789281,0.05078125,research/results/verify_epsilon_floor/20260926T210310Z
awqpe_ablate_special,0.91,16384,800,832,800,32,0,7.890625,5-3,0.0,8,sweep,0.6051813003789281,0.048828125,research/results/verify_epsilon_floor/20260926T210310Z
awqpe,0.92,16384,864,832,832,0,32,7.90625,5-3,0.0,8,sweep,0.6051813003789281,0.052734375,research/results/verify_epsilon_floor/20260926T210310Z
awqpe_ablate_special,0.92,16384,832,864,832,32,0,7.90625,5-3,0.0,8,sweep,0.6051813003789281,0.05078125,research/results/verify_epsilon_floor/20260926T210310Z
awqpe,0.93,16384,896,864,864,0,32,7.921875,5-3,0.0,8,sweep,0.6051813003789281,0.0546875,research/results/verify_epsilon_floor/20260926T210310Z
awqpe_ablate_special,0.93,16384,864,896,864,32,0,7.921875,5-3,0.0,8,sweep,0.6051813003789281,0.052734375,research/results/verify_epsilon_floor/20260926T210310Z
awqpe,0.94,16384,928,896,896,0,32,7.9375,5-3,0.0,8,sweep,0.6051813003789281,0.056640625,research/results/verify_epsilon_floor/20260926T210310Z
awqpe_ablate_special,0.94,16384,896,928,896,32,0,7.9375,5-3,0.0,8,sweep,0.6051813003789281,0.0546875,research/results/verify_epsilon_floor/20260926T210310Z
awqpe,0.95,16384,928,896,896,0,32,7.9375,5-3,0.0,8,sweep,0.6051813003789281,0.056640625,research/results/verify_epsilon_floor/20260926T210310Z
awqpe_ablate_special,0.95,16384,896,928,896,32,0,7.9375,5-3,0.0,8,sweep,0.6051813003789281,0.0546875,research/results/verify_epsilon_floor/20260926T210310Z
awqpe,0.96,16384,960,928,928,0,32,7.953125,5-3,0.0,8,sweep,0.6051813003789281,0.05859375,research/results/verify_epsilon_floor/20260926T210310Z
awqpe_ablate_special,0.96,16384,928,960,928,32,0,7.953125,5-3,0.0,8,sweep,0.6051813003789281,0.056640625,research/results/verify_epsilon_floor/20260926T210310Z
awqpe,0.97,16384,992,960,960,0,32,7.96875,5-3,0.0,8,sweep,0.6051813003789281,0.060546875,research/results/verify_epsilon_floor/20260926T210310Z
awqpe_ablate_special,0.97,16384,960,992,960,32,0,7.96875,5-3,0.0,8,sweep,0.6051813003789281,0.05859375,research/results/verify_epsilon_floor/20260926T210310Z
awqpe,0.98,16384,992,960,960,0,32,7.96875,5-3,0.0,8,sweep,0.6051813003789281,0.060546875,research/results/verify_epsilon_floor/20260926T210310Z
awqpe_ablate_special,0.98,16384,960,992,960,32,0,7.96875,5-3,0.0,8,sweep,0.6051813003789281,0.05859375,research/results/verify_epsilon_floor/20260926T210310Z
awqpe,0.99,16384,1024,992,992,0,32,7.984375,5-3,0.0,8,sweep,0.6051813003789281,0.0625,research/results/verify_epsilon_floor/20260926T210310Z
awqpe_ablate_special,0.99,16384,992,1024,992,32,0,7.984375,5-3,0.0,8,sweep,0.6051813003789281,0.060546875,research/results/verify_epsilon_floor/20260926T210310Z
awqpe,0.3,16384,0,0,0,0,0,0.4942187500000017,5-3,0.37,8,sweep,0.6051813003789281,0.0,research/results/verify_epsilon_floor/20260926T210310Z
awqpe_ablate_special,0.3,16384,0,0,0,0,0,0.4942187500000017,5-3,0.37,8,sweep,0.6051813003789281,0.0,research/results/verify_epsilon_floor/20260926T210310Z
awqpe,0.31,16384,0,0,0,0,0,0.4942187500000017,5-3,0.37,8,sweep,0.6051813003789281,0.0,research/results/verify_epsilon_floor/20260926T210310Z
awqpe_ablate_special,0.31,16384,0,0,0,0,0,0.4942187500000017,5-3,0.37,8,sweep,0.6051813003789281,0.0,research/results/verify_epsilon_floor/20260926T210310Z
awqpe,0.32,16384,0,0,0,0,0,0.4942187500000017,5-3,0.37,8,sweep,0.6051813003789281,0.0,research/results/verify_epsilon_floor/20260926T210310Z
awqpe_ablate_special,0.32,16384,0,0,0,0,0,0.4942187500000017,5-3,0.37,8,sweep,0.6051813003789281,0.0,research/results/verify_epsilon_floor/20260926T210310Z
awqpe,0.33,16384,0,0,0,0,0,0.4942187500000017,5-3,0.37,8,sweep,0.6051813003789281,0.0,research/results/verify_epsilon_floor/20260926T210310Z
awqpe_ablate_special,0.33,16384,0,0,0,0,0,0.4942187500000017,5-3,0.37,8,sweep,0.6051813003789281,0.0,research/results/verify_epsilon_floor/20260926T210310Z
awqpe,0.34,16384,0,0,0,0,0,0.4942187500000017,5-3,0.37,8,sweep,0.6051813003789281,0.0,research/results/verify_epsilon_floor/20260926T210310Z
awqpe_ablate_special,0.34,16384,0,0,0,0,0,0.4942187500000017,5-3,0.37,8,sweep,0.6051813003789281,0.0,research/results/verify_epsilon_floor/20260926T210310Z
awqpe,0.35,16384,0,0,0,0,0,0.4942187500000017,5-3,0.37,8,sweep,0.6051813003789281,0.0,research/results/verify_epsilon_floor/20260926T210310Z
awqpe_ablate_special,0.35,16384,0,0,0,0,0,0.4942187500000017,5-3,0.37,8,sweep,0.6051813003789281,0.0,research/results/verify_epsilon_floor/20260926T210310Z
awqpe,0.36,16384,0,0,0,0,0,0.4942187500000017,5-3,0.37,8,sweep,0.6051813003789281,0.0,research/results/verify_epsilon_floor/20260926T210310Z
awqpe_ablate_special,0.36,16384,0,0,0,0,0,0.4942187500000017,5-3,0.37,8,sweep,0.6051813003789281,0.0,research/results/verify_epsilon_floor/20260926T210310Z
awqpe,0.37,16384,0,0,0,0,0,0.4942187500000017,5-3,0.37,8,sweep,0.6051813003789281,0.0,research/results/verify_epsilon_floor/20260926T210310Z
awqpe_ablate_special,0.37,16384,0,0,0,0,0,0.4942187500000017,5-3,0.37,8,sweep,0.6051813003789281,0.0,research/results/verify_epsilon_floor/20260926T210310Z
awqpe,0.38,16384,0,0,0,0,0,0.4942187500000017,5-3,0.37,8,sweep,0.6051813003789281,0.0,research/results/verify_epsilon_floor/20260926T210310Z
awqpe_ablate_special,0.38,16384,0,0,0,0,0,0.4942187500000017,5-3,0.37,8,sweep,0.6051813003789281,0.0,research/results/verify_epsilon_floor/20260926T210310Z
awqpe,0.39,16384,0,0,0,0,0,0.4942187500000017,5-3,0.37,8,sweep,0.6051813003789281,0.0,research/results/verify_epsilon_floor/20260926T210310Z
awqpe_ablate_special,0.39,16384,0,0,0,0,0,0.4942187500000017,5-3,0.37,8,sweep,0.6051813003789281,0.0,research/results/verify_epsilon_floor/20260926T210310Z
awqpe,0.4,16384,0,0,0,0,0,0.4942187500000017,5-3,0.37,8,sweep,0.6051813003789281,0.0,research/results/verify_epsilon_floor/20260926T210310Z
awqpe_ablate_special,0.4,16384,0,0,0,0,0,0.4942187500000017,5-3,0.37,8,sweep,0.6051813003789281,0.0,research/results/verify_epsilon_floor/20260926T210310Z
awqpe,0.41,16384,0,0,0,0,0,0.4942187500000017,5-3,0.37,8,sweep,0.6051813003789281,0.0,research/results/verify_epsilon_floor/20260926T210310Z
awqpe_ablate_special,0.41,16384,0,0,0,0,0,0.4942187500000017,5-3,0.37,8,sweep,0.6051813003789281,0.0,research/results/verify_epsilon_floor/20260926T210310Z
awqpe,0.42,16384,0,0,0,0,0,0.4942187500000017,5-3,0.37,8,sweep,0.6051813003789281,0.0,research/results/verify_epsilon_floor/20260926T210310Z
awqpe_ablate_special,0.42,16384,0,0,0,0,0,0.4942187500000017,5-3,0.37,8,sweep,0.6051813003789281,0.0,research/results/verify_epsilon_floor/20260926T210310Z
awqpe,0.43,16384,0,0,0,0,0,0.4942187500000017,5-3,0.37,8,sweep,0.6051813003789281,0.0,research/results/verify_epsilon_floor/20260926T210310Z
awqpe_ablate_special,0.43,16384,0,0,0,0,0,0.4942187500000017,5-3,0.37,8,sweep,0.6051813003789281,0.0,research/results/verify_epsilon_floor/20260926T210310Z
awqpe,0.44,16384,0,0,0,0,0,0.4942187500000017,5-3,0.37,8,sweep,0.6051813003789281,0.0,research/results/verify_epsilon_floor/20260926T210310Z
awqpe_ablate_special,0.44,16384,0,0,0,0,0,0.4942187500000017,5-3,0.37,8,sweep,0.6051813003789281,0.0,research/results/verify_epsilon_floor/20260926T210310Z
awqpe,0.45,16384,0,0,0,0,0,0.4942187500000017,5-3,0.37,8,sweep,0.6051813003789281,0.0,research/results/verify_epsilon_floor/20260926T210310Z
awqpe_ablate_special,0.45,16384,0,0,0,0,0,0.4942187500000017,5-3,0.37,8,sweep,0.6051813003789281,0.0,research/results/verify_epsilon_floor/20260926T210310Z
awqpe,0.46,16384,0,0,0,0,0,0.4942187500000017,5-3,0.37,8,sweep,0.6051813003789281,0.0,research/results/verify_epsilon_floor/20260926T210310Z
awqpe_ablate_special,0.46,16384,0,0,0,0,0,0.4942187500000017,5-3,0.37,8,sweep,0.6051813003789281,0.0,research/results/verify_epsilon_floor/20260926T210310Z
awqpe,0.47,16384,0,0,0,0,0,0.4942187500000017,5-3,0.37,8,sweep,0.6051813003789281,0.0,research/results/verify_epsilon_floor/20260926T210310Z
awqpe_ablate_special,0.47,16384,0,0,0,0,0,0.4942187500000017,5-3,0.37,8,sweep,0.6051813003789281,0.0,research/results/verify_epsilon_floor/20260926T210310Z
awqpe,0.48,16384,0,0,0,0,0,0.4942187500000017,5-3,0.37,8,sweep,0.6051813003789281,0.0,research/results/verify_epsilon_floor/20260926T210310Z
awqpe_ablate_special,0.48,16384,0,0,0,0,0,0.4942187500000017,5-3,0.37,8,sweep,0.6051813003789281,0.0,research/results/verify_epsilon_floor/20260926T210310Z
awqpe,0.49,16384,0,0,0,0,0,0.4942187500000017,5-3,0.37,8,sweep,0.6051813003789281,0.0,research/results/verify_epsilon_floor/20260926T210310Z
awqpe_ablate_special,0.49,16384,0,0,0,0,0,0.4942187500000017,5-3,0.37,8,sweep,0.6051813003789281,0.0,research/results/verify_epsilon_floor/20260926T210310Z
awqpe,0.5,16384,0,0,0,0,0,0.4942187500000017,5-3,0.37,8,sweep,0.6051813003789281,0.0,research/results/verify_epsilon_floor/20260926T210310Z
awqpe_ablate_special,0.5,16384,0,0,0,0,0,0.4942187500000017,5-3,0.37,8,sweep,0.6051813003789281,0.0,research/results/verify_epsilon_floor/20260926T210310Z
awqpe,0.51,16384,0,0,0,0,0,0.4942187500000017,5-3,0.37,8,sweep,0.6051813003789281,0.0,research/results/verify_epsilon_floor/20260926T210310Z
awqpe_ablate_special,0.51,16384,0,0,0,0,0,0.4942187500000017,5-3,0.37,8,sweep,0.6051813003789281,0.0,research/results/verify_epsilon_floor/20260926T210310Z
awqpe,0.52,16384,0,0,0,0,0,0.4942187500000017,5-3,0.37,8,sweep,0.6051813003789281,0.0,research/results/verify_epsilon_floor/20260926T210310Z
awqpe_ablate_special,0.52,16384,0,0,0,0,0,0.4942187500000017,5-3,0.37,8,sweep,0.6051813003789281,0.0,research/results/verify_epsilon_floor/20260926T210310Z
awqpe,0.53,16384,0,0,0,0,0,0.4942187500000017,5-3,0.37,8,sweep,0.6051813003789281,0.0,research/results/verify_epsilon_floor/20260926T210310Z
awqpe_ablate_special,0.53,16384,0,0,0,0,0,0.4942187500000017,5-3,0.37,8,sweep,0.6051813003789281,0.0,research/results/verify_epsilon_floor/20260926T210310Z
awqpe,0.54,16384,0,0,0,0,0,0.4942187500000017,5-3,0.37,8,sweep,0.6051813003789281,0.0,research/results/verify_epsilon_floor/20260926T210310Z
awqpe_ablate_special,0.54,16384,0,0,0,0,0,0.4942187500000017,5-3,0.37,8,sweep,0.6051813003789281,0.0,research/results/verify_epsilon_floor/20260926T210310Z
awqpe,0.55,16384,0,0,0,0,0,0.4942187500000017,5-3,0.37,8,sweep,0.6051813003789281,0.0,research/results/verify_epsilon_floor/20260926T210310Z
awqpe_ablate_special,0.55,16384,0,0,0,0,0,0.4942187500000017,5-3,0.37,8,sweep,0.6051813003789281,0.0,research/results/verify_epsilon_floor/20260926T210310Z
awqpe,0.56,16384,0,0,0,0,0,0.4942187500000017,5-3,0.37,8,sweep,0.6051813003789281,0.0,research/results/verify_epsilon_floor/20260926T210310Z
awqpe_ablate_special,0.56,16384,0,0,0,0,0,0.4942187500000017,5-3,0.37,8,sweep,0.6051813003789281,0.0,research/results/verify_epsilon_floor/20260926T210310Z
awqpe,0.57,16384,0,0,0,0,0,0.4942187500000017,5-3,0.37,8,sweep,0.6051813003789281,0.0,research/results/verify_epsilon_floor/20260926T210310Z
awqpe_ablate_special,0.57,16384,0,0,0,0,0,0.4942187500000017,5-3,0.37,8,sweep,0.6051813003789281,0.0,research/results/verify_epsilon_floor/20260926T210310Z
awqpe,0.58,16384,0,0,0,0,0,0.4942187500000017,5-3,0.37,8,sweep,0.6051813003789281,0.0,research/results/verify_epsilon_floor/20260926T210310Z
awqpe_ablate_special,0.58,16384,0,0,0,0,0,0.4942187500000017,5-3,0.37,8,sweep,0.6051813003789281,0.0,research/results/verify_epsilon_floor/20260926T210310Z
awqpe,0.59,16384,0,0,0,0,0,0.4942187500000017,5-3,0.37,8,sweep,0.6051813003789281,0.0,research/results/verify_epsilon_floor/20260926T210310Z
awqpe_ablate_special,0.59,16384,0,0,0,0,0,0.4942187500000017,5-3,0.37,8,sweep,0.6051813003789281,0.0,research/results/verify_epsilon_floor/20260926T210310Z
awqpe,0.6,16384,0,0,0,0,0,0.4942187500000017,5-3,0.37,8,sweep,0.6051813003789281,0.0,research/results/verify_epsilon_floor/20260926T210310Z
awqpe_ablate_special,0.6,16384,0,0,0,0,0,0.4942187500000017,5-3,0.37,8,sweep,0.6051813003789281,0.0,research/results/verify_epsilon_floor/20260926T210310Z
awqpe,0.61,16384,0,0,0,0,0,0.4942187500000017,5-3,0.37,8,sweep,0.6051813003789281,0.0,research/results/verify_epsilon_floor/20260926T210310Z
awqpe_ablate_special,0.61,16384,32,32,32,0,0,7.5057812500000125,5-3,0.37,8,sweep,0.6051813003789281,0.001953125,research/results/verify_epsilon_floor/20260926T210310Z
awqpe,0.62,16384,32,32,32,0,0,7.509843750000002,5-3,0.37,8,sweep,0.6051813003789281,0.001953125,research/results/verify_epsilon_floor/20260926T210310Z
awqpe_ablate_special,0.62,16384,64,64,64,0,0,7.5214062500000125,5-3,0.37,8,sweep,0.6051813003789281,0.00390625,research/results/verify_epsilon_floor/20260926T210310Z
awqpe,0.63,16384,64,64,64,0,0,7.525468750000002,5-3,0.37,8,sweep,0.6051813003789281,0.00390625,research/results/verify_epsilon_floor/20260926T210310Z
awqpe_ablate_special,0.63,16384,96,96,96,0,0,7.5370312500000125,5-3,0.37,8,sweep,0.6051813003789281,0.005859375,research/results/verify_epsilon_floor/20260926T210310Z
awqpe,0.64,16384,96,96,96,0,0,7.541093750000002,5-3,0.37,8,sweep,0.6051813003789281,0.005859375,research/results/verify_epsilon_floor/20260926T210310Z
awqpe_ablate_special,0.64,16384,128,128,128,0,0,7.5526562500000125,5-3,0.37,8,sweep,0.6051813003789281,0.0078125,research/results/verify_epsilon_floor/20260926T210310Z
awqpe,0.65,16384,128,128,128,0,0,7.556718750000002,5-3,0.37,8,sweep,0.6051813003789281,0.0078125,research/results/verify_epsilon_floor/20260926T210310Z
awqpe_ablate_special,0.65,16384,160,160,160,0,0,7.5682812500000125,5-3,0.37,8,sweep,0.6051813003789281,0.009765625,research/results/verify_epsilon_floor/20260926T210310Z
awqpe,0.66,16384,160,160,160,0,0,7.572343750000002,5-3,0.37,8,sweep,0.6051813003789281,0.009765625,research/results/verify_epsilon_floor/20260926T210310Z
awqpe_ablate_special,0.66,16384,192,192,192,0,0,7.5839062500000125,5-3,0.37,8,sweep,0.6051813003789281,0.01171875,research/results/verify_epsilon_floor/20260926T210310Z
awqpe,0.67,16384,192,192,192,0,0,7.587968750000002,5-3,0.37,8,sweep,0.6051813003789281,0.01171875,research/results/verify_epsilon_floor/20260926T210310Z
awqpe_ablate_special,0.67,16384,224,224,224,0,0,7.5995312500000125,5-3,0.37,8,sweep,0.6051813003789281,0.013671875,research/results/verify_epsilon_floor/20260926T210310Z
awqpe,0.68,16384,224,224,224,0,0,7.603593750000002,5-3,0.37,8,sweep,0.6051813003789281,0.013671875,research/results/verify_epsilon_floor/20260926T210310Z
awqpe_ablate_special,0.68,16384,256,256,256,0,0,7.6151562500000125,5-3,0.37,8,sweep,0.6051813003789281,0.015625,research/results/verify_epsilon_floor/20260926T210310Z
awqpe,0.69,16384,256,256,256,0,0,7.619218750000002,5-3,0.37,8,sweep,0.6051813003789281,0.015625,research/results/verify_epsilon_floor/20260926T210310Z
awqpe_ablate_special,0.69,16384,256,256,256,0,0,7.6151562500000125,5-3,0.37,8,sweep,0.6051813003789281,0.015625,research/results/verify_epsilon_floor/20260926T210310Z
awqpe,0.7,16384,288,288,288,0,0,7.634843750000002,5-3,0.37,8,sweep,0.6051813003789281,0.017578125,research/results/verify_epsilon_floor/20260926T210310Z
awqpe_ablate_special,0.7,16384,288,288,288,0,0,7.6307812500000125,5-3,0.37,8,sweep,0.6051813003789281,0.017578125,research/results/verify_epsilon_floor/20260926T210310Z
awqpe,0.71,16384,320,320,320,0,0,7.650468750000002,5-3,0.37,8,sweep,0.6051813003789281,0.01953125,research/results/verify_epsilon_floor/20260926T210310Z
awqpe_ablate_special,0.71,16384,320,320,320,0,0,7.6464062500000125,5-3,0.37,8,sweep,0.6051813003789281,0.01953125,research/results/verify_epsilon_floor/20260926T210310Z
awqpe,0.72,16384,352,352,352,0,0,7.666093750000002,5-3,0.37,8,sweep,0.6051813003789281,0.021484375,research/results/verify_epsilon_floor/20260926T210310Z
awqpe_ablate_special,0.72,16384,352,352,352,0,0,7.6620312500000125,5-3,0.37,8,sweep,0.6051813003789281,0.021484375,research/results/verify_epsilon_floor/20260926T210310Z
awqpe,0.73,16384,384,384,384,0,0,7.681718750000002,5-3,0.37,8,sweep,0.6051813003789281,0.0234375,research/results/verify_epsilon_floor/20260926T210310Z
awqpe_ablate_special,0.73,16384,384,384,384,0,0,7.6776562500000125,5-3,0.37,8,sweep,0.6051813003789281,0.0234375,research/results/verify_epsilon_floor/20260926T210310Z
awqpe,0.74,16384,416,416,416,0,0,7.697343750000002,5-3,0.37,8,sweep,0.6051813003789281,0.025390625,research/results/verify_epsilon_floor/20260926T210310Z
awqpe_ablate_special,0.74,16384,416,416,416,0,0,7.6932812500000125,5-3,0.37,8,sweep,0.6051813003789281,0.025390625,research/results/verify_epsilon_floor/20260926T210310Z
awqpe,0.75,16384,416,416,416,0,0,7.697343750000002,5-3,0.37,8,sweep,0.6051813003789281,0.025390625,research/results/verify_epsilon_floor/20260926T210310Z
awqpe_ablate_special,0.75,16384,448,448,448,0,0,7.7089062500000125,5-3,0.37,8,sweep,0.6051813003789281,0.02734375,research/results/verify_epsilon_floor/20260926T210310Z
awqpe,0.76,16384,448,448,448,0,0,7.712968750000002,5-3,0.37,8,sweep,0.6051813003789281,0.02734375,research/results/verify_epsilon_floor/20260926T210310Z
awqpe_ablate_special,0.76,16384,480,480,480,0,0,7.7245312500000125,5-3,0.37,8,sweep,0.6051813003789281,0.029296875,research/results/verify_epsilon_floor/20260926T210310Z
awqpe,0.77,16384,480,480,480,0,0,7.728593750000002,5-3,0.37,8,sweep,0.6051813003789281,0.029296875,research/results/verify_epsilon_floor/20260926T210310Z
awqpe_ablate_special,0.77,16384,480,480,480,0,0,7.7245312500000125,5-3,0.37,8,sweep,0.6051813003789281,0.029296875,research/results/verify_epsilon_floor/20260926T210310Z
awqpe,0.78,16384,512,512,512,0,0,7.744218750000002,5-3,0.37,8,sweep,0.6051813003789281,0.03125,research/results/verify_epsilon_floor/20260926T210310Z
awqpe_ablate_special,0.78,16384,512,512,512,0,0,7.7401562500000125,5-3,0.37,8,sweep,0.6051813003789281,0.03125,research/results/verify_epsilon_floor/20260926T210310Z
awqpe,0.79,16384,544,544,544,0,0,7.759843750000002,5-3,0.37,8,sweep,0.6051813003789281,0.033203125,research/results/verify_epsilon_floor/20260926T210310Z
awqpe_ablate_special,0.79,16384,544,544,544,0,0,7.7557812500000125,5-3,0.37,8,sweep,0.6051813003789281,0.033203125,research/results/verify_epsilon_floor/20260926T210310Z
awqpe,0.8,16384,576,576,576,0,0,7.775468750000002,5-3,0.37,8,sweep,0.6051813003789281,0.03515625,research/results/verify_epsilon_floor/20260926T210310Z
awqpe_ablate_special,0.8,16384,576,576,576,0,0,7.7714062500000125,5-3,0.37,8,sweep,0.6051813003789281,0.03515625,research/results/verify_epsilon_floor/20260926T210310Z
awqpe,0.81,16384,576,576,576,0,0,7.775468750000002,5-3,0.37,8,sweep,0.6051813003789281,0.03515625,research/results/verify_epsilon_floor/20260926T210310Z
awqpe_ablate_special,0.81,16384,608,608,608,0,0,7.7870312500000125,5-3,0.37,8,sweep,0.6051813003789281,0.037109375,research/results/verify_epsilon_floor/20260926T210310Z
awqpe,0.82,16384,608,608,608,0,0,7.791093750000002,5-3,0.37,8,sweep,0.6051813003789281,0.037109375,research/results/verify_epsilon_floor/20260926T210310Z
awqpe_ablate_special,0.82,16384,608,608,608,0,0,7.7870312500000125,5-3,0.37,8,sweep,0.6051813003789281,0.037109375,research/results/verify_epsilon_floor/20260926T210310Z
awqpe,0.83,16384,640,640,640,0,0,7.806718750000002,5-3,0.37,8,sweep,0.6051813003789281,0.0390625,research/results/verify_epsilon_floor/20260926T210310Z
awqpe_ablate_special,0.83,16384,640,640,640,0,0,7.8026562500000125,5-3,0.37,8,sweep,0.6051813003789281,0.0390625,research/results/verify_epsilon_floor/20260926T210310Z
awqpe,0.84,16384,672,672,672,0,0,7.822343750000002,5-3,0.37,8,sweep,0.6051813003789281,0.041015625,research/results/verify_epsilon_floor/20260926T210310Z
awqpe_ablate_special,0.84,16384,672,672,672,0,0,7.8182812500000125,5-3,0.37,8,sweep,0.6051813003789281,0.041015625,research/results/verify_epsilon_floor/20260926T210310Z
awqpe,0.85,16384,672,672,672,0,0,7.822343750000002,5-3,0.37,8,sweep,0.6051813003789281,0.041015625,research/results/verify_epsilon_floor/20260926T210310Z
awqpe_ablate_special,0.85,16384,704,704,704,0,0,7.8339062500000125,5-3,0.37,8,sweep,0.6051813003789281,0.04296875,research/results/verify_epsilon_floor/20260926T210310Z
awqpe,0.86,16384,704,704,704,0,0,7.837968750000002,5-3,0.37,8,sweep,0.6051813003789281,0.04296875,research/results/verify_epsilon_floor/20260926T210310Z
awqpe_ablate_special,0.86,16384,704,704,704,0,0,7.8339062500000125,5-3,0.37,8,sweep,0.6051813003789281,0.04296875,research/results/verify_epsilon_floor/20260926T210310Z
awqpe,0.87,16384,736,736,736,0,0,7.853593750000002,5-3,0.37,8,sweep,0.6051813003789281,0.044921875,research/results/verify_epsilon_floor/20260926T210310Z
awqpe_ablate_special,0.87,16384,736,736,736,0,0,7.8495312500000125,5-3,0.37,8,sweep,0.6051813003789281,0.044921875,research/results/verify_epsilon_floor/20260926T210310Z
awqpe,0.88,16384,768,768,768,0,0,7.869218750000002,5-3,0.37,8,sweep,0.6051813003789281,0.046875,research/results/verify_epsilon_floor/20260926T210310Z
awqpe_ablate_special,0.88,16384,768,768,768,0,0,7.8651562500000125,5-3,0.37,8,sweep,0.6051813003789281,0.046875,research/results/verify_epsilon_floor/20260926T210310Z
awqpe,0.89,16384,768,768,768,0,0,7.869218750000002,5-3,0.37,8,sweep,0.6051813003789281,0.046875,research/results/verify_epsilon_floor/20260926T210310Z
awqpe_ablate_special,0.89,16384,800,800,800,0,0,7.8807812500000125,5-3,0.37,8,sweep,0.6051813003789281,0.048828125,research/results/verify_epsilon_floor/20260926T210310Z
awqpe,0.9,16384,800,800,800,0,0,7.884843750000002,5-3,0.37,8,sweep,0.6051813003789281,0.048828125,research/results/verify_epsilon_floor/20260926T210310Z
awqpe_ablate_special,0.9,16384,800,800,800,0,0,7.8807812500000125,5-3,0.37,8,sweep,0.6051813003789281,0.048828125,research/results/verify_epsilon_floor/20260926T210310Z
awqpe,0.91,16384,832,832,832,0,0,7.900468750000002,5-3,0.37,8,sweep,0.6051813003789281,0.05078125,research/results/verify_epsilon_floor/20260926T210310Z
awqpe_ablate_special,0.91,16384,832,832,832,0,0,7.8964062500000125,5-3,0.37,8,sweep,0.6051813003789281,0.05078125,research/results/verify_epsilon_floor/20260926T210310Z
awqpe,0.92,16384,864,864,864,0,0,7.916093750000002,5-3,0.37,8,sweep,0.6051813003789281,0.052734375,research/results/verify_epsilon_floor/20260926T210310Z
awqpe_ablate_special,0.92,16384,864,864,864,0,0,7.9120312500000125,5-3,0.37,8,sweep,0.6051813003789281,0.052734375,research/results/verify_epsilon_floor/20260926T210310Z
awqpe,0.93,16384,864,864,864,0,0,7.916093750000002,5-3,0.37,8,sweep,0.6051813003789281,0.052734375,research/results/verify_epsilon_floor/20260926T210310Z
awqpe_ablate_special,0.93,16384,864,864,864,0,0,7.9120312500000125,5-3,0.37,8,sweep,0.6051813003789281,0.052734375,research/results/verify_epsilon_floor/20260926T210310Z
awqpe,0.94,16384,896,896,896,0,0,7.931718750000002,5-3,0.37,8,sweep,0.6051813003789281,0.0546875,research/results/verify_epsilon_floor/20260926T210310Z
awqpe_ablate_special,0.94,16384,896,896,896,0,0,7.9276562500000125,5-3,0.37,8,sweep,0.6051813003789281,0.0546875,research/results/verify_epsilon_floor/20260926T210310Z
awqpe,0.95,16384,928,928,928,0,0,7.947343750000002,5-3,0.37,8,sweep,0.6051813003789281,0.056640625,research/results/verify_epsilon_floor/20260926T210310Z
awqpe_ablate_special,0.95,16384,928,928,928,0,0,7.9432812500000125,5-3,0.37,8,sweep,0.6051813003789281,0.056640625,research/results/verify_epsilon_floor/20260926T210310Z
awqpe,0.96,16384,928,928,928,0,0,7.947343750000002,5-3,0.37,8,sweep,0.6051813003789281,0.056640625,research/results/verify_epsilon_floor/20260926T210310Z
awqpe_ablate_special,0.96,16384,960,960,960,0,0,7.9589062500000125,5-3,0.37,8,sweep,0.6051813003789281,0.05859375,research/results/verify_epsilon_floor/20260926T210310Z
awqpe,0.97,16384,960,960,960,0,0,7.962968750000002,5-3,0.37,8,sweep,0.6051813003789281,0.05859375,research/results/verify_epsilon_floor/20260926T210310Z
awqpe_ablate_special,0.97,16384,960,960,960,0,0,7.9589062500000125,5-3,0.37,8,sweep,0.6051813003789281,0.05859375,research/results/verify_epsilon_floor/20260926T210310Z
awqpe,0.98,16384,992,992,992,0,0,7.978593750000002,5-3,0.37,8,sweep,0.6051813003789281,0.060546875,research/results/verify_epsilon_floor/20260926T210310Z
awqpe_ablate_special,0.98,16384,992,992,992,0,0,7.9745312500000125,5-3,0.37,8,sweep,0.6051813003789281,0.060546875,research/results/verify_epsilon_floor/20260926T210310Z
awqpe,0.99,16384,992,992,992,0,0,7.978593750000002,5-3,0.37,8,sweep,0.6051813003789281,0.060546875,research/results/verify_epsilon_floor/20260926T210310Z
awqpe_ablate_special,0.99,16384,992,992,992,0,0,7.9745312500000125,5-3,0.37,8,sweep,0.6051813003789281,0.060546875,research/results/verify_epsilon_floor/20260926T210310Z
awqpe,0.3,32768,0,0,0,0,0,0.5,5-5,0.0,10,sweep,0.8825495900982553,0.0,research/results/verify_epsilon_floor/20260926T210310Z
awqpe_ablate_special,0.3,32768,0,0,0,0,0,0.5,5-5,0.0,10,sweep,0.8825495900982553,0.0,research/results/verify_epsilon_floor/20260926T210310Z
awqpe,0.31,32768,0,0,0,0,0,0.5,5-5,0.0,10,sweep,0.8825495900982553,0.0,research/results/verify_epsilon_floor/20260926T210310Z
awqpe_ablate_special,0.31,32768,0,0,0,0,0,0.5,5-5,0.0,10,sweep,0.8825495900982553,0.0,research/results/verify_epsilon_floor/20260926T210310Z
awqpe,0.32,32768,0,0,0,0,0,0.5,5-5,0.0,10,sweep,0.8825495900982553,0.0,research/results/verify_epsilon_floor/20260926T210310Z
awqpe_ablate_special,0.32,32768,0,0,0,0,0,0.5,5-5,0.0,10,sweep,0.8825495900982553,0.0,research/results/verify_epsilon_floor/20260926T210310Z
awqpe,0.33,32768,0,0,0,0,0,0.5,5-5,0.0,10,sweep,0.8825495900982553,0.0,research/results/verify_epsilon_floor/20260926T210310Z
awqpe_ablate_special,0.33,32768,0,0,0,0,0,0.5,5-5,0.0,10,sweep,0.8825495900982553,0.0,research/results/verify_epsilon_floor/20260926T210310Z
awqpe,0.34,32768,0,0,0,0,0,0.5,5-5,0.0,10,sweep,0.8825495900982553,0.0,research/results/verify_epsilon_floor/20260926T210310Z
awqpe_ablate_special,0.34,32768,0,0,0,0,0,0.5,5-5,0.0,10,sweep,0.8825495900982553,0.0,research/results/verify_epsilon_floor/20260926T210310Z
awqpe,0.35,32768,0,0,0,0,0,0.5,5-5,0.0,10,sweep,0.8825495900982553,0.0,research/results/verify_epsilon_floor/20260926T210310Z
awqpe_ablate_special,0.35,32768,0,0,0,0,0,0.5,5-5,0.0,10,sweep,0.8825495900982553,0.0,research/results/verify_epsilon_floor/20260926T210310Z
awqpe,0.36,32768,0,0,0,0,0,0.5,5-5,0.0,10,sweep,0.8825495900982553,0.0,research/results/verify_epsilon_floor/20260926T210310Z
awqpe_ablate_special,0.36,32768,0,0,0,0,0,0.5,5-5,0.0,10,sweep,0.8825495900982553,0.0,research/results/verify_epsilon_floor/20260926T210310Z
awqpe,0.37,32768,0,0,0,0,0,0.5,5-5,0.0,10,sweep,0.8825495900982553,0.0,research/results/verify_epsilon_floor/20260926T210310Z
awqpe_ablate_special,0.37,32768,0,0,0,0,0,0.5,5-5,0.0,10,sweep,0.8825495900982553,0.0,research/results/verify_epsilon_floor/20260926T210310Z
awqpe,0.38,32768,0,0,0,0,0,0.5,5-5,0.0,10,sweep,0.8825495900982553,0.0,research/results/verify_epsilon_floor/20260926T210310Z
awqpe_ablate_special,0.38,32768,0,0,0,0,0,0.5,5-5,0.0,10,sweep,0.8825495900982553,0.0,research/results/verify_epsilon_floor/20260926T210310Z
awqpe,0.39,32768,0,0,0,0,0,0.5,5-5,0.0,10,sweep,0.8825495900982553,0.0,research/results/verify_epsilon_floor/20260926T210310Z
awqpe_ablate_special,0.39,32768,0,0,0,0,0,0.5,5-5,0.0,10,sweep,0.8825495900982553,0.0,research/results/verify_epsilon_floor/20260926T210310Z
awqpe,0.4,32768,0,0,0,0,0,0.5,5-5,0.0,10,sweep,0.8825495900982553,0.0,research/results/verify_epsilon_floor/20260926T210310Z
awqpe_ablate_special,0.4,32768,0,0,0,0,0,0.5,5-5,0.0,10,sweep,0.8825495900982553,0.0,research/results/verify_epsilon_floor/20260926T210310Z
awqpe,0.41,32768,0,0,0,0,0,0.5,5-5,0.0,10,sweep,0.8825495900982553,0.0,research/results/verify_epsilon_floor/20260926T210310Z
awqpe_ablate_special,0.41,32768,0,0,0,0,0,0.5,5-5,0.0,10,sweep,0.8825495900982553,0.0,research/results/verify_epsilon_floor/20260926T210310Z
awqpe,0.42,32768,0,0,0,0,0,0.5,5-5,0.0,10,sweep,0.8825495900982553,0.0,research/results/verify_epsilon_floor/20260926T210310Z
awqpe_ablate_special,0.42,32768,0,0,0,0,0,0.5,5-5,0.0,10,sweep,0.8825495900982553,0.0,research/results/verify_epsilon_floor/20260926T210310Z
awqpe,0.43,32768,0,0,0,0,0,0.5,5-5,0.0,10,sweep,0.8825495900982553,0.0,research/results/verify_epsilon_floor/20260926T210310Z
awqpe_ablate_special,0.43,32768,0,0,0,0,0,0.5,5-5,0.0,10,sweep,0.8825495900982553,0.0,research/results/verify_epsilon_floor/20260926T210310Z
awqpe,0.44,32768,0,0,0,0,0,0.5,5-5,0.0,10,sweep,0.8825495900982553,0.0,research/results/verify_epsilon_floor/20260926T210310Z
awqpe_ablate_special,0.44,32768,0,0,0,0,0,0.5,5-5,0.0,10,sweep,0.8825495900982553,0.0,research/results/verify_epsilon_floor/20260926T210310Z
awqpe,0.45,32768,0,0,0,0,0,0.5,5-5,0.0,10,sweep,0.8825495900982553,0.0,research/results/verify_epsilon_floor/20260926T210310Z
awqpe_ablate_special,0.45,32768,0,0,0,0,0,0.5,5-5,0.0,10,sweep,0.8825495900982553,0.0,research/results/verify_epsilon_floor/20260926T210310Z
awqpe,0.46,32768,0,0,0,0,0,0.5,5-5,0.0,10,sweep,0.8825495900982553,0.0,research/results/verify_epsilon_floor/20260926T210310Z
awqpe_ablate_special,0.46,32768,0,0,0,0,0,0.5,5-5,0.0,10,sweep,0.8825495900982553,0.0,research/results/verify_epsilon_floor/20260926T210310Z
awqpe,0.47,32768,0,0,0,0,0,0.5,5-5,0.0,10,sweep,0.8825495900982553,0.0,research/results/verify_epsilon_floor/20260926T210310Z
awqpe_ablate_special,0.47,32768,0,0,0,0,0,0.5,5-5,0.0,10,sweep,0.8825495900982553,0.0,research/results/verify_epsilon_floor/20260926T210310Z
awqpe,0.48,32768,0,0,0,0,0,0.5,5-5,0.0,10,sweep,0.8825495900982553,0.0,research/results/verify_epsilon_floor/20260926T210310Z
awqpe_ablate_special,0.48,32768,0,0,0,0,0,0.5,5-5,0.0,10,sweep,0.8825495900982553,0.0,research/results/verify_epsilon_floor/20260926T210310Z
awqpe,0.49,32768,0,0,0,0,0,0.5,5-5,0.0,10,sweep,0.8825495900982553,0.0,research/results/verify_epsilon_floor/20260926T210310Z
awqpe_ablate_special,0.49,32768,0,0,0,0,0,0.5,5-5,0.0,10,sweep,0.8825495900982553,0.0,research/results/verify_epsilon_floor/20260926T210310Z
awqpe,0.5,32768,0,0,0,0,0,0.5,5-5,0.0,10,sweep,0.8825495900982553,0.0,research/results/verify_epsilon_floor/20260926T210310Z
awqpe_ablate_special,0.5,32768,0,0,0,0,0,0.5,5-5,0.0,10,sweep,0.8825495900982553,0.0,research/results/verify_epsilon_floor/20260926T210310Z
awqpe,0.51,32768,0,0,0,0,0,0.5,5-5,0.0,10,sweep,0.8825495900982553,0.0,research/results/verify_epsilon_floor/20260926T210310Z
awqpe_ablate_special,0.51,32768,0,0,0,0,0,0.5,5-5,0.0,10,sweep,0.8825495900982553,0.0,research/results/verify_epsilon_floor/20260926T210310Z
awqpe,0.52,32768,0,0,0,0,0,0.5,5-5,0.0,10,sweep,0.8825495900982553,0.0,research/results/verify_epsilon_floor/20260926T210310Z
awqpe_ablate_special,0.52,32768,0,0,0,0,0,0.5,5-5,0.0,10,sweep,0.8825495900982553,0.0,research/results/verify_epsilon_floor/20260926T210310Z
awqpe,0.53,32768,0,0,0,0,0,0.5,5-5,0.0,10,sweep,0.8825495900982553,0.0,research/results/verify_epsilon_floor/20260926T210310Z
awqpe_ablate_special,0.53,32768,0,0,0,0,0,0.5,5-5,0.0,10,sweep,0.8825495900982553,0.0,research/results/verify_epsilon_floor/20260926T210310Z
awqpe,0.54,32768,0,0,0,0,0,0.5,5-5,0.0,10,sweep,0.8825495900982553,0.0,research/results/verify_epsilon_floor/20260926T210310Z
awqpe_ablate_special,0.54,32768,0,0,0,0,0,0.5,5-5,0.0,10,sweep,0.8825495900982553,0.0,research/results/verify_epsilon_floor/20260926T210310Z
awqpe,0.55,32768,0,0,0,0,0,0.5,5-5,0.0,10,sweep,0.8825495900982553,0.0,research/results/verify_epsilon_floor/20260926T210310Z
awqpe_ablate_special,0.55,32768,0,0,0,0,0,0.5,5-5,0.0,10,sweep,0.8825495900982553,0.0,research/results/verify_epsilon_floor/20260926T210310Z
awqpe,0.56,32768,0,0,0,0,0,0.5,5-5,0.0,10,sweep,0.8825495900982553,0.0,research/results/verify_epsilon_floor/20260926T210310Z
awqpe_ablate_special,0.56,32768,0,0,0,0,0,0.5,5-5,0.0,10,sweep,0.8825495900982553,0.0,research/results/verify_epsilon_floor/20260926T210310Z
awqpe,0.57,32768,0,0,0,0,0,0.5,5-5,0.0,10,sweep,0.8825495900982553,0.0,research/results/verify_epsilon_floor/20260926T210310Z
awqpe_ablate_special,0.57,32768,0,0,0,0,0,0.5,5-5,0.0,10,sweep,0.8825495900982553,0.0,research/results/verify_epsilon_floor/20260926T210310Z
awqpe,0.58,32768,0,0,0,0,0,0.5,5-5,0.0,10,sweep,0.8825495900982553,0.0,research/results/verify_epsilon_floor/20260926T210310Z
awqpe_ablate_special,0.58,32768,0,0,0,0,0,0.5,5-5,0.0,10,sweep,0.8825495900982553,0.0,research/results/verify_epsilon_floor/20260926T210310Z
awqpe,0.59,32768,0,0,0,0,0,0.5,5-5,0.0,10,sweep,0.8825495900982553,0.0,research/results/verify_epsilon_floor/20260926T210310Z
awqpe_ablate_special,0.59,32768,0,0,0,0,0,0.5,5-5,0.0,10,sweep,0.8825495900982553,0.0,research/results/verify_epsilon_floor/20260926T210310Z
awqpe,0.6,32768,0,0,0,0,0,0.5,5-5,0.0,10,sweep,0.8825495900982553,0.0,research/results/verify_epsilon_floor/20260926T210310Z
awqpe_ablate_special,0.6,32768,0,0,0,0,0,0.5,5-5,0.0,10,sweep,0.8825495900982553,0.0,research/results/verify_epsilon_floor/20260926T210310Z
awqpe,0.61,32768,0,0,0,0,0,0.5,5-5,0.0,10,sweep,0.8825495900982553,0.0,research/results/verify_epsilon_floor/20260926T210310Z
awqpe_ablate_special,0.61,32768,0,0,0,0,0,0.5,5-5,0.0,10,sweep,0.8825495900982553,0.0,research/results/verify_epsilon_floor/20260926T210310Z
awqpe,0.62,32768,0,0,0,0,0,0.5,5-5,0.0,10,sweep,0.8825495900982553,0.0,research/results/verify_epsilon_floor/20260926T210310Z
awqpe_ablate_special,0.62,32768,0,0,0,0,0,0.5,5-5,0.0,10,sweep,0.8825495900982553,0.0,research/results/verify_epsilon_floor/20260926T210310Z
awqpe,0.63,32768,0,0,0,0,0,0.5,5-5,0.0,10,sweep,0.8825495900982553,0.0,research/results/verify_epsilon_floor/20260926T210310Z
awqpe_ablate_special,0.63,32768,0,0,0,0,0,0.5,5-5,0.0,10,sweep,0.8825495900982553,0.0,research/results/verify_epsilon_floor/20260926T210310Z
awqpe,0.64,32768,0,0,0,0,0,0.5,5-5,0.0,10,sweep,0.8825495900982553,0.0,research/results/verify_epsilon_floor/20260926T210310Z
awqpe_ablate_special,0.64,32768,0,0,0,0,0,0.5,5-5,0.0,10,sweep,0.8825495900982553,0.0,research/results/verify_epsilon_floor/20260926T210310Z
awqpe,0.65,32768,0,0,0,0,0,0.5,5-5,0.0,10,sweep,0.8825495900982553,0.0,research/results/verify_epsilon_floor/20260926T210310Z
awqpe_ablate_special,0.65,32768,0,0,0,0,0,0.5,5-5,0.0,10,sweep,0.8825495900982553,0.0,research/results/verify_epsilon_floor/20260926T210310Z
awqpe,0.66,32768,0,0,0,0,0,0.5,5-5,0.0,10,sweep,0.8825495900982553,0.0,research/results/verify_epsilon_floor/20260926T210310Z
awqpe_ablate_special,0.66,32768,0,0,0,0,0,0.5,5-5,0.0,10,sweep,0.8825495900982553,0.0,research/results/verify_epsilon_floor/20260926T210310Z
awqpe,0.67,32768,0,0,0,0,0,0.5,5-5,0.0,10,sweep,0.8825495900982553,0.0,research/results/verify_epsilon_floor/20260926T210310Z
awqpe_ablate_special,0.67,32768,0,0,0,0,0,0.5,5-5,0.0,10,sweep,0.8825495900982553,0.0,research/results/verify_epsilon_floor/20260926T210310Z
awqpe,0.68,32768,0,0,0,0,0,0.5,5-5,0.0,10,sweep,0.8825495900982553,0.0,research/results/verify_epsilon_floor/20260926T210310Z
awqpe_ablate_special,0.68,32768,0,0,0,0,0,0.5,5-5,0.0,10,sweep,0.8825495900982553,0.0,research/results/verify_epsilon_floor/20260926T210310Z
awqpe,0.69,32768,0,0,0,0,0,0.5,5-5,0.0,10,sweep,0.8825495900982553,0.0,research/results/verify_epsilon_floor/20260926T210310Z
awqpe_ablate_special,0.69,32768,0,0,0,0,0,0.5,5-5,0.0,10,sweep,0.8825495900982553,0.0,research/results/verify_epsilon_floor/20260926T210310Z
awqpe,0.7,32768,0,0,0,0,0,0.5,5-5,0.0,10,sweep,0.8825495900982553,0.0,research/results/verify_epsilon_floor/20260926T210310Z
awqpe_ablate_special,0.7,32768,0,0,0,0,0,0.5,5-5,0.0,10,sweep,0.8825495900982553,0.0,research/results/verify_epsilon_floor/20260926T210310Z
awqpe,0.71,32768,0,0,0,0,0,0.5,5-5,0.0,10,sweep,0.8825495900982553,0.0,research/results/verify_epsilon_floor/20260926T210310Z
awqpe_ablate_special,0.71,32768,0,0,0,0,0,0.5,5-5,0.0,10,sweep,0.8825495900982553,0.0,research/results/verify_epsilon_floor/20260926T210310Z
awqpe,0.72,32768,0,0,0,0,0,0.5,5-5,0.0,10,sweep,0.8825495900982553,0.0,research/results/verify_epsilon_floor/20260926T210310Z
awqpe_ablate_special,0.72,32768,0,0,0,0,0,0.5,5-5,0.0,10,sweep,0.8825495900982553,0.0,research/results/verify_epsilon_floor/20260926T210310Z
awqpe,0.73,32768,0,0,0,0,0,0.5,5-5,0.0,10,sweep,0.8825495900982553,0.0,research/results/verify_epsilon_floor/20260926T210310Z
awqpe_ablate_special,0.73,32768,0,0,0,0,0,0.5,5-5,0.0,10,sweep,0.8825495900982553,0.0,research/results/verify_epsilon_floor/20260926T210310Z
awqpe,0.74,32768,0,0,0,0,0,0.5,5-5,0.0,10,sweep,0.8825495900982553,0.0,research/results/verify_epsilon_floor/20260926T210310Z
awqpe_ablate_special,0.74,32768,0,0,0,0,0,0.5,5-5,0.0,10,sweep,0.8825495900982553,0.0,research/results/verify_epsilon_floor/20260926T210310Z
awqpe,0.75,32768,0,0,0,0,0,0.5,5-5,0.0,10,sweep,0.8825495900982553,0.0,research/results/verify_epsilon_floor/20260926T210310Z
awqpe_ablate_special,0.75,32768,0,0,0,0,0,0.5,5-5,0.0,10,sweep,0.8825495900982553,0.0,research/results/verify_epsilon_floor/20260926T210310Z
awqpe,0.76,32768,0,0,0,0,0,0.5,5-5,0.0,10,sweep,0.8825495900982553,0.0,research/results/verify_epsilon_floor/20260926T210310Z
awqpe_ablate_special,0.76,32768,0,0,0,0,0,0.5,5-5,0.0,10,sweep,0.8825495900982553,0.0,research/results/verify_epsilon_floor/20260926T210310Z
awqpe,0.77,32768,0,0,0,0,0,0.5,5-5,0.0,10,sweep,0.8825495900982553,0.0,research/results/verify_epsilon_floor/20260926T210310Z
awqpe_ablate_special,0.77,32768,0,0,0,0,0,0.5,5-5,0.0,10,sweep,0.8825495900982553,0.0,research/results/verify_epsilon_floor/20260926T210310Z
awqpe,0.78,32768,0,0,0,0,0,0.5,5-5,0.0,10,sweep,0.8825495900982553,0.0,research/results/verify_epsilon_floor/20260926T210310Z
awqpe_ablate_special,0.78,32768,0,0,0,0,0,0.5,5-5,0.0,10,sweep,0.8825495900982553,0.0,research/results/verify_epsilon_floor/20260926T210310Z
awqpe,0.79,32768,0,0,0,0,0,0.5,5-5,0.0,10,sweep,0.8825495900982553,0.0,research/results/verify_epsilon_floor/20260926T210310Z
awqpe_ablate_special,0.79,32768,0,0,0,0,0,0.5,5-5,0.0,10,sweep,0.8825495900982553,0.0,research/results/verify_epsilon_floor/20260926T210310Z
awqpe,0.8,32768,0,0,0,0,0,0.5,5-5,0.0,10,sweep,0.8825495900982553,0.0,research/results/verify_epsilon_floor/20260926T210310Z
awqpe_ablate_special,0.8,32768,0,0,0,0,0,0.5,5-5,0.0,10,sweep,0.8825495900982553,0.0,research/results/verify_epsilon_floor/20260926T210310Z
awqpe,0.81,32768,0,0,0,0,0,0.5,5-5,0.0,10,sweep,0.8825495900982553,0.0,research/results/verify_epsilon_floor/20260926T210310Z
awqpe_ablate_special,0.81,32768,0,0,0,0,0,0.5,5-5,0.0,10,sweep,0.8825495900982553,0.0,research/results/verify_epsilon_floor/20260926T210310Z
awqpe,0.82,32768,0,0,0,0,0,0.5,5-5,0.0,10,sweep,0.8825495900982553,0.0,research/results/verify_epsilon_floor/20260926T210310Z
awqpe_ablate_special,0.82,32768,0,0,0,0,0,0.5,5-5,0.0,10,sweep,0.8825495900982553,0.0,research/results/verify_epsilon_floor/20260926T210310Z
awqpe,0.83,32768,0,0,0,0,0,0.5,5-5,0.0,10,sweep,0.8825495900982553,0.0,research/results/verify_epsilon_floor/20260926T210310Z
awqpe_ablate_special,0.83,32768,0,0,0,0,0,0.5,5-5,0.0,10,sweep,0.8825495900982553,0.0,research/results/verify_epsilon_floor/20260926T210310Z
awqpe,0.84,32768,0,0,0,0,0,0.5,5-5,0.0,10,sweep,0.8825495900982553,0.0,research/results/verify_epsilon_floor/20260926T210310Z
awqpe_ablate_special,0.84,32768,0,0,0,0,0,0.5,5-5,0.0,10,sweep,0.8825495900982553,0.0,research/results/verify_epsilon_floor/20260926T210310Z
awqpe,0.85,32768,0,0,0,0,0,0.5,5-5,0.0,10,sweep,0.8825495900982553,0.0,research/results/verify_epsilon_floor/20260926T210310Z
awqpe_ablate_special,0.85,32768,0,0,0,0,0,0.5,5-5,0.0,10,sweep,0.8825495900982553,0.0,research/results/verify_epsilon_floor/20260926T210310Z
awqpe,0.86,32768,0,0,0,0,0,0.5,5-5,0.0,10,sweep,0.8825495900982553,0.0,research/results/verify_epsilon_floor/20260926T210310Z
awqpe_ablate_special,0.86,32768,0,0,0,0,0,0.5,5-5,0.0,10,sweep,0.8825495900982553,0.0,research/results/verify_epsilon_floor/20260926T210310Z
awqpe,0.87,32768,0,0,0,0,0,0.5,5-5,0.0,10,sweep,0.8825495900982553,0.0,research/results/verify_epsilon_floor/20260926T210310Z
awqpe_ablate_special,0.87,32768,0,0,0,0,0,0.5,5-5,0.0,10,sweep,0.8825495900982553,0.0,research/results/verify_epsilon_floor/20260926T210310Z
awqpe,0.88,32768,0,0,0,0,0,0.5,5-5,0.0,10,sweep,0.8825495900982553,0.0,research/results/verify_epsilon_floor/20260926T210310Z
awqpe_ablate_special,0.88,32768,0,0,0,0,0,0.5,5-5,0.0,10,sweep,0.8825495900982553,0.0,research/results/verify_epsilon_floor/20260926T210310Z
awqpe,0.89,32768,64,32,32,0,32,31.53125,5-5,0.0,10,sweep,0.8825495900982553,0.001953125,research/results/verify_epsilon_floor/20260926T210310Z
awqpe_ablate_special,0.89,32768,32,64,32,32,0,31.53125,5-5,0.0,10,sweep,0.8825495900982553,0.0009765625,research/results/verify_epsilon_floor/20260926T210310Z
awqpe,0.9,32768,96,64,64,0,32,31.5625,5-5,0.0,10,sweep,0.8825495900982553,0.0029296875,research/results/verify_epsilon_floor/20260926T210310Z
awqpe_ablate_special,0.9,32768,64,96,64,32,0,31.5625,5-5,0.0,10,sweep,0.8825495900982553,0.001953125,research/results/verify_epsilon_floor/20260926T210310Z
awqpe,0.91,32768,128,96,96,0,32,31.59375,5-5,0.0,10,sweep,0.8825495900982553,0.00390625,research/results/verify_epsilon_floor/20260926T210310Z
awqpe_ablate_special,0.91,32768,96,128,96,32,0,31.59375,5-5,0.0,10,sweep,0.8825495900982553,0.0029296875,research/results/verify_epsilon_floor/20260926T210310Z
awqpe,0.92,32768,192,160,160,0,32,31.65625,5-5,0.0,10,sweep,0.8825495900982553,0.005859375,research/results/verify_epsilon_floor/20260926T210310Z
awqpe_ablate_special,0.92,32768,160,192,160,32,0,31.65625,5-5,0.0,10,sweep,0.8825495900982553,0.0048828125,research/results/verify_epsilon_floor/20260926T210310Z
awqpe,0.93,32768,224,192,192,0,32,31.6875,5-5,0.0,10,sweep,0.8825495900982553,0.0068359375,research/results/verify_epsilon_floor/20260926T210310Z
awqpe_ablate_special,0.93,32768,192,224,192,32,0,31.6875,5-5,0.0,10,sweep,0.8825495900982553,0.005859375,research/results/verify_epsilon_floor/20260926T210310Z
awqpe,0.94,32768,288,256,256,0,32,31.75,5-5,0.0,10,sweep,0.8825495900982553,0.0087890625,research/results/verify_epsilon_floor/20260926T210310Z
awqpe_ablate_special,0.94,32768,256,288,256,32,0,31.75,5-5,0.0,10,sweep,0.8825495900982553,0.0078125,research/results/verify_epsilon_floor/20260926T210310Z
awqpe,0.95,32768,320,288,288,0,32,31.78125,5-5,0.0,10,sweep,0.8825495900982553,0.009765625,research/results/verify_epsilon_floor/20260926T210310Z
awqpe_ablate_special,0.95,32768,288,320,288,32,0,31.78125,5-5,0.0,10,sweep,0.8825495900982553,0.0087890625,research/results/verify_epsilon_floor/20260926T210310Z
awqpe,0.96,32768,352,320,320,0,32,31.8125,5-5,0.0,10,sweep,0.8825495900982553,0.0107421875,research/results/verify_epsilon_floor/20260926T210310Z
awqpe_ablate_special,0.96,32768,320,352,320,32,0,31.8125,5-5,0.0,10,sweep,0.8825495900982553,0.009765625,research/results/verify_epsilon_floor/20260926T210310Z
awqpe,0.97,32768,416,384,384,0,32,31.875,5-5,0.0,10,sweep,0.8825495900982553,0.0126953125,research/results/verify_epsilon_floor/20260926T210310Z
awqpe_ablate_special,0.97,32768,384,416,384,32,0,31.875,5-5,0.0,10,sweep,0.8825495900982553,0.01171875,research/results/verify_epsilon_floor/20260926T210310Z
awqpe,0.98,32768,448,416,416,0,32,31.90625,5-5,0.0,10,sweep,0.8825495900982553,0.013671875,research/results/verify_epsilon_floor/20260926T210310Z
awqpe_ablate_special,0.98,32768,416,448,416,32,0,31.90625,5-5,0.0,10,sweep,0.8825495900982553,0.0126953125,research/results/verify_epsilon_floor/20260926T210310Z
awqpe,0.99,32768,480,448,448,0,32,31.9375,5-5,0.0,10,sweep,0.8825495900982553,0.0146484375,research/results/verify_epsilon_floor/20260926T210310Z
awqpe_ablate_special,0.99,32768,448,480,448,32,0,31.9375,5-5,0.0,10,sweep,0.8825495900982553,0.013671875,research/results/verify_epsilon_floor/20260926T210310Z
awqpe,0.3,32768,0,0,0,0,0,0.48843750000003183,5-5,0.37,10,sweep,0.8825495900982553,0.0,research/results/verify_epsilon_floor/20260926T210310Z
awqpe_ablate_special,0.3,32768,0,0,0,0,0,0.48843750000003183,5-5,0.37,10,sweep,0.8825495900982553,0.0,research/results/verify_epsilon_floor/20260926T210310Z
awqpe,0.31,32768,0,0,0,0,0,0.48843750000003183,5-5,0.37,10,sweep,0.8825495900982553,0.0,research/results/verify_epsilon_floor/20260926T210310Z
awqpe_ablate_special,0.31,32768,0,0,0,0,0,0.48843750000003183,5-5,0.37,10,sweep,0.8825495900982553,0.0,research/results/verify_epsilon_floor/20260926T210310Z
awqpe,0.32,32768,0,0,0,0,0,0.48843750000003183,5-5,0.37,10,sweep,0.8825495900982553,0.0,research/results/verify_epsilon_floor/20260926T210310Z
awqpe_ablate_special,0.32,32768,0,0,0,0,0,0.48843750000003183,5-5,0.37,10,sweep,0.8825495900982553,0.0,research/results/verify_epsilon_floor/20260926T210310Z
awqpe,0.33,32768,0,0,0,0,0,0.48843750000003183,5-5,0.37,10,sweep,0.8825495900982553,0.0,research/results/verify_epsilon_floor/20260926T210310Z
awqpe_ablate_special,0.33,32768,0,0,0,0,0,0.48843750000003183,5-5,0.37,10,sweep,0.8825495900982553,0.0,research/results/verify_epsilon_floor/20260926T210310Z
awqpe,0.34,32768,0,0,0,0,0,0.48843750000003183,5-5,0.37,10,sweep,0.8825495900982553,0.0,research/results/verify_epsilon_floor/20260926T210310Z
awqpe_ablate_special,0.34,32768,0,0,0,0,0,0.48843750000003183,5-5,0.37,10,sweep,0.8825495900982553,0.0,research/results/verify_epsilon_floor/20260926T210310Z
awqpe,0.35,32768,0,0,0,0,0,0.48843750000003183,5-5,0.37,10,sweep,0.8825495900982553,0.0,research/results/verify_epsilon_floor/20260926T210310Z
awqpe_ablate_special,0.35,32768,0,0,0,0,0,0.48843750000003183,5-5,0.37,10,sweep,0.8825495900982553,0.0,research/results/verify_epsilon_floor/20260926T210310Z
awqpe,0.36,32768,0,0,0,0,0,0.48843750000003183,5-5,0.37,10,sweep,0.8825495900982553,0.0,research/results/verify_epsilon_floor/20260926T210310Z
awqpe_ablate_special,0.36,32768,0,0,0,0,0,0.48843750000003183,5-5,0.37,10,sweep,0.8825495900982553,0.0,research/results/verify_epsilon_floor/20260926T210310Z
awqpe,0.37,32768,0,0,0,0,0,0.48843750000003183,5-5,0.37,10,sweep,0.8825495900982553,0.0,research/results/verify_epsilon_floor/20260926T210310Z
awqpe_ablate_special,0.37,32768,0,0,0,0,0,0.48843750000003183,5-5,0.37,10,sweep,0.8825495900982553,0.0,research/results/verify_epsilon_floor/20260926T210310Z
awqpe,0.38,32768,0,0,0,0,0,0.48843750000003183,5-5,0.37,10,sweep,0.8825495900982553,0.0,research/results/verify_epsilon_floor/20260926T210310Z
awqpe_ablate_special,0.38,32768,0,0,0,0,0,0.48843750000003183,5-5,0.37,10,sweep,0.8825495900982553,0.0,research/results/verify_epsilon_floor/20260926T210310Z
awqpe,0.39,32768,0,0,0,0,0,0.48843750000003183,5-5,0.37,10,sweep,0.8825495900982553,0.0,research/results/verify_epsilon_floor/20260926T210310Z
awqpe_ablate_special,0.39,32768,0,0,0,0,0,0.48843750000003183,5-5,0.37,10,sweep,0.8825495900982553,0.0,research/results/verify_epsilon_floor/20260926T210310Z
awqpe,0.4,32768,0,0,0,0,0,0.48843750000003183,5-5,0.37,10,sweep,0.8825495900982553,0.0,research/results/verify_epsilon_floor/20260926T210310Z
awqpe_ablate_special,0.4,32768,0,0,0,0,0,0.48843750000003183,5-5,0.37,10,sweep,0.8825495900982553,0.0,research/results/verify_epsilon_floor/20260926T210310Z
awqpe,0.41,32768,0,0,0,0,0,0.48843750000003183,5-5,0.37,10,sweep,0.8825495900982553,0.0,research/results/verify_epsilon_floor/20260926T210310Z
awqpe_ablate_special,0.41,32768,0,0,0,0,0,0.48843750000003183,5-5,0.37,10,sweep,0.8825495900982553,0.0,research/results/verify_epsilon_floor/20260926T210310Z
awqpe,0.42,32768,0,0,0,0,0,0.48843750000003183,5-5,0.37,10,sweep,0.8825495900982553,0.0,research/results/verify_epsilon_floor/20260926T210310Z
awqpe_ablate_special,0.42,32768,0,0,0,0,0,0.48843750000003183,5-5,0.37,10,sweep,0.8825495900982553,0.0,research/results/verify_epsilon_floor/20260926T210310Z
awqpe,0.43,32768,0,0,0,0,0,0.48843750000003183,5-5,0.37,10,sweep,0.8825495900982553,0.0,research/results/verify_epsilon_floor/20260926T210310Z
awqpe_ablate_special,0.43,32768,0,0,0,0,0,0.48843750000003183,5-5,0.37,10,sweep,0.8825495900982553,0.0,research/results/verify_epsilon_floor/20260926T210310Z
awqpe,0.44,32768,0,0,0,0,0,0.48843750000003183,5-5,0.37,10,sweep,0.8825495900982553,0.0,research/results/verify_epsilon_floor/20260926T210310Z
awqpe_ablate_special,0.44,32768,0,0,0,0,0,0.48843750000003183,5-5,0.37,10,sweep,0.8825495900982553,0.0,research/results/verify_epsilon_floor/20260926T210310Z
awqpe,0.45,32768,0,0,0,0,0,0.48843750000003183,5-5,0.37,10,sweep,0.8825495900982553,0.0,research/results/verify_epsilon_floor/20260926T210310Z
awqpe_ablate_special,0.45,32768,0,0,0,0,0,0.48843750000003183,5-5,0.37,10,sweep,0.8825495900982553,0.0,research/results/verify_epsilon_floor/20260926T210310Z
awqpe,0.46,32768,0,0,0,0,0,0.48843750000003183,5-5,0.37,10,sweep,0.8825495900982553,0.0,research/results/verify_epsilon_floor/20260926T210310Z
awqpe_ablate_special,0.46,32768,0,0,0,0,0,0.48843750000003183,5-5,0.37,10,sweep,0.8825495900982553,0.0,research/results/verify_epsilon_floor/20260926T210310Z
awqpe,0.47,32768,0,0,0,0,0,0.48843750000003183,5-5,0.37,10,sweep,0.8825495900982553,0.0,research/results/verify_epsilon_floor/20260926T210310Z
awqpe_ablate_special,0.47,32768,0,0,0,0,0,0.48843750000003183,5-5,0.37,10,sweep,0.8825495900982553,0.0,research/results/verify_epsilon_floor/20260926T210310Z
awqpe,0.48,32768,0,0,0,0,0,0.48843750000003183,5-5,0.37,10,sweep,0.8825495900982553,0.0,research/results/verify_epsilon_floor/20260926T210310Z
awqpe_ablate_special,0.48,32768,0,0,0,0,0,0.48843750000003183,5-5,0.37,10,sweep,0.8825495900982553,0.0,research/results/verify_epsilon_floor/20260926T210310Z
awqpe,0.49,32768,0,0,0,0,0,0.48843750000003183,5-5,0.37,10,sweep,0.8825495900982553,0.0,research/results/verify_epsilon_floor/20260926T210310Z
awqpe_ablate_special,0.49,32768,0,0,0,0,0,0.48843750000003183,5-5,0.37,10,sweep,0.8825495900982553,0.0,research/results/verify_epsilon_floor/20260926T210310Z
awqpe,0.5,32768,0,0,0,0,0,0.48843750000003183,5-5,0.37,10,sweep,0.8825495900982553,0.0,research/results/verify_epsilon_floor/20260926T210310Z
awqpe_ablate_special,0.5,32768,0,0,0,0,0,0.48843750000003183,5-5,0.37,10,sweep,0.8825495900982553,0.0,research/results/verify_epsilon_floor/20260926T210310Z
awqpe,0.51,32768,0,0,0,0,0,0.48843750000003183,5-5,0.37,10,sweep,0.8825495900982553,0.0,research/results/verify_epsilon_floor/20260926T210310Z
awqpe_ablate_special,0.51,32768,0,0,0,0,0,0.48843750000003183,5-5,0.37,10,sweep,0.8825495900982553,0.0,research/results/verify_epsilon_floor/20260926T210310Z
awqpe,0.52,32768,0,0,0,0,0,0.48843750000003183,5-5,0.37,10,sweep,0.8825495900982553,0.0,research/results/verify_epsilon_floor/20260926T210310Z
awqpe_ablate_special,0.52,32768,0,0,0,0,0,0.48843750000003183,5-5,0.37,10,sweep,0.8825495900982553,0.0,research/results/verify_epsilon_floor/20260926T210310Z
awqpe,0.53,32768,0,0,0,0,0,0.48843750000003183,5-5,0.37,10,sweep,0.8825495900982553,0.0,research/results/verify_epsilon_floor/20260926T210310Z
awqpe_ablate_special,0.53,32768,0,0,0,0,0,0.48843750000003183,5-5,0.37,10,sweep,0.8825495900982553,0.0,research/results/verify_epsilon_floor/20260926T210310Z
awqpe,0.54,32768,0,0,0,0,0,0.48843750000003183,5-5,0.37,10,sweep,0.8825495900982553,0.0,research/results/verify_epsilon_floor/20260926T210310Z
awqpe_ablate_special,0.54,32768,0,0,0,0,0,0.48843750000003183,5-5,0.37,10,sweep,0.8825495900982553,0.0,research/results/verify_epsilon_floor/20260926T210310Z
awqpe,0.55,32768,0,0,0,0,0,0.48843750000003183,5-5,0.37,10,sweep,0.8825495900982553,0.0,research/results/verify_epsilon_floor/20260926T210310Z
awqpe_ablate_special,0.55,32768,0,0,0,0,0,0.48843750000003183,5-5,0.37,10,sweep,0.8825495900982553,0.0,research/results/verify_epsilon_floor/20260926T210310Z
awqpe,0.56,32768,0,0,0,0,0,0.48843750000003183,5-5,0.37,10,sweep,0.8825495900982553,0.0,research/results/verify_epsilon_floor/20260926T210310Z
awqpe_ablate_special,0.56,32768,0,0,0,0,0,0.48843750000003183,5-5,0.37,10,sweep,0.8825495900982553,0.0,research/results/verify_epsilon_floor/20260926T210310Z
awqpe,0.57,32768,0,0,0,0,0,0.48843750000003183,5-5,0.37,10,sweep,0.8825495900982553,0.0,research/results/verify_epsilon_floor/20260926T210310Z
awqpe_ablate_special,0.57,32768,0,0,0,0,0,0.48843750000003183,5-5,0.37,10,sweep,0.8825495900982553,0.0,research/results/verify_epsilon_floor/20260926T210310Z
awqpe,0.58,32768,0,0,0,0,0,0.48843750000003183,5-5,0.37,10,sweep,0.8825495900982553,0.0,research/results/verify_epsilon_floor/20260926T210310Z
awqpe_ablate_special,0.58,32768,0,0,0,0,0,0.48843750000003183,5-5,0.37,10,sweep,0.8825495900982553,0.0,research/results/verify_epsilon_floor/20260926T210310Z
awqpe,0.59,32768,0,0,0,0,0,0.48843750000003183,5-5,0.37,10,sweep,0.8825495900982553,0.0,research/results/verify_epsilon_floor/20260926T210310Z
awqpe_ablate_special,0.59,32768,0,0,0,0,0,0.48843750000003183,5-5,0.37,10,sweep,0.8825495900982553,0.0,research/results/verify_epsilon_floor/20260926T210310Z
awqpe,0.6,32768,0,0,0,0,0,0.48843750000003183,5-5,0.37,10,sweep,0.8825495900982553,0.0,research/results/verify_epsilon_floor/20260926T210310Z
awqpe_ablate_special,0.6,32768,0,0,0,0,0,0.48843750000003183,5-5,0.37,10,sweep,0.8825495900982553,0.0,research/results/verify_epsilon_floor/20260926T210310Z
awqpe,0.61,32768,0,0,0,0,0,0.48843750000003183,5-5,0.37,10,sweep,0.8825495900982553,0.0,research/results/verify_epsilon_floor/20260926T210310Z
awqpe_ablate_special,0.61,32768,0,0,0,0,0,0.48843750000003183,5-5,0.37,10,sweep,0.8825495900982553,0.0,research/results/verify_epsilon_floor/20260926T210310Z
awqpe,0.62,32768,0,0,0,0,0,0.48843750000003183,5-5,0.37,10,sweep,0.8825495900982553,0.0,research/results/verify_epsilon_floor/20260926T210310Z
awqpe_ablate_special,0.62,32768,0,0,0,0,0,0.48843750000003183,5-5,0.37,10,sweep,0.8825495900982553,0.0,research/results/verify_epsilon_floor/20260926T210310Z
awqpe,0.63,32768,0,0,0,0,0,0.48843750000003183,5-5,0.37,10,sweep,0.8825495900982553,0.0,research/results/verify_epsilon_floor/20260926T210310Z
awqpe_ablate_special,0.63,32768,0,0,0,0,0,0.48843750000003183,5-5,0.37,10,sweep,0.8825495900982553,0.0,research/results/verify_epsilon_floor/20260926T210310Z
awqpe,0.64,32768,0,0,0,0,0,0.48843750000003183,5-5,0.37,10,sweep,0.8825495900982553,0.0,research/results/verify_epsilon_floor/20260926T210310Z
awqpe_ablate_special,0.64,32768,0,0,0,0,0,0.48843750000003183,5-5,0.37,10,sweep,0.8825495900982553,0.0,research/results/verify_epsilon_floor/20260926T210310Z
awqpe,0.65,32768,0,0,0,0,0,0.48843750000003183,5-5,0.37,10,sweep,0.8825495900982553,0.0,research/results/verify_epsilon_floor/20260926T210310Z
awqpe_ablate_special,0.65,32768,0,0,0,0,0,0.48843750000003183,5-5,0.37,10,sweep,0.8825495900982553,0.0,research/results/verify_epsilon_floor/20260926T210310Z
awqpe,0.66,32768,0,0,0,0,0,0.48843750000003183,5-5,0.37,10,sweep,0.8825495900982553,0.0,research/results/verify_epsilon_floor/20260926T210310Z
awqpe_ablate_special,0.66,32768,0,0,0,0,0,0.48843750000003183,5-5,0.37,10,sweep,0.8825495900982553,0.0,research/results/verify_epsilon_floor/20260926T210310Z
awqpe,0.67,32768,0,0,0,0,0,0.48843750000003183,5-5,0.37,10,sweep,0.8825495900982553,0.0,research/results/verify_epsilon_floor/20260926T210310Z
awqpe_ablate_special,0.67,32768,0,0,0,0,0,0.48843750000003183,5-5,0.37,10,sweep,0.8825495900982553,0.0,research/results/verify_epsilon_floor/20260926T210310Z
awqpe,0.68,32768,0,0,0,0,0,0.48843750000003183,5-5,0.37,10,sweep,0.8825495900982553,0.0,research/results/verify_epsilon_floor/20260926T210310Z
awqpe_ablate_special,0.68,32768,0,0,0,0,0,0.48843750000003183,5-5,0.37,10,sweep,0.8825495900982553,0.0,research/results/verify_epsilon_floor/20260926T210310Z
awqpe,0.69,32768,0,0,0,0,0,0.48843750000003183,5-5,0.37,10,sweep,0.8825495900982553,0.0,research/results/verify_epsilon_floor/20260926T210310Z
awqpe_ablate_special,0.69,32768,0,0,0,0,0,0.48843750000003183,5-5,0.37,10,sweep,0.8825495900982553,0.0,research/results/verify_epsilon_floor/20260926T210310Z
awqpe,0.7,32768,0,0,0,0,0,0.48843750000003183,5-5,0.37,10,sweep,0.8825495900982553,0.0,research/results/verify_epsilon_floor/20260926T210310Z
awqpe_ablate_special,0.7,32768,0,0,0,0,0,0.48843750000003183,5-5,0.37,10,sweep,0.8825495900982553,0.0,research/results/verify_epsilon_floor/20260926T210310Z
awqpe,0.71,32768,0,0,0,0,0,0.48843750000003183,5-5,0.37,10,sweep,0.8825495900982553,0.0,research/results/verify_epsilon_floor/20260926T210310Z
awqpe_ablate_special,0.71,32768,0,0,0,0,0,0.48843750000003183,5-5,0.37,10,sweep,0.8825495900982553,0.0,research/results/verify_epsilon_floor/20260926T210310Z
awqpe,0.72,32768,0,0,0,0,0,0.48843750000003183,5-5,0.37,10,sweep,0.8825495900982553,0.0,research/results/verify_epsilon_floor/20260926T210310Z
awqpe_ablate_special,0.72,32768,0,0,0,0,0,0.48843750000003183,5-5,0.37,10,sweep,0.8825495900982553,0.0,research/results/verify_epsilon_floor/20260926T210310Z
awqpe,0.73,32768,0,0,0,0,0,0.48843750000003183,5-5,0.37,10,sweep,0.8825495900982553,0.0,research/results/verify_epsilon_floor/20260926T210310Z
awqpe_ablate_special,0.73,32768,0,0,0,0,0,0.48843750000003183,5-5,0.37,10,sweep,0.8825495900982553,0.0,research/results/verify_epsilon_floor/20260926T210310Z
awqpe,0.74,32768,0,0,0,0,0,0.48843750000003183,5-5,0.37,10,sweep,0.8825495900982553,0.0,research/results/verify_epsilon_floor/20260926T210310Z
awqpe_ablate_special,0.74,32768,0,0,0,0,0,0.48843750000003183,5-5,0.37,10,sweep,0.8825495900982553,0.0,research/results/verify_epsilon_floor/20260926T210310Z
awqpe,0.75,32768,0,0,0,0,0,0.48843750000003183,5-5,0.37,10,sweep,0.8825495900982553,0.0,research/results/verify_epsilon_floor/20260926T210310Z
awqpe_ablate_special,0.75,32768,0,0,0,0,0,0.48843750000003183,5-5,0.37,10,sweep,0.8825495900982553,0.0,research/results/verify_epsilon_floor/20260926T210310Z
awqpe,0.76,32768,0,0,0,0,0,0.48843750000003183,5-5,0.37,10,sweep,0.8825495900982553,0.0,research/results/verify_epsilon_floor/20260926T210310Z
awqpe_ablate_special,0.76,32768,0,0,0,0,0,0.48843750000003183,5-5,0.37,10,sweep,0.8825495900982553,0.0,research/results/verify_epsilon_floor/20260926T210310Z
awqpe,0.77,32768,0,0,0,0,0,0.48843750000003183,5-5,0.37,10,sweep,0.8825495900982553,0.0,research/results/verify_epsilon_floor/20260926T210310Z
awqpe_ablate_special,0.77,32768,0,0,0,0,0,0.48843750000003183,5-5,0.37,10,sweep,0.8825495900982553,0.0,research/results/verify_epsilon_floor/20260926T210310Z
awqpe,0.78,32768,0,0,0,0,0,0.48843750000003183,5-5,0.37,10,sweep,0.8825495900982553,0.0,research/results/verify_epsilon_floor/20260926T210310Z
awqpe_ablate_special,0.78,32768,0,0,0,0,0,0.48843750000003183,5-5,0.37,10,sweep,0.8825495900982553,0.0,research/results/verify_epsilon_floor/20260926T210310Z
awqpe,0.79,32768,0,0,0,0,0,0.48843750000003183,5-5,0.37,10,sweep,0.8825495900982553,0.0,research/results/verify_epsilon_floor/20260926T210310Z
awqpe_ablate_special,0.79,32768,0,0,0,0,0,0.48843750000003183,5-5,0.37,10,sweep,0.8825495900982553,0.0,research/results/verify_epsilon_floor/20260926T210310Z
awqpe,0.8,32768,0,0,0,0,0,0.48843750000003183,5-5,0.37,10,sweep,0.8825495900982553,0.0,research/results/verify_epsilon_floor/20260926T210310Z
awqpe_ablate_special,0.8,32768,0,0,0,0,0,0.48843750000003183,5-5,0.37,10,sweep,0.8825495900982553,0.0,research/results/verify_epsilon_floor/20260926T210310Z
awqpe,0.81,32768,0,0,0,0,0,0.48843750000003183,5-5,0.37,10,sweep,0.8825495900982553,0.0,research/results/verify_epsilon_floor/20260926T210310Z
awqpe_ablate_special,0.81,32768,0,0,0,0,0,0.48843750000003183,5-5,0.37,10,sweep,0.8825495900982553,0.0,research/results/verify_epsilon_floor/20260926T210310Z
awqpe,0.82,32768,0,0,0,0,0,0.48843750000003183,5-5,0.37,10,sweep,0.8825495900982553,0.0,research/results/verify_epsilon_floor/20260926T210310Z
awqpe_ablate_special,0.82,32768,0,0,0,0,0,0.48843750000003183,5-5,0.37,10,sweep,0.8825495900982553,0.0,research/results/verify_epsilon_floor/20260926T210310Z
awqpe,0.83,32768,0,0,0,0,0,0.48843750000003183,5-5,0.37,10,sweep,0.8825495900982553,0.0,research/results/verify_epsilon_floor/20260926T210310Z
awqpe_ablate_special,0.83,32768,0,0,0,0,0,0.48843750000003183,5-5,0.37,10,sweep,0.8825495900982553,0.0,research/results/verify_epsilon_floor/20260926T210310Z
awqpe,0.84,32768,0,0,0,0,0,0.48843750000003183,5-5,0.37,10,sweep,0.8825495900982553,0.0,research/results/verify_epsilon_floor/20260926T210310Z
awqpe_ablate_special,0.84,32768,0,0,0,0,0,0.48843750000003183,5-5,0.37,10,sweep,0.8825495900982553,0.0,research/results/verify_epsilon_floor/20260926T210310Z
awqpe,0.85,32768,0,0,0,0,0,0.48843750000003183,5-5,0.37,10,sweep,0.8825495900982553,0.0,research/results/verify_epsilon_floor/20260926T210310Z
awqpe_ablate_special,0.85,32768,0,0,0,0,0,0.48843750000003183,5-5,0.37,10,sweep,0.8825495900982553,0.0,research/results/verify_epsilon_floor/20260926T210310Z
awqpe,0.86,32768,0,0,0,0,0,0.48843750000003183,5-5,0.37,10,sweep,0.8825495900982553,0.0,research/results/verify_epsilon_floor/20260926T210310Z
awqpe_ablate_special,0.86,32768,0,0,0,0,0,0.48843750000003183,5-5,0.37,10,sweep,0.8825495900982553,0.0,research/results/verify_epsilon_floor/20260926T210310Z
awqpe,0.87,32768,0,0,0,0,0,0.48843750000003183,5-5,0.37,10,sweep,0.8825495900982553,0.0,research/results/verify_epsilon_floor/20260926T210310Z
awqpe_ablate_special,0.87,32768,0,0,0,0,0,0.48843750000003183,5-5,0.37,10,sweep,0.8825495900982553,0.0,research/results/verify_epsilon_floor/20260926T210310Z
awqpe,0.88,32768,0,0,0,0,0,0.48843750000003183,5-5,0.37,10,sweep,0.8825495900982553,0.0,research/results/verify_epsilon_floor/20260926T210310Z
awqpe_ablate_special,0.88,32768,0,0,0,0,0,0.48843750000003183,5-5,0.37,10,sweep,0.8825495900982553,0.0,research/results/verify_epsilon_floor/20260926T210310Z
awqpe,0.89,32768,32,32,32,0,0,31.519687500000032,5-5,0.37,10,sweep,0.8825495900982553,0.0009765625,research/results/verify_epsilon_floor/20260926T210310Z
awqpe_ablate_special,0.89,32768,32,32,32,0,0,31.511562500000082,5-5,0.37,10,sweep,0.8825495900982553,0.0009765625,research/results/verify_epsilon_floor/20260926T210310Z
awqpe,0.9,32768,64,64,64,0,0,31.550937500000032,5-5,0.37,10,sweep,0.8825495900982553,0.001953125,research/results/verify_epsilon_floor/20260926T210310Z
awqpe_ablate_special,0.9,32768,96,96,96,0,0,31.574062500000082,5-5,0.37,10,sweep,0.8825495900982553,0.0029296875,research/results/verify_epsilon_floor/20260926T210310Z
awqpe,0.91,32768,128,128,128,0,0,31.613437500000032,5-5,0.37,10,sweep,0.8825495900982553,0.00390625,research/results/verify_epsilon_floor/20260926T210310Z
awqpe_ablate_special,0.91,32768,128,128,128,0,0,31.605312500000082,5-5,0.37,10,sweep,0.8825495900982553,0.00390625,research/results/verify_epsilon_floor/20260926T210310Z
awqpe,0.92,32768,160,160,160,0,0,31.644687500000032,5-5,0.37,10,sweep,0.8825495900982553,0.0048828125,research/results/verify_epsilon_floor/20260926T210310Z
awqpe_ablate_special,0.92,32768,160,160,160,0,0,31.636562500000082,5-5,0.37,10,sweep,0.8825495900982553,0.0048828125,research/results/verify_epsilon_floor/20260926T210310Z
awqpe,0.93,32768,224,224,224,0,0,31.707187500000032,5-5,0.37,10,sweep,0.8825495900982553,0.0068359375,research/results/verify_epsilon_floor/20260926T210310Z
awqpe_ablate_special,0.93,32768,224,224,224,0,0,31.699062500000082,5-5,0.37,10,sweep,0.8825495900982553,0.0068359375,research/results/verify_epsilon_floor/20260926T210310Z
awqpe,0.94,32768,256,256,256,0,0,31.738437500000032,5-5,0.37,10,sweep,0.8825495900982553,0.0078125,research/results/verify_epsilon_floor/20260926T210310Z
awqpe_ablate_special,0.94,32768,256,256,256,0,0,31.730312500000082,5-5,0.37,10,sweep,0.8825495900982553,0.0078125,research/results/verify_epsilon_floor/20260926T210310Z
awqpe,0.95,32768,288,288,288,0,0,31.769687500000032,5-5,0.37,10,sweep,0.8825495900982553,0.0087890625,research/results/verify_epsilon_floor/20260926T210310Z
awqpe_ablate_special,0.95,32768,320,320,320,0,0,31.792812500000082,5-5,0.37,10,sweep,0.8825495900982553,0.009765625,research/results/verify_epsilon_floor/20260926T210310Z
awqpe,0.96,32768,352,352,352,0,0,31.832187500000032,5-5,0.37,10,sweep,0.8825495900982553,0.0107421875,research/results/verify_epsilon_floor/20260926T210310Z
awqpe_ablate_special,0.96,32768,352,352,352,0,0,31.824062500000082,5-5,0.37,10,sweep,0.8825495900982553,0.0107421875,research/results/verify_epsilon_floor/20260926T210310Z
awqpe,0.97,32768,384,384,384,0,0,31.863437500000032,5-5,0.37,10,sweep,0.8825495900982553,0.01171875,research/results/verify_epsilon_floor/20260926T210310Z
awqpe_ablate_special,0.97,32768,384,384,384,0,0,31.855312500000082,5-5,0.37,10,sweep,0.8825495900982553,0.01171875,research/results/verify_epsilon_floor/20260926T210310Z
awqpe,0.98,32768,416,416,416,0,0,31.894687500000032,5-5,0.37,10,sweep,0.8825495900982553,0.0126953125,research/results/verify_epsilon_floor/20260926T210310Z
awqpe_ablate_special,0.98,32768,448,448,448,0,0,31.917812500000082,5-5,0.37,10,sweep,0.8825495900982553,0.013671875,research/results/verify_epsilon_floor/20260926T210310Z
awqpe,0.99,32768,480,480,480,0,0,31.957187500000032,5-5,0.37,10,sweep,0.8825495900982553,0.0146484375,research/results/verify_epsilon_floor/20260926T210310Z
awqpe_ablate_special,0.99,32768,480,480,480,0,0,31.949062500000082,5-5,0.37,10,sweep,0.8825495900982553,0.0146484375,research/results/verify_epsilon_floor/20260926T210310Z
awqpe,0.3,65536,0,0,0,0,0,0.5,6-4-2,0.0,12,sweep,0.36115924718108455,0.0,research/results/verify_epsilon_floor/20260926T210310Z
awqpe_ablate_special,0.3,65536,0,0,0,0,0,0.5,6-4-2,0.0,12,sweep,0.36115924718108455,0.0,research/results/verify_epsilon_floor/20260926T210310Z
awqpe,0.31,65536,0,0,0,0,0,0.5,6-4-2,0.0,12,sweep,0.36115924718108455,0.0,research/results/verify_epsilon_floor/20260926T210310Z
awqpe_ablate_special,0.31,65536,0,0,0,0,0,0.5,6-4-2,0.0,12,sweep,0.36115924718108455,0.0,research/results/verify_epsilon_floor/20260926T210310Z
awqpe,0.32,65536,0,0,0,0,0,0.5,6-4-2,0.0,12,sweep,0.36115924718108455,0.0,research/results/verify_epsilon_floor/20260926T210310Z
awqpe_ablate_special,0.32,65536,0,0,0,0,0,0.5,6-4-2,0.0,12,sweep,0.36115924718108455,0.0,research/results/verify_epsilon_floor/20260926T210310Z
awqpe,0.33,65536,0,0,0,0,0,0.5,6-4-2,0.0,12,sweep,0.36115924718108455,0.0,research/results/verify_epsilon_floor/20260926T210310Z
awqpe_ablate_special,0.33,65536,0,0,0,0,0,0.5,6-4-2,0.0,12,sweep,0.36115924718108455,0.0,research/results/verify_epsilon_floor/20260926T210310Z
awqpe,0.34,65536,0,0,0,0,0,0.5,6-4-2,0.0,12,sweep,0.36115924718108455,0.0,research/results/verify_epsilon_floor/20260926T210310Z
awqpe_ablate_special,0.34,65536,0,0,0,0,0,0.5,6-4-2,0.0,12,sweep,0.36115924718108455,0.0,research/results/verify_epsilon_floor/20260926T210310Z
awqpe,0.35,65536,0,0,0,0,0,0.5,6-4-2,0.0,12,sweep,0.36115924718108455,0.0,research/results/verify_epsilon_floor/20260926T210310Z
awqpe_ablate_special,0.35,65536,0,0,0,0,0,0.5,6-4-2,0.0,12,sweep,0.36115924718108455,0.0,research/results/verify_epsilon_floor/20260926T210310Z
awqpe,0.36,65536,0,0,0,0,0,0.5,6-4-2,0.0,12,sweep,0.36115924718108455,0.0,research/results/verify_epsilon_floor/20260926T210310Z
awqpe_ablate_special,0.36,65536,0,0,0,0,0,0.5,6-4-2,0.0,12,sweep,0.36115924718108455,0.0,research/results/verify_epsilon_floor/20260926T210310Z
awqpe,0.37,65536,1024,0,0,0,1024,3.5,6-4-2,0.0,12,sweep,0.36115924718108455,0.015625,research/results/verify_epsilon_floor/20260926T210310Z
awqpe_ablate_special,0.37,65536,0,1024,0,1024,0,0.5,6-4-2,0.0,12,sweep,0.36115924718108455,0.0,research/results/verify_epsilon_floor/20260926T210310Z
awqpe,0.38,65536,1024,0,0,0,1024,3.5,6-4-2,0.0,12,sweep,0.36115924718108455,0.015625,research/results/verify_epsilon_floor/20260926T210310Z
awqpe_ablate_special,0.38,65536,0,1024,0,1024,0,0.5,6-4-2,0.0,12,sweep,0.36115924718108455,0.0,research/results/verify_epsilon_floor/20260926T210310Z
awqpe,0.39,65536,1024,0,0,0,1024,3.5,6-4-2,0.0,12,sweep,0.36115924718108455,0.015625,research/results/verify_epsilon_floor/20260926T210310Z
awqpe_ablate_special,0.39,65536,0,1024,0,1024,0,0.5,6-4-2,0.0,12,sweep,0.36115924718108455,0.0,research/results/verify_epsilon_floor/20260926T210310Z
awqpe,0.4,65536,1024,0,0,0,1024,3.5,6-4-2,0.0,12,sweep,0.36115924718108455,0.015625,research/results/verify_epsilon_floor/20260926T210310Z
awqpe_ablate_special,0.4,65536,0,1024,0,1024,0,0.5,6-4-2,0.0,12,sweep,0.36115924718108455,0.0,research/results/verify_epsilon_floor/20260926T210310Z
awqpe,0.41,65536,1024,0,0,0,1024,3.5,6-4-2,0.0,12,sweep,0.36115924718108455,0.015625,research/results/verify_epsilon_floor/20260926T210310Z
awqpe_ablate_special,0.41,65536,0,1024,0,1024,0,0.5,6-4-2,0.0,12,sweep,0.36115924718108455,0.0,research/results/verify_epsilon_floor/20260926T210310Z
awqpe,0.42,65536,2048,1024,1024,0,1024,3.5625,6-4-2,0.0,12,sweep,0.36115924718108455,0.03125,research/results/verify_epsilon_floor/20260926T210310Z
awqpe_ablate_special,0.42,65536,1024,2048,1024,1024,0,3.5625,6-4-2,0.0,12,sweep,0.36115924718108455,0.015625,research/results/verify_epsilon_floor/20260926T210310Z
awqpe,0.43,65536,2048,1024,1024,0,1024,3.5625,6-4-2,0.0,12,sweep,0.36115924718108455,0.03125,research/results/verify_epsilon_floor/20260926T210310Z
awqpe_ablate_special,0.43,65536,1024,2048,1024,1024,0,3.5625,6-4-2,0.0,12,sweep,0.36115924718108455,0.015625,research/results/verify_epsilon_floor/20260926T210310Z
awqpe,0.44,65536,2048,1024,1024,0,1024,3.5625,6-4-2,0.0,12,sweep,0.36115924718108455,0.03125,research/results/verify_epsilon_floor/20260926T210310Z
awqpe_ablate_special,0.44,65536,1024,2048,1024,1024,0,3.5625,6-4-2,0.0,12,sweep,0.36115924718108455,0.015625,research/results/verify_epsilon_floor/20260926T210310Z
awqpe,0.45,65536,2048,1024,1024,0,1024,3.5625,6-4-2,0.0,12,sweep,0.36115924718108455,0.03125,research/results/verify_epsilon_floor/20260926T210310Z
awqpe_ablate_special,0.45,65536,1024,2048,1024,1024,0,3.5625,6-4-2,0.0,12,sweep,0.36115924718108455,0.015625,research/results/verify_epsilon_floor/20260926T210310Z
awqpe,0.46,65536,2048,1024,1024,0,1024,3.5625,6-4-2,0.0,12,sweep,0.36115924718108455,0.03125,research/results/verify_epsilon_floor/20260926T210310Z
awqpe_ablate_special,0.46,65536,1024,2048,1024,1024,0,3.5625,6-4-2,0.0,12,sweep,0.36115924718108455,0.015625,research/results/verify_epsilon_floor/20260926T210310Z
awqpe,0.47,65536,3072,2048,2048,0,1024,3.625,6-4-2,0.0,12,sweep,0.36115924718108455,0.046875,research/results/verify_epsilon_floor/20260926T210310Z
awqpe_ablate_special,0.47,65536,2048,3072,2048,1024,0,3.625,6-4-2,0.0,12,sweep,0.36115924718108455,0.03125,research/results/verify_epsilon_floor/20260926T210310Z
awqpe,0.48,65536,3072,2048,2048,0,1024,3.625,6-4-2,0.0,12,sweep,0.36115924718108455,0.046875,research/results/verify_epsilon_floor/20260926T210310Z
awqpe_ablate_special,0.48,65536,2048,3072,2048,1024,0,3.625,6-4-2,0.0,12,sweep,0.36115924718108455,0.03125,research/results/verify_epsilon_floor/20260926T210310Z
awqpe,0.49,65536,3072,2048,2048,0,1024,3.625,6-4-2,0.0,12,sweep,0.36115924718108455,0.046875,research/results/verify_epsilon_floor/20260926T210310Z
awqpe_ablate_special,0.49,65536,2048,3072,2048,1024,0,3.625,6-4-2,0.0,12,sweep,0.36115924718108455,0.03125,research/results/verify_epsilon_floor/20260926T210310Z
awqpe,0.5,65536,3072,2048,2048,0,1024,3.625,6-4-2,0.0,12,sweep,0.36115924718108455,0.046875,research/results/verify_epsilon_floor/20260926T210310Z
awqpe_ablate_special,0.5,65536,2048,3072,2048,1024,0,3.625,6-4-2,0.0,12,sweep,0.36115924718108455,0.03125,research/results/verify_epsilon_floor/20260926T210310Z
awqpe,0.51,65536,3072,2048,2048,0,1024,3.625,6-4-2,0.0,12,sweep,0.36115924718108455,0.046875,research/results/verify_epsilon_floor/20260926T210310Z
awqpe_ablate_special,0.51,65536,2048,3072,2048,1024,0,3.625,6-4-2,0.0,12,sweep,0.36115924718108455,0.03125,research/results/verify_epsilon_floor/20260926T210310Z
awqpe,0.52,65536,3072,2048,2048,0,1024,3.625,6-4-2,0.0,12,sweep,0.36115924718108455,0.046875,research/results/verify_epsilon_floor/20260926T210310Z
awqpe_ablate_special,0.52,65536,2048,3072,2048,1024,0,3.625,6-4-2,0.0,12,sweep,0.36115924718108455,0.03125,research/results/verify_epsilon_floor/20260926T210310Z
awqpe,0.53,65536,3072,2048,2048,0,1024,3.625,6-4-2,0.0,12,sweep,0.36115924718108455,0.046875,research/results/verify_epsilon_floor/20260926T210310Z
awqpe_ablate_special,0.53,65536,2048,3072,2048,1024,0,3.625,6-4-2,0.0,12,sweep,0.36115924718108455,0.03125,research/results/verify_epsilon_floor/20260926T210310Z
awqpe,0.54,65536,4096,3072,3072,0,1024,3.6875,6-4-2,0.0,12,sweep,0.36115924718108455,0.0625,research/results/verify_epsilon_floor/20260926T210310Z
awqpe_ablate_special,0.54,65536,3072,4096,3072,1024,0,3.6875,6-4-2,0.0,12,sweep,0.36115924718108455,0.046875,research/results/verify_epsilon_floor/20260926T210310Z
awqpe,0.55,65536,4096,3072,3072,0,1024,3.6875,6-4-2,0.0,12,sweep,0.36115924718108455,0.0625,research/results/verify_epsilon_floor/20260926T210310Z
awqpe_ablate_special,0.55,65536,3072,4096,3072,1024,0,3.6875,6-4-2,0.0,12,sweep,0.36115924718108455,0.046875,research/results/verify_epsilon_floor/20260926T210310Z
awqpe,0.56,65536,4096,3072,3072,0,1024,3.6875,6-4-2,0.0,12,sweep,0.36115924718108455,0.0625,research/results/verify_epsilon_floor/20260926T210310Z
awqpe_ablate_special,0.56,65536,3072,4096,3072,1024,0,3.6875,6-4-2,0.0,12,sweep,0.36115924718108455,0.046875,research/results/verify_epsilon_floor/20260926T210310Z
awqpe,0.57,65536,4096,3072,3072,0,1024,3.6875,6-4-2,0.0,12,sweep,0.36115924718108455,0.0625,research/results/verify_epsilon_floor/20260926T210310Z
awqpe_ablate_special,0.57,65536,3072,4096,3072,1024,0,3.6875,6-4-2,0.0,12,sweep,0.36115924718108455,0.046875,research/results/verify_epsilon_floor/20260926T210310Z
awqpe,0.58,65536,4096,3072,3072,0,1024,3.6875,6-4-2,0.0,12,sweep,0.36115924718108455,0.0625,research/results/verify_epsilon_floor/20260926T210310Z
awqpe_ablate_special,0.58,65536,3072,4096,3072,1024,0,3.6875,6-4-2,0.0,12,sweep,0.36115924718108455,0.046875,research/results/verify_epsilon_floor/20260926T210310Z
awqpe,0.59,65536,4096,3072,3072,0,1024,3.6875,6-4-2,0.0,12,sweep,0.36115924718108455,0.0625,research/results/verify_epsilon_floor/20260926T210310Z
awqpe_ablate_special,0.59,65536,3072,4096,3072,1024,0,3.6875,6-4-2,0.0,12,sweep,0.36115924718108455,0.046875,research/results/verify_epsilon_floor/20260926T210310Z
awqpe,0.6,65536,4096,3072,3072,0,1024,3.6875,6-4-2,0.0,12,sweep,0.36115924718108455,0.0625,research/results/verify_epsilon_floor/20260926T210310Z
awqpe_ablate_special,0.6,65536,3072,4096,3072,1024,0,3.6875,6-4-2,0.0,12,sweep,0.36115924718108455,0.046875,research/results/verify_epsilon_floor/20260926T210310Z
awqpe,0.61,65536,5120,4096,4096,0,1024,3.75,6-4-2,0.0,12,sweep,0.36115924718108455,0.078125,research/results/verify_epsilon_floor/20260926T210310Z
awqpe_ablate_special,0.61,65536,4096,5120,4096,1024,0,3.75,6-4-2,0.0,12,sweep,0.36115924718108455,0.0625,research/results/verify_epsilon_floor/20260926T210310Z
awqpe,0.62,65536,5120,4096,4096,0,1024,3.75,6-4-2,0.0,12,sweep,0.36115924718108455,0.078125,research/results/verify_epsilon_floor/20260926T210310Z
awqpe_ablate_special,0.62,65536,4096,5120,4096,1024,0,3.75,6-4-2,0.0,12,sweep,0.36115924718108455,0.0625,research/results/verify_epsilon_floor/20260926T210310Z
awqpe,0.63,65536,5120,4096,4096,0,1024,3.75,6-4-2,0.0,12,sweep,0.36115924718108455,0.078125,research/results/verify_epsilon_floor/20260926T210310Z
awqpe_ablate_special,0.63,65536,4096,5120,4096,1024,0,3.75,6-4-2,0.0,12,sweep,0.36115924718108455,0.0625,research/results/verify_epsilon_floor/20260926T210310Z
awqpe,0.64,65536,5120,4096,4096,0,1024,3.75,6-4-2,0.0,12,sweep,0.36115924718108455,0.078125,research/results/verify_epsilon_floor/20260926T210310Z
awqpe_ablate_special,0.64,65536,4096,5120,4096,1024,0,3.75,6-4-2,0.0,12,sweep,0.36115924718108455,0.0625,research/results/verify_epsilon_floor/20260926T210310Z
awqpe,0.65,65536,5120,4096,4096,0,1024,3.75,6-4-2,0.0,12,sweep,0.36115924718108455,0.078125,research/results/verify_epsilon_floor/20260926T210310Z
awqpe_ablate_special,0.65,65536,4096,5120,4096,1024,0,3.75,6-4-2,0.0,12,sweep,0.36115924718108455,0.0625,research/results/verify_epsilon_floor/20260926T210310Z
awqpe,0.66,65536,5120,4096,4096,0,1024,3.75,6-4-2,0.0,12,sweep,0.36115924718108455,0.078125,research/results/verify_epsilon_floor/20260926T210310Z
awqpe_ablate_special,0.66,65536,4096,5120,4096,1024,0,3.75,6-4-2,0.0,12,sweep,0.36115924718108455,0.0625,research/results/verify_epsilon_floor/20260926T210310Z
awqpe,0.67,65536,5120,4096,4096,0,1024,3.75,6-4-2,0.0,12,sweep,0.36115924718108455,0.078125,research/results/verify_epsilon_floor/20260926T210310Z
awqpe_ablate_special,0.67,65536,4096,5120,4096,1024,0,3.75,6-4-2,0.0,12,sweep,0.36115924718108455,0.0625,research/results/verify_epsilon_floor/20260926T210310Z
awqpe,0.68,65536,5120,4096,4096,0,1024,3.75,6-4-2,0.0,12,sweep,0.36115924718108455,0.078125,research/results/verify_epsilon_floor/20260926T210310Z
awqpe_ablate_special,0.68,65536,4096,5120,4096,1024,0,3.75,6-4-2,0.0,12,sweep,0.36115924718108455,0.0625,research/results/verify_epsilon_floor/20260926T210310Z
awqpe,0.69,65536,6144,5120,5120,0,1024,3.8125,6-4-2,0.0,12,sweep,0.36115924718108455,0.09375,research/results/verify_epsilon_floor/20260926T210310Z
awqpe_ablate_special,0.69,65536,5120,6144,5120,1024,0,3.8125,6-4-2,0.0,12,sweep,0.36115924718108455,0.078125,research/results/verify_epsilon_floor/20260926T210310Z
awqpe,0.7,65536,6144,5120,5120,0,1024,3.8125,6-4-2,0.0,12,sweep,0.36115924718108455,0.09375,research/results/verify_epsilon_floor/20260926T210310Z
awqpe_ablate_special,0.7,65536,5120,6144,5120,1024,0,3.8125,6-4-2,0.0,12,sweep,0.36115924718108455,0.078125,research/results/verify_epsilon_floor/20260926T210310Z
awqpe,0.71,65536,6144,5120,5120,0,1024,3.8125,6-4-2,0.0,12,sweep,0.36115924718108455,0.09375,research/results/verify_epsilon_floor/20260926T210310Z
awqpe_ablate_special,0.71,65536,5120,6144,5120,1024,0,3.8125,6-4-2,0.0,12,sweep,0.36115924718108455,0.078125,research/results/verify_epsilon_floor/20260926T210310Z
awqpe,0.72,65536,6144,5120,5120,0,1024,3.8125,6-4-2,0.0,12,sweep,0.36115924718108455,0.09375,research/results/verify_epsilon_floor/20260926T210310Z
awqpe_ablate_special,0.72,65536,5120,6144,5120,1024,0,3.8125,6-4-2,0.0,12,sweep,0.36115924718108455,0.078125,research/results/verify_epsilon_floor/20260926T210310Z
awqpe,0.73,65536,6144,5120,5120,0,1024,3.8125,6-4-2,0.0,12,sweep,0.36115924718108455,0.09375,research/results/verify_epsilon_floor/20260926T210310Z
awqpe_ablate_special,0.73,65536,5120,6144,5120,1024,0,3.8125,6-4-2,0.0,12,sweep,0.36115924718108455,0.078125,research/results/verify_epsilon_floor/20260926T210310Z
awqpe,0.74,65536,6144,5120,5120,0,1024,3.8125,6-4-2,0.0,12,sweep,0.36115924718108455,0.09375,research/results/verify_epsilon_floor/20260926T210310Z
awqpe_ablate_special,0.74,65536,5120,6144,5120,1024,0,3.8125,6-4-2,0.0,12,sweep,0.36115924718108455,0.078125,research/results/verify_epsilon_floor/20260926T210310Z
awqpe,0.75,65536,6144,5120,5120,0,1024,3.8125,6-4-2,0.0,12,sweep,0.36115924718108455,0.09375,research/results/verify_epsilon_floor/20260926T210310Z
awqpe_ablate_special,0.75,65536,5120,6144,5120,1024,0,3.8125,6-4-2,0.0,12,sweep,0.36115924718108455,0.078125,research/results/verify_epsilon_floor/20260926T210310Z
awqpe,0.76,65536,6144,5120,5120,0,1024,3.8125,6-4-2,0.0,12,sweep,0.36115924718108455,0.09375,research/results/verify_epsilon_floor/20260926T210310Z
awqpe_ablate_special,0.76,65536,5120,6144,5120,1024,0,3.8125,6-4-2,0.0,12,sweep,0.36115924718108455,0.078125,research/results/verify_epsilon_floor/20260926T210310Z
awqpe,0.77,65536,6144,5120,5120,0,1024,3.8125,6-4-2,0.0,12,sweep,0.36115924718108455,0.09375,research/results/verify_epsilon_floor/20260926T210310Z
awqpe_ablate_special,0.77,65536,5120,6144,5120,1024,0,3.8125,6-4-2,0.0,12,sweep,0.36115924718108455,0.078125,research/results/verify_epsilon_floor/20260926T210310Z
awqpe,0.78,65536,7168,6144,6144,0,1024,3.875,6-4-2,0.0,12,sweep,0.36115924718108455,0.109375,research/results/verify_epsilon_floor/20260926T210310Z
awqpe_ablate_special,0.78,65536,6144,7168,6144,1024,0,3.875,6-4-2,0.0,12,sweep,0.36115924718108455,0.09375,research/results/verify_epsilon_floor/20260926T210310Z
awqpe,0.79,65536,7168,6144,6144,0,1024,3.875,6-4-2,0.0,12,sweep,0.36115924718108455,0.109375,research/results/verify_epsilon_floor/20260926T210310Z
awqpe_ablate_special,0.79,65536,6144,7168,6144,1024,0,3.875,6-4-2,0.0,12,sweep,0.36115924718108455,0.09375,research/results/verify_epsilon_floor/20260926T210310Z
awqpe,0.8,65536,7168,6144,6144,0,1024,60.1875,6-4-2,0.0,12,sweep,0.36115924718108455,0.109375,research/results/verify_epsilon_floor/20260926T210310Z
awqpe_ablate_special,0.8,65536,6144,7168,6144,1024,0,60.1875,6-4-2,0.0,12,sweep,0.36115924718108455,0.09375,research/results/verify_epsilon_floor/20260926T210310Z
awqpe,0.81,65536,7168,6144,6144,0,1024,60.3125,6-4-2,0.0,12,sweep,0.36115924718108455,0.109375,research/results/verify_epsilon_floor/20260926T210310Z
awqpe_ablate_special,0.81,65536,6144,7168,6144,1024,0,60.3125,6-4-2,0.0,12,sweep,0.36115924718108455,0.09375,research/results/verify_epsilon_floor/20260926T210310Z
awqpe,0.82,65536,7168,6144,6144,0,1024,60.375,6-4-2,0.0,12,sweep,0.36115924718108455,0.109375,research/results/verify_epsilon_floor/20260926T210310Z
awqpe_ablate_special,0.82,65536,6144,7168,6144,1024,0,60.375,6-4-2,0.0,12,sweep,0.36115924718108455,0.09375,research/results/verify_epsilon_floor/20260926T210310Z
awqpe,0.83,65536,7168,6144,6144,0,1024,60.5,6-4-2,0.0,12,sweep,0.36115924718108455,0.109375,research/results/verify_epsilon_floor/20260926T210310Z
awqpe_ablate_special,0.83,65536,6144,7168,6144,1024,0,60.4375,6-4-2,0.0,12,sweep,0.36115924718108455,0.09375,research/results/verify_epsilon_floor/20260926T210310Z
awqpe,0.84,65536,7168,6144,6144,0,1024,60.5,6-4-2,0.0,12,sweep,0.36115924718108455,0.109375,research/results/verify_epsilon_floor/20260926T210310Z
awqpe_ablate_special,0.84,65536,6144,7168,6144,1024,0,60.4375,6-4-2,0.0,12,sweep,0.36115924718108455,0.09375,research/results/verify_epsilon_floor/20260926T210310Z
awqpe,0.85,65536,7168,6144,6144,0,1024,60.5,6-4-2,0.0,12,sweep,0.36115924718108455,0.109375,research/results/verify_epsilon_floor/20260926T210310Z
awqpe_ablate_special,0.85,65536,6144,7168,6144,1024,0,60.4375,6-4-2,0.0,12,sweep,0.36115924718108455,0.09375,research/results/verify_epsilon_floor/20260926T210310Z
awqpe,0.86,65536,7168,6144,6144,0,1024,60.5,6-4-2,0.0,12,sweep,0.36115924718108455,0.109375,research/results/verify_epsilon_floor/20260926T210310Z
awqpe_ablate_special,0.86,65536,6144,7168,6144,1024,0,60.4375,6-4-2,0.0,12,sweep,0.36115924718108455,0.09375,research/results/verify_epsilon_floor/20260926T210310Z
awqpe,0.87,65536,7168,6144,6144,0,1024,60.5,6-4-2,0.0,12,sweep,0.36115924718108455,0.109375,research/results/verify_epsilon_floor/20260926T210310Z
awqpe_ablate_special,0.87,65536,6144,7168,6144,1024,0,60.4375,6-4-2,0.0,12,sweep,0.36115924718108455,0.09375,research/results/verify_epsilon_floor/20260926T210310Z
awqpe,0.88,65536,7168,6144,6144,0,1024,60.5,6-4-2,0.0,12,sweep,0.36115924718108455,0.109375,research/results/verify_epsilon_floor/20260926T210310Z
awqpe_ablate_special,0.88,65536,6144,7168,6144,1024,0,60.4375,6-4-2,0.0,12,sweep,0.36115924718108455,0.09375,research/results/verify_epsilon_floor/20260926T210310Z
awqpe,0.89,65536,8192,7168,7168,0,1024,60.5,6-4-2,0.0,12,sweep,0.36115924718108455,0.125,research/results/verify_epsilon_floor/20260926T210310Z
awqpe_ablate_special,0.89,65536,7168,8192,7168,1024,0,60.4375,6-4-2,0.0,12,sweep,0.36115924718108455,0.109375,research/results/verify_epsilon_floor/20260926T210310Z
awqpe,0.9,65536,8192,7168,7168,0,1024,60.5,6-4-2,0.0,12,sweep,0.36115924718108455,0.125,research/results/verify_epsilon_floor/20260926T210310Z
awqpe_ablate_special,0.9,65536,7168,8192,7168,1024,0,60.4375,6-4-2,0.0,12,sweep,0.36115924718108455,0.109375,research/results/verify_epsilon_floor/20260926T210310Z
awqpe,0.91,65536,8192,7168,7168,0,1024,60.5,6-4-2,0.0,12,sweep,0.36115924718108455,0.125,research/results/verify_epsilon_floor/20260926T210310Z
awqpe_ablate_special,0.91,65536,7168,8192,7168,1024,0,60.4375,6-4-2,0.0,12,sweep,0.36115924718108455,0.109375,research/results/verify_epsilon_floor/20260926T210310Z
awqpe,0.92,65536,8192,7168,7168,0,1024,60.5,6-4-2,0.0,12,sweep,0.36115924718108455,0.125,research/results/verify_epsilon_floor/20260926T210310Z
awqpe_ablate_special,0.92,65536,7168,8192,7168,1024,0,60.4375,6-4-2,0.0,12,sweep,0.36115924718108455,0.109375,research/results/verify_epsilon_floor/20260926T210310Z
awqpe,0.93,65536,8192,7168,7168,0,1024,60.5,6-4-2,0.0,12,sweep,0.36115924718108455,0.125,research/results/verify_epsilon_floor/20260926T210310Z
awqpe_ablate_special,0.93,65536,7168,8192,7168,1024,0,60.4375,6-4-2,0.0,12,sweep,0.36115924718108455,0.109375,research/results/verify_epsilon_floor/20260926T210310Z
awqpe,0.94,65536,8256,7168,7168,0,1088,63.5,6-4-2,0.0,12,sweep,0.36115924718108455,0.1259765625,research/results/verify_epsilon_floor/20260926T210310Z
awqpe_ablate_special,0.94,65536,7168,8256,7168,1088,0,60.4375,6-4-2,0.0,12,sweep,0.36115924718108455,0.109375,research/results/verify_epsilon_floor/20260926T210310Z
awqpe,0.95,65536,8320,7232,7232,0,1088,63.5625,6-4-2,0.0,12,sweep,0.36115924718108455,0.126953125,research/results/verify_epsilon_floor/20260926T210310Z
awqpe_ablate_special,0.95,65536,7232,8320,7232,1088,0,63.5625,6-4-2,0.0,12,sweep,0.36115924718108455,0.1103515625,research/results/verify_epsilon_floor/20260926T210310Z
awqpe,0.96,65536,8384,7296,7296,0,1088,63.625,6-4-2,0.0,12,sweep,0.36115924718108455,0.1279296875,research/results/verify_epsilon_floor/20260926T210310Z
awqpe_ablate_special,0.96,65536,7296,8384,7296,1088,0,63.625,6-4-2,0.0,12,sweep,0.36115924718108455,0.111328125,research/results/verify_epsilon_floor/20260926T210310Z
awqpe,0.97,65536,8512,7424,7424,0,1088,63.75,6-4-2,0.0,12,sweep,0.36115924718108455,0.1298828125,research/results/verify_epsilon_floor/20260926T210310Z
awqpe_ablate_special,0.97,65536,7424,8512,7424,1088,0,63.75,6-4-2,0.0,12,sweep,0.36115924718108455,0.11328125,research/results/verify_epsilon_floor/20260926T210310Z
awqpe,0.98,65536,8576,7488,7488,0,1088,63.8125,6-4-2,0.0,12,sweep,0.36115924718108455,0.130859375,research/results/verify_epsilon_floor/20260926T210310Z
awqpe_ablate_special,0.98,65536,7488,8576,7488,1088,0,63.8125,6-4-2,0.0,12,sweep,0.36115924718108455,0.1142578125,research/results/verify_epsilon_floor/20260926T210310Z
awqpe,0.99,65536,8640,7552,7552,0,1088,63.875,6-4-2,0.0,12,sweep,0.36115924718108455,0.1318359375,research/results/verify_epsilon_floor/20260926T210310Z
awqpe_ablate_special,0.99,65536,7552,8640,7552,1088,0,63.875,6-4-2,0.0,12,sweep,0.36115924718108455,0.115234375,research/results/verify_epsilon_floor/20260926T210310Z
awqpe,0.3,65536,0,0,0,0,0,0.47687500000006366,6-4-2,0.37,12,sweep,0.36115924718108466,0.0,research/results/verify_epsilon_floor/20260926T210310Z
awqpe_ablate_special,0.3,65536,0,0,0,0,0,0.47687500000006366,6-4-2,0.37,12,sweep,0.36115924718108466,0.0,research/results/verify_epsilon_floor/20260926T210310Z
awqpe,0.31,65536,0,0,0,0,0,0.47687500000006366,6-4-2,0.37,12,sweep,0.36115924718108466,0.0,research/results/verify_epsilon_floor/20260926T210310Z
awqpe_ablate_special,0.31,65536,0,0,0,0,0,0.47687500000006366,6-4-2,0.37,12,sweep,0.36115924718108466,0.0,research/results/verify_epsilon_floor/20260926T210310Z
awqpe,0.32,65536,0,0,0,0,0,0.47687500000006366,6-4-2,0.37,12,sweep,0.36115924718108466,0.0,research/results/verify_epsilon_floor/20260926T210310Z
awqpe_ablate_special,0.32,65536,0,0,0,0,0,0.47687500000006366,6-4-2,0.37,12,sweep,0.36115924718108466,0.0,research/results/verify_epsilon_floor/20260926T210310Z
awqpe,0.33,65536,0,0,0,0,0,0.47687500000006366,6-4-2,0.37,12,sweep,0.36115924718108466,0.0,research/results/verify_epsilon_floor/20260926T210310Z
awqpe_ablate_special,0.33,65536,0,0,0,0,0,0.47687500000006366,6-4-2,0.37,12,sweep,0.36115924718108466,0.0,research/results/verify_epsilon_floor/20260926T210310Z
awqpe,0.34,65536,0,0,0,0,0,0.47687500000006366,6-4-2,0.37,12,sweep,0.36115924718108466,0.0,research/results/verify_epsilon_floor/20260926T210310Z
awqpe_ablate_special,0.34,65536,0,0,0,0,0,0.47687500000006366,6-4-2,0.37,12,sweep,0.36115924718108466,0.0,research/results/verify_epsilon_floor/20260926T210310Z
awqpe,0.35,65536,0,0,0,0,0,0.47687500000006366,6-4-2,0.37,12,sweep,0.36115924718108466,0.0,research/results/verify_epsilon_floor/20260926T210310Z
awqpe_ablate_special,0.35,65536,0,0,0,0,0,0.47687500000006366,6-4-2,0.37,12,sweep,0.36115924718108466,0.0,research/results/verify_epsilon_floor/20260926T210310Z
awqpe,0.36,65536,0,0,0,0,0,0.47687500000006366,6-4-2,0.37,12,sweep,0.36115924718108466,0.0,research/results/verify_epsilon_floor/20260926T210310Z
awqpe_ablate_special,0.36,65536,0,0,0,0,0,0.47687500000006366,6-4-2,0.37,12,sweep,0.36115924718108466,0.0,research/results/verify_epsilon_floor/20260926T210310Z
awqpe,0.37,65536,0,0,0,0,0,0.47687500000006366,6-4-2,0.37,12,sweep,0.36115924718108466,0.0,research/results/verify_epsilon_floor/20260926T210310Z
awqpe_ablate_special,0.37,65536,0,0,0,0,0,0.47687500000006366,6-4-2,0.37,12,sweep,0.36115924718108466,0.0,research/results/verify_epsilon_floor/20260926T210310Z
awqpe,0.38,65536,0,0,0,0,0,0.47687500000006366,6-4-2,0.37,12,sweep,0.36115924718108466,0.0,research/results/verify_epsilon_floor/20260926T210310Z
awqpe_ablate_special,0.38,65536,1024,1024,1024,0,0,3.5231250000001637,6-4-2,0.37,12,sweep,0.36115924718108466,0.015625,research/results/verify_epsilon_floor/20260926T210310Z
awqpe,0.39,65536,0,0,0,0,0,0.47687500000006366,6-4-2,0.37,12,sweep,0.36115924718108466,0.0,research/results/verify_epsilon_floor/20260926T210310Z
awqpe_ablate_special,0.39,65536,1024,1024,1024,0,0,3.5231250000001637,6-4-2,0.37,12,sweep,0.36115924718108466,0.015625,research/results/verify_epsilon_floor/20260926T210310Z
awqpe,0.4,65536,1024,1024,1024,0,0,3.5393750000000637,6-4-2,0.37,12,sweep,0.36115924718108466,0.015625,research/results/verify_epsilon_floor/20260926T210310Z
awqpe_ablate_special,0.4,65536,1024,1024,1024,0,0,3.5231250000001637,6-4-2,0.37,12,sweep,0.36115924718108466,0.015625,research/results/verify_epsilon_floor/20260926T210310Z
awqpe,0.41,65536,1024,1024,1024,0,0,3.5393750000000637,6-4-2,0.37,12,sweep,0.36115924718108466,0.015625,research/results/verify_epsilon_floor/20260926T210310Z
awqpe_ablate_special,0.41,65536,1024,1024,1024,0,0,3.5231250000001637,6-4-2,0.37,12,sweep,0.36115924718108466,0.015625,research/results/verify_epsilon_floor/20260926T210310Z
awqpe,0.42,65536,1024,1024,1024,0,0,3.5393750000000637,6-4-2,0.37,12,sweep,0.36115924718108466,0.015625,research/results/verify_epsilon_floor/20260926T210310Z
awqpe_ablate_special,0.42,65536,1024,1024,1024,0,0,3.5231250000001637,6-4-2,0.37,12,sweep,0.36115924718108466,0.015625,research/results/verify_epsilon_floor/20260926T210310Z
awqpe,0.43,65536,1024,1024,1024,0,0,3.5393750000000637,6-4-2,0.37,12,sweep,0.36115924718108466,0.015625,research/results/verify_epsilon_floor/20260926T210310Z
awqpe_ablate_special,0.43,65536,1024,1024,1024,0,0,3.5231250000001637,6-4-2,0.37,12,sweep,0.36115924718108466,0.015625,research/results/verify_epsilon_floor/20260926T210310Z
awqpe,0.44,65536,1024,1024,1024,0,0,3.5393750000000637,6-4-2,0.37,12,sweep,0.36115924718108466,0.015625,research/results/verify_epsilon_floor/20260926T210310Z
awqpe_ablate_special,0.44,65536,2048,2048,2048,0,0,3.5856250000001637,6-4-2,0.37,12,sweep,0.36115924718108466,0.03125,research/results/verify_epsilon_floor/20260926T210310Z
awqpe,0.45,65536,2048,2048,2048,0,0,3.6018750000000637,6-4-2,0.37,12,sweep,0.36115924718108466,0.03125,research/results/verify_epsilon_floor/20260926T210310Z
awqpe_ablate_special,0.45,65536,2048,2048,2048,0,0,3.5856250000001637,6-4-2,0.37,12,sweep,0.36115924718108466,0.03125,research/results/verify_epsilon_floor/20260926T210310Z
awqpe,0.46,65536,2048,2048,2048,0,0,3.6018750000000637,6-4-2,0.37,12,sweep,0.36115924718108466,0.03125,research/results/verify_epsilon_floor/20260926T210310Z
awqpe_ablate_special,0.46,65536,2048,2048,2048,0,0,3.5856250000001637,6-4-2,0.37,12,sweep,0.36115924718108466,0.03125,research/results/verify_epsilon_floor/20260926T210310Z
awqpe,0.47,65536,2048,2048,2048,0,0,3.6018750000000637,6-4-2,0.37,12,sweep,0.36115924718108466,0.03125,research/results/verify_epsilon_floor/20260926T210310Z
awqpe_ablate_special,0.47,65536,2048,2048,2048,0,0,3.5856250000001637,6-4-2,0.37,12,sweep,0.36115924718108466,0.03125,research/results/verify_epsilon_floor/20260926T210310Z
awqpe,0.48,65536,2048,2048,2048,0,0,3.6018750000000637,6-4-2,0.37,12,sweep,0.36115924718108466,0.03125,research/results/verify_epsilon_floor/20260926T210310Z
awqpe_ablate_special,0.48,65536,2048,2048,2048,0,0,3.5856250000001637,6-4-2,0.37,12,sweep,0.36115924718108466,0.03125,research/results/verify_epsilon_floor/20260926T210310Z
awqpe,0.49,65536,2048,2048,2048,0,0,3.6018750000000637,6-4-2,0.37,12,sweep,0.36115924718108466,0.03125,research/results/verify_epsilon_floor/20260926T210310Z
awqpe_ablate_special,0.49,65536,2048,2048,2048,0,0,3.5856250000001637,6-4-2,0.37,12,sweep,0.36115924718108466,0.03125,research/results/verify_epsilon_floor/20260926T210310Z
awqpe,0.5,65536,2048,2048,2048,0,0,3.6018750000000637,6-4-2,0.37,12,sweep,0.36115924718108466,0.03125,research/results/verify_epsilon_floor/20260926T210310Z
awqpe_ablate_special,0.5,65536,3072,3072,3072,0,0,3.6481250000001637,6-4-2,0.37,12,sweep,0.36115924718108466,0.046875,research/results/verify_epsilon_floor/20260926T210310Z
awqpe,0.51,65536,3072,3072,3072,0,0,3.6643750000000637,6-4-2,0.37,12,sweep,0.36115924718108466,0.046875,research/results/verify_epsilon_floor/20260926T210310Z
awqpe_ablate_special,0.51,65536,3072,3072,3072,0,0,3.6481250000001637,6-4-2,0.37,12,sweep,0.36115924718108466,0.046875,research/results/verify_epsilon_floor/20260926T210310Z
awqpe,0.52,65536,3072,3072,3072,0,0,3.6643750000000637,6-4-2,0.37,12,sweep,0.36115924718108466,0.046875,research/results/verify_epsilon_floor/20260926T210310Z
awqpe_ablate_special,0.52,65536,3072,3072,3072,0,0,3.6481250000001637,6-4-2,0.37,12,sweep,0.36115924718108466,0.046875,research/results/verify_epsilon_floor/20260926T210310Z
awqpe,0.53,65536,3072,3072,3072,0,0,3.6643750000000637,6-4-2,0.37,12,sweep,0.36115924718108466,0.046875,research/results/verify_epsilon_floor/20260926T210310Z
awqpe_ablate_special,0.53,65536,3072,3072,3072,0,0,3.6481250000001637,6-4-2,0.37,12,sweep,0.36115924718108466,0.046875,research/results/verify_epsilon_floor/20260926T210310Z
awqpe,0.54,65536,3072,3072,3072,0,0,3.6643750000000637,6-4-2,0.37,12,sweep,0.36115924718108466,0.046875,research/results/verify_epsilon_floor/20260926T210310Z
awqpe_ablate_special,0.54,65536,3072,3072,3072,0,0,3.6481250000001637,6-4-2,0.37,12,sweep,0.36115924718108466,0.046875,research/results/verify_epsilon_floor/20260926T210310Z
awqpe,0.55,65536,3072,3072,3072,0,0,3.6643750000000637,6-4-2,0.37,12,sweep,0.36115924718108466,0.046875,research/results/verify_epsilon_floor/20260926T210310Z
awqpe_ablate_special,0.55,65536,3072,3072,3072,0,0,3.6481250000001637,6-4-2,0.37,12,sweep,0.36115924718108466,0.046875,research/results/verify_epsilon_floor/20260926T210310Z
awqpe,0.56,65536,3072,3072,3072,0,0,3.6643750000000637,6-4-2,0.37,12,sweep,0.36115924718108466,0.046875,research/results/verify_epsilon_floor/20260926T210310Z
awqpe_ablate_special,0.56,65536,4096,4096,4096,0,0,3.7106250000001637,6-4-2,0.37,12,sweep,0.36115924718108466,0.0625,research/results/verify_epsilon_floor/20260926T210310Z
awqpe,0.57,65536,3072,3072,3072,0,0,3.6643750000000637,6-4-2,0.37,12,sweep,0.36115924718108466,0.046875,research/results/verify_epsilon_floor/20260926T210310Z
awqpe_ablate_special,0.57,65536,4096,4096,4096,0,0,3.7106250000001637,6-4-2,0.37,12,sweep,0.36115924718108466,0.0625,research/results/verify_epsilon_floor/20260926T210310Z
awqpe,0.58,65536,4096,4096,4096,0,0,3.7268750000000637,6-4-2,0.37,12,sweep,0.36115924718108466,0.0625,research/results/verify_epsilon_floor/20260926T210310Z
awqpe_ablate_special,0.58,65536,4096,4096,4096,0,0,3.7106250000001637,6-4-2,0.37,12,sweep,0.36115924718108466,0.0625,research/results/verify_epsilon_floor/20260926T210310Z
awqpe,0.59,65536,4096,4096,4096,0,0,3.7268750000000637,6-4-2,0.37,12,sweep,0.36115924718108466,0.0625,research/results/verify_epsilon_floor/20260926T210310Z
awqpe_ablate_special,0.59,65536,4096,4096,4096,0,0,3.7106250000001637,6-4-2,0.37,12,sweep,0.36115924718108466,0.0625,research/results/verify_epsilon_floor/20260926T210310Z
awqpe,0.6,65536,4096,4096,4096,0,0,3.7268750000000637,6-4-2,0.37,12,sweep,0.36115924718108466,0.0625,research/results/verify_epsilon_floor/20260926T210310Z
awqpe_ablate_special,0.6,65536,4096,4096,4096,0,0,3.7106250000001637,6-4-2,0.37,12,sweep,0.36115924718108466,0.0625,research/results/verify_epsilon_floor/20260926T210310Z
awqpe,0.61,65536,4096,4096,4096,0,0,3.7268750000000637,6-4-2,0.37,12,sweep,0.36115924718108466,0.0625,research/results/verify_epsilon_floor/20260926T210310Z
awqpe_ablate_special,0.61,65536,4096,4096,4096,0,0,3.7106250000001637,6-4-2,0.37,12,sweep,0.36115924718108466,0.0625,research/results/verify_epsilon_floor/20260926T210310Z
awqpe,0.62,65536,4096,4096,4096,0,0,3.7268750000000637,6-4-2,0.37,12,sweep,0.36115924718108466,0.0625,research/results/verify_epsilon_floor/20260926T210310Z
awqpe_ablate_special,0.62,65536,4096,4096,4096,0,0,3.7106250000001637,6-4-2,0.37,12,sweep,0.36115924718108466,0.0625,research/results/verify_epsilon_floor/20260926T210310Z
awqpe,0.63,65536,4096,4096,4096,0,0,3.7268750000000637,6-4-2,0.37,12,sweep,0.36115924718108466,0.0625,research/results/verify_epsilon_floor/20260926T210310Z
awqpe_ablate_special,0.63,65536,4096,4096,4096,0,0,3.7106250000001637,6-4-2,0.37,12,sweep,0.36115924718108466,0.0625,research/results/verify_epsilon_floor/20260926T210310Z
awqpe,0.64,65536,4096,4096,4096,0,0,3.7268750000000637,6-4-2,0.37,12,sweep,0.36115924718108466,0.0625,research/results/verify_epsilon_floor/20260926T210310Z
awqpe_ablate_special,0.64,65536,5120,5120,5120,0,0,3.7731250000001637,6-4-2,0.37,12,sweep,0.36115924718108466,0.078125,research/results/verify_epsilon_floor/20260926T210310Z
awqpe,0.65,65536,4096,4096,4096,0,0,3.7268750000000637,6-4-2,0.37,12,sweep,0.36115924718108466,0.0625,research/results/verify_epsilon_floor/20260926T210310Z
awqpe_ablate_special,0.65,65536,5120,5120,5120,0,0,3.7731250000001637,6-4-2,0.37,12,sweep,0.36115924718108466,0.078125,research/results/verify_epsilon_floor/20260926T210310Z
awqpe,0.66,65536,5120,5120,5120,0,0,3.7893750000000637,6-4-2,0.37,12,sweep,0.36115924718108466,0.078125,research/results/verify_epsilon_floor/20260926T210310Z
awqpe_ablate_special,0.66,65536,5120,5120,5120,0,0,3.7731250000001637,6-4-2,0.37,12,sweep,0.36115924718108466,0.078125,research/results/verify_epsilon_floor/20260926T210310Z
awqpe,0.67,65536,5120,5120,5120,0,0,3.7893750000000637,6-4-2,0.37,12,sweep,0.36115924718108466,0.078125,research/results/verify_epsilon_floor/20260926T210310Z
awqpe_ablate_special,0.67,65536,5120,5120,5120,0,0,3.7731250000001637,6-4-2,0.37,12,sweep,0.36115924718108466,0.078125,research/results/verify_epsilon_floor/20260926T210310Z
awqpe,0.68,65536,5120,5120,5120,0,0,3.7893750000000637,6-4-2,0.37,12,sweep,0.36115924718108466,0.078125,research/results/verify_epsilon_floor/20260926T210310Z
awqpe_ablate_special,0.68,65536,5120,5120,5120,0,0,3.7731250000001637,6-4-2,0.37,12,sweep,0.36115924718108466,0.078125,research/results/verify_epsilon_floor/20260926T210310Z
awqpe,0.69,65536,5120,5120,5120,0,0,3.7893750000000637,6-4-2,0.37,12,sweep,0.36115924718108466,0.078125,research/results/verify_epsilon_floor/20260926T210310Z
awqpe_ablate_special,0.69,65536,5120,5120,5120,0,0,3.7731250000001637,6-4-2,0.37,12,sweep,0.36115924718108466,0.078125,research/results/verify_epsilon_floor/20260926T210310Z
awqpe,0.7,65536,5120,5120,5120,0,0,3.7893750000000637,6-4-2,0.37,12,sweep,0.36115924718108466,0.078125,research/results/verify_epsilon_floor/20260926T210310Z
awqpe_ablate_special,0.7,65536,5120,5120,5120,0,0,3.7731250000001637,6-4-2,0.37,12,sweep,0.36115924718108466,0.078125,research/results/verify_epsilon_floor/20260926T210310Z
awqpe,0.71,65536,5120,5120,5120,0,0,3.7893750000000637,6-4-2,0.37,12,sweep,0.36115924718108466,0.078125,research/results/verify_epsilon_floor/20260926T210310Z
awqpe_ablate_special,0.71,65536,5120,5120,5120,0,0,3.7731250000001637,6-4-2,0.37,12,sweep,0.36115924718108466,0.078125,research/results/verify_epsilon_floor/20260926T210310Z
awqpe,0.72,65536,5120,5120,5120,0,0,3.7893750000000637,6-4-2,0.37,12,sweep,0.36115924718108466,0.078125,research/results/verify_epsilon_floor/20260926T210310Z
awqpe_ablate_special,0.72,65536,5120,5120,5120,0,0,3.7731250000001637,6-4-2,0.37,12,sweep,0.36115924718108466,0.078125,research/results/verify_epsilon_floor/20260926T210310Z
awqpe,0.73,65536,5120,5120,5120,0,0,3.7893750000000637,6-4-2,0.37,12,sweep,0.36115924718108466,0.078125,research/results/verify_epsilon_floor/20260926T210310Z
awqpe_ablate_special,0.73,65536,6144,6144,6144,0,0,3.8356250000001637,6-4-2,0.37,12,sweep,0.36115924718108466,0.09375,research/results/verify_epsilon_floor/20260926T210310Z
awqpe,0.74,65536,5120,5120,5120,0,0,3.7893750000000637,6-4-2,0.37,12,sweep,0.36115924718108466,0.078125,research/results/verify_epsilon_floor/20260926T210310Z
awqpe_ablate_special,0.74,65536,6144,6144,6144,0,0,3.8356250000001637,6-4-2,0.37,12,sweep,0.36115924718108466,0.09375,research/results/verify_epsilon_floor/20260926T210310Z
awqpe,0.75,65536,6144,6144,6144,0,0,3.8518750000000637,6-4-2,0.37,12,sweep,0.36115924718108466,0.09375,research/results/verify_epsilon_floor/20260926T210310Z
awqpe_ablate_special,0.75,65536,6144,6144,6144,0,0,3.8356250000001637,6-4-2,0.37,12,sweep,0.36115924718108466,0.09375,research/results/verify_epsilon_floor/20260926T210310Z
awqpe,0.76,65536,6144,6144,6144,0,0,3.8518750000000637,6-4-2,0.37,12,sweep,0.36115924718108466,0.09375,research/results/verify_epsilon_floor/20260926T210310Z
awqpe_ablate_special,0.76,65536,6144,6144,6144,0,0,3.8356250000001637,6-4-2,0.37,12,sweep,0.36115924718108466,0.09375,research/results/verify_epsilon_floor/20260926T210310Z
awqpe,0.77,65536,6144,6144,6144,0,0,3.8518750000000637,6-4-2,0.37,12,sweep,0.36115924718108466,0.09375,research/results/verify_epsilon_floor/20260926T210310Z
awqpe_ablate_special,0.77,65536,6144,6144,6144,0,0,3.8356250000001637,6-4-2,0.37,12,sweep,0.36115924718108466,0.09375,research/results/verify_epsilon_floor/20260926T210310Z
awqpe,0.78,65536,6144,6144,6144,0,0,3.8518750000000637,6-4-2,0.37,12,sweep,0.36115924718108466,0.09375,research/results/verify_epsilon_floor/20260926T210310Z
awqpe_ablate_special,0.78,65536,6144,6144,6144,0,0,3.8356250000001637,6-4-2,0.37,12,sweep,0.36115924718108466,0.09375,research/results/verify_epsilon_floor/20260926T210310Z
awqpe,0.79,65536,6144,6144,6144,0,0,3.8518750000000637,6-4-2,0.37,12,sweep,0.36115924718108466,0.09375,research/results/verify_epsilon_floor/20260926T210310Z
awqpe_ablate_special,0.79,65536,6144,6144,6144,0,0,3.8356250000001637,6-4-2,0.37,12,sweep,0.36115924718108466,0.09375,research/results/verify_epsilon_floor/20260926T210310Z
awqpe,0.8,65536,6144,6144,6144,0,0,60.210625000000164,6-4-2,0.37,12,sweep,0.36115924718108466,0.09375,research/results/verify_epsilon_floor/20260926T210310Z
awqpe_ablate_special,0.8,65536,6144,6144,6144,0,0,60.164375000000064,6-4-2,0.37,12,sweep,0.36115924718108466,0.09375,research/results/verify_epsilon_floor/20260926T210310Z
awqpe,0.81,65536,6144,6144,6144,0,0,60.273125000000164,6-4-2,0.37,12,sweep,0.36115924718108466,0.09375,research/results/verify_epsilon_floor/20260926T210310Z
awqpe_ablate_special,0.81,65536,6144,6144,6144,0,0,60.289375000000064,6-4-2,0.37,12,sweep,0.36115924718108466,0.09375,research/results/verify_epsilon_floor/20260926T210310Z
awqpe,0.82,65536,6144,6144,6144,0,0,60.398125000000164,6-4-2,0.37,12,sweep,0.36115924718108466,0.09375,research/results/verify_epsilon_floor/20260926T210310Z
awqpe_ablate_special,0.82,65536,7168,7168,7168,0,0,60.351875000000064,6-4-2,0.37,12,sweep,0.36115924718108466,0.109375,research/results/verify_epsilon_floor/20260926T210310Z
awqpe,0.83,65536,6144,6144,6144,0,0,60.460625000000164,6-4-2,0.37,12,sweep,0.36115924718108466,0.09375,research/results/verify_epsilon_floor/20260926T210310Z
awqpe_ablate_special,0.83,65536,7168,7168,7168,0,0,60.476875000000064,6-4-2,0.37,12,sweep,0.36115924718108466,0.109375,research/results/verify_epsilon_floor/20260926T210310Z
awqpe,0.84,65536,6144,6144,6144,0,0,60.460625000000164,6-4-2,0.37,12,sweep,0.36115924718108466,0.09375,research/results/verify_epsilon_floor/20260926T210310Z
awqpe_ablate_special,0.84,65536,7168,7168,7168,0,0,60.476875000000064,6-4-2,0.37,12,sweep,0.36115924718108466,0.109375,research/results/verify_epsilon_floor/20260926T210310Z
awqpe,0.85,65536,7168,7168,7168,0,0,60.460625000000164,6-4-2,0.37,12,sweep,0.36115924718108466,0.109375,research/results/verify_epsilon_floor/20260926T210310Z
awqpe_ablate_special,0.85,65536,7168,7168,7168,0,0,60.476875000000064,6-4-2,0.37,12,sweep,0.36115924718108466,0.109375,research/results/verify_epsilon_floor/20260926T210310Z
awqpe,0.86,65536,7168,7168,7168,0,0,60.460625000000164,6-4-2,0.37,12,sweep,0.36115924718108466,0.109375,research/results/verify_epsilon_floor/20260926T210310Z
awqpe_ablate_special,0.86,65536,7168,7168,7168,0,0,60.476875000000064,6-4-2,0.37,12,sweep,0.36115924718108466,0.109375,research/results/verify_epsilon_floor/20260926T210310Z
awqpe,0.87,65536,7168,7168,7168,0,0,60.460625000000164,6-4-2,0.37,12,sweep,0.36115924718108466,0.109375,research/results/verify_epsilon_floor/20260926T210310Z
awqpe_ablate_special,0.87,65536,7168,7168,7168,0,0,60.476875000000064,6-4-2,0.37,12,sweep,0.36115924718108466,0.109375,research/results/verify_epsilon_floor/20260926T210310Z
awqpe,0.88,65536,7168,7168,7168,0,0,60.460625000000164,6-4-2,0.37,12,sweep,0.36115924718108466,0.109375,research/results/verify_epsilon_floor/20260926T210310Z
awqpe_ablate_special,0.88,65536,7168,7168,7168,0,0,60.476875000000064,6-4-2,0.37,12,sweep,0.36115924718108466,0.109375,research/results/verify_epsilon_floor/20260926T210310Z
awqpe,0.89,65536,7168,7168,7168,0,0,60.460625000000164,6-4-2,0.37,12,sweep,0.36115924718108466,0.109375,research/results/verify_epsilon_floor/20260926T210310Z
awqpe_ablate_special,0.89,65536,7168,7168,7168,0,0,60.476875000000064,6-4-2,0.37,12,sweep,0.36115924718108466,0.109375,research/results/verify_epsilon_floor/20260926T210310Z
awqpe,0.9,65536,7168,7168,7168,0,0,60.460625000000164,6-4-2,0.37,12,sweep,0.36115924718108466,0.109375,research/results/verify_epsilon_floor/20260926T210310Z
awqpe_ablate_special,0.9,65536,7168,7168,7168,0,0,60.476875000000064,6-4-2,0.37,12,sweep,0.36115924718108466,0.109375,research/results/verify_epsilon_floor/20260926T210310Z
awqpe,0.91,65536,7168,7168,7168,0,0,60.460625000000164,6-4-2,0.37,12,sweep,0.36115924718108466,0.109375,research/results/verify_epsilon_floor/20260926T210310Z
awqpe_ablate_special,0.91,65536,7168,7168,7168,0,0,60.476875000000064,6-4-2,0.37,12,sweep,0.36115924718108466,0.109375,research/results/verify_epsilon_floor/20260926T210310Z
awqpe,0.92,65536,7168,7168,7168,0,0,60.460625000000164,6-4-2,0.37,12,sweep,0.36115924718108466,0.109375,research/results/verify_epsilon_floor/20260926T210310Z
awqpe_ablate_special,0.92,65536,7168,7168,7168,0,0,60.476875000000064,6-4-2,0.37,12,sweep,0.36115924718108466,0.109375,research/results/verify_epsilon_floor/20260926T210310Z
awqpe,0.93,65536,7168,7168,7168,0,0,60.460625000000164,6-4-2,0.37,12,sweep,0.36115924718108466,0.109375,research/results/verify_epsilon_floor/20260926T210310Z
awqpe_ablate_special,0.93,65536,8192,8192,8192,0,0,60.476875000000064,6-4-2,0.37,12,sweep,0.36115924718108466,0.125,research/results/verify_epsilon_floor/20260926T210310Z
awqpe,0.94,65536,7168,7168,7168,0,0,60.460625000000164,6-4-2,0.37,12,sweep,0.36115924718108466,0.109375,research/results/verify_epsilon_floor/20260926T210310Z
awqpe_ablate_special,0.94,65536,8192,8192,8192,0,0,60.476875000000064,6-4-2,0.37,12,sweep,0.36115924718108466,0.125,research/results/verify_epsilon_floor/20260926T210310Z
awqpe,0.95,65536,7232,7232,7232,0,0,63.539375000000064,6-4-2,0.37,12,sweep,0.36115924718108466,0.1103515625,research/results/verify_epsilon_floor/20260926T210310Z
awqpe_ablate_special,0.95,65536,8320,8320,8320,0,0,63.585625000000164,6-4-2,0.37,12,sweep,0.36115924718108466,0.126953125,research/results/verify_epsilon_floor/20260926T210310Z
awqpe,0.96,65536,8384,8384,8384,0,0,63.664375000000064,6-4-2,0.37,12,sweep,0.36115924718108466,0.1279296875,research/results/verify_epsilon_floor/20260926T210310Z
awqpe_ablate_special,0.96,65536,8384,8384,8384,0,0,63.648125000000164,6-4-2,0.37,12,sweep,0.36115924718108466,0.1279296875,research/results/verify_epsilon_floor/20260926T210310Z
awqpe,0.97,65536,8448,8448,8448,0,0,63.726875000000064,6-4-2,0.37,12,sweep,0.36115924718108466,0.12890625,research/results/verify_epsilon_floor/20260926T210310Z
awqpe_ablate_special,0.97,65536,8448,8448,8448,0,0,63.710625000000164,6-4-2,0.37,12,sweep,0.36115924718108466,0.12890625,research/results/verify_epsilon_floor/20260926T210310Z
awqpe,0.98,65536,8512,8512,8512,0,0,63.789375000000064,6-4-2,0.37,12,sweep,0.36115924718108466,0.1298828125,research/results/verify_epsilon_floor/20260926T210310Z
awqpe_ablate_special,0.98,65536,8576,8576,8576,0,0,63.835625000000164,6-4-2,0.37,12,sweep,0.36115924718108466,0.130859375,research/results/verify_epsilon_floor/20260926T210310Z
awqpe,0.99,65536,8640,8640,8640,0,0,63.914375000000064,6-4-2,0.37,12,sweep,0.36115924718108466,0.1318359375,research/results/verify_epsilon_floor/20260926T210310Z
awqpe_ablate_special,0.99,65536,8640,8640,8640,0,0,63.898125000000164,6-4-2,0.37,12,sweep,0.36115924718108466,0.1318359375,research/results/verify_epsilon_floor/20260926T210310Z
awqpe,0.3,65536,0,0,0,0,0,0.5,6-6,0.0,12,sweep,0.9394200740052217,0.0,research/results/verify_epsilon_floor/20260926T210310Z
awqpe_ablate_special,0.3,65536,0,0,0,0,0,0.5,6-6,0.0,12,sweep,0.9394200740052217,0.0,research/results/verify_epsilon_floor/20260926T210310Z
awqpe,0.31,65536,0,0,0,0,0,0.5,6-6,0.0,12,sweep,0.9394200740052217,0.0,research/results/verify_epsilon_floor/20260926T210310Z
awqpe_ablate_special,0.31,65536,0,0,0,0,0,0.5,6-6,0.0,12,sweep,0.9394200740052217,0.0,research/results/verify_epsilon_floor/20260926T210310Z
awqpe,0.32,65536,0,0,0,0,0,0.5,6-6,0.0,12,sweep,0.9394200740052217,0.0,research/results/verify_epsilon_floor/20260926T210310Z
awqpe_ablate_special,0.32,65536,0,0,0,0,0,0.5,6-6,0.0,12,sweep,0.9394200740052217,0.0,research/results/verify_epsilon_floor/20260926T210310Z
awqpe,0.33,65536,0,0,0,0,0,0.5,6-6,0.0,12,sweep,0.9394200740052217,0.0,research/results/verify_epsilon_floor/20260926T210310Z
awqpe_ablate_special,0.33,65536,0,0,0,0,0,0.5,6-6,0.0,12,sweep,0.9394200740052217,0.0,research/results/verify_epsilon_floor/20260926T210310Z
awqpe,0.34,65536,0,0,0,0,0,0.5,6-6,0.0,12,sweep,0.9394200740052217,0.0,research/results/verify_epsilon_floor/20260926T210310Z
awqpe_ablate_special,0.34,65536,0,0,0,0,0,0.5,6-6,0.0,12,sweep,0.9394200740052217,0.0,research/results/verify_epsilon_floor/20260926T210310Z
awqpe,0.35,65536,0,0,0,0,0,0.5,6-6,0.0,12,sweep,0.9394200740052217,0.0,research/results/verify_epsilon_floor/20260926T210310Z
awqpe_ablate_special,0.35,65536,0,0,0,0,0,0.5,6-6,0.0,12,sweep,0.9394200740052217,0.0,research/results/verify_epsilon_floor/20260926T210310Z
awqpe,0.36,65536,0,0,0,0,0,0.5,6-6,0.0,12,sweep,0.9394200740052217,0.0,research/results/verify_epsilon_floor/20260926T210310Z
awqpe_ablate_special,0.36,65536,0,0,0,0,0,0.5,6-6,0.0,12,sweep,0.9394200740052217,0.0,research/results/verify_epsilon_floor/20260926T210310Z
awqpe,0.37,65536,0,0,0,0,0,0.5,6-6,0.0,12,sweep,0.9394200740052217,0.0,research/results/verify_epsilon_floor/20260926T210310Z
awqpe_ablate_special,0.37,65536,0,0,0,0,0,0.5,6-6,0.0,12,sweep,0.9394200740052217,0.0,research/results/verify_epsilon_floor/20260926T210310Z
awqpe,0.38,65536,0,0,0,0,0,0.5,6-6,0.0,12,sweep,0.9394200740052217,0.0,research/results/verify_epsilon_floor/20260926T210310Z
awqpe_ablate_special,0.38,65536,0,0,0,0,0,0.5,6-6,0.0,12,sweep,0.9394200740052217,0.0,research/results/verify_epsilon_floor/20260926T210310Z
awqpe,0.39,65536,0,0,0,0,0,0.5,6-6,0.0,12,sweep,0.9394200740052217,0.0,research/results/verify_epsilon_floor/20260926T210310Z
awqpe_ablate_special,0.39,65536,0,0,0,0,0,0.5,6-6,0.0,12,sweep,0.9394200740052217,0.0,research/results/verify_epsilon_floor/20260926T210310Z
awqpe,0.4,65536,0,0,0,0,0,0.5,6-6,0.0,12,sweep,0.9394200740052217,0.0,research/results/verify_epsilon_floor/20260926T210310Z
awqpe_ablate_special,0.4,65536,0,0,0,0,0,0.5,6-6,0.0,12,sweep,0.9394200740052217,0.0,research/results/verify_epsilon_floor/20260926T210310Z
awqpe,0.41,65536,0,0,0,0,0,0.5,6-6,0.0,12,sweep,0.9394200740052217,0.0,research/results/verify_epsilon_floor/20260926T210310Z
awqpe_ablate_special,0.41,65536,0,0,0,0,0,0.5,6-6,0.0,12,sweep,0.9394200740052217,0.0,research/results/verify_epsilon_floor/20260926T210310Z
awqpe,0.42,65536,0,0,0,0,0,0.5,6-6,0.0,12,sweep,0.9394200740052217,0.0,research/results/verify_epsilon_floor/20260926T210310Z
awqpe_ablate_special,0.42,65536,0,0,0,0,0,0.5,6-6,0.0,12,sweep,0.9394200740052217,0.0,research/results/verify_epsilon_floor/20260926T210310Z
awqpe,0.43,65536,0,0,0,0,0,0.5,6-6,0.0,12,sweep,0.9394200740052217,0.0,research/results/verify_epsilon_floor/20260926T210310Z
awqpe_ablate_special,0.43,65536,0,0,0,0,0,0.5,6-6,0.0,12,sweep,0.9394200740052217,0.0,research/results/verify_epsilon_floor/20260926T210310Z
awqpe,0.44,65536,0,0,0,0,0,0.5,6-6,0.0,12,sweep,0.9394200740052217,0.0,research/results/verify_epsilon_floor/20260926T210310Z
awqpe_ablate_special,0.44,65536,0,0,0,0,0,0.5,6-6,0.0,12,sweep,0.9394200740052217,0.0,research/results/verify_epsilon_floor/20260926T210310Z
awqpe,0.45,65536,0,0,0,0,0,0.5,6-6,0.0,12,sweep,0.9394200740052217,0.0,research/results/verify_epsilon_floor/20260926T210310Z
awqpe_ablate_special,0.45,65536,0,0,0,0,0,0.5,6-6,0.0,12,sweep,0.9394200740052217,0.0,research/results/verify_epsilon_floor/20260926T210310Z
awqpe,0.46,65536,0,0,0,0,0,0.5,6-6,0.0,12,sweep,0.9394200740052217,0.0,research/results/verify_epsilon_floor/20260926T210310Z
awqpe_ablate_special,0.46,65536,0,0,0,0,0,0.5,6-6,0.0,12,sweep,0.9394200740052217,0.0,research/results/verify_epsilon_floor/20260926T210310Z
awqpe,0.47,65536,0,0,0,0,0,0.5,6-6,0.0,12,sweep,0.9394200740052217,0.0,research/results/verify_epsilon_floor/20260926T210310Z
awqpe_ablate_special,0.47,65536,0,0,0,0,0,0.5,6-6,0.0,12,sweep,0.9394200740052217,0.0,research/results/verify_epsilon_floor/20260926T210310Z
awqpe,0.48,65536,0,0,0,0,0,0.5,6-6,0.0,12,sweep,0.9394200740052217,0.0,research/results/verify_epsilon_floor/20260926T210310Z
awqpe_ablate_special,0.48,65536,0,0,0,0,0,0.5,6-6,0.0,12,sweep,0.9394200740052217,0.0,research/results/verify_epsilon_floor/20260926T210310Z
awqpe,0.49,65536,0,0,0,0,0,0.5,6-6,0.0,12,sweep,0.9394200740052217,0.0,research/results/verify_epsilon_floor/20260926T210310Z
awqpe_ablate_special,0.49,65536,0,0,0,0,0,0.5,6-6,0.0,12,sweep,0.9394200740052217,0.0,research/results/verify_epsilon_floor/20260926T210310Z
awqpe,0.5,65536,0,0,0,0,0,0.5,6-6,0.0,12,sweep,0.9394200740052217,0.0,research/results/verify_epsilon_floor/20260926T210310Z
awqpe_ablate_special,0.5,65536,0,0,0,0,0,0.5,6-6,0.0,12,sweep,0.9394200740052217,0.0,research/results/verify_epsilon_floor/20260926T210310Z
awqpe,0.51,65536,0,0,0,0,0,0.5,6-6,0.0,12,sweep,0.9394200740052217,0.0,research/results/verify_epsilon_floor/20260926T210310Z
awqpe_ablate_special,0.51,65536,0,0,0,0,0,0.5,6-6,0.0,12,sweep,0.9394200740052217,0.0,research/results/verify_epsilon_floor/20260926T210310Z
awqpe,0.52,65536,0,0,0,0,0,0.5,6-6,0.0,12,sweep,0.9394200740052217,0.0,research/results/verify_epsilon_floor/20260926T210310Z
awqpe_ablate_special,0.52,65536,0,0,0,0,0,0.5,6-6,0.0,12,sweep,0.9394200740052217,0.0,research/results/verify_epsilon_floor/20260926T210310Z
awqpe,0.53,65536,0,0,0,0,0,0.5,6-6,0.0,12,sweep,0.9394200740052217,0.0,research/results/verify_epsilon_floor/20260926T210310Z
awqpe_ablate_special,0.53,65536,0,0,0,0,0,0.5,6-6,0.0,12,sweep,0.9394200740052217,0.0,research/results/verify_epsilon_floor/20260926T210310Z
awqpe,0.54,65536,0,0,0,0,0,0.5,6-6,0.0,12,sweep,0.9394200740052217,0.0,research/results/verify_epsilon_floor/20260926T210310Z
awqpe_ablate_special,0.54,65536,0,0,0,0,0,0.5,6-6,0.0,12,sweep,0.9394200740052217,0.0,research/results/verify_epsilon_floor/20260926T210310Z
awqpe,0.55,65536,0,0,0,0,0,0.5,6-6,0.0,12,sweep,0.9394200740052217,0.0,research/results/verify_epsilon_floor/20260926T210310Z
awqpe_ablate_special,0.55,65536,0,0,0,0,0,0.5,6-6,0.0,12,sweep,0.9394200740052217,0.0,research/results/verify_epsilon_floor/20260926T210310Z
awqpe,0.56,65536,0,0,0,0,0,0.5,6-6,0.0,12,sweep,0.9394200740052217,0.0,research/results/verify_epsilon_floor/20260926T210310Z
awqpe_ablate_special,0.56,65536,0,0,0,0,0,0.5,6-6,0.0,12,sweep,0.9394200740052217,0.0,research/results/verify_epsilon_floor/20260926T210310Z
awqpe,0.57,65536,0,0,0,0,0,0.5,6-6,0.0,12,sweep,0.9394200740052217,0.0,research/results/verify_epsilon_floor/20260926T210310Z
awqpe_ablate_special,0.57,65536,0,0,0,0,0,0.5,6-6,0.0,12,sweep,0.9394200740052217,0.0,research/results/verify_epsilon_floor/20260926T210310Z
awqpe,0.58,65536,0,0,0,0,0,0.5,6-6,0.0,12,sweep,0.9394200740052217,0.0,research/results/verify_epsilon_floor/20260926T210310Z
awqpe_ablate_special,0.58,65536,0,0,0,0,0,0.5,6-6,0.0,12,sweep,0.9394200740052217,0.0,research/results/verify_epsilon_floor/20260926T210310Z
awqpe,0.59,65536,0,0,0,0,0,0.5,6-6,0.0,12,sweep,0.9394200740052217,0.0,research/results/verify_epsilon_floor/20260926T210310Z
awqpe_ablate_special,0.59,65536,0,0,0,0,0,0.5,6-6,0.0,12,sweep,0.9394200740052217,0.0,research/results/verify_epsilon_floor/20260926T210310Z
awqpe,0.6,65536,0,0,0,0,0,0.5,6-6,0.0,12,sweep,0.9394200740052217,0.0,research/results/verify_epsilon_floor/20260926T210310Z
awqpe_ablate_special,0.6,65536,0,0,0,0,0,0.5,6-6,0.0,12,sweep,0.9394200740052217,0.0,research/results/verify_epsilon_floor/20260926T210310Z
awqpe,0.61,65536,0,0,0,0,0,0.5,6-6,0.0,12,sweep,0.9394200740052217,0.0,research/results/verify_epsilon_floor/20260926T210310Z
awqpe_ablate_special,0.61,65536,0,0,0,0,0,0.5,6-6,0.0,12,sweep,0.9394200740052217,0.0,research/results/verify_epsilon_floor/20260926T210310Z
awqpe,0.62,65536,0,0,0,0,0,0.5,6-6,0.0,12,sweep,0.9394200740052217,0.0,research/results/verify_epsilon_floor/20260926T210310Z
awqpe_ablate_special,0.62,65536,0,0,0,0,0,0.5,6-6,0.0,12,sweep,0.9394200740052217,0.0,research/results/verify_epsilon_floor/20260926T210310Z
awqpe,0.63,65536,0,0,0,0,0,0.5,6-6,0.0,12,sweep,0.9394200740052217,0.0,research/results/verify_epsilon_floor/20260926T210310Z
awqpe_ablate_special,0.63,65536,0,0,0,0,0,0.5,6-6,0.0,12,sweep,0.9394200740052217,0.0,research/results/verify_epsilon_floor/20260926T210310Z
awqpe,0.64,65536,0,0,0,0,0,0.5,6-6,0.0,12,sweep,0.9394200740052217,0.0,research/results/verify_epsilon_floor/20260926T210310Z
awqpe_ablate_special,0.64,65536,0,0,0,0,0,0.5,6-6,0.0,12,sweep,0.9394200740052217,0.0,research/results/verify_epsilon_floor/20260926T210310Z
awqpe,0.65,65536,0,0,0,0,0,0.5,6-6,0.0,12,sweep,0.9394200740052217,0.0,research/results/verify_epsilon_floor/20260926T210310Z
awqpe_ablate_special,0.65,65536,0,0,0,0,0,0.5,6-6,0.0,12,sweep,0.9394200740052217,0.0,research/results/verify_epsilon_floor/20260926T210310Z
awqpe,0.66,65536,0,0,0,0,0,0.5,6-6,0.0,12,sweep,0.9394200740052217,0.0,research/results/verify_epsilon_floor/20260926T210310Z
awqpe_ablate_special,0.66,65536,0,0,0,0,0,0.5,6-6,0.0,12,sweep,0.9394200740052217,0.0,research/results/verify_epsilon_floor/20260926T210310Z
awqpe,0.67,65536,0,0,0,0,0,0.5,6-6,0.0,12,sweep,0.9394200740052217,0.0,research/results/verify_epsilon_floor/20260926T210310Z
awqpe_ablate_special,0.67,65536,0,0,0,0,0,0.5,6-6,0.0,12,sweep,0.9394200740052217,0.0,research/results/verify_epsilon_floor/20260926T210310Z
awqpe,0.68,65536,0,0,0,0,0,0.5,6-6,0.0,12,sweep,0.9394200740052217,0.0,research/results/verify_epsilon_floor/20260926T210310Z
awqpe_ablate_special,0.68,65536,0,0,0,0,0,0.5,6-6,0.0,12,sweep,0.9394200740052217,0.0,research/results/verify_epsilon_floor/20260926T210310Z
awqpe,0.69,65536,0,0,0,0,0,0.5,6-6,0.0,12,sweep,0.9394200740052217,0.0,research/results/verify_epsilon_floor/20260926T210310Z
awqpe_ablate_special,0.69,65536,0,0,0,0,0,0.5,6-6,0.0,12,sweep,0.9394200740052217,0.0,research/results/verify_epsilon_floor/20260926T210310Z
awqpe,0.7,65536,0,0,0,0,0,0.5,6-6,0.0,12,sweep,0.9394200740052217,0.0,research/results/verify_epsilon_floor/20260926T210310Z
awqpe_ablate_special,0.7,65536,0,0,0,0,0,0.5,6-6,0.0,12,sweep,0.9394200740052217,0.0,research/results/verify_epsilon_floor/20260926T210310Z
awqpe,0.71,65536,0,0,0,0,0,0.5,6-6,0.0,12,sweep,0.9394200740052217,0.0,research/results/verify_epsilon_floor/20260926T210310Z
awqpe_ablate_special,0.71,65536,0,0,0,0,0,0.5,6-6,0.0,12,sweep,0.9394200740052217,0.0,research/results/verify_epsilon_floor/20260926T210310Z
awqpe,0.72,65536,0,0,0,0,0,0.5,6-6,0.0,12,sweep,0.9394200740052217,0.0,research/results/verify_epsilon_floor/20260926T210310Z
awqpe_ablate_special,0.72,65536,0,0,0,0,0,0.5,6-6,0.0,12,sweep,0.9394200740052217,0.0,research/results/verify_epsilon_floor/20260926T210310Z
awqpe,0.73,65536,0,0,0,0,0,0.5,6-6,0.0,12,sweep,0.9394200740052217,0.0,research/results/verify_epsilon_floor/20260926T210310Z
awqpe_ablate_special,0.73,65536,0,0,0,0,0,0.5,6-6,0.0,12,sweep,0.9394200740052217,0.0,research/results/verify_epsilon_floor/20260926T210310Z
awqpe,0.74,65536,0,0,0,0,0,0.5,6-6,0.0,12,sweep,0.9394200740052217,0.0,research/results/verify_epsilon_floor/20260926T210310Z
awqpe_ablate_special,0.74,65536,0,0,0,0,0,0.5,6-6,0.0,12,sweep,0.9394200740052217,0.0,research/results/verify_epsilon_floor/20260926T210310Z
awqpe,0.75,65536,0,0,0,0,0,0.5,6-6,0.0,12,sweep,0.9394200740052217,0.0,research/results/verify_epsilon_floor/20260926T210310Z
awqpe_ablate_special,0.75,65536,0,0,0,0,0,0.5,6-6,0.0,12,sweep,0.9394200740052217,0.0,research/results/verify_epsilon_floor/20260926T210310Z
awqpe,0.76,65536,0,0,0,0,0,0.5,6-6,0.0,12,sweep,0.9394200740052217,0.0,research/results/verify_epsilon_floor/20260926T210310Z
awqpe_ablate_special,0.76,65536,0,0,0,0,0,0.5,6-6,0.0,12,sweep,0.9394200740052217,0.0,research/results/verify_epsilon_floor/20260926T210310Z
awqpe,0.77,65536,0,0,0,0,0,0.5,6-6,0.0,12,sweep,0.9394200740052217,0.0,research/results/verify_epsilon_floor/20260926T210310Z
awqpe_ablate_special,0.77,65536,0,0,0,0,0,0.5,6-6,0.0,12,sweep,0.9394200740052217,0.0,research/results/verify_epsilon_floor/20260926T210310Z
awqpe,0.78,65536,0,0,0,0,0,0.5,6-6,0.0,12,sweep,0.9394200740052217,0.0,research/results/verify_epsilon_floor/20260926T210310Z
awqpe_ablate_special,0.78,65536,0,0,0,0,0,0.5,6-6,0.0,12,sweep,0.9394200740052217,0.0,research/results/verify_epsilon_floor/20260926T210310Z
awqpe,0.79,65536,0,0,0,0,0,0.5,6-6,0.0,12,sweep,0.9394200740052217,0.0,research/results/verify_epsilon_floor/20260926T210310Z
awqpe_ablate_special,0.79,65536,0,0,0,0,0,0.5,6-6,0.0,12,sweep,0.9394200740052217,0.0,research/results/verify_epsilon_floor/20260926T210310Z
awqpe,0.8,65536,0,0,0,0,0,0.5,6-6,0.0,12,sweep,0.9394200740052217,0.0,research/results/verify_epsilon_floor/20260926T210310Z
awqpe_ablate_special,0.8,65536,0,0,0,0,0,0.5,6-6,0.0,12,sweep,0.9394200740052217,0.0,research/results/verify_epsilon_floor/20260926T210310Z
awqpe,0.81,65536,0,0,0,0,0,0.5,6-6,0.0,12,sweep,0.9394200740052217,0.0,research/results/verify_epsilon_floor/20260926T210310Z
awqpe_ablate_special,0.81,65536,0,0,0,0,0,0.5,6-6,0.0,12,sweep,0.9394200740052217,0.0,research/results/verify_epsilon_floor/20260926T210310Z
awqpe,0.82,65536,0,0,0,0,0,0.5,6-6,0.0,12,sweep,0.9394200740052217,0.0,research/results/verify_epsilon_floor/20260926T210310Z
awqpe_ablate_special,0.82,65536,0,0,0,0,0,0.5,6-6,0.0,12,sweep,0.9394200740052217,0.0,research/results/verify_epsilon_floor/20260926T210310Z
awqpe,0.83,65536,0,0,0,0,0,0.5,6-6,0.0,12,sweep,0.9394200740052217,0.0,research/results/verify_epsilon_floor/20260926T210310Z
awqpe_ablate_special,0.83,65536,0,0,0,0,0,0.5,6-6,0.0,12,sweep,0.9394200740052217,0.0,research/results/verify_epsilon_floor/20260926T210310Z
awqpe,0.84,65536,0,0,0,0,0,0.5,6-6,0.0,12,sweep,0.9394200740052217,0.0,research/results/verify_epsilon_floor/20260926T210310Z
awqpe_ablate_special,0.84,65536,0,0,0,0,0,0.5,6-6,0.0,12,sweep,0.9394200740052217,0.0,research/results/verify_epsilon_floor/20260926T210310Z
awqpe,0.85,65536,0,0,0,0,0,0.5,6-6,0.0,12,sweep,0.9394200740052217,0.0,research/results/verify_epsilon_floor/20260926T210310Z
awqpe_ablate_special,0.85,65536,0,0,0,0,0,0.5,6-6,0.0,12,sweep,0.9394200740052217,0.0,research/results/verify_epsilon_floor/20260926T210310Z
awqpe,0.86,65536,0,0,0,0,0,0.5,6-6,0.0,12,sweep,0.9394200740052217,0.0,research/results/verify_epsilon_floor/20260926T210310Z
awqpe_ablate_special,0.86,65536,0,0,0,0,0,0.5,6-6,0.0,12,sweep,0.9394200740052217,0.0,research/results/verify_epsilon_floor/20260926T210310Z
awqpe,0.87,65536,0,0,0,0,0,0.5,6-6,0.0,12,sweep,0.9394200740052217,0.0,research/results/verify_epsilon_floor/20260926T210310Z
awqpe_ablate_special,0.87,65536,0,0,0,0,0,0.5,6-6,0.0,12,sweep,0.9394200740052217,0.0,research/results/verify_epsilon_floor/20260926T210310Z
awqpe,0.88,65536,0,0,0,0,0,0.5,6-6,0.0,12,sweep,0.9394200740052217,0.0,research/results/verify_epsilon_floor/20260926T210310Z
awqpe_ablate_special,0.88,65536,0,0,0,0,0,0.5,6-6,0.0,12,sweep,0.9394200740052217,0.0,research/results/verify_epsilon_floor/20260926T210310Z
awqpe,0.89,65536,0,0,0,0,0,0.5,6-6,0.0,12,sweep,0.9394200740052217,0.0,research/results/verify_epsilon_floor/20260926T210310Z
awqpe_ablate_special,0.89,65536,0,0,0,0,0,0.5,6-6,0.0,12,sweep,0.9394200740052217,0.0,research/results/verify_epsilon_floor/20260926T210310Z
awqpe,0.9,65536,0,0,0,0,0,0.5,6-6,0.0,12,sweep,0.9394200740052217,0.0,research/results/verify_epsilon_floor/20260926T210310Z
awqpe_ablate_special,0.9,65536,0,0,0,0,0,0.5,6-6,0.0,12,sweep,0.9394200740052217,0.0,research/results/verify_epsilon_floor/20260926T210310Z
awqpe,0.91,65536,0,0,0,0,0,0.5,6-6,0.0,12,sweep,0.9394200740052217,0.0,research/results/verify_epsilon_floor/20260926T210310Z
awqpe_ablate_special,0.91,65536,0,0,0,0,0,0.5,6-6,0.0,12,sweep,0.9394200740052217,0.0,research/results/verify_epsilon_floor/20260926T210310Z
awqpe,0.92,65536,0,0,0,0,0,0.5,6-6,0.0,12,sweep,0.9394200740052217,0.0,research/results/verify_epsilon_floor/20260926T210310Z
awqpe_ablate_special,0.92,65536,0,0,0,0,0,0.5,6-6,0.0,12,sweep,0.9394200740052217,0.0,research/results/verify_epsilon_floor/20260926T210310Z
awqpe,0.93,65536,0,0,0,0,0,0.5,6-6,0.0,12,sweep,0.9394200740052217,0.0,research/results/verify_epsilon_floor/20260926T210310Z
awqpe_ablate_special,0.93,65536,0,0,0,0,0,0.5,6-6,0.0,12,sweep,0.9394200740052217,0.0,research/results/verify_epsilon_floor/20260926T210310Z
awqpe,0.94,65536,64,0,0,0,64,63.5,6-6,0.0,12,sweep,0.9394200740052217,0.0009765625,research/results/verify_epsilon_floor/20260926T210310Z
awqpe_ablate_special,0.94,65536,0,64,0,64,0,0.5,6-6,0.0,12,sweep,0.9394200740052217,0.0,research/results/verify_epsilon_floor/20260926T210310Z
awqpe,0.95,65536,128,64,64,0,64,63.5625,6-6,0.0,12,sweep,0.9394200740052217,0.001953125,research/results/verify_epsilon_floor/20260926T210310Z
awqpe_ablate_special,0.95,65536,64,128,64,64,0,63.5625,6-6,0.0,12,sweep,0.9394200740052217,0.0009765625,research/results/verify_epsilon_floor/20260926T210310Z
awqpe,0.96,65536,192,128,128,0,64,63.625,6-6,0.0,12,sweep,0.9394200740052217,0.0029296875,research/results/verify_epsilon_floor/20260926T210310Z
awqpe_ablate_special,0.96,65536,128,192,128,64,0,63.625,6-6,0.0,12,sweep,0.9394200740052217,0.001953125,research/results/verify_epsilon_floor/20260926T210310Z
awqpe,0.97,65536,320,256,256,0,64,63.75,6-6,0.0,12,sweep,0.9394200740052217,0.0048828125,research/results/verify_epsilon_floor/20260926T210310Z
awqpe_ablate_special,0.97,65536,256,320,256,64,0,63.75,6-6,0.0,12,sweep,0.9394200740052217,0.00390625,research/results/verify_epsilon_floor/20260926T210310Z
awqpe,0.98,65536,384,320,320,0,64,63.8125,6-6,0.0,12,sweep,0.9394200740052217,0.005859375,research/results/verify_epsilon_floor/20260926T210310Z
awqpe_ablate_special,0.98,65536,320,384,320,64,0,63.8125,6-6,0.0,12,sweep,0.9394200740052217,0.0048828125,research/results/verify_epsilon_floor/20260926T210310Z
awqpe,0.99,65536,448,384,384,0,64,63.875,6-6,0.0,12,sweep,0.9394200740052217,0.0068359375,research/results/verify_epsilon_floor/20260926T210310Z
awqpe_ablate_special,0.99,65536,384,448,384,64,0,63.875,6-6,0.0,12,sweep,0.9394200740052217,0.005859375,research/results/verify_epsilon_floor/20260926T210310Z
awqpe,0.3,65536,0,0,0,0,0,0.47687500000006366,6-6,0.37,12,sweep,0.9394200740052217,0.0,research/results/verify_epsilon_floor/20260926T210310Z
awqpe_ablate_special,0.3,65536,0,0,0,0,0,0.47687500000006366,6-6,0.37,12,sweep,0.9394200740052217,0.0,research/results/verify_epsilon_floor/20260926T210310Z
awqpe,0.31,65536,0,0,0,0,0,0.47687500000006366,6-6,0.37,12,sweep,0.9394200740052217,0.0,research/results/verify_epsilon_floor/20260926T210310Z
awqpe_ablate_special,0.31,65536,0,0,0,0,0,0.47687500000006366,6-6,0.37,12,sweep,0.9394200740052217,0.0,research/results/verify_epsilon_floor/20260926T210310Z
awqpe,0.32,65536,0,0,0,0,0,0.47687500000006366,6-6,0.37,12,sweep,0.9394200740052217,0.0,research/results/verify_epsilon_floor/20260926T210310Z
awqpe_ablate_special,0.32,65536,0,0,0,0,0,0.47687500000006366,6-6,0.37,12,sweep,0.9394200740052217,0.0,research/results/verify_epsilon_floor/20260926T210310Z
awqpe,0.33,65536,0,0,0,0,0,0.47687500000006366,6-6,0.37,12,sweep,0.9394200740052217,0.0,research/results/verify_epsilon_floor/20260926T210310Z
awqpe_ablate_special,0.33,65536,0,0,0,0,0,0.47687500000006366,6-6,0.37,12,sweep,0.9394200740052217,0.0,research/results/verify_epsilon_floor/20260926T210310Z
awqpe,0.34,65536,0,0,0,0,0,0.47687500000006366,6-6,0.37,12,sweep,0.9394200740052217,0.0,research/results/verify_epsilon_floor/20260926T210310Z
awqpe_ablate_special,0.34,65536,0,0,0,0,0,0.47687500000006366,6-6,0.37,12,sweep,0.9394200740052217,0.0,research/results/verify_epsilon_floor/20260926T210310Z
awqpe,0.35,65536,0,0,0,0,0,0.47687500000006366,6-6,0.37,12,sweep,0.9394200740052217,0.0,research/results/verify_epsilon_floor/20260926T210310Z
awqpe_ablate_special,0.35,65536,0,0,0,0,0,0.47687500000006366,6-6,0.37,12,sweep,0.9394200740052217,0.0,research/results/verify_epsilon_floor/20260926T210310Z
awqpe,0.36,65536,0,0,0,0,0,0.47687500000006366,6-6,0.37,12,sweep,0.9394200740052217,0.0,research/results/verify_epsilon_floor/20260926T210310Z
awqpe_ablate_special,0.36,65536,0,0,0,0,0,0.47687500000006366,6-6,0.37,12,sweep,0.9394200740052217,0.0,research/results/verify_epsilon_floor/20260926T210310Z
awqpe,0.37,65536,0,0,0,0,0,0.47687500000006366,6-6,0.37,12,sweep,0.9394200740052217,0.0,research/results/verify_epsilon_floor/20260926T210310Z
awqpe_ablate_special,0.37,65536,0,0,0,0,0,0.47687500000006366,6-6,0.37,12,sweep,0.9394200740052217,0.0,research/results/verify_epsilon_floor/20260926T210310Z
awqpe,0.38,65536,0,0,0,0,0,0.47687500000006366,6-6,0.37,12,sweep,0.9394200740052217,0.0,research/results/verify_epsilon_floor/20260926T210310Z
awqpe_ablate_special,0.38,65536,0,0,0,0,0,0.47687500000006366,6-6,0.37,12,sweep,0.9394200740052217,0.0,research/results/verify_epsilon_floor/20260926T210310Z
awqpe,0.39,65536,0,0,0,0,0,0.47687500000006366,6-6,0.37,12,sweep,0.9394200740052217,0.0,research/results/verify_epsilon_floor/20260926T210310Z
awqpe_ablate_special,0.39,65536,0,0,0,0,0,0.47687500000006366,6-6,0.37,12,sweep,0.9394200740052217,0.0,research/results/verify_epsilon_floor/20260926T210310Z
awqpe,0.4,65536,0,0,0,0,0,0.47687500000006366,6-6,0.37,12,sweep,0.9394200740052217,0.0,research/results/verify_epsilon_floor/20260926T210310Z
awqpe_ablate_special,0.4,65536,0,0,0,0,0,0.47687500000006366,6-6,0.37,12,sweep,0.9394200740052217,0.0,research/results/verify_epsilon_floor/20260926T210310Z
awqpe,0.41,65536,0,0,0,0,0,0.47687500000006366,6-6,0.37,12,sweep,0.9394200740052217,0.0,research/results/verify_epsilon_floor/20260926T210310Z
awqpe_ablate_special,0.41,65536,0,0,0,0,0,0.47687500000006366,6-6,0.37,12,sweep,0.9394200740052217,0.0,research/results/verify_epsilon_floor/20260926T210310Z
awqpe,0.42,65536,0,0,0,0,0,0.47687500000006366,6-6,0.37,12,sweep,0.9394200740052217,0.0,research/results/verify_epsilon_floor/20260926T210310Z
awqpe_ablate_special,0.42,65536,0,0,0,0,0,0.47687500000006366,6-6,0.37,12,sweep,0.9394200740052217,0.0,research/results/verify_epsilon_floor/20260926T210310Z
awqpe,0.43,65536,0,0,0,0,0,0.47687500000006366,6-6,0.37,12,sweep,0.9394200740052217,0.0,research/results/verify_epsilon_floor/20260926T210310Z
awqpe_ablate_special,0.43,65536,0,0,0,0,0,0.47687500000006366,6-6,0.37,12,sweep,0.9394200740052217,0.0,research/results/verify_epsilon_floor/20260926T210310Z
awqpe,0.44,65536,0,0,0,0,0,0.47687500000006366,6-6,0.37,12,sweep,0.9394200740052217,0.0,research/results/verify_epsilon_floor/20260926T210310Z
awqpe_ablate_special,0.44,65536,0,0,0,0,0,0.47687500000006366,6-6,0.37,12,sweep,0.9394200740052217,0.0,research/results/verify_epsilon_floor/20260926T210310Z
awqpe,0.45,65536,0,0,0,0,0,0.47687500000006366,6-6,0.37,12,sweep,0.9394200740052217,0.0,research/results/verify_epsilon_floor/20260926T210310Z
awqpe_ablate_special,0.45,65536,0,0,0,0,0,0.47687500000006366,6-6,0.37,12,sweep,0.9394200740052217,0.0,research/results/verify_epsilon_floor/20260926T210310Z
awqpe,0.46,65536,0,0,0,0,0,0.47687500000006366,6-6,0.37,12,sweep,0.9394200740052217,0.0,research/results/verify_epsilon_floor/20260926T210310Z
awqpe_ablate_special,0.46,65536,0,0,0,0,0,0.47687500000006366,6-6,0.37,12,sweep,0.9394200740052217,0.0,research/results/verify_epsilon_floor/20260926T210310Z
awqpe,0.47,65536,0,0,0,0,0,0.47687500000006366,6-6,0.37,12,sweep,0.9394200740052217,0.0,research/results/verify_epsilon_floor/20260926T210310Z
awqpe_ablate_special,0.47,65536,0,0,0,0,0,0.47687500000006366,6-6,0.37,12,sweep,0.9394200740052217,0.0,research/results/verify_epsilon_floor/20260926T210310Z
awqpe,0.48,65536,0,0,0,0,0,0.47687500000006366,6-6,0.37,12,sweep,0.9394200740052217,0.0,research/results/verify_epsilon_floor/20260926T210310Z
awqpe_ablate_special,0.48,65536,0,0,0,0,0,0.47687500000006366,6-6,0.37,12,sweep,0.9394200740052217,0.0,research/results/verify_epsilon_floor/20260926T210310Z
awqpe,0.49,65536,0,0,0,0,0,0.47687500000006366,6-6,0.37,12,sweep,0.9394200740052217,0.0,research/results/verify_epsilon_floor/20260926T210310Z
awqpe_ablate_special,0.49,65536,0,0,0,0,0,0.47687500000006366,6-6,0.37,12,sweep,0.9394200740052217,0.0,research/results/verify_epsilon_floor/20260926T210310Z
awqpe,0.5,65536,0,0,0,0,0,0.47687500000006366,6-6,0.37,12,sweep,0.9394200740052217,0.0,research/results/verify_epsilon_floor/20260926T210310Z
awqpe_ablate_special,0.5,65536,0,0,0,0,0,0.47687500000006366,6-6,0.37,12,sweep,0.9394200740052217,0.0,research/results/verify_epsilon_floor/20260926T210310Z
awqpe,0.51,65536,0,0,0,0,0,0.47687500000006366,6-6,0.37,12,sweep,0.9394200740052217,0.0,research/results/verify_epsilon_floor/20260926T210310Z
awqpe_ablate_special,0.51,65536,0,0,0,0,0,0.47687500000006366,6-6,0.37,12,sweep,0.9394200740052217,0.0,research/results/verify_epsilon_floor/20260926T210310Z
awqpe,0.52,65536,0,0,0,0,0,0.47687500000006366,6-6,0.37,12,sweep,0.9394200740052217,0.0,research/results/verify_epsilon_floor/20260926T210310Z
awqpe_ablate_special,0.52,65536,0,0,0,0,0,0.47687500000006366,6-6,0.37,12,sweep,0.9394200740052217,0.0,research/results/verify_epsilon_floor/20260926T210310Z
awqpe,0.53,65536,0,0,0,0,0,0.47687500000006366,6-6,0.37,12,sweep,0.9394200740052217,0.0,research/results/verify_epsilon_floor/20260926T210310Z
awqpe_ablate_special,0.53,65536,0,0,0,0,0,0.47687500000006366,6-6,0.37,12,sweep,0.9394200740052217,0.0,research/results/verify_epsilon_floor/20260926T210310Z
awqpe,0.54,65536,0,0,0,0,0,0.47687500000006366,6-6,0.37,12,sweep,0.9394200740052217,0.0,research/results/verify_epsilon_floor/20260926T210310Z
awqpe_ablate_special,0.54,65536,0,0,0,0,0,0.47687500000006366,6-6,0.37,12,sweep,0.9394200740052217,0.0,research/results/verify_epsilon_floor/20260926T210310Z
awqpe,0.55,65536,0,0,0,0,0,0.47687500000006366,6-6,0.37,12,sweep,0.9394200740052217,0.0,research/results/verify_epsilon_floor/20260926T210310Z
awqpe_ablate_special,0.55,65536,0,0,0,0,0,0.47687500000006366,6-6,0.37,12,sweep,0.9394200740052217,0.0,research/results/verify_epsilon_floor/20260926T210310Z
awqpe,0.56,65536,0,0,0,0,0,0.47687500000006366,6-6,0.37,12,sweep,0.9394200740052217,0.0,research/results/verify_epsilon_floor/20260926T210310Z
awqpe_ablate_special,0.56,65536,0,0,0,0,0,0.47687500000006366,6-6,0.37,12,sweep,0.9394200740052217,0.0,research/results/verify_epsilon_floor/20260926T210310Z
awqpe,0.57,65536,0,0,0,0,0,0.47687500000006366,6-6,0.37,12,sweep,0.9394200740052217,0.0,research/results/verify_epsilon_floor/20260926T210310Z
awqpe_ablate_special,0.57,65536,0,0,0,0,0,0.47687500000006366,6-6,0.37,12,sweep,0.9394200740052217,0.0,research/results/verify_epsilon_floor/20260926T210310Z
awqpe,0.58,65536,0,0,0,0,0,0.47687500000006366,6-6,0.37,12,sweep,0.9394200740052217,0.0,research/results/verify_epsilon_floor/20260926T210310Z
awqpe_ablate_special,0.58,65536,0,0,0,0,0,0.47687500000006366,6-6,0.37,12,sweep,0.9394200740052217,0.0,research/results/verify_epsilon_floor/20260926T210310Z
awqpe,0.59,65536,0,0,0,0,0,0.47687500000006366,6-6,0.37,12,sweep,0.9394200740052217,0.0,research/results/verify_epsilon_floor/20260926T210310Z
awqpe_ablate_special,0.59,65536,0,0,0,0,0,0.47687500000006366,6-6,0.37,12,sweep,0.9394200740052217,0.0,research/results/verify_epsilon_floor/20260926T210310Z
awqpe,0.6,65536,0,0,0,0,0,0.47687500000006366,6-6,0.37,12,sweep,0.9394200740052217,0.0,research/results/verify_epsilon_floor/20260926T210310Z
awqpe_ablate_special,0.6,65536,0,0,0,0,0,0.47687500000006366,6-6,0.37,12,sweep,0.9394200740052217,0.0,research/results/verify_epsilon_floor/20260926T210310Z
awqpe,0.61,65536,0,0,0,0,0,0.47687500000006366,6-6,0.37,12,sweep,0.9394200740052217,0.0,research/results/verify_epsilon_floor/20260926T210310Z
awqpe_ablate_special,0.61,65536,0,0,0,0,0,0.47687500000006366,6-6,0.37,12,sweep,0.9394200740052217,0.0,research/results/verify_epsilon_floor/20260926T210310Z
awqpe,0.62,65536,0,0,0,0,0,0.47687500000006366,6-6,0.37,12,sweep,0.9394200740052217,0.0,research/results/verify_epsilon_floor/20260926T210310Z
awqpe_ablate_special,0.62,65536,0,0,0,0,0,0.47687500000006366,6-6,0.37,12,sweep,0.9394200740052217,0.0,research/results/verify_epsilon_floor/20260926T210310Z
awqpe,0.63,65536,0,0,0,0,0,0.47687500000006366,6-6,0.37,12,sweep,0.9394200740052217,0.0,research/results/verify_epsilon_floor/20260926T210310Z
awqpe_ablate_special,0.63,65536,0,0,0,0,0,0.47687500000006366,6-6,0.37,12,sweep,0.9394200740052217,0.0,research/results/verify_epsilon_floor/20260926T210310Z
awqpe,0.64,65536,0,0,0,0,0,0.47687500000006366,6-6,0.37,12,sweep,0.9394200740052217,0.0,research/results/verify_epsilon_floor/20260926T210310Z
awqpe_ablate_special,0.64,65536,0,0,0,0,0,0.47687500000006366,6-6,0.37,12,sweep,0.9394200740052217,0.0,research/results/verify_epsilon_floor/20260926T210310Z
awqpe,0.65,65536,0,0,0,0,0,0.47687500000006366,6-6,0.37,12,sweep,0.9394200740052217,0.0,research/results/verify_epsilon_floor/20260926T210310Z
awqpe_ablate_special,0.65,65536,0,0,0,0,0,0.47687500000006366,6-6,0.37,12,sweep,0.9394200740052217,0.0,research/results/verify_epsilon_floor/20260926T210310Z
awqpe,0.66,65536,0,0,0,0,0,0.47687500000006366,6-6,0.37,12,sweep,0.9394200740052217,0.0,research/results/verify_epsilon_floor/20260926T210310Z
awqpe_ablate_special,0.66,65536,0,0,0,0,0,0.47687500000006366,6-6,0.37,12,sweep,0.9394200740052217,0.0,research/results/verify_epsilon_floor/20260926T210310Z
awqpe,0.67,65536,0,0,0,0,0,0.47687500000006366,6-6,0.37,12,sweep,0.9394200740052217,0.0,research/results/verify_epsilon_floor/20260926T210310Z
awqpe_ablate_special,0.67,65536,0,0,0,0,0,0.47687500000006366,6-6,0.37,12,sweep,0.9394200740052217,0.0,research/results/verify_epsilon_floor/20260926T210310Z
awqpe,0.68,65536,0,0,0,0,0,0.47687500000006366,6-6,0.37,12,sweep,0.9394200740052217,0.0,research/results/verify_epsilon_floor/20260926T210310Z
awqpe_ablate_special,0.68,65536,0,0,0,0,0,0.47687500000006366,6-6,0.37,12,sweep,0.9394200740052217,0.0,research/results/verify_epsilon_floor/20260926T210310Z
awqpe,0.69,65536,0,0,0,0,0,0.47687500000006366,6-6,0.37,12,sweep,0.9394200740052217,0.0,research/results/verify_epsilon_floor/20260926T210310Z
awqpe_ablate_special,0.69,65536,0,0,0,0,0,0.47687500000006366,6-6,0.37,12,sweep,0.9394200740052217,0.0,research/results/verify_epsilon_floor/20260926T210310Z
awqpe,0.7,65536,0,0,0,0,0,0.47687500000006366,6-6,0.37,12,sweep,0.9394200740052217,0.0,research/results/verify_epsilon_floor/20260926T210310Z
awqpe_ablate_special,0.7,65536,0,0,0,0,0,0.47687500000006366,6-6,0.37,12,sweep,0.9394200740052217,0.0,research/results/verify_epsilon_floor/20260926T210310Z
awqpe,0.71,65536,0,0,0,0,0,0.47687500000006366,6-6,0.37,12,sweep,0.9394200740052217,0.0,research/results/verify_epsilon_floor/20260926T210310Z
awqpe_ablate_special,0.71,65536,0,0,0,0,0,0.47687500000006366,6-6,0.37,12,sweep,0.9394200740052217,0.0,research/results/verify_epsilon_floor/20260926T210310Z
awqpe,0.72,65536,0,0,0,0,0,0.47687500000006366,6-6,0.37,12,sweep,0.9394200740052217,0.0,research/results/verify_epsilon_floor/20260926T210310Z
awqpe_ablate_special,0.72,65536,0,0,0,0,0,0.47687500000006366,6-6,0.37,12,sweep,0.9394200740052217,0.0,research/results/verify_epsilon_floor/20260926T210310Z
awqpe,0.73,65536,0,0,0,0,0,0.47687500000006366,6-6,0.37,12,sweep,0.9394200740052217,0.0,research/results/verify_epsilon_floor/20260926T210310Z
awqpe_ablate_special,0.73,65536,0,0,0,0,0,0.47687500000006366,6-6,0.37,12,sweep,0.9394200740052217,0.0,research/results/verify_epsilon_floor/20260926T210310Z
awqpe,0.74,65536,0,0,0,0,0,0.47687500000006366,6-6,0.37,12,sweep,0.9394200740052217,0.0,research/results/verify_epsilon_floor/20260926T210310Z
awqpe_ablate_special,0.74,65536,0,0,0,0,0,0.47687500000006366,6-6,0.37,12,sweep,0.9394200740052217,0.0,research/results/verify_epsilon_floor/20260926T210310Z
awqpe,0.75,65536,0,0,0,0,0,0.47687500000006366,6-6,0.37,12,sweep,0.9394200740052217,0.0,research/results/verify_epsilon_floor/20260926T210310Z
awqpe_ablate_special,0.75,65536,0,0,0,0,0,0.47687500000006366,6-6,0.37,12,sweep,0.9394200740052217,0.0,research/results/verify_epsilon_floor/20260926T210310Z
awqpe,0.76,65536,0,0,0,0,0,0.47687500000006366,6-6,0.37,12,sweep,0.9394200740052217,0.0,research/results/verify_epsilon_floor/20260926T210310Z
awqpe_ablate_special,0.76,65536,0,0,0,0,0,0.47687500000006366,6-6,0.37,12,sweep,0.9394200740052217,0.0,research/results/verify_epsilon_floor/20260926T210310Z
awqpe,0.77,65536,0,0,0,0,0,0.47687500000006366,6-6,0.37,12,sweep,0.9394200740052217,0.0,research/results/verify_epsilon_floor/20260926T210310Z
awqpe_ablate_special,0.77,65536,0,0,0,0,0,0.47687500000006366,6-6,0.37,12,sweep,0.9394200740052217,0.0,research/results/verify_epsilon_floor/20260926T210310Z
awqpe,0.78,65536,0,0,0,0,0,0.47687500000006366,6-6,0.37,12,sweep,0.9394200740052217,0.0,research/results/verify_epsilon_floor/20260926T210310Z
awqpe_ablate_special,0.78,65536,0,0,0,0,0,0.47687500000006366,6-6,0.37,12,sweep,0.9394200740052217,0.0,research/results/verify_epsilon_floor/20260926T210310Z
awqpe,0.79,65536,0,0,0,0,0,0.47687500000006366,6-6,0.37,12,sweep,0.9394200740052217,0.0,research/results/verify_epsilon_floor/20260926T210310Z
awqpe_ablate_special,0.79,65536,0,0,0,0,0,0.47687500000006366,6-6,0.37,12,sweep,0.9394200740052217,0.0,research/results/verify_epsilon_floor/20260926T210310Z
awqpe,0.8,65536,0,0,0,0,0,0.47687500000006366,6-6,0.37,12,sweep,0.9394200740052217,0.0,research/results/verify_epsilon_floor/20260926T210310Z
awqpe_ablate_special,0.8,65536,0,0,0,0,0,0.47687500000006366,6-6,0.37,12,sweep,0.9394200740052217,0.0,research/results/verify_epsilon_floor/20260926T210310Z
awqpe,0.81,65536,0,0,0,0,0,0.47687500000006366,6-6,0.37,12,sweep,0.9394200740052217,0.0,research/results/verify_epsilon_floor/20260926T210310Z
awqpe_ablate_special,0.81,65536,0,0,0,0,0,0.47687500000006366,6-6,0.37,12,sweep,0.9394200740052217,0.0,research/results/verify_epsilon_floor/20260926T210310Z
awqpe,0.82,65536,0,0,0,0,0,0.47687500000006366,6-6,0.37,12,sweep,0.9394200740052217,0.0,research/results/verify_epsilon_floor/20260926T210310Z
awqpe_ablate_special,0.82,65536,0,0,0,0,0,0.47687500000006366,6-6,0.37,12,sweep,0.9394200740052217,0.0,research/results/verify_epsilon_floor/20260926T210310Z
awqpe,0.83,65536,0,0,0,0,0,0.47687500000006366,6-6,0.37,12,sweep,0.9394200740052217,0.0,research/results/verify_epsilon_floor/20260926T210310Z
awqpe_ablate_special,0.83,65536,0,0,0,0,0,0.47687500000006366,6-6,0.37,12,sweep,0.9394200740052217,0.0,research/results/verify_epsilon_floor/20260926T210310Z
awqpe,0.84,65536,0,0,0,0,0,0.47687500000006366,6-6,0.37,12,sweep,0.9394200740052217,0.0,research/results/verify_epsilon_floor/20260926T210310Z
awqpe_ablate_special,0.84,65536,0,0,0,0,0,0.47687500000006366,6-6,0.37,12,sweep,0.9394200740052217,0.0,research/results/verify_epsilon_floor/20260926T210310Z
awqpe,0.85,65536,0,0,0,0,0,0.47687500000006366,6-6,0.37,12,sweep,0.9394200740052217,0.0,research/results/verify_epsilon_floor/20260926T210310Z
awqpe_ablate_special,0.85,65536,0,0,0,0,0,0.47687500000006366,6-6,0.37,12,sweep,0.9394200740052217,0.0,research/results/verify_epsilon_floor/20260926T210310Z
awqpe,0.86,65536,0,0,0,0,0,0.47687500000006366,6-6,0.37,12,sweep,0.9394200740052217,0.0,research/results/verify_epsilon_floor/20260926T210310Z
awqpe_ablate_special,0.86,65536,0,0,0,0,0,0.47687500000006366,6-6,0.37,12,sweep,0.9394200740052217,0.0,research/results/verify_epsilon_floor/20260926T210310Z
awqpe,0.87,65536,0,0,0,0,0,0.47687500000006366,6-6,0.37,12,sweep,0.9394200740052217,0.0,research/results/verify_epsilon_floor/20260926T210310Z
awqpe_ablate_special,0.87,65536,0,0,0,0,0,0.47687500000006366,6-6,0.37,12,sweep,0.9394200740052217,0.0,research/results/verify_epsilon_floor/20260926T210310Z
awqpe,0.88,65536,0,0,0,0,0,0.47687500000006366,6-6,0.37,12,sweep,0.9394200740052217,0.0,research/results/verify_epsilon_floor/20260926T210310Z
awqpe_ablate_special,0.88,65536,0,0,0,0,0,0.47687500000006366,6-6,0.37,12,sweep,0.9394200740052217,0.0,research/results/verify_epsilon_floor/20260926T210310Z
awqpe,0.89,65536,0,0,0,0,0,0.47687500000006366,6-6,0.37,12,sweep,0.9394200740052217,0.0,research/results/verify_epsilon_floor/20260926T210310Z
awqpe_ablate_special,0.89,65536,0,0,0,0,0,0.47687500000006366,6-6,0.37,12,sweep,0.9394200740052217,0.0,research/results/verify_epsilon_floor/20260926T210310Z
awqpe,0.9,65536,0,0,0,0,0,0.47687500000006366,6-6,0.37,12,sweep,0.9394200740052217,0.0,research/results/verify_epsilon_floor/20260926T210310Z
awqpe_ablate_special,0.9,65536,0,0,0,0,0,0.47687500000006366,6-6,0.37,12,sweep,0.9394200740052217,0.0,research/results/verify_epsilon_floor/20260926T210310Z
awqpe,0.91,65536,0,0,0,0,0,0.47687500000006366,6-6,0.37,12,sweep,0.9394200740052217,0.0,research/results/verify_epsilon_floor/20260926T210310Z
awqpe_ablate_special,0.91,65536,0,0,0,0,0,0.47687500000006366,6-6,0.37,12,sweep,0.9394200740052217,0.0,research/results/verify_epsilon_floor/20260926T210310Z
awqpe,0.92,65536,0,0,0,0,0,0.47687500000006366,6-6,0.37,12,sweep,0.9394200740052217,0.0,research/results/verify_epsilon_floor/20260926T210310Z
awqpe_ablate_special,0.92,65536,0,0,0,0,0,0.47687500000006366,6-6,0.37,12,sweep,0.9394200740052217,0.0,research/results/verify_epsilon_floor/20260926T210310Z
awqpe,0.93,65536,0,0,0,0,0,0.47687500000006366,6-6,0.37,12,sweep,0.9394200740052217,0.0,research/results/verify_epsilon_floor/20260926T210310Z
awqpe_ablate_special,0.93,65536,0,0,0,0,0,0.47687500000006366,6-6,0.37,12,sweep,0.9394200740052217,0.0,research/results/verify_epsilon_floor/20260926T210310Z
awqpe,0.94,65536,0,0,0,0,0,0.47687500000006366,6-6,0.37,12,sweep,0.9394200740052217,0.0,research/results/verify_epsilon_floor/20260926T210310Z
awqpe_ablate_special,0.94,65536,0,0,0,0,0,0.47687500000006366,6-6,0.37,12,sweep,0.9394200740052217,0.0,research/results/verify_epsilon_floor/20260926T210310Z
awqpe,0.95,65536,64,64,64,0,0,63.539375000000064,6-6,0.37,12,sweep,0.9394200740052217,0.0009765625,research/results/verify_epsilon_floor/20260926T210310Z
awqpe_ablate_special,0.95,65536,128,128,128,0,0,63.585625000000164,6-6,0.37,12,sweep,0.9394200740052217,0.001953125,research/results/verify_epsilon_floor/20260926T210310Z
awqpe,0.96,65536,192,192,192,0,0,63.664375000000064,6-6,0.37,12,sweep,0.9394200740052217,0.0029296875,research/results/verify_epsilon_floor/20260926T210310Z
awqpe_ablate_special,0.96,65536,192,192,192,0,0,63.648125000000164,6-6,0.37,12,sweep,0.9394200740052217,0.0029296875,research/results/verify_epsilon_floor/20260926T210310Z
awqpe,0.97,65536,256,256,256,0,0,63.726875000000064,6-6,0.37,12,sweep,0.9394200740052217,0.00390625,research/results/verify_epsilon_floor/20260926T210310Z
awqpe_ablate_special,0.97,65536,256,256,256,0,0,63.710625000000164,6-6,0.37,12,sweep,0.9394200740052217,0.00390625,research/results/verify_epsilon_floor/20260926T210310Z
awqpe,0.98,65536,320,320,320,0,0,63.789375000000064,6-6,0.37,12,sweep,0.9394200740052217,0.0048828125,research/results/verify_epsilon_floor/20260926T210310Z
awqpe_ablate_special,0.98,65536,384,384,384,0,0,63.835625000000164,6-6,0.37,12,sweep,0.9394200740052217,0.005859375,research/results/verify_epsilon_floor/20260926T210310Z
awqpe,0.99,65536,448,448,448,0,0,63.914375000000064,6-6,0.37,12,sweep,0.9394200740052217,0.0068359375,research/results/verify_epsilon_floor/20260926T210310Z
awqpe_ablate_special,0.99,65536,448,448,448,0,0,63.898125000000164,6-6,0.37,12,sweep,0.9394200740052217,0.0068359375,research/results/verify_epsilon_floor/20260926T210310Z
