trial_id,phase,window_start,window_width,k_patterns,n1,n2,s_w,residual,c_w_indep,c_w_dirichlet,delta,crosses_below_threshold,crosses_above_threshold,correct
062ef97a1dee4f78b4ab7c514e1f959c,phase1b_combined_stress,0,4,16,2,1,4,1,0.7634994083736772,0.7122065907891937,0.05129281758448356,False,False,False
062ef97a1dee4f78b4ab7c514e1f959c,phase1b_combined_stress,4,4,16,2,1,4,1,0.7634994083736772,0.7122065907891937,0.05129281758448356,False,False,True
062ef97a1dee4f78b4ab7c514e1f959c,phase1b_combined_stress,8,4,16,2,1,4,1,0.7634994083736772,0.7122065907891937,0.05129281758448356,False,False,True
062ef97a1dee4f78b4ab7c514e1f959c,phase1b_combined_stress,12,4,16,2,1,4,1,0.7634994083736772,0.7122065907891937,0.05129281758448356,False,False,True
06a3440c920f4e98b36268109c40b0ad,phase1b_combined_stress,0,4,16,2,1,4,1,0.7634994083736772,0.7122065907891937,0.05129281758448356,False,False,True
06a3440c920f4e98b36268109c40b0ad,phase1b_combined_stress,1,4,16,2,1,4,1,0.7634994083736772,0.7122065907891937,0.05129281758448356,False,False,False
06a3440c920f4e98b36268109c40b0ad,phase1b_combined_stress,2,4,16,3,1,4,0,0.9215990534084936,0.83953054526271,0.08206850814578359,False,False,True
06a3440c920f4e98b36268109c40b0ad,phase1b_combined_stress,3,4,16,2,1,4,1,0.7634994083736772,0.7122065907891937,0.05129281758448356,False,False,False
06a3440c920f4e98b36268109c40b0ad,phase1b_combined_stress,4,4,16,3,1,4,0,0.9215990534084936,0.83953054526271,0.08206850814578359,False,False,True
06a3440c920f4e98b36268109c40b0ad,phase1b_combined_stress,5,4,16,2,1,4,1,0.7634994083736772,0.7122065907891937,0.05129281758448356,False,False,False
06a3440c920f4e98b36268109c40b0ad,phase1b_combined_stress,6,4,16,3,1,4,0,0.9215990534084936,0.83953054526271,0.08206850814578359,False,False,True
06a3440c920f4e98b36268109c40b0ad,phase1b_combined_stress,7,4,16,2,1,4,1,0.7634994083736772,0.7122065907891937,0.05129281758448356,False,False,False
06a3440c920f4e98b36268109c40b0ad,phase1b_combined_stress,8,4,16,3,1,4,0,0.9215990534084936,0.83953054526271,0.08206850814578359,False,False,True
06a3440c920f4e98b36268109c40b0ad,phase1b_combined_stress,9,4,16,2,1,4,1,0.7634994083736772,0.7122065907891937,0.05129281758448356,False,False,False
06a3440c920f4e98b36268109c40b0ad,phase1b_combined_stress,10,4,16,3,1,4,0,0.9215990534084936,0.83953054526271,0.08206850814578359,False,False,True
06a3440c920f4e98b36268109c40b0ad,phase1b_combined_stress,11,4,16,2,1,4,1,0.7634994083736772,0.7122065907891937,0.05129281758448356,False,False,False
06a3440c920f4e98b36268109c40b0ad,phase1b_combined_stress,12,4,16,3,1,4,0,0.9215990534084936,0.83953054526271,0.08206850814578359,False,False,True
06a3440c920f4e98b36268109c40b0ad,phase1b_combined_stress,13,4,16,2,1,4,1,0.7634994083736772,0.7122065907891937,0.05129281758448356,False,False,False
06a3440c920f4e98b36268109c40b0ad,phase1b_combined_stress,14,4,16,3,1,4,0,0.9215990534084936,0.83953054526271,0.08206850814578359,False,False,True
06a3440c920f4e98b36268109c40b0ad,phase1b_combined_stress,15,4,16,2,1,4,1,0.7634994083736772,0.7122065907891937,0.05129281758448356,False,False,False
06a3440c920f4e98b36268109c40b0ad,phase1b_combined_stress,16,4,16,3,1,4,0,0.9215990534084936,0.83953054526271,0.08206850814578359,False,False,True
06a3440c920f4e98b36268109c40b0ad,phase1b_combined_stress,17,4,16,2,1,4,1,0.7634994083736772,0.7122065907891937,0.05129281758448356,False,False,False
06a3440c920f4e98b36268109c40b0ad,phase1b_combined_stress,18,4,16,3,1,4,0,0.9215990534084936,0.83953054526271,0.08206850814578359,False,False,True
06a3440c920f4e98b36268109c40b0ad,phase1b_combined_stress,19,4,16,2,1,4,1,0.7634994083736772,0.7122065907891937,0.05129281758448356,False,False,False
06a3440c920f4e98b36268109c40b0ad,phase1b_combined_stress,20,4,16,3,1,4,0,0.9215990534084936,0.83953054526271,0.08206850814578359,False,False,True
088c674334e94539832a64bfb2bdcef3,phase1b_combined_stress,0,4,16,2,1,4,1,0.7634994083736772,0.7122065907891937,0.05129281758448356,False,False,True
088c674334e94539832a64bfb2bdcef3,phase1b_combined_stress,1,4,16,1,1,4,2,0.4999999999917221,0.5000000000000002,-8.278100427361323e-12,False,False,True
088c674334e94539832a64bfb2bdcef3,phase1b_combined_stress,2,4,16,1,1,4,2,0.4999999999917221,0.5000000000000002,-8.278100427361323e-12,False,False,False
088c674334e94539832a64bfb2bdcef3,phase1b_combined_stress,3,4,16,1,1,4,2,0.4999999999917221,0.5000000000000002,-8.278100427361323e-12,False,False,True
088c674334e94539832a64bfb2bdcef3,phase1b_combined_stress,4,4,16,1,1,4,2,0.4999999999917221,0.5000000000000002,-8.278100427361323e-12,False,False,False
088c674334e94539832a64bfb2bdcef3,phase1b_combined_stress,5,4,16,1,1,4,2,0.4999999999917221,0.5000000000000002,-8.278100427361323e-12,False,False,True
088c674334e94539832a64bfb2bdcef3,phase1b_combined_stress,6,4,16,1,1,4,2,0.4999999999917221,0.5000000000000002,-8.278100427361323e-12,False,False,False
088c674334e94539832a64bfb2bdcef3,phase1b_combined_stress,7,4,16,1,1,4,2,0.4999999999917221,0.5000000000000002,-8.278100427361323e-12,False,False,True
088c674334e94539832a64bfb2bdcef3,phase1b_combined_stress,8,4,16,1,1,4,2,0.4999999999917221,0.5000000000000002,-8.278100427361323e-12,False,False,False
088c674334e94539832a64bfb2bdcef3,phase1b_combined_stress,9,4,16,1,1,4,2,0.4999999999917221,0.5000000000000002,-8.278100427361323e-12,False,False,True
088c674334e94539832a64bfb2bdcef3,phase1b_combined_stress,10,4,16,1,1,4,2,0.4999999999917221,0.5000000000000002,-8.278100427361323e-12,False,False,False
088c674334e94539832a64bfb2bdcef3,phase1b_combined_stress,11,4,16,1,1,4,2,0.4999999999917221,0.5000000000000002,-8.278100427361323e-12,False,False,True
088c674334e94539832a64bfb2bdcef3,phase1b_combined_stress,12,4,16,1,1,4,2,0.4999999999917221,0.5000000000000002,-8.278100427361323e-12,False,False,False
088c674334e94539832a64bfb2bdcef3,phase1b_combined_stress,13,4,16,1,1,4,2,0.4999999999917221,0.5000000000000002,-8.278100427361323e-12,False,False,True
088c674334e94539832a64bfb2bdcef3,phase1b_combined_stress,14,4,16,1,1,4,2,0.4999999999917221,0.5000000000000002,-8.278100427361323e-12,False,False,False
088c674334e94539832a64bfb2bdcef3,phase1b_combined_stress,15,4,16,1,1,4,2,0.4999999999917221,0.5000000000000002,-8.278100427361323e-12,False,False,True
088c674334e94539832a64bfb2bdcef3,phase1b_combined_stress,16,4,16,1,1,4,2,0.4999999999917221,0.5000000000000002,-8.278100427361323e-12,False,False,False
088c674334e94539832a64bfb2bdcef3,phase1b_combined_stress,17,4,16,1,1,4,2,0.4999999999917221,0.5000000000000002,-8.278100427361323e-12,False,False,True
088c674334e94539832a64bfb2bdcef3,phase1b_combined_stress,18,4,16,1,1,4,2,0.4999999999917221,0.5000000000000002,-8.278100427361323e-12,False,False,False
088c674334e94539832a64bfb2bdcef3,phase1b_combined_stress,19,4,16,1,1,4,2,0.4999999999917221,0.5000000000000002,-8.278100427361323e-12,False,False,True
088c674334e94539832a64bfb2bdcef3,phase1b_combined_stress,20,4,16,1,1,4,2,0.4999999999917221,0.5000000000000002,-8.278100427361323e-12,False,False,False
0c676861b8544a0c89bcaed84ad7a119,phase1b_combined_stress,0,4,16,3,2,8,3,0.7032998661141543,0.6697652726313549,0.03353459348279941,False,False,False
0c676861b8544a0c89bcaed84ad7a119,phase1b_combined_stress,4,4,16,4,1,8,3,0.9490469570291832,0.9122870906761479,0.0367598663530353,False,False,True
0c676861b8544a0c89bcaed84ad7a119,phase1b_combined_stress,8,4,16,4,1,8,3,0.9490469570291832,0.9122870906761479,0.0367598663530353,False,False,True
0c676861b8544a0c89bcaed84ad7a119,phase1b_combined_stress,12,4,16,4,1,8,3,0.9490469570291832,0.9122870906761479,0.0367598663530353,False,False,True
0fe7f348a5204ec1acfd612342670150,phase1b_combined_stress,0,4,16,1,1,4,2,0.4999999999917221,0.5000000000000002,-8.278100427361323e-12,False,False,True
0fe7f348a5204ec1acfd612342670150,phase1b_combined_stress,1,4,16,2,2,4,0,0.4999999999933499,0.5,-6.650124895202225e-12,False,False,False
0fe7f348a5204ec1acfd612342670150,phase1b_combined_stress,2,4,16,2,1,4,1,0.7634994083736772,0.7122065907891937,0.05129281758448356,False,False,True
0fe7f348a5204ec1acfd612342670150,phase1b_combined_stress,3,4,16,2,2,4,0,0.4999999999933499,0.5,-6.650124895202225e-12,False,False,False
0fe7f348a5204ec1acfd612342670150,phase1b_combined_stress,4,4,16,2,1,4,1,0.7634994083736772,0.7122065907891937,0.05129281758448356,False,False,True
0fe7f348a5204ec1acfd612342670150,phase1b_combined_stress,5,4,16,2,2,4,0,0.4999999999933499,0.5,-6.650124895202225e-12,False,False,False
0fe7f348a5204ec1acfd612342670150,phase1b_combined_stress,6,4,16,2,1,4,1,0.7634994083736772,0.7122065907891937,0.05129281758448356,False,False,True
0fe7f348a5204ec1acfd612342670150,phase1b_combined_stress,7,4,16,2,2,4,0,0.4999999999933499,0.5,-6.650124895202225e-12,False,False,False
0fe7f348a5204ec1acfd612342670150,phase1b_combined_stress,8,4,16,2,1,4,1,0.7634994083736772,0.7122065907891937,0.05129281758448356,False,False,True
0fe7f348a5204ec1acfd612342670150,phase1b_combined_stress,9,4,16,2,2,4,0,0.4999999999933499,0.5,-6.650124895202225e-12,False,False,False
0fe7f348a5204ec1acfd612342670150,phase1b_combined_stress,10,4,16,2,1,4,1,0.7634994083736772,0.7122065907891937,0.05129281758448356,False,False,True
0fe7f348a5204ec1acfd612342670150,phase1b_combined_stress,11,4,16,2,2,4,0,0.4999999999933499,0.5,-6.650124895202225e-12,False,False,False
0fe7f348a5204ec1acfd612342670150,phase1b_combined_stress,12,4,16,2,1,4,1,0.7634994083736772,0.7122065907891937,0.05129281758448356,False,False,True
0fe7f348a5204ec1acfd612342670150,phase1b_combined_stress,13,4,16,2,2,4,0,0.4999999999933499,0.5,-6.650124895202225e-12,False,False,False
0fe7f348a5204ec1acfd612342670150,phase1b_combined_stress,14,4,16,2,1,4,1,0.7634994083736772,0.7122065907891937,0.05129281758448356,False,False,True
0fe7f348a5204ec1acfd612342670150,phase1b_combined_stress,15,4,16,2,2,4,0,0.4999999999933499,0.5,-6.650124895202225e-12,False,False,False
0fe7f348a5204ec1acfd612342670150,phase1b_combined_stress,16,4,16,2,1,4,1,0.7634994083736772,0.7122065907891937,0.05129281758448356,False,False,True
0fe7f348a5204ec1acfd612342670150,phase1b_combined_stress,17,4,16,2,2,4,0,0.4999999999933499,0.5,-6.650124895202225e-12,False,False,False
0fe7f348a5204ec1acfd612342670150,phase1b_combined_stress,18,4,16,2,1,4,1,0.7634994083736772,0.7122065907891937,0.05129281758448356,False,False,True
0fe7f348a5204ec1acfd612342670150,phase1b_combined_stress,19,4,16,2,2,4,0,0.4999999999933499,0.5,-6.650124895202225e-12,False,False,False
0fe7f348a5204ec1acfd612342670150,phase1b_combined_stress,20,4,16,2,1,4,1,0.7634994083736772,0.7122065907891937,0.05129281758448356,False,False,True
115c8d4397a54041ad2e61705b2d1cdd,phase1b_combined_stress,0,4,16,2,2,4,0,0.4999999999933499,0.5,-6.650124895202225e-12,False,False,True
115c8d4397a54041ad2e61705b2d1cdd,phase1b_combined_stress,4,4,16,1,1,4,2,0.4999999999917221,0.5000000000000002,-8.278100427361323e-12,False,False,True
115c8d4397a54041ad2e61705b2d1cdd,phase1b_combined_stress,8,4,16,1,1,4,2,0.4999999999917221,0.5000000000000002,-8.278100427361323e-12,False,False,True
115c8d4397a54041ad2e61705b2d1cdd,phase1b_combined_stress,12,4,16,1,1,4,2,0.4999999999917221,0.5000000000000002,-8.278100427361323e-12,False,False,True
11a6a320f0694fb1ae5bdf334a3e769f,phase1b_combined_stress,0,4,16,1,1,4,2,0.4999999999917221,0.5000000000000002,-8.278100427361323e-12,False,False,True
11a6a320f0694fb1ae5bdf334a3e769f,phase1b_combined_stress,4,4,16,1,1,4,2,0.4999999999917221,0.5000000000000002,-8.278100427361323e-12,False,False,False
11a6a320f0694fb1ae5bdf334a3e769f,phase1b_combined_stress,8,4,16,1,1,4,2,0.4999999999917221,0.5000000000000002,-8.278100427361323e-12,False,False,False
11a6a320f0694fb1ae5bdf334a3e769f,phase1b_combined_stress,12,4,16,1,1,4,2,0.4999999999917221,0.5000000000000002,-8.278100427361323e-12,False,False,False
11a6a320f0694fb1ae5bdf334a3e769f,phase1b_combined_stress,16,4,16,1,1,4,2,0.4999999999917221,0.5000000000000002,-8.278100427361323e-12,False,False,False
11a6a320f0694fb1ae5bdf334a3e769f,phase1b_combined_stress,20,4,16,1,1,4,2,0.4999999999917221,0.5000000000000002,-8.278100427361323e-12,False,False,False
11a6a320f0694fb1ae5bdf334a3e769f,phase1b_combined_stress,24,4,16,1,1,4,2,0.4999999999917221,0.5000000000000002,-8.278100427361323e-12,False,False,False
11a6a320f0694fb1ae5bdf334a3e769f,phase1b_combined_stress,28,4,16,1,1,4,2,0.4999999999917221,0.5000000000000002,-8.278100427361323e-12,False,False,False
16f3eb1fe8244d14a104db4f2a0ec1f6,phase1b_combined_stress,0,4,16,6,3,16,7,0.881083730681911,0.8410003744629815,0.040083356218929556,False,False,True
16f3eb1fe8244d14a104db4f2a0ec1f6,phase1b_combined_stress,4,4,16,6,4,16,6,0.7765484257488472,0.7351726720434357,0.04137575370541147,False,False,True
16f3eb1fe8244d14a104db4f2a0ec1f6,phase1b_combined_stress,8,4,16,6,4,16,6,0.7765484257488472,0.7351726720434357,0.04137575370541147,False,False,True
16f3eb1fe8244d14a104db4f2a0ec1f6,phase1b_combined_stress,12,4,16,6,4,16,6,0.7765484257488472,0.7351726720434357,0.04137575370541147,False,False,True
18baf459c0b0433f96f067b9e1003180,phase1b_combined_stress,0,4,16,3,2,8,3,0.7032998661141543,0.6697652726313549,0.03353459348279941,False,False,False
18baf459c0b0433f96f067b9e1003180,phase1b_combined_stress,4,4,16,4,3,8,1,0.6916827309132849,0.6455130908268756,0.046169640086409336,False,False,True
18baf459c0b0433f96f067b9e1003180,phase1b_combined_stress,8,4,16,4,3,8,1,0.6916827309132849,0.6455130908268756,0.046169640086409336,False,False,True
18baf459c0b0433f96f067b9e1003180,phase1b_combined_stress,12,4,16,4,3,8,1,0.6916827309132849,0.6455130908268756,0.046169640086409336,False,False,True
1b8f2c0e2841492da562a973de26642a,phase1b_combined_stress,0,4,16,3,1,4,0,0.9215990534084936,0.83953054526271,0.08206850814578359,False,False,False
1b8f2c0e2841492da562a973de26642a,phase1b_combined_stress,4,4,16,1,1,4,2,0.4999999999917221,0.5000000000000002,-8.278100427361323e-12,False,False,True
1b8f2c0e2841492da562a973de26642a,phase1b_combined_stress,8,4,16,1,1,4,2,0.4999999999917221,0.5000000000000002,-8.278100427361323e-12,False,False,True
1b8f2c0e2841492da562a973de26642a,phase1b_combined_stress,12,4,16,1,1,4,2,0.4999999999917221,0.5000000000000002,-8.278100427361323e-12,False,False,True
1b8f2c0e2841492da562a973de26642a,phase1b_combined_stress,16,4,16,1,1,4,2,0.4999999999917221,0.5000000000000002,-8.278100427361323e-12,False,False,True
1b8f2c0e2841492da562a973de26642a,phase1b_combined_stress,20,4,16,1,1,4,2,0.4999999999917221,0.5000000000000002,-8.278100427361323e-12,False,False,True
1cb5b513575b482a8c298698416b8328,phase1b_combined_stress,0,4,16,2,2,8,4,0.5000000000000222,0.5,2.220446049250313e-14,False,False,True
1cb5b513575b482a8c298698416b8328,phase1b_combined_stress,4,4,16,3,3,8,2,0.4999999999982972,0.4999999999999999,-1.7026935417163713e-12,False,False,True
1cb5b513575b482a8c298698416b8328,phase1b_combined_stress,8,4,16,3,3,8,2,0.4999999999982972,0.4999999999999999,-1.7026935417163713e-12,False,False,True
1cb5b513575b482a8c298698416b8328,phase1b_combined_stress,12,4,16,3,3,8,2,0.4999999999982972,0.4999999999999999,-1.7026935417163713e-12,False,False,True
1ded4af45f89426f9bfa83a329988ce9,phase1b_combined_stress,0,4,16,3,1,4,0,0.9215990534084936,0.83953054526271,0.08206850814578359,False,False,False
1e0e286f7bc94aa28d1cc30b0c5afb12,phase1b_combined_stress,0,4,16,6,4,16,6,0.7765484257488472,0.7351726720434357,0.04137575370541147,False,False,True
1e0e286f7bc94aa28d1cc30b0c5afb12,phase1b_combined_stress,4,4,16,6,6,16,4,0.5,0.5,0.0,False,False,True
1e0e286f7bc94aa28d1cc30b0c5afb12,phase1b_combined_stress,8,4,16,6,6,16,4,0.5,0.5,0.0,False,False,True
1e0e286f7bc94aa28d1cc30b0c5afb12,phase1b_combined_stress,12,4,16,6,6,16,4,0.5,0.5,0.0,False,False,True
1e70a5fdeda64b6ab9d20ec58be654cc,phase1b_combined_stress,0,4,16,3,3,8,2,0.4999999999982972,0.4999999999999999,-1.7026935417163713e-12,False,False,True
1e70a5fdeda64b6ab9d20ec58be654cc,phase1b_combined_stress,4,4,16,3,3,8,2,0.4999999999982972,0.4999999999999999,-1.7026935417163713e-12,False,False,False
1e70a5fdeda64b6ab9d20ec58be654cc,phase1b_combined_stress,8,4,16,3,3,8,2,0.4999999999982972,0.4999999999999999,-1.7026935417163713e-12,False,False,False
1e70a5fdeda64b6ab9d20ec58be654cc,phase1b_combined_stress,12,4,16,3,3,8,2,0.4999999999982972,0.4999999999999999,-1.7026935417163713e-12,False,False,False
1e70a5fdeda64b6ab9d20ec58be654cc,phase1b_combined_stress,16,4,16,3,3,8,2,0.4999999999982972,0.4999999999999999,-1.7026935417163713e-12,False,False,False
1e70a5fdeda64b6ab9d20ec58be654cc,phase1b_combined_stress,20,4,16,3,3,8,2,0.4999999999982972,0.4999999999999999,-1.7026935417163713e-12,False,False,False
1e70a5fdeda64b6ab9d20ec58be654cc,phase1b_combined_stress,24,4,16,3,3,8,2,0.4999999999982972,0.4999999999999999,-1.7026935417163713e-12,False,False,False
1e70a5fdeda64b6ab9d20ec58be654cc,phase1b_combined_stress,28,4,16,3,3,8,2,0.4999999999982972,0.4999999999999999,-1.7026935417163713e-12,False,False,False
1f4a44c8905645b59a51d8fb50ce2bc6,phase1b_combined_stress,0,4,16,4,3,16,9,0.6642697648948153,0.6455130908268756,0.018756674067939683,False,False,True
1f4a44c8905645b59a51d8fb50ce2bc6,phase1b_combined_stress,1,4,16,5,4,16,7,0.6521016341618664,0.6293449696238899,0.022756664537976534,False,False,True
1f4a44c8905645b59a51d8fb50ce2bc6,phase1b_combined_stress,2,4,16,6,4,16,6,0.7765484257488472,0.7351726720434357,0.04137575370541147,False,False,True
1f4a44c8905645b59a51d8fb50ce2bc6,phase1b_combined_stress,3,4,16,5,4,16,7,0.6521016341618664,0.6293449696238899,0.022756664537976534,False,False,True
1f4a44c8905645b59a51d8fb50ce2bc6,phase1b_combined_stress,4,4,16,6,4,16,6,0.7765484257488472,0.7351726720434357,0.04137575370541147,False,False,True
1f4a44c8905645b59a51d8fb50ce2bc6,phase1b_combined_stress,5,4,16,5,4,16,7,0.6521016341618664,0.6293449696238899,0.022756664537976534,False,False,True
1f4a44c8905645b59a51d8fb50ce2bc6,phase1b_combined_stress,6,4,16,6,4,16,6,0.7765484257488472,0.7351726720434357,0.04137575370541147,False,False,True
1f4a44c8905645b59a51d8fb50ce2bc6,phase1b_combined_stress,7,4,16,5,4,16,7,0.6521016341618664,0.6293449696238899,0.022756664537976534,False,False,True
1f4a44c8905645b59a51d8fb50ce2bc6,phase1b_combined_stress,8,4,16,6,4,16,6,0.7765484257488472,0.7351726720434357,0.04137575370541147,False,False,True
1f4a44c8905645b59a51d8fb50ce2bc6,phase1b_combined_stress,9,4,16,5,4,16,7,0.6521016341618664,0.6293449696238899,0.022756664537976534,False,False,True
1f4a44c8905645b59a51d8fb50ce2bc6,phase1b_combined_stress,10,4,16,6,4,16,6,0.7765484257488472,0.7351726720434357,0.04137575370541147,False,False,True
1f4a44c8905645b59a51d8fb50ce2bc6,phase1b_combined_stress,11,4,16,5,4,16,7,0.6521016341618664,0.6293449696238899,0.022756664537976534,False,False,True
1f4a44c8905645b59a51d8fb50ce2bc6,phase1b_combined_stress,12,4,16,6,4,16,6,0.7765484257488472,0.7351726720434357,0.04137575370541147,False,False,True
2242c46c1b9447fea4f7bbf7b0b86519,phase1b_combined_stress,0,4,16,2,1,4,1,0.7634994083736772,0.7122065907891937,0.05129281758448356,False,False,True
2242c46c1b9447fea4f7bbf7b0b86519,phase1b_combined_stress,4,4,16,2,1,4,1,0.7634994083736772,0.7122065907891937,0.05129281758448356,False,False,True
2242c46c1b9447fea4f7bbf7b0b86519,phase1b_combined_stress,8,4,16,2,1,4,1,0.7634994083736772,0.7122065907891937,0.05129281758448356,False,False,True
2242c46c1b9447fea4f7bbf7b0b86519,phase1b_combined_stress,12,4,16,2,1,4,1,0.7634994083736772,0.7122065907891937,0.05129281758448356,False,False,True
2242c46c1b9447fea4f7bbf7b0b86519,phase1b_combined_stress,16,4,16,2,1,4,1,0.7634994083736772,0.7122065907891937,0.05129281758448356,False,False,True
2242c46c1b9447fea4f7bbf7b0b86519,phase1b_combined_stress,20,4,16,2,1,4,1,0.7634994083736772,0.7122065907891937,0.05129281758448356,False,False,True
2242c46c1b9447fea4f7bbf7b0b86519,phase1b_combined_stress,24,4,16,2,1,4,1,0.7634994083736772,0.7122065907891937,0.05129281758448356,False,False,True
2242c46c1b9447fea4f7bbf7b0b86519,phase1b_combined_stress,28,4,16,2,1,4,1,0.7634994083736772,0.7122065907891937,0.05129281758448356,False,False,True
22ec3b91512e4e8a9dd1a1ea1a88b8f5,phase1b_combined_stress,0,4,16,2,2,8,4,0.5000000000000222,0.5,2.220446049250313e-14,False,False,True
22ec3b91512e4e8a9dd1a1ea1a88b8f5,phase1b_combined_stress,1,4,16,2,2,8,4,0.5000000000000222,0.5,2.220446049250313e-14,False,False,False
22ec3b91512e4e8a9dd1a1ea1a88b8f5,phase1b_combined_stress,2,4,16,3,2,8,3,0.7032998661141543,0.6697652726313549,0.03353459348279941,False,False,True
22ec3b91512e4e8a9dd1a1ea1a88b8f5,phase1b_combined_stress,3,4,16,2,2,8,4,0.5000000000000222,0.5,2.220446049250313e-14,False,False,False
22ec3b91512e4e8a9dd1a1ea1a88b8f5,phase1b_combined_stress,4,4,16,3,2,8,3,0.7032998661141543,0.6697652726313549,0.03353459348279941,False,False,True
22ec3b91512e4e8a9dd1a1ea1a88b8f5,phase1b_combined_stress,5,4,16,2,2,8,4,0.5000000000000222,0.5,2.220446049250313e-14,False,False,False
22ec3b91512e4e8a9dd1a1ea1a88b8f5,phase1b_combined_stress,6,4,16,3,2,8,3,0.7032998661141543,0.6697652726313549,0.03353459348279941,False,False,True
22ec3b91512e4e8a9dd1a1ea1a88b8f5,phase1b_combined_stress,7,4,16,2,2,8,4,0.5000000000000222,0.5,2.220446049250313e-14,False,False,False
22ec3b91512e4e8a9dd1a1ea1a88b8f5,phase1b_combined_stress,8,4,16,3,2,8,3,0.7032998661141543,0.6697652726313549,0.03353459348279941,False,False,True
22ec3b91512e4e8a9dd1a1ea1a88b8f5,phase1b_combined_stress,9,4,16,2,2,8,4,0.5000000000000222,0.5,2.220446049250313e-14,False,False,False
22ec3b91512e4e8a9dd1a1ea1a88b8f5,phase1b_combined_stress,10,4,16,3,2,8,3,0.7032998661141543,0.6697652726313549,0.03353459348279941,False,False,True
22ec3b91512e4e8a9dd1a1ea1a88b8f5,phase1b_combined_stress,11,4,16,2,2,8,4,0.5000000000000222,0.5,2.220446049250313e-14,False,False,False
22ec3b91512e4e8a9dd1a1ea1a88b8f5,phase1b_combined_stress,12,4,16,3,2,8,3,0.7032998661141543,0.6697652726313549,0.03353459348279941,False,False,True
22ec3b91512e4e8a9dd1a1ea1a88b8f5,phase1b_combined_stress,13,4,16,2,2,8,4,0.5000000000000222,0.5,2.220446049250313e-14,False,False,False
22ec3b91512e4e8a9dd1a1ea1a88b8f5,phase1b_combined_stress,14,4,16,3,2,8,3,0.7032998661141543,0.6697652726313549,0.03353459348279941,False,False,True
22ec3b91512e4e8a9dd1a1ea1a88b8f5,phase1b_combined_stress,15,4,16,2,2,8,4,0.5000000000000222,0.5,2.220446049250313e-14,False,False,False
22ec3b91512e4e8a9dd1a1ea1a88b8f5,phase1b_combined_stress,16,4,16,3,2,8,3,0.7032998661141543,0.6697652726313549,0.03353459348279941,False,False,True
22ec3b91512e4e8a9dd1a1ea1a88b8f5,phase1b_combined_stress,17,4,16,2,2,8,4,0.5000000000000222,0.5,2.220446049250313e-14,False,False,False
22ec3b91512e4e8a9dd1a1ea1a88b8f5,phase1b_combined_stress,18,4,16,3,2,8,3,0.7032998661141543,0.6697652726313549,0.03353459348279941,False,False,True
22ec3b91512e4e8a9dd1a1ea1a88b8f5,phase1b_combined_stress,19,4,16,2,2,8,4,0.5000000000000222,0.5,2.220446049250313e-14,False,False,False
22ec3b91512e4e8a9dd1a1ea1a88b8f5,phase1b_combined_stress,20,4,16,3,2,8,3,0.7032998661141543,0.6697652726313549,0.03353459348279941,False,False,True
27dd33f831744e8c829ad3da7cb0d392,phase1b_combined_stress,0,4,16,3,1,8,4,0.8753228297506488,0.83953054526271,0.03579228448793881,False,False,False
27dd33f831744e8c829ad3da7cb0d392,phase1b_combined_stress,4,4,16,4,2,8,2,0.8485140562026603,0.7910261816537514,0.05748787454890891,False,False,False
27dd33f831744e8c829ad3da7cb0d392,phase1b_combined_stress,8,4,16,4,2,8,2,0.8485140562026603,0.7910261816537514,0.05748787454890891,False,False,False
27dd33f831744e8c829ad3da7cb0d392,phase1b_combined_stress,12,4,16,4,2,8,2,0.8485140562026603,0.7910261816537514,0.05748787454890891,False,False,False
27dd33f831744e8c829ad3da7cb0d392,phase1b_combined_stress,16,4,16,4,2,8,2,0.8485140562026603,0.7910261816537514,0.05748787454890891,False,False,False
27dd33f831744e8c829ad3da7cb0d392,phase1b_combined_stress,20,4,16,4,2,8,2,0.8485140562026603,0.7910261816537514,0.05748787454890891,False,False,False
27dd33f831744e8c829ad3da7cb0d392,phase1b_combined_stress,24,4,16,4,2,8,2,0.8485140562026603,0.7910261816537514,0.05748787454890891,False,False,False
27dd33f831744e8c829ad3da7cb0d392,phase1b_combined_stress,28,4,16,4,2,8,2,0.8485140562026603,0.7910261816537514,0.05748787454890891,False,False,False
2a441261624a47b2a55f588efd44f8ee,phase1b_combined_stress,0,4,16,3,1,8,4,0.8753228297506488,0.83953054526271,0.03579228448793881,False,False,True
2a441261624a47b2a55f588efd44f8ee,phase1b_combined_stress,1,4,16,3,2,8,3,0.7032998661141543,0.6697652726313549,0.03353459348279941,False,False,True
2a441261624a47b2a55f588efd44f8ee,phase1b_combined_stress,2,4,16,3,3,8,2,0.4999999999982972,0.4999999999999999,-1.7026935417163713e-12,False,False,True
2a441261624a47b2a55f588efd44f8ee,phase1b_combined_stress,3,4,16,3,2,8,3,0.7032998661141543,0.6697652726313549,0.03353459348279941,False,False,True
2a441261624a47b2a55f588efd44f8ee,phase1b_combined_stress,4,4,16,3,3,8,2,0.4999999999982972,0.4999999999999999,-1.7026935417163713e-12,False,False,True
2a441261624a47b2a55f588efd44f8ee,phase1b_combined_stress,5,4,16,3,2,8,3,0.7032998661141543,0.6697652726313549,0.03353459348279941,False,False,True
2a441261624a47b2a55f588efd44f8ee,phase1b_combined_stress,6,4,16,3,3,8,2,0.4999999999982972,0.4999999999999999,-1.7026935417163713e-12,False,False,True
2a441261624a47b2a55f588efd44f8ee,phase1b_combined_stress,7,4,16,3,2,8,3,0.7032998661141543,0.6697652726313549,0.03353459348279941,False,False,True
2a441261624a47b2a55f588efd44f8ee,phase1b_combined_stress,8,4,16,3,3,8,2,0.4999999999982972,0.4999999999999999,-1.7026935417163713e-12,False,False,True
2a441261624a47b2a55f588efd44f8ee,phase1b_combined_stress,9,4,16,3,2,8,3,0.7032998661141543,0.6697652726313549,0.03353459348279941,False,False,True
2a441261624a47b2a55f588efd44f8ee,phase1b_combined_stress,10,4,16,3,3,8,2,0.4999999999982972,0.4999999999999999,-1.7026935417163713e-12,False,False,True
2a441261624a47b2a55f588efd44f8ee,phase1b_combined_stress,11,4,16,3,2,8,3,0.7032998661141543,0.6697652726313549,0.03353459348279941,False,False,True
2a441261624a47b2a55f588efd44f8ee,phase1b_combined_stress,12,4,16,3,3,8,2,0.4999999999982972,0.4999999999999999,-1.7026935417163713e-12,False,False,True
2aac2b1074a843038ba6ac5668e2ee33,phase1b_combined_stress,0,4,16,2,2,8,4,0.5000000000000222,0.5,2.220446049250313e-14,False,False,True
2aac2b1074a843038ba6ac5668e2ee33,phase1b_combined_stress,1,4,16,5,2,8,1,0.9356425702464108,0.8718667876686825,0.06377578257772831,False,False,True
2aac2b1074a843038ba6ac5668e2ee33,phase1b_combined_stress,2,4,16,4,2,8,2,0.8485140562026603,0.7910261816537514,0.05748787454890891,False,False,False
2aac2b1074a843038ba6ac5668e2ee33,phase1b_combined_stress,3,4,16,5,2,8,1,0.9356425702464108,0.8718667876686825,0.06377578257772831,False,False,True
2aac2b1074a843038ba6ac5668e2ee33,phase1b_combined_stress,4,4,16,4,2,8,2,0.8485140562026603,0.7910261816537514,0.05748787454890891,False,False,False
2aac2b1074a843038ba6ac5668e2ee33,phase1b_combined_stress,5,4,16,5,2,8,1,0.9356425702464108,0.8718667876686825,0.06377578257772831,False,False,True
2aac2b1074a843038ba6ac5668e2ee33,phase1b_combined_stress,6,4,16,4,2,8,2,0.8485140562026603,0.7910261816537514,0.05748787454890891,False,False,False
2aac2b1074a843038ba6ac5668e2ee33,phase1b_combined_stress,7,4,16,5,2,8,1,0.9356425702464108,0.8718667876686825,0.06377578257772831,False,False,True
2aac2b1074a843038ba6ac5668e2ee33,phase1b_combined_stress,8,4,16,4,2,8,2,0.8485140562026603,0.7910261816537514,0.05748787454890891,False,False,False
2aac2b1074a843038ba6ac5668e2ee33,phase1b_combined_stress,9,4,16,5,2,8,1,0.9356425702464108,0.8718667876686825,0.06377578257772831,False,False,True
2aac2b1074a843038ba6ac5668e2ee33,phase1b_combined_stress,10,4,16,4,2,8,2,0.8485140562026603,0.7910261816537514,0.05748787454890891,False,False,False
2aac2b1074a843038ba6ac5668e2ee33,phase1b_combined_stress,11,4,16,5,2,8,1,0.9356425702464108,0.8718667876686825,0.06377578257772831,False,False,True
2aac2b1074a843038ba6ac5668e2ee33,phase1b_combined_stress,12,4,16,4,2,8,2,0.8485140562026603,0.7910261816537514,0.05748787454890891,False,False,False
2b9788a0b3ec4fe4b80fe6ced1287854,phase1b_combined_stress,0,4,16,1,1,4,2,0.4999999999917221,0.5000000000000002,-8.278100427361323e-12,False,False,True
2b9788a0b3ec4fe4b80fe6ced1287854,phase1b_combined_stress,4,4,16,1,1,4,2,0.4999999999917221,0.5000000000000002,-8.278100427361323e-12,False,False,False
2b9788a0b3ec4fe4b80fe6ced1287854,phase1b_combined_stress,8,4,16,1,1,4,2,0.4999999999917221,0.5000000000000002,-8.278100427361323e-12,False,False,False
2b9788a0b3ec4fe4b80fe6ced1287854,phase1b_combined_stress,12,4,16,1,1,4,2,0.4999999999917221,0.5000000000000002,-8.278100427361323e-12,False,False,False
2beb40801441442cbce046e5cfea32a3,phase1b_combined_stress,0,4,16,3,2,8,3,0.7032998661141543,0.6697652726313549,0.03353459348279941,False,False,True
2beb40801441442cbce046e5cfea32a3,phase1b_combined_stress,1,4,16,5,2,8,1,0.9356425702464108,0.8718667876686825,0.06377578257772831,False,False,True
2beb40801441442cbce046e5cfea32a3,phase1b_combined_stress,2,4,16,3,2,8,3,0.7032998661141543,0.6697652726313549,0.03353459348279941,False,False,False
2beb40801441442cbce046e5cfea32a3,phase1b_combined_stress,3,4,16,5,2,8,1,0.9356425702464108,0.8718667876686825,0.06377578257772831,False,False,True
2beb40801441442cbce046e5cfea32a3,phase1b_combined_stress,4,4,16,3,2,8,3,0.7032998661141543,0.6697652726313549,0.03353459348279941,False,False,False
2beb40801441442cbce046e5cfea32a3,phase1b_combined_stress,5,4,16,5,2,8,1,0.9356425702464108,0.8718667876686825,0.06377578257772831,False,False,True
2beb40801441442cbce046e5cfea32a3,phase1b_combined_stress,6,4,16,3,2,8,3,0.7032998661141543,0.6697652726313549,0.03353459348279941,False,False,False
2beb40801441442cbce046e5cfea32a3,phase1b_combined_stress,7,4,16,5,2,8,1,0.9356425702464108,0.8718667876686825,0.06377578257772831,False,False,True
2beb40801441442cbce046e5cfea32a3,phase1b_combined_stress,8,4,16,3,2,8,3,0.7032998661141543,0.6697652726313549,0.03353459348279941,False,False,False
2beb40801441442cbce046e5cfea32a3,phase1b_combined_stress,9,4,16,5,2,8,1,0.9356425702464108,0.8718667876686825,0.06377578257772831,False,False,True
2beb40801441442cbce046e5cfea32a3,phase1b_combined_stress,10,4,16,3,2,8,3,0.7032998661141543,0.6697652726313549,0.03353459348279941,False,False,False
2beb40801441442cbce046e5cfea32a3,phase1b_combined_stress,11,4,16,5,2,8,1,0.9356425702464108,0.8718667876686825,0.06377578257772831,False,False,True
2beb40801441442cbce046e5cfea32a3,phase1b_combined_stress,12,4,16,3,2,8,3,0.7032998661141543,0.6697652726313549,0.03353459348279941,False,False,False
2beb40801441442cbce046e5cfea32a3,phase1b_combined_stress,13,4,16,5,2,8,1,0.9356425702464108,0.8718667876686825,0.06377578257772831,False,False,True
2beb40801441442cbce046e5cfea32a3,phase1b_combined_stress,14,4,16,3,2,8,3,0.7032998661141543,0.6697652726313549,0.03353459348279941,False,False,False
2beb40801441442cbce046e5cfea32a3,phase1b_combined_stress,15,4,16,5,2,8,1,0.9356425702464108,0.8718667876686825,0.06377578257772831,False,False,True
2beb40801441442cbce046e5cfea32a3,phase1b_combined_stress,16,4,16,3,2,8,3,0.7032998661141543,0.6697652726313549,0.03353459348279941,False,False,False
2beb40801441442cbce046e5cfea32a3,phase1b_combined_stress,17,4,16,5,2,8,1,0.9356425702464108,0.8718667876686825,0.06377578257772831,False,False,True
2beb40801441442cbce046e5cfea32a3,phase1b_combined_stress,18,4,16,3,2,8,3,0.7032998661141543,0.6697652726313549,0.03353459348279941,False,False,False
2beb40801441442cbce046e5cfea32a3,phase1b_combined_stress,19,4,16,5,2,8,1,0.9356425702464108,0.8718667876686825,0.06377578257772831,False,False,True
2beb40801441442cbce046e5cfea32a3,phase1b_combined_stress,20,4,16,3,2,8,3,0.7032998661141543,0.6697652726313549,0.03353459348279941,False,False,False
2da4b3605d4946818d96d14f5e35af76,phase1b_combined_stress,0,4,16,3,3,16,10,0.5000000000000001,0.4999999999999999,2.220446049250313e-16,False,False,True
2da4b3605d4946818d96d14f5e35af76,phase1b_combined_stress,4,4,16,9,4,16,3,0.964930119120837,0.9184158128845197,0.04651430623631736,True,False,True
2da4b3605d4946818d96d14f5e35af76,phase1b_combined_stress,8,4,16,9,4,16,3,0.964930119120837,0.9184158128845197,0.04651430623631736,True,False,True
2da4b3605d4946818d96d14f5e35af76,phase1b_combined_stress,12,4,16,9,4,16,3,0.964930119120837,0.9184158128845197,0.04651430623631736,True,False,True
2da4b3605d4946818d96d14f5e35af76,phase1b_combined_stress,16,4,16,9,4,16,3,0.964930119120837,0.9184158128845197,0.04651430623631736,True,False,True
2da4b3605d4946818d96d14f5e35af76,phase1b_combined_stress,20,4,16,9,4,16,3,0.964930119120837,0.9184158128845197,0.04651430623631736,True,False,True
2da4b3605d4946818d96d14f5e35af76,phase1b_combined_stress,24,4,16,9,4,16,3,0.964930119120837,0.9184158128845197,0.04651430623631736,True,False,True
2da4b3605d4946818d96d14f5e35af76,phase1b_combined_stress,28,4,16,9,4,16,3,0.964930119120837,0.9184158128845197,0.04651430623631736,True,False,True
2ff0426967174b018c6702bccd0a0c26,phase1b_combined_stress,0,4,16,6,4,16,6,0.7765484257488472,0.7351726720434357,0.04137575370541147,False,False,True
2ff0426967174b018c6702bccd0a0c26,phase1b_combined_stress,1,4,16,7,4,16,5,0.8679254405504773,0.8165785969815478,0.05134684356892949,False,False,True
2ff0426967174b018c6702bccd0a0c26,phase1b_combined_stress,2,4,16,6,4,16,6,0.7765484257488472,0.7351726720434357,0.04137575370541147,False,False,True
2ff0426967174b018c6702bccd0a0c26,phase1b_combined_stress,3,4,16,7,4,16,5,0.8679254405504773,0.8165785969815478,0.05134684356892949,False,False,True
2ff0426967174b018c6702bccd0a0c26,phase1b_combined_stress,4,4,16,6,4,16,6,0.7765484257488472,0.7351726720434357,0.04137575370541147,False,False,True
2ff0426967174b018c6702bccd0a0c26,phase1b_combined_stress,5,4,16,7,4,16,5,0.8679254405504773,0.8165785969815478,0.05134684356892949,False,False,True
2ff0426967174b018c6702bccd0a0c26,phase1b_combined_stress,6,4,16,6,4,16,6,0.7765484257488472,0.7351726720434357,0.04137575370541147,False,False,True
2ff0426967174b018c6702bccd0a0c26,phase1b_combined_stress,7,4,16,7,4,16,5,0.8679254405504773,0.8165785969815478,0.05134684356892949,False,False,True
2ff0426967174b018c6702bccd0a0c26,phase1b_combined_stress,8,4,16,6,4,16,6,0.7765484257488472,0.7351726720434357,0.04137575370541147,False,False,True
2ff0426967174b018c6702bccd0a0c26,phase1b_combined_stress,9,4,16,7,4,16,5,0.8679254405504773,0.8165785969815478,0.05134684356892949,False,False,True
2ff0426967174b018c6702bccd0a0c26,phase1b_combined_stress,10,4,16,6,4,16,6,0.7765484257488472,0.7351726720434357,0.04137575370541147,False,False,True
2ff0426967174b018c6702bccd0a0c26,phase1b_combined_stress,11,4,16,7,4,16,5,0.8679254405504773,0.8165785969815478,0.05134684356892949,False,False,True
2ff0426967174b018c6702bccd0a0c26,phase1b_combined_stress,12,4,16,6,4,16,6,0.7765484257488472,0.7351726720434357,0.04137575370541147,False,False,True
2ff0426967174b018c6702bccd0a0c26,phase1b_combined_stress,13,4,16,7,4,16,5,0.8679254405504773,0.8165785969815478,0.05134684356892949,False,False,True
2ff0426967174b018c6702bccd0a0c26,phase1b_combined_stress,14,4,16,6,4,16,6,0.7765484257488472,0.7351726720434357,0.04137575370541147,False,False,True
2ff0426967174b018c6702bccd0a0c26,phase1b_combined_stress,15,4,16,7,4,16,5,0.8679254405504773,0.8165785969815478,0.05134684356892949,False,False,True
2ff0426967174b018c6702bccd0a0c26,phase1b_combined_stress,16,4,16,6,4,16,6,0.7765484257488472,0.7351726720434357,0.04137575370541147,False,False,True
2ff0426967174b018c6702bccd0a0c26,phase1b_combined_stress,17,4,16,7,4,16,5,0.8679254405504773,0.8165785969815478,0.05134684356892949,False,False,True
2ff0426967174b018c6702bccd0a0c26,phase1b_combined_stress,18,4,16,6,4,16,6,0.7765484257488472,0.7351726720434357,0.04137575370541147,False,False,True
2ff0426967174b018c6702bccd0a0c26,phase1b_combined_stress,19,4,16,7,4,16,5,0.8679254405504773,0.8165785969815478,0.05134684356892949,False,False,True
2ff0426967174b018c6702bccd0a0c26,phase1b_combined_stress,20,4,16,6,4,16,6,0.7765484257488472,0.7351726720434357,0.04137575370541147,False,False,True
2ff0426967174b018c6702bccd0a0c26,phase1b_combined_stress,21,4,16,7,4,16,5,0.8679254405504773,0.8165785969815478,0.05134684356892949,False,False,True
2ff0426967174b018c6702bccd0a0c26,phase1b_combined_stress,22,4,16,6,4,16,6,0.7765484257488472,0.7351726720434357,0.04137575370541147,False,False,True
2ff0426967174b018c6702bccd0a0c26,phase1b_combined_stress,23,4,16,7,4,16,5,0.8679254405504773,0.8165785969815478,0.05134684356892949,False,False,True
2ff0426967174b018c6702bccd0a0c26,phase1b_combined_stress,24,4,16,6,4,16,6,0.7765484257488472,0.7351726720434357,0.04137575370541147,False,False,True
2ff0426967174b018c6702bccd0a0c26,phase1b_combined_stress,25,4,16,7,4,16,5,0.8679254405504773,0.8165785969815478,0.05134684356892949,False,False,True
2ff0426967174b018c6702bccd0a0c26,phase1b_combined_stress,26,4,16,6,4,16,6,0.7765484257488472,0.7351726720434357,0.04137575370541147,False,False,True
2ff0426967174b018c6702bccd0a0c26,phase1b_combined_stress,27,4,16,7,4,16,5,0.8679254405504773,0.8165785969815478,0.05134684356892949,False,False,True
2ff0426967174b018c6702bccd0a0c26,phase1b_combined_stress,28,4,16,6,4,16,6,0.7765484257488472,0.7351726720434357,0.04137575370541147,False,False,True
31edb04a99d54a228cd891b5b3a953d4,phase1b_combined_stress,0,4,16,4,3,16,9,0.6642697648948153,0.6455130908268756,0.018756674067939683,False,False,True
31edb04a99d54a228cd891b5b3a953d4,phase1b_combined_stress,1,4,16,6,4,16,6,0.7765484257488472,0.7351726720434357,0.04137575370541147,False,False,True
31edb04a99d54a228cd891b5b3a953d4,phase1b_combined_stress,2,4,16,6,5,16,5,0.6445594043687155,0.6175863360217179,0.026973068346997642,False,False,False
31edb04a99d54a228cd891b5b3a953d4,phase1b_combined_stress,3,4,16,6,4,16,6,0.7765484257488472,0.7351726720434357,0.04137575370541147,False,False,True
31edb04a99d54a228cd891b5b3a953d4,phase1b_combined_stress,4,4,16,6,5,16,5,0.6445594043687155,0.6175863360217179,0.026973068346997642,False,False,False
31edb04a99d54a228cd891b5b3a953d4,phase1b_combined_stress,5,4,16,6,4,16,6,0.7765484257488472,0.7351726720434357,0.04137575370541147,False,False,True
31edb04a99d54a228cd891b5b3a953d4,phase1b_combined_stress,6,4,16,6,5,16,5,0.6445594043687155,0.6175863360217179,0.026973068346997642,False,False,False
31edb04a99d54a228cd891b5b3a953d4,phase1b_combined_stress,7,4,16,6,4,16,6,0.7765484257488472,0.7351726720434357,0.04137575370541147,False,False,True
31edb04a99d54a228cd891b5b3a953d4,phase1b_combined_stress,8,4,16,6,5,16,5,0.6445594043687155,0.6175863360217179,0.026973068346997642,False,False,False
31edb04a99d54a228cd891b5b3a953d4,phase1b_combined_stress,9,4,16,6,4,16,6,0.7765484257488472,0.7351726720434357,0.04137575370541147,False,False,True
31edb04a99d54a228cd891b5b3a953d4,phase1b_combined_stress,10,4,16,6,5,16,5,0.6445594043687155,0.6175863360217179,0.026973068346997642,False,False,False
31edb04a99d54a228cd891b5b3a953d4,phase1b_combined_stress,11,4,16,6,4,16,6,0.7765484257488472,0.7351726720434357,0.04137575370541147,False,False,True
31edb04a99d54a228cd891b5b3a953d4,phase1b_combined_stress,12,4,16,6,5,16,5,0.6445594043687155,0.6175863360217179,0.026973068346997642,False,False,False
31f7943298104f7ca228d2e84f6095bc,phase1b_combined_stress,0,4,16,4,3,16,9,0.6642697648948153,0.6455130908268756,0.018756674067939683,False,False,True
31f7943298104f7ca228d2e84f6095bc,phase1b_combined_stress,4,4,16,7,6,16,3,0.6401114226958324,0.6085412332508162,0.03157018944501622,False,False,False
31f7943298104f7ca228d2e84f6095bc,phase1b_combined_stress,8,4,16,7,6,16,3,0.6401114226958324,0.6085412332508162,0.03157018944501622,False,False,False
31f7943298104f7ca228d2e84f6095bc,phase1b_combined_stress,12,4,16,7,6,16,3,0.6401114226958324,0.6085412332508162,0.03157018944501622,False,False,False
337f269bfa614fccb3b774e79baddc39,phase1b_combined_stress,0,4,16,1,1,4,2,0.4999999999917221,0.5000000000000002,-8.278100427361323e-12,False,False,False
337f269bfa614fccb3b774e79baddc39,phase1b_combined_stress,4,4,16,2,1,4,1,0.7634994083736772,0.7122065907891937,0.05129281758448356,False,False,True
337f269bfa614fccb3b774e79baddc39,phase1b_combined_stress,8,4,16,2,1,4,1,0.7634994083736772,0.7122065907891937,0.05129281758448356,False,False,True
337f269bfa614fccb3b774e79baddc39,phase1b_combined_stress,12,4,16,2,1,4,1,0.7634994083736772,0.7122065907891937,0.05129281758448356,False,False,True
33c02724a7464bd8a68a2e0828ac2c91,phase1b_combined_stress,0,4,16,5,1,8,2,0.9825579239654548,0.9527073936836135,0.02985053028184137,False,False,True
33c02724a7464bd8a68a2e0828ac2c91,phase1b_combined_stress,4,4,16,3,2,8,3,0.7032998661141543,0.6697652726313549,0.03353459348279941,False,False,False
33c02724a7464bd8a68a2e0828ac2c91,phase1b_combined_stress,8,4,16,3,2,8,3,0.7032998661141543,0.6697652726313549,0.03353459348279941,False,False,False
33c02724a7464bd8a68a2e0828ac2c91,phase1b_combined_stress,12,4,16,3,2,8,3,0.7032998661141543,0.6697652726313549,0.03353459348279941,False,False,False
36e6abf0f9ad44fa8a2fe532e846cfff,phase1b_combined_stress,0,4,16,1,1,4,2,0.4999999999917221,0.5000000000000002,-8.278100427361323e-12,False,False,False
36e6abf0f9ad44fa8a2fe532e846cfff,phase1b_combined_stress,4,4,16,3,1,4,0,0.9215990534084936,0.83953054526271,0.08206850814578359,False,False,True
36e6abf0f9ad44fa8a2fe532e846cfff,phase1b_combined_stress,8,4,16,3,1,4,0,0.9215990534084936,0.83953054526271,0.08206850814578359,False,False,True
36e6abf0f9ad44fa8a2fe532e846cfff,phase1b_combined_stress,12,4,16,3,1,4,0,0.9215990534084936,0.83953054526271,0.08206850814578359,False,False,True
36e6abf0f9ad44fa8a2fe532e846cfff,phase1b_combined_stress,16,4,16,3,1,4,0,0.9215990534084936,0.83953054526271,0.08206850814578359,False,False,True
36e6abf0f9ad44fa8a2fe532e846cfff,phase1b_combined_stress,20,4,16,3,1,4,0,0.9215990534084936,0.83953054526271,0.08206850814578359,False,False,True
36e6abf0f9ad44fa8a2fe532e846cfff,phase1b_combined_stress,24,4,16,3,1,4,0,0.9215990534084936,0.83953054526271,0.08206850814578359,False,False,True
36e6abf0f9ad44fa8a2fe532e846cfff,phase1b_combined_stress,28,4,16,3,1,4,0,0.9215990534084936,0.83953054526271,0.08206850814578359,False,False,True
379252f59da04b70a2dfeda0e442d507,phase1b_combined_stress,0,4,16,3,3,16,10,0.5000000000000001,0.4999999999999999,2.220446049250313e-16,False,False,True
379252f59da04b70a2dfeda0e442d507,phase1b_combined_stress,1,4,16,5,5,16,6,0.5000000000000002,0.5000000000000003,-1.1102230246251565e-16,False,False,True
379252f59da04b70a2dfeda0e442d507,phase1b_combined_stress,2,4,16,7,5,16,4,0.7668789003730136,0.7170824665016328,0.049796433871380885,False,False,True
379252f59da04b70a2dfeda0e442d507,phase1b_combined_stress,3,4,16,5,5,16,6,0.5000000000000002,0.5000000000000003,-1.1102230246251565e-16,False,False,True
379252f59da04b70a2dfeda0e442d507,phase1b_combined_stress,4,4,16,7,5,16,4,0.7668789003730136,0.7170824665016328,0.049796433871380885,False,False,True
379252f59da04b70a2dfeda0e442d507,phase1b_combined_stress,5,4,16,5,5,16,6,0.5000000000000002,0.5000000000000003,-1.1102230246251565e-16,False,False,True
379252f59da04b70a2dfeda0e442d507,phase1b_combined_stress,6,4,16,7,5,16,4,0.7668789003730136,0.7170824665016328,0.049796433871380885,False,False,True
379252f59da04b70a2dfeda0e442d507,phase1b_combined_stress,7,4,16,5,5,16,6,0.5000000000000002,0.5000000000000003,-1.1102230246251565e-16,False,False,True
379252f59da04b70a2dfeda0e442d507,phase1b_combined_stress,8,4,16,7,5,16,4,0.7668789003730136,0.7170824665016328,0.049796433871380885,False,False,True
379252f59da04b70a2dfeda0e442d507,phase1b_combined_stress,9,4,16,5,5,16,6,0.5000000000000002,0.5000000000000003,-1.1102230246251565e-16,False,False,True
379252f59da04b70a2dfeda0e442d507,phase1b_combined_stress,10,4,16,7,5,16,4,0.7668789003730136,0.7170824665016328,0.049796433871380885,False,False,True
379252f59da04b70a2dfeda0e442d507,phase1b_combined_stress,11,4,16,5,5,16,6,0.5000000000000002,0.5000000000000003,-1.1102230246251565e-16,False,False,True
379252f59da04b70a2dfeda0e442d507,phase1b_combined_stress,12,4,16,7,5,16,4,0.7668789003730136,0.7170824665016328,0.049796433871380885,False,False,True
379252f59da04b70a2dfeda0e442d507,phase1b_combined_stress,13,4,16,5,5,16,6,0.5000000000000002,0.5000000000000003,-1.1102230246251565e-16,False,False,True
379252f59da04b70a2dfeda0e442d507,phase1b_combined_stress,14,4,16,7,5,16,4,0.7668789003730136,0.7170824665016328,0.049796433871380885,False,False,True
379252f59da04b70a2dfeda0e442d507,phase1b_combined_stress,15,4,16,5,5,16,6,0.5000000000000002,0.5000000000000003,-1.1102230246251565e-16,False,False,True
379252f59da04b70a2dfeda0e442d507,phase1b_combined_stress,16,4,16,7,5,16,4,0.7668789003730136,0.7170824665016328,0.049796433871380885,False,False,True
379252f59da04b70a2dfeda0e442d507,phase1b_combined_stress,17,4,16,5,5,16,6,0.5000000000000002,0.5000000000000003,-1.1102230246251565e-16,False,False,True
379252f59da04b70a2dfeda0e442d507,phase1b_combined_stress,18,4,16,7,5,16,4,0.7668789003730136,0.7170824665016328,0.049796433871380885,False,False,True
379252f59da04b70a2dfeda0e442d507,phase1b_combined_stress,19,4,16,5,5,16,6,0.5000000000000002,0.5000000000000003,-1.1102230246251565e-16,False,False,True
379252f59da04b70a2dfeda0e442d507,phase1b_combined_stress,20,4,16,7,5,16,4,0.7668789003730136,0.7170824665016328,0.049796433871380885,False,False,True
3b2bb1a055d04356acded9e4e3731594,phase1b_combined_stress,0,4,16,2,1,4,1,0.7634994083736772,0.7122065907891937,0.05129281758448356,False,False,False
3b2bb1a055d04356acded9e4e3731594,phase1b_combined_stress,4,4,16,3,1,4,0,0.9215990534084936,0.83953054526271,0.08206850814578359,False,False,True
3b2bb1a055d04356acded9e4e3731594,phase1b_combined_stress,8,4,16,3,1,4,0,0.9215990534084936,0.83953054526271,0.08206850814578359,False,False,True
3b2bb1a055d04356acded9e4e3731594,phase1b_combined_stress,12,4,16,3,1,4,0,0.9215990534084936,0.83953054526271,0.08206850814578359,False,False,True
3b2bb1a055d04356acded9e4e3731594,phase1b_combined_stress,16,4,16,3,1,4,0,0.9215990534084936,0.83953054526271,0.08206850814578359,False,False,True
3b2bb1a055d04356acded9e4e3731594,phase1b_combined_stress,20,4,16,3,1,4,0,0.9215990534084936,0.83953054526271,0.08206850814578359,False,False,True
3c51d7cdb9d0412ea227ac3bd0b1aee7,phase1b_combined_stress,0,4,16,2,1,4,1,0.7634994083736772,0.7122065907891937,0.05129281758448356,False,False,False
3c51d7cdb9d0412ea227ac3bd0b1aee7,phase1b_combined_stress,4,4,16,1,1,4,2,0.4999999999917221,0.5000000000000002,-8.278100427361323e-12,False,False,False
3c51d7cdb9d0412ea227ac3bd0b1aee7,phase1b_combined_stress,8,4,16,1,1,4,2,0.4999999999917221,0.5000000000000002,-8.278100427361323e-12,False,False,False
3c51d7cdb9d0412ea227ac3bd0b1aee7,phase1b_combined_stress,12,4,16,1,1,4,2,0.4999999999917221,0.5000000000000002,-8.278100427361323e-12,False,False,False
3c51d7cdb9d0412ea227ac3bd0b1aee7,phase1b_combined_stress,16,4,16,1,1,4,2,0.4999999999917221,0.5000000000000002,-8.278100427361323e-12,False,False,False
3c51d7cdb9d0412ea227ac3bd0b1aee7,phase1b_combined_stress,20,4,16,1,1,4,2,0.4999999999917221,0.5000000000000002,-8.278100427361323e-12,False,False,False
3c51d7cdb9d0412ea227ac3bd0b1aee7,phase1b_combined_stress,24,4,16,1,1,4,2,0.4999999999917221,0.5000000000000002,-8.278100427361323e-12,False,False,False
3c51d7cdb9d0412ea227ac3bd0b1aee7,phase1b_combined_stress,28,4,16,1,1,4,2,0.4999999999917221,0.5000000000000002,-8.278100427361323e-12,False,False,False
3e3f871503664d3583f2900b98116db9,phase1b_combined_stress,0,4,16,2,2,8,4,0.5000000000000222,0.5,2.220446049250313e-14,False,False,False
3e3f871503664d3583f2900b98116db9,phase1b_combined_stress,1,4,16,5,2,8,1,0.9356425702464108,0.8718667876686825,0.06377578257772831,False,False,True
3e3f871503664d3583f2900b98116db9,phase1b_combined_stress,2,4,16,5,2,8,1,0.9356425702464108,0.8718667876686825,0.06377578257772831,False,False,True
3e3f871503664d3583f2900b98116db9,phase1b_combined_stress,3,4,16,5,2,8,1,0.9356425702464108,0.8718667876686825,0.06377578257772831,False,False,True
3e3f871503664d3583f2900b98116db9,phase1b_combined_stress,4,4,16,5,2,8,1,0.9356425702464108,0.8718667876686825,0.06377578257772831,False,False,True
3e3f871503664d3583f2900b98116db9,phase1b_combined_stress,5,4,16,5,2,8,1,0.9356425702464108,0.8718667876686825,0.06377578257772831,False,False,True
3e3f871503664d3583f2900b98116db9,phase1b_combined_stress,6,4,16,5,2,8,1,0.9356425702464108,0.8718667876686825,0.06377578257772831,False,False,True
3e3f871503664d3583f2900b98116db9,phase1b_combined_stress,7,4,16,5,2,8,1,0.9356425702464108,0.8718667876686825,0.06377578257772831,False,False,True
3e3f871503664d3583f2900b98116db9,phase1b_combined_stress,8,4,16,5,2,8,1,0.9356425702464108,0.8718667876686825,0.06377578257772831,False,False,True
3e3f871503664d3583f2900b98116db9,phase1b_combined_stress,9,4,16,5,2,8,1,0.9356425702464108,0.8718667876686825,0.06377578257772831,False,False,True
3e3f871503664d3583f2900b98116db9,phase1b_combined_stress,10,4,16,5,2,8,1,0.9356425702464108,0.8718667876686825,0.06377578257772831,False,False,True
3e3f871503664d3583f2900b98116db9,phase1b_combined_stress,11,4,16,5,2,8,1,0.9356425702464108,0.8718667876686825,0.06377578257772831,False,False,True
3e3f871503664d3583f2900b98116db9,phase1b_combined_stress,12,4,16,5,2,8,1,0.9356425702464108,0.8718667876686825,0.06377578257772831,False,False,True
3e3f871503664d3583f2900b98116db9,phase1b_combined_stress,13,4,16,5,2,8,1,0.9356425702464108,0.8718667876686825,0.06377578257772831,False,False,True
3e3f871503664d3583f2900b98116db9,phase1b_combined_stress,14,4,16,5,2,8,1,0.9356425702464108,0.8718667876686825,0.06377578257772831,False,False,True
3e3f871503664d3583f2900b98116db9,phase1b_combined_stress,15,4,16,5,2,8,1,0.9356425702464108,0.8718667876686825,0.06377578257772831,False,False,True
3e3f871503664d3583f2900b98116db9,phase1b_combined_stress,16,4,16,5,2,8,1,0.9356425702464108,0.8718667876686825,0.06377578257772831,False,False,True
3e3f871503664d3583f2900b98116db9,phase1b_combined_stress,17,4,16,5,2,8,1,0.9356425702464108,0.8718667876686825,0.06377578257772831,False,False,True
3e3f871503664d3583f2900b98116db9,phase1b_combined_stress,18,4,16,5,2,8,1,0.9356425702464108,0.8718667876686825,0.06377578257772831,False,False,True
3e3f871503664d3583f2900b98116db9,phase1b_combined_stress,19,4,16,5,2,8,1,0.9356425702464108,0.8718667876686825,0.06377578257772831,False,False,True
3e3f871503664d3583f2900b98116db9,phase1b_combined_stress,20,4,16,5,2,8,1,0.9356425702464108,0.8718667876686825,0.06377578257772831,False,False,True
3e3f871503664d3583f2900b98116db9,phase1b_combined_stress,21,4,16,5,2,8,1,0.9356425702464108,0.8718667876686825,0.06377578257772831,False,False,True
3e3f871503664d3583f2900b98116db9,phase1b_combined_stress,22,4,16,5,2,8,1,0.9356425702464108,0.8718667876686825,0.06377578257772831,False,False,True
3e3f871503664d3583f2900b98116db9,phase1b_combined_stress,23,4,16,5,2,8,1,0.9356425702464108,0.8718667876686825,0.06377578257772831,False,False,True
3e3f871503664d3583f2900b98116db9,phase1b_combined_stress,24,4,16,5,2,8,1,0.9356425702464108,0.8718667876686825,0.06377578257772831,False,False,True
3e3f871503664d3583f2900b98116db9,phase1b_combined_stress,25,4,16,5,2,8,1,0.9356425702464108,0.8718667876686825,0.06377578257772831,False,False,True
3e3f871503664d3583f2900b98116db9,phase1b_combined_stress,26,4,16,5,2,8,1,0.9356425702464108,0.8718667876686825,0.06377578257772831,False,False,True
3e3f871503664d3583f2900b98116db9,phase1b_combined_stress,27,4,16,5,2,8,1,0.9356425702464108,0.8718667876686825,0.06377578257772831,False,False,True
3e3f871503664d3583f2900b98116db9,phase1b_combined_stress,28,4,16,5,2,8,1,0.9356425702464108,0.8718667876686825,0.06377578257772831,False,False,True
3f2273b1d95844679f8092389fedc637,phase1b_combined_stress,0,4,16,4,3,16,9,0.6642697648948153,0.6455130908268756,0.018756674067939683,False,False,True
3f2273b1d95844679f8092389fedc637,phase1b_combined_stress,4,4,16,9,4,16,3,0.964930119120837,0.9184158128845197,0.04651430623631736,True,False,True
3f2273b1d95844679f8092389fedc637,phase1b_combined_stress,8,4,16,9,4,16,3,0.964930119120837,0.9184158128845197,0.04651430623631736,True,False,True
3f2273b1d95844679f8092389fedc637,phase1b_combined_stress,12,4,16,9,4,16,3,0.964930119120837,0.9184158128845197,0.04651430623631736,True,False,True
408c0f7e064b4f0bab26d9409bdc9dcf,phase1b_combined_stress,0,4,16,2,2,8,4,0.5000000000000222,0.5,2.220446049250313e-14,False,False,True
408c0f7e064b4f0bab26d9409bdc9dcf,phase1b_combined_stress,4,4,16,6,1,8,1,0.9953530204361404,0.9747548316876855,0.02059818874845487,False,False,True
408c0f7e064b4f0bab26d9409bdc9dcf,phase1b_combined_stress,8,4,16,6,1,8,1,0.9953530204361404,0.9747548316876855,0.02059818874845487,False,False,True
408c0f7e064b4f0bab26d9409bdc9dcf,phase1b_combined_stress,12,4,16,6,1,8,1,0.9953530204361404,0.9747548316876855,0.02059818874845487,False,False,True
408c0f7e064b4f0bab26d9409bdc9dcf,phase1b_combined_stress,16,4,16,6,1,8,1,0.9953530204361404,0.9747548316876855,0.02059818874845487,False,False,True
408c0f7e064b4f0bab26d9409bdc9dcf,phase1b_combined_stress,20,4,16,6,1,8,1,0.9953530204361404,0.9747548316876855,0.02059818874845487,False,False,True
408c0f7e064b4f0bab26d9409bdc9dcf,phase1b_combined_stress,24,4,16,6,1,8,1,0.9953530204361404,0.9747548316876855,0.02059818874845487,False,False,True
408c0f7e064b4f0bab26d9409bdc9dcf,phase1b_combined_stress,28,4,16,6,1,8,1,0.9953530204361404,0.9747548316876855,0.02059818874845487,False,False,True
437300fff9e24346bbfd73dc8d9a0574,phase1b_combined_stress,0,4,16,1,1,4,2,0.4999999999917221,0.5000000000000002,-8.278100427361323e-12,False,False,True
437300fff9e24346bbfd73dc8d9a0574,phase1b_combined_stress,1,4,16,2,1,4,1,0.7634994083736772,0.7122065907891937,0.05129281758448356,False,False,True
437300fff9e24346bbfd73dc8d9a0574,phase1b_combined_stress,2,4,16,2,1,4,1,0.7634994083736772,0.7122065907891937,0.05129281758448356,False,False,True
437300fff9e24346bbfd73dc8d9a0574,phase1b_combined_stress,3,4,16,2,1,4,1,0.7634994083736772,0.7122065907891937,0.05129281758448356,False,False,True
437300fff9e24346bbfd73dc8d9a0574,phase1b_combined_stress,4,4,16,2,1,4,1,0.7634994083736772,0.7122065907891937,0.05129281758448356,False,False,True
437300fff9e24346bbfd73dc8d9a0574,phase1b_combined_stress,5,4,16,2,1,4,1,0.7634994083736772,0.7122065907891937,0.05129281758448356,False,False,True
437300fff9e24346bbfd73dc8d9a0574,phase1b_combined_stress,6,4,16,2,1,4,1,0.7634994083736772,0.7122065907891937,0.05129281758448356,False,False,True
437300fff9e24346bbfd73dc8d9a0574,phase1b_combined_stress,7,4,16,2,1,4,1,0.7634994083736772,0.7122065907891937,0.05129281758448356,False,False,True
437300fff9e24346bbfd73dc8d9a0574,phase1b_combined_stress,8,4,16,2,1,4,1,0.7634994083736772,0.7122065907891937,0.05129281758448356,False,False,True
437300fff9e24346bbfd73dc8d9a0574,phase1b_combined_stress,9,4,16,2,1,4,1,0.7634994083736772,0.7122065907891937,0.05129281758448356,False,False,True
437300fff9e24346bbfd73dc8d9a0574,phase1b_combined_stress,10,4,16,2,1,4,1,0.7634994083736772,0.7122065907891937,0.05129281758448356,False,False,True
437300fff9e24346bbfd73dc8d9a0574,phase1b_combined_stress,11,4,16,2,1,4,1,0.7634994083736772,0.7122065907891937,0.05129281758448356,False,False,True
437300fff9e24346bbfd73dc8d9a0574,phase1b_combined_stress,12,4,16,2,1,4,1,0.7634994083736772,0.7122065907891937,0.05129281758448356,False,False,True
46879e6a07e54af68367256a08b6732f,phase1b_combined_stress,0,4,16,4,2,16,10,0.8163713990566811,0.7910261816537514,0.02534521740292972,False,False,True
46879e6a07e54af68367256a08b6732f,phase1b_combined_stress,1,4,16,7,3,16,6,0.9373719717997157,0.89798452191966,0.0393874498800556,False,False,True
46879e6a07e54af68367256a08b6732f,phase1b_combined_stress,2,4,16,4,3,16,9,0.6642697648948153,0.6455130908268756,0.018756674067939683,False,False,False
46879e6a07e54af68367256a08b6732f,phase1b_combined_stress,3,4,16,7,3,16,6,0.9373719717997157,0.89798452191966,0.0393874498800556,False,False,True
46879e6a07e54af68367256a08b6732f,phase1b_combined_stress,4,4,16,4,3,16,9,0.6642697648948153,0.6455130908268756,0.018756674067939683,False,False,False
46879e6a07e54af68367256a08b6732f,phase1b_combined_stress,5,4,16,7,3,16,6,0.9373719717997157,0.89798452191966,0.0393874498800556,False,False,True
46879e6a07e54af68367256a08b6732f,phase1b_combined_stress,6,4,16,4,3,16,9,0.6642697648948153,0.6455130908268756,0.018756674067939683,False,False,False
46879e6a07e54af68367256a08b6732f,phase1b_combined_stress,7,4,16,7,3,16,6,0.9373719717997157,0.89798452191966,0.0393874498800556,False,False,True
46879e6a07e54af68367256a08b6732f,phase1b_combined_stress,8,4,16,4,3,16,9,0.6642697648948153,0.6455130908268756,0.018756674067939683,False,False,False
46879e6a07e54af68367256a08b6732f,phase1b_combined_stress,9,4,16,7,3,16,6,0.9373719717997157,0.89798452191966,0.0393874498800556,False,False,True
46879e6a07e54af68367256a08b6732f,phase1b_combined_stress,10,4,16,4,3,16,9,0.6642697648948153,0.6455130908268756,0.018756674067939683,False,False,False
46879e6a07e54af68367256a08b6732f,phase1b_combined_stress,11,4,16,7,3,16,6,0.9373719717997157,0.89798452191966,0.0393874498800556,False,False,True
46879e6a07e54af68367256a08b6732f,phase1b_combined_stress,12,4,16,4,3,16,9,0.6642697648948153,0.6455130908268756,0.018756674067939683,False,False,False
46879e6a07e54af68367256a08b6732f,phase1b_combined_stress,13,4,16,7,3,16,6,0.9373719717997157,0.89798452191966,0.0393874498800556,False,False,True
46879e6a07e54af68367256a08b6732f,phase1b_combined_stress,14,4,16,4,3,16,9,0.6642697648948153,0.6455130908268756,0.018756674067939683,False,False,False
46879e6a07e54af68367256a08b6732f,phase1b_combined_stress,15,4,16,7,3,16,6,0.9373719717997157,0.89798452191966,0.0393874498800556,False,False,True
46879e6a07e54af68367256a08b6732f,phase1b_combined_stress,16,4,16,4,3,16,9,0.6642697648948153,0.6455130908268756,0.018756674067939683,False,False,False
46879e6a07e54af68367256a08b6732f,phase1b_combined_stress,17,4,16,7,3,16,6,0.9373719717997157,0.89798452191966,0.0393874498800556,False,False,True
46879e6a07e54af68367256a08b6732f,phase1b_combined_stress,18,4,16,4,3,16,9,0.6642697648948153,0.6455130908268756,0.018756674067939683,False,False,False
46879e6a07e54af68367256a08b6732f,phase1b_combined_stress,19,4,16,7,3,16,6,0.9373719717997157,0.89798452191966,0.0393874498800556,False,False,True
46879e6a07e54af68367256a08b6732f,phase1b_combined_stress,20,4,16,4,3,16,9,0.6642697648948153,0.6455130908268756,0.018756674067939683,False,False,False
4761e3e5d8384729b52c7ba9ea7dc098,phase1b_combined_stress,0,4,16,5,3,16,8,0.7920351375907829,0.7586899392477793,0.033345198343003646,False,False,True
4761e3e5d8384729b52c7ba9ea7dc098,phase1b_combined_stress,4,4,16,11,4,16,1,0.9940404797258624,0.9664696715683176,0.027570808157544757,False,False,True
4761e3e5d8384729b52c7ba9ea7dc098,phase1b_combined_stress,8,4,16,11,4,16,1,0.9940404797258624,0.9664696715683176,0.027570808157544757,False,False,True
4761e3e5d8384729b52c7ba9ea7dc098,phase1b_combined_stress,12,4,16,11,4,16,1,0.9940404797258624,0.9664696715683176,0.027570808157544757,False,False,True
4761e3e5d8384729b52c7ba9ea7dc098,phase1b_combined_stress,16,4,16,11,4,16,1,0.9940404797258624,0.9664696715683176,0.027570808157544757,False,False,True
4761e3e5d8384729b52c7ba9ea7dc098,phase1b_combined_stress,20,4,16,11,4,16,1,0.9940404797258624,0.9664696715683176,0.027570808157544757,False,False,True
47789c1cf82749b58b1fe4ba81ba8e28,phase1b_combined_stress,0,4,16,2,2,8,4,0.5000000000000222,0.5,2.220446049250313e-14,False,False,True
47789c1cf82749b58b1fe4ba81ba8e28,phase1b_combined_stress,1,4,16,3,2,8,3,0.7032998661141543,0.6697652726313549,0.03353459348279941,False,False,True
47789c1cf82749b58b1fe4ba81ba8e28,phase1b_combined_stress,2,4,16,3,1,8,4,0.8753228297506488,0.83953054526271,0.03579228448793881,False,False,True
47789c1cf82749b58b1fe4ba81ba8e28,phase1b_combined_stress,3,4,16,3,2,8,3,0.7032998661141543,0.6697652726313549,0.03353459348279941,False,False,True
47789c1cf82749b58b1fe4ba81ba8e28,phase1b_combined_stress,4,4,16,3,1,8,4,0.8753228297506488,0.83953054526271,0.03579228448793881,False,False,True
47789c1cf82749b58b1fe4ba81ba8e28,phase1b_combined_stress,5,4,16,3,2,8,3,0.7032998661141543,0.6697652726313549,0.03353459348279941,False,False,True
47789c1cf82749b58b1fe4ba81ba8e28,phase1b_combined_stress,6,4,16,3,1,8,4,0.8753228297506488,0.83953054526271,0.03579228448793881,False,False,True
47789c1cf82749b58b1fe4ba81ba8e28,phase1b_combined_stress,7,4,16,3,2,8,3,0.7032998661141543,0.6697652726313549,0.03353459348279941,False,False,True
47789c1cf82749b58b1fe4ba81ba8e28,phase1b_combined_stress,8,4,16,3,1,8,4,0.8753228297506488,0.83953054526271,0.03579228448793881,False,False,True
47789c1cf82749b58b1fe4ba81ba8e28,phase1b_combined_stress,9,4,16,3,2,8,3,0.7032998661141543,0.6697652726313549,0.03353459348279941,False,False,True
47789c1cf82749b58b1fe4ba81ba8e28,phase1b_combined_stress,10,4,16,3,1,8,4,0.8753228297506488,0.83953054526271,0.03579228448793881,False,False,True
47789c1cf82749b58b1fe4ba81ba8e28,phase1b_combined_stress,11,4,16,3,2,8,3,0.7032998661141543,0.6697652726313549,0.03353459348279941,False,False,True
47789c1cf82749b58b1fe4ba81ba8e28,phase1b_combined_stress,12,4,16,3,1,8,4,0.8753228297506488,0.83953054526271,0.03579228448793881,False,False,True
47789c1cf82749b58b1fe4ba81ba8e28,phase1b_combined_stress,13,4,16,3,2,8,3,0.7032998661141543,0.6697652726313549,0.03353459348279941,False,False,True
47789c1cf82749b58b1fe4ba81ba8e28,phase1b_combined_stress,14,4,16,3,1,8,4,0.8753228297506488,0.83953054526271,0.03579228448793881,False,False,True
47789c1cf82749b58b1fe4ba81ba8e28,phase1b_combined_stress,15,4,16,3,2,8,3,0.7032998661141543,0.6697652726313549,0.03353459348279941,False,False,True
47789c1cf82749b58b1fe4ba81ba8e28,phase1b_combined_stress,16,4,16,3,1,8,4,0.8753228297506488,0.83953054526271,0.03579228448793881,False,False,True
47789c1cf82749b58b1fe4ba81ba8e28,phase1b_combined_stress,17,4,16,3,2,8,3,0.7032998661141543,0.6697652726313549,0.03353459348279941,False,False,True
47789c1cf82749b58b1fe4ba81ba8e28,phase1b_combined_stress,18,4,16,3,1,8,4,0.8753228297506488,0.83953054526271,0.03579228448793881,False,False,True
47789c1cf82749b58b1fe4ba81ba8e28,phase1b_combined_stress,19,4,16,3,2,8,3,0.7032998661141543,0.6697652726313549,0.03353459348279941,False,False,True
47789c1cf82749b58b1fe4ba81ba8e28,phase1b_combined_stress,20,4,16,3,1,8,4,0.8753228297506488,0.83953054526271,0.03579228448793881,False,False,True
4883c5cec34646edadd4a7fb46e2c9bb,phase1b_combined_stress,0,4,16,1,1,4,2,0.4999999999917221,0.5000000000000002,-8.278100427361323e-12,False,False,False
4883c5cec34646edadd4a7fb46e2c9bb,phase1b_combined_stress,1,4,16,2,2,4,0,0.4999999999933499,0.5,-6.650124895202225e-12,False,False,False
4883c5cec34646edadd4a7fb46e2c9bb,phase1b_combined_stress,2,4,16,2,1,4,1,0.7634994083736772,0.7122065907891937,0.05129281758448356,False,False,True
4883c5cec34646edadd4a7fb46e2c9bb,phase1b_combined_stress,3,4,16,2,2,4,0,0.4999999999933499,0.5,-6.650124895202225e-12,False,False,False
4883c5cec34646edadd4a7fb46e2c9bb,phase1b_combined_stress,4,4,16,2,1,4,1,0.7634994083736772,0.7122065907891937,0.05129281758448356,False,False,True
4883c5cec34646edadd4a7fb46e2c9bb,phase1b_combined_stress,5,4,16,2,2,4,0,0.4999999999933499,0.5,-6.650124895202225e-12,False,False,False
4883c5cec34646edadd4a7fb46e2c9bb,phase1b_combined_stress,6,4,16,2,1,4,1,0.7634994083736772,0.7122065907891937,0.05129281758448356,False,False,True
4883c5cec34646edadd4a7fb46e2c9bb,phase1b_combined_stress,7,4,16,2,2,4,0,0.4999999999933499,0.5,-6.650124895202225e-12,False,False,False
4883c5cec34646edadd4a7fb46e2c9bb,phase1b_combined_stress,8,4,16,2,1,4,1,0.7634994083736772,0.7122065907891937,0.05129281758448356,False,False,True
4883c5cec34646edadd4a7fb46e2c9bb,phase1b_combined_stress,9,4,16,2,2,4,0,0.4999999999933499,0.5,-6.650124895202225e-12,False,False,False
4883c5cec34646edadd4a7fb46e2c9bb,phase1b_combined_stress,10,4,16,2,1,4,1,0.7634994083736772,0.7122065907891937,0.05129281758448356,False,False,True
4883c5cec34646edadd4a7fb46e2c9bb,phase1b_combined_stress,11,4,16,2,2,4,0,0.4999999999933499,0.5,-6.650124895202225e-12,False,False,False
4883c5cec34646edadd4a7fb46e2c9bb,phase1b_combined_stress,12,4,16,2,1,4,1,0.7634994083736772,0.7122065907891937,0.05129281758448356,False,False,True
4883c5cec34646edadd4a7fb46e2c9bb,phase1b_combined_stress,13,4,16,2,2,4,0,0.4999999999933499,0.5,-6.650124895202225e-12,False,False,False
4883c5cec34646edadd4a7fb46e2c9bb,phase1b_combined_stress,14,4,16,2,1,4,1,0.7634994083736772,0.7122065907891937,0.05129281758448356,False,False,True
4883c5cec34646edadd4a7fb46e2c9bb,phase1b_combined_stress,15,4,16,2,2,4,0,0.4999999999933499,0.5,-6.650124895202225e-12,False,False,False
4883c5cec34646edadd4a7fb46e2c9bb,phase1b_combined_stress,16,4,16,2,1,4,1,0.7634994083736772,0.7122065907891937,0.05129281758448356,False,False,True
4883c5cec34646edadd4a7fb46e2c9bb,phase1b_combined_stress,17,4,16,2,2,4,0,0.4999999999933499,0.5,-6.650124895202225e-12,False,False,False
4883c5cec34646edadd4a7fb46e2c9bb,phase1b_combined_stress,18,4,16,2,1,4,1,0.7634994083736772,0.7122065907891937,0.05129281758448356,False,False,True
4883c5cec34646edadd4a7fb46e2c9bb,phase1b_combined_stress,19,4,16,2,2,4,0,0.4999999999933499,0.5,-6.650124895202225e-12,False,False,False
4883c5cec34646edadd4a7fb46e2c9bb,phase1b_combined_stress,20,4,16,2,1,4,1,0.7634994083736772,0.7122065907891937,0.05129281758448356,False,False,True
491734747b5b486abf9719e4e497d3f8,phase1b_combined_stress,0,4,16,4,3,16,9,0.6642697648948153,0.6455130908268756,0.018756674067939683,False,False,False
491734747b5b486abf9719e4e497d3f8,phase1b_combined_stress,1,4,16,7,3,16,6,0.9373719717997157,0.89798452191966,0.0393874498800556,False,False,True
491734747b5b486abf9719e4e497d3f8,phase1b_combined_stress,2,4,16,7,5,16,4,0.7668789003730136,0.7170824665016328,0.049796433871380885,False,False,False
491734747b5b486abf9719e4e497d3f8,phase1b_combined_stress,3,4,16,7,3,16,6,0.9373719717997157,0.89798452191966,0.0393874498800556,False,False,True
491734747b5b486abf9719e4e497d3f8,phase1b_combined_stress,4,4,16,7,5,16,4,0.7668789003730136,0.7170824665016328,0.049796433871380885,False,False,False
491734747b5b486abf9719e4e497d3f8,phase1b_combined_stress,5,4,16,7,3,16,6,0.9373719717997157,0.89798452191966,0.0393874498800556,False,False,True
491734747b5b486abf9719e4e497d3f8,phase1b_combined_stress,6,4,16,7,5,16,4,0.7668789003730136,0.7170824665016328,0.049796433871380885,False,False,False
491734747b5b486abf9719e4e497d3f8,phase1b_combined_stress,7,4,16,7,3,16,6,0.9373719717997157,0.89798452191966,0.0393874498800556,False,False,True
491734747b5b486abf9719e4e497d3f8,phase1b_combined_stress,8,4,16,7,5,16,4,0.7668789003730136,0.7170824665016328,0.049796433871380885,False,False,False
491734747b5b486abf9719e4e497d3f8,phase1b_combined_stress,9,4,16,7,3,16,6,0.9373719717997157,0.89798452191966,0.0393874498800556,False,False,True
491734747b5b486abf9719e4e497d3f8,phase1b_combined_stress,10,4,16,7,5,16,4,0.7668789003730136,0.7170824665016328,0.049796433871380885,False,False,False
491734747b5b486abf9719e4e497d3f8,phase1b_combined_stress,11,4,16,7,3,16,6,0.9373719717997157,0.89798452191966,0.0393874498800556,False,False,True
491734747b5b486abf9719e4e497d3f8,phase1b_combined_stress,12,4,16,7,5,16,4,0.7668789003730136,0.7170824665016328,0.049796433871380885,False,False,False
4bc8b152f5f94e2fb73c766128beff51,phase1b_combined_stress,0,4,16,2,1,4,1,0.7634994083736772,0.7122065907891937,0.05129281758448356,False,False,False
4bc8b152f5f94e2fb73c766128beff51,phase1b_combined_stress,1,4,16,2,1,4,1,0.7634994083736772,0.7122065907891937,0.05129281758448356,False,False,True
4bc8b152f5f94e2fb73c766128beff51,phase1b_combined_stress,2,4,16,2,2,4,0,0.4999999999933499,0.5,-6.650124895202225e-12,False,False,False
4bc8b152f5f94e2fb73c766128beff51,phase1b_combined_stress,3,4,16,2,1,4,1,0.7634994083736772,0.7122065907891937,0.05129281758448356,False,False,True
4bc8b152f5f94e2fb73c766128beff51,phase1b_combined_stress,4,4,16,2,2,4,0,0.4999999999933499,0.5,-6.650124895202225e-12,False,False,False
4bc8b152f5f94e2fb73c766128beff51,phase1b_combined_stress,5,4,16,2,1,4,1,0.7634994083736772,0.7122065907891937,0.05129281758448356,False,False,True
4bc8b152f5f94e2fb73c766128beff51,phase1b_combined_stress,6,4,16,2,2,4,0,0.4999999999933499,0.5,-6.650124895202225e-12,False,False,False
4bc8b152f5f94e2fb73c766128beff51,phase1b_combined_stress,7,4,16,2,1,4,1,0.7634994083736772,0.7122065907891937,0.05129281758448356,False,False,True
4bc8b152f5f94e2fb73c766128beff51,phase1b_combined_stress,8,4,16,2,2,4,0,0.4999999999933499,0.5,-6.650124895202225e-12,False,False,False
4bc8b152f5f94e2fb73c766128beff51,phase1b_combined_stress,9,4,16,2,1,4,1,0.7634994083736772,0.7122065907891937,0.05129281758448356,False,False,True
4bc8b152f5f94e2fb73c766128beff51,phase1b_combined_stress,10,4,16,2,2,4,0,0.4999999999933499,0.5,-6.650124895202225e-12,False,False,False
4bc8b152f5f94e2fb73c766128beff51,phase1b_combined_stress,11,4,16,2,1,4,1,0.7634994083736772,0.7122065907891937,0.05129281758448356,False,False,True
4bc8b152f5f94e2fb73c766128beff51,phase1b_combined_stress,12,4,16,2,2,4,0,0.4999999999933499,0.5,-6.650124895202225e-12,False,False,False
4c085f27b3c8493a8c4695207ea04783,phase1b_combined_stress,0,4,16,4,2,8,2,0.8485140562026603,0.7910261816537514,0.05748787454890891,False,False,False
4c085f27b3c8493a8c4695207ea04783,phase1b_combined_stress,4,4,16,6,2,8,0,0.978766784272842,0.9233108096781839,0.05545597459465812,True,False,True
4c085f27b3c8493a8c4695207ea04783,phase1b_combined_stress,8,4,16,6,2,8,0,0.978766784272842,0.9233108096781839,0.05545597459465812,True,False,True
4c085f27b3c8493a8c4695207ea04783,phase1b_combined_stress,12,4,16,6,2,8,0,0.978766784272842,0.9233108096781839,0.05545597459465812,True,False,True
4c085f27b3c8493a8c4695207ea04783,phase1b_combined_stress,16,4,16,6,2,8,0,0.978766784272842,0.9233108096781839,0.05545597459465812,True,False,True
4c085f27b3c8493a8c4695207ea04783,phase1b_combined_stress,20,4,16,6,2,8,0,0.978766784272842,0.9233108096781839,0.05545597459465812,True,False,True
4f6501ac3f4048c08be157aff612b756,phase1b_combined_stress,0,4,16,4,3,16,9,0.6642697648948153,0.6455130908268756,0.018756674067939683,False,False,False
4f6501ac3f4048c08be157aff612b756,phase1b_combined_stress,1,4,16,5,5,16,6,0.5000000000000002,0.5000000000000003,-1.1102230246251565e-16,False,False,True
4f6501ac3f4048c08be157aff612b756,phase1b_combined_stress,2,4,16,6,4,16,6,0.7765484257488472,0.7351726720434357,0.04137575370541147,False,False,True
4f6501ac3f4048c08be157aff612b756,phase1b_combined_stress,3,4,16,5,5,16,6,0.5000000000000002,0.5000000000000003,-1.1102230246251565e-16,False,False,True
4f6501ac3f4048c08be157aff612b756,phase1b_combined_stress,4,4,16,6,4,16,6,0.7765484257488472,0.7351726720434357,0.04137575370541147,False,False,True
4f6501ac3f4048c08be157aff612b756,phase1b_combined_stress,5,4,16,5,5,16,6,0.5000000000000002,0.5000000000000003,-1.1102230246251565e-16,False,False,True
4f6501ac3f4048c08be157aff612b756,phase1b_combined_stress,6,4,16,6,4,16,6,0.7765484257488472,0.7351726720434357,0.04137575370541147,False,False,True
4f6501ac3f4048c08be157aff612b756,phase1b_combined_stress,7,4,16,5,5,16,6,0.5000000000000002,0.5000000000000003,-1.1102230246251565e-16,False,False,True
4f6501ac3f4048c08be157aff612b756,phase1b_combined_stress,8,4,16,6,4,16,6,0.7765484257488472,0.7351726720434357,0.04137575370541147,False,False,True
4f6501ac3f4048c08be157aff612b756,phase1b_combined_stress,9,4,16,5,5,16,6,0.5000000000000002,0.5000000000000003,-1.1102230246251565e-16,False,False,True
4f6501ac3f4048c08be157aff612b756,phase1b_combined_stress,10,4,16,6,4,16,6,0.7765484257488472,0.7351726720434357,0.04137575370541147,False,False,True
4f6501ac3f4048c08be157aff612b756,phase1b_combined_stress,11,4,16,5,5,16,6,0.5000000000000002,0.5000000000000003,-1.1102230246251565e-16,False,False,True
4f6501ac3f4048c08be157aff612b756,phase1b_combined_stress,12,4,16,6,4,16,6,0.7765484257488472,0.7351726720434357,0.04137575370541147,False,False,True
4f6501ac3f4048c08be157aff612b756,phase1b_combined_stress,13,4,16,5,5,16,6,0.5000000000000002,0.5000000000000003,-1.1102230246251565e-16,False,False,True
4f6501ac3f4048c08be157aff612b756,phase1b_combined_stress,14,4,16,6,4,16,6,0.7765484257488472,0.7351726720434357,0.04137575370541147,False,False,True
4f6501ac3f4048c08be157aff612b756,phase1b_combined_stress,15,4,16,5,5,16,6,0.5000000000000002,0.5000000000000003,-1.1102230246251565e-16,False,False,True
4f6501ac3f4048c08be157aff612b756,phase1b_combined_stress,16,4,16,6,4,16,6,0.7765484257488472,0.7351726720434357,0.04137575370541147,False,False,True
4f6501ac3f4048c08be157aff612b756,phase1b_combined_stress,17,4,16,5,5,16,6,0.5000000000000002,0.5000000000000003,-1.1102230246251565e-16,False,False,True
4f6501ac3f4048c08be157aff612b756,phase1b_combined_stress,18,4,16,6,4,16,6,0.7765484257488472,0.7351726720434357,0.04137575370541147,False,False,True
4f6501ac3f4048c08be157aff612b756,phase1b_combined_stress,19,4,16,5,5,16,6,0.5000000000000002,0.5000000000000003,-1.1102230246251565e-16,False,False,True
4f6501ac3f4048c08be157aff612b756,phase1b_combined_stress,20,4,16,6,4,16,6,0.7765484257488472,0.7351726720434357,0.04137575370541147,False,False,True
4f756357263844feb2828526078e9c3b,phase1b_combined_stress,0,4,16,2,1,4,1,0.7634994083736772,0.7122065907891937,0.05129281758448356,False,False,False
4f756357263844feb2828526078e9c3b,phase1b_combined_stress,4,4,16,3,1,4,0,0.9215990534084936,0.83953054526271,0.08206850814578359,False,False,False
4f756357263844feb2828526078e9c3b,phase1b_combined_stress,8,4,16,3,1,4,0,0.9215990534084936,0.83953054526271,0.08206850814578359,False,False,False
4f756357263844feb2828526078e9c3b,phase1b_combined_stress,12,4,16,3,1,4,0,0.9215990534084936,0.83953054526271,0.08206850814578359,False,False,False
514758103f774977bc6a12480c5c0d5d,phase1b_combined_stress,0,4,16,3,3,16,10,0.5000000000000001,0.4999999999999999,2.220446049250313e-16,False,False,False
514758103f774977bc6a12480c5c0d5d,phase1b_combined_stress,4,4,16,7,6,16,3,0.6401114226958324,0.6085412332508162,0.03157018944501622,False,False,True
514758103f774977bc6a12480c5c0d5d,phase1b_combined_stress,8,4,16,7,6,16,3,0.6401114226958324,0.6085412332508162,0.03157018944501622,False,False,True
514758103f774977bc6a12480c5c0d5d,phase1b_combined_stress,12,4,16,7,6,16,3,0.6401114226958324,0.6085412332508162,0.03157018944501622,False,False,True
514758103f774977bc6a12480c5c0d5d,phase1b_combined_stress,16,4,16,7,6,16,3,0.6401114226958324,0.6085412332508162,0.03157018944501622,False,False,True
514758103f774977bc6a12480c5c0d5d,phase1b_combined_stress,20,4,16,7,6,16,3,0.6401114226958324,0.6085412332508162,0.03157018944501622,False,False,True
514758103f774977bc6a12480c5c0d5d,phase1b_combined_stress,24,4,16,7,6,16,3,0.6401114226958324,0.6085412332508162,0.03157018944501622,False,False,True
514758103f774977bc6a12480c5c0d5d,phase1b_combined_stress,28,4,16,7,6,16,3,0.6401114226958324,0.6085412332508162,0.03157018944501622,False,False,True
5194fd1d4b074b369c6f3d5ff8c3cdf2,phase1b_combined_stress,0,4,16,6,3,16,7,0.881083730681911,0.8410003744629815,0.040083356218929556,False,False,False
5194fd1d4b074b369c6f3d5ff8c3cdf2,phase1b_combined_stress,1,4,16,7,4,16,5,0.8679254405504773,0.8165785969815478,0.05134684356892949,False,False,False
5194fd1d4b074b369c6f3d5ff8c3cdf2,phase1b_combined_stress,2,4,16,7,4,16,5,0.8679254405504773,0.8165785969815478,0.05134684356892949,False,False,False
5194fd1d4b074b369c6f3d5ff8c3cdf2,phase1b_combined_stress,3,4,16,7,4,16,5,0.8679254405504773,0.8165785969815478,0.05134684356892949,False,False,False
5194fd1d4b074b369c6f3d5ff8c3cdf2,phase1b_combined_stress,4,4,16,7,4,16,5,0.8679254405504773,0.8165785969815478,0.05134684356892949,False,False,False
5194fd1d4b074b369c6f3d5ff8c3cdf2,phase1b_combined_stress,5,4,16,7,4,16,5,0.8679254405504773,0.8165785969815478,0.05134684356892949,False,False,False
5194fd1d4b074b369c6f3d5ff8c3cdf2,phase1b_combined_stress,6,4,16,7,4,16,5,0.8679254405504773,0.8165785969815478,0.05134684356892949,False,False,False
5194fd1d4b074b369c6f3d5ff8c3cdf2,phase1b_combined_stress,7,4,16,7,4,16,5,0.8679254405504773,0.8165785969815478,0.05134684356892949,False,False,False
5194fd1d4b074b369c6f3d5ff8c3cdf2,phase1b_combined_stress,8,4,16,7,4,16,5,0.8679254405504773,0.8165785969815478,0.05134684356892949,False,False,False
5194fd1d4b074b369c6f3d5ff8c3cdf2,phase1b_combined_stress,9,4,16,7,4,16,5,0.8679254405504773,0.8165785969815478,0.05134684356892949,False,False,False
5194fd1d4b074b369c6f3d5ff8c3cdf2,phase1b_combined_stress,10,4,16,7,4,16,5,0.8679254405504773,0.8165785969815478,0.05134684356892949,False,False,False
5194fd1d4b074b369c6f3d5ff8c3cdf2,phase1b_combined_stress,11,4,16,7,4,16,5,0.8679254405504773,0.8165785969815478,0.05134684356892949,False,False,False
5194fd1d4b074b369c6f3d5ff8c3cdf2,phase1b_combined_stress,12,4,16,7,4,16,5,0.8679254405504773,0.8165785969815478,0.05134684356892949,False,False,False
5194fd1d4b074b369c6f3d5ff8c3cdf2,phase1b_combined_stress,13,4,16,7,4,16,5,0.8679254405504773,0.8165785969815478,0.05134684356892949,False,False,False
5194fd1d4b074b369c6f3d5ff8c3cdf2,phase1b_combined_stress,14,4,16,7,4,16,5,0.8679254405504773,0.8165785969815478,0.05134684356892949,False,False,False
5194fd1d4b074b369c6f3d5ff8c3cdf2,phase1b_combined_stress,15,4,16,7,4,16,5,0.8679254405504773,0.8165785969815478,0.05134684356892949,False,False,False
5194fd1d4b074b369c6f3d5ff8c3cdf2,phase1b_combined_stress,16,4,16,7,4,16,5,0.8679254405504773,0.8165785969815478,0.05134684356892949,False,False,False
5194fd1d4b074b369c6f3d5ff8c3cdf2,phase1b_combined_stress,17,4,16,7,4,16,5,0.8679254405504773,0.8165785969815478,0.05134684356892949,False,False,False
5194fd1d4b074b369c6f3d5ff8c3cdf2,phase1b_combined_stress,18,4,16,7,4,16,5,0.8679254405504773,0.8165785969815478,0.05134684356892949,False,False,False
5194fd1d4b074b369c6f3d5ff8c3cdf2,phase1b_combined_stress,19,4,16,7,4,16,5,0.8679254405504773,0.8165785969815478,0.05134684356892949,False,False,False
5194fd1d4b074b369c6f3d5ff8c3cdf2,phase1b_combined_stress,20,4,16,7,4,16,5,0.8679254405504773,0.8165785969815478,0.05134684356892949,False,False,False
51da16d8e3f14c0f97ce5483d88faa51,phase1b_combined_stress,0,4,16,1,1,4,2,0.4999999999917221,0.5000000000000002,-8.278100427361323e-12,False,False,False
51da16d8e3f14c0f97ce5483d88faa51,phase1b_combined_stress,4,4,16,3,1,4,0,0.9215990534084936,0.83953054526271,0.08206850814578359,False,False,True
51da16d8e3f14c0f97ce5483d88faa51,phase1b_combined_stress,8,4,16,3,1,4,0,0.9215990534084936,0.83953054526271,0.08206850814578359,False,False,True
51da16d8e3f14c0f97ce5483d88faa51,phase1b_combined_stress,12,4,16,3,1,4,0,0.9215990534084936,0.83953054526271,0.08206850814578359,False,False,True
51da16d8e3f14c0f97ce5483d88faa51,phase1b_combined_stress,16,4,16,3,1,4,0,0.9215990534084936,0.83953054526271,0.08206850814578359,False,False,True
51da16d8e3f14c0f97ce5483d88faa51,phase1b_combined_stress,20,4,16,3,1,4,0,0.9215990534084936,0.83953054526271,0.08206850814578359,False,False,True
538933d47935494dbf59e45f18ce24fc,phase1b_combined_stress,0,4,16,6,4,16,6,0.7765484257488472,0.7351726720434357,0.04137575370541147,False,False,False
538933d47935494dbf59e45f18ce24fc,phase1b_combined_stress,4,4,16,8,5,16,3,0.8598417173362801,0.7966793708855651,0.06316234645071506,False,False,True
538933d47935494dbf59e45f18ce24fc,phase1b_combined_stress,8,4,16,8,5,16,3,0.8598417173362801,0.7966793708855651,0.06316234645071506,False,False,True
538933d47935494dbf59e45f18ce24fc,phase1b_combined_stress,12,4,16,8,5,16,3,0.8598417173362801,0.7966793708855651,0.06316234645071506,False,False,True
55a46184bd6d4e65be9870be4ebcda2e,phase1b_combined_stress,0,4,16,1,1,4,2,0.4999999999917221,0.5000000000000002,-8.278100427361323e-12,False,False,False
55a46184bd6d4e65be9870be4ebcda2e,phase1b_combined_stress,4,4,16,1,1,4,2,0.4999999999917221,0.5000000000000002,-8.278100427361323e-12,False,False,True
55a46184bd6d4e65be9870be4ebcda2e,phase1b_combined_stress,8,4,16,1,1,4,2,0.4999999999917221,0.5000000000000002,-8.278100427361323e-12,False,False,True
55a46184bd6d4e65be9870be4ebcda2e,phase1b_combined_stress,12,4,16,1,1,4,2,0.4999999999917221,0.5000000000000002,-8.278100427361323e-12,False,False,True
55b6a18c86dd4569b89846c0a8b2c77b,phase1b_combined_stress,0,4,16,5,4,16,7,0.6521016341618664,0.6293449696238899,0.022756664537976534,False,False,False
55b6a18c86dd4569b89846c0a8b2c77b,phase1b_combined_stress,1,4,16,5,4,16,7,0.6521016341618664,0.6293449696238899,0.022756664537976534,False,False,True
55b6a18c86dd4569b89846c0a8b2c77b,phase1b_combined_stress,2,4,16,7,3,16,6,0.9373719717997157,0.89798452191966,0.0393874498800556,False,False,True
55b6a18c86dd4569b89846c0a8b2c77b,phase1b_combined_stress,3,4,16,5,4,16,7,0.6521016341618664,0.6293449696238899,0.022756664537976534,False,False,True
55b6a18c86dd4569b89846c0a8b2c77b,phase1b_combined_stress,4,4,16,7,3,16,6,0.9373719717997157,0.89798452191966,0.0393874498800556,False,False,True
55b6a18c86dd4569b89846c0a8b2c77b,phase1b_combined_stress,5,4,16,5,4,16,7,0.6521016341618664,0.6293449696238899,0.022756664537976534,False,False,True
55b6a18c86dd4569b89846c0a8b2c77b,phase1b_combined_stress,6,4,16,7,3,16,6,0.9373719717997157,0.89798452191966,0.0393874498800556,False,False,True
55b6a18c86dd4569b89846c0a8b2c77b,phase1b_combined_stress,7,4,16,5,4,16,7,0.6521016341618664,0.6293449696238899,0.022756664537976534,False,False,True
55b6a18c86dd4569b89846c0a8b2c77b,phase1b_combined_stress,8,4,16,7,3,16,6,0.9373719717997157,0.89798452191966,0.0393874498800556,False,False,True
55b6a18c86dd4569b89846c0a8b2c77b,phase1b_combined_stress,9,4,16,5,4,16,7,0.6521016341618664,0.6293449696238899,0.022756664537976534,False,False,True
55b6a18c86dd4569b89846c0a8b2c77b,phase1b_combined_stress,10,4,16,7,3,16,6,0.9373719717997157,0.89798452191966,0.0393874498800556,False,False,True
55b6a18c86dd4569b89846c0a8b2c77b,phase1b_combined_stress,11,4,16,5,4,16,7,0.6521016341618664,0.6293449696238899,0.022756664537976534,False,False,True
55b6a18c86dd4569b89846c0a8b2c77b,phase1b_combined_stress,12,4,16,7,3,16,6,0.9373719717997157,0.89798452191966,0.0393874498800556,False,False,True
56e33dc288494d49b2c9bd81d8a5940a,phase1b_combined_stress,0,4,16,4,2,8,2,0.8485140562026603,0.7910261816537514,0.05748787454890891,False,False,True
56e33dc288494d49b2c9bd81d8a5940a,phase1b_combined_stress,1,4,16,4,2,8,2,0.8485140562026603,0.7910261816537514,0.05748787454890891,False,False,True
56e33dc288494d49b2c9bd81d8a5940a,phase1b_combined_stress,2,4,16,3,2,8,3,0.7032998661141543,0.6697652726313549,0.03353459348279941,False,False,True
56e33dc288494d49b2c9bd81d8a5940a,phase1b_combined_stress,3,4,16,4,2,8,2,0.8485140562026603,0.7910261816537514,0.05748787454890891,False,False,True
56e33dc288494d49b2c9bd81d8a5940a,phase1b_combined_stress,4,4,16,3,2,8,3,0.7032998661141543,0.6697652726313549,0.03353459348279941,False,False,True
56e33dc288494d49b2c9bd81d8a5940a,phase1b_combined_stress,5,4,16,4,2,8,2,0.8485140562026603,0.7910261816537514,0.05748787454890891,False,False,True
56e33dc288494d49b2c9bd81d8a5940a,phase1b_combined_stress,6,4,16,3,2,8,3,0.7032998661141543,0.6697652726313549,0.03353459348279941,False,False,True
56e33dc288494d49b2c9bd81d8a5940a,phase1b_combined_stress,7,4,16,4,2,8,2,0.8485140562026603,0.7910261816537514,0.05748787454890891,False,False,True
56e33dc288494d49b2c9bd81d8a5940a,phase1b_combined_stress,8,4,16,3,2,8,3,0.7032998661141543,0.6697652726313549,0.03353459348279941,False,False,True
56e33dc288494d49b2c9bd81d8a5940a,phase1b_combined_stress,9,4,16,4,2,8,2,0.8485140562026603,0.7910261816537514,0.05748787454890891,False,False,True
56e33dc288494d49b2c9bd81d8a5940a,phase1b_combined_stress,10,4,16,3,2,8,3,0.7032998661141543,0.6697652726313549,0.03353459348279941,False,False,True
56e33dc288494d49b2c9bd81d8a5940a,phase1b_combined_stress,11,4,16,4,2,8,2,0.8485140562026603,0.7910261816537514,0.05748787454890891,False,False,True
56e33dc288494d49b2c9bd81d8a5940a,phase1b_combined_stress,12,4,16,3,2,8,3,0.7032998661141543,0.6697652726313549,0.03353459348279941,False,False,True
579b6d84bbe3499aa0c1f2c23e5dc36c,phase1b_combined_stress,0,4,16,3,2,8,3,0.7032998661141543,0.6697652726313549,0.03353459348279941,False,False,True
579b6d84bbe3499aa0c1f2c23e5dc36c,phase1b_combined_stress,4,4,16,3,2,8,3,0.7032998661141543,0.6697652726313549,0.03353459348279941,False,False,True
579b6d84bbe3499aa0c1f2c23e5dc36c,phase1b_combined_stress,8,4,16,3,2,8,3,0.7032998661141543,0.6697652726313549,0.03353459348279941,False,False,True
579b6d84bbe3499aa0c1f2c23e5dc36c,phase1b_combined_stress,12,4,16,3,2,8,3,0.7032998661141543,0.6697652726313549,0.03353459348279941,False,False,True
579b6d84bbe3499aa0c1f2c23e5dc36c,phase1b_combined_stress,16,4,16,3,2,8,3,0.7032998661141543,0.6697652726313549,0.03353459348279941,False,False,True
579b6d84bbe3499aa0c1f2c23e5dc36c,phase1b_combined_stress,20,4,16,3,2,8,3,0.7032998661141543,0.6697652726313549,0.03353459348279941,False,False,True
579b6d84bbe3499aa0c1f2c23e5dc36c,phase1b_combined_stress,24,4,16,3,2,8,3,0.7032998661141543,0.6697652726313549,0.03353459348279941,False,False,True
579b6d84bbe3499aa0c1f2c23e5dc36c,phase1b_combined_stress,28,4,16,3,2,8,3,0.7032998661141543,0.6697652726313549,0.03353459348279941,False,False,True
57a865047a7e432dbe4d3712c3547c8f,phase1b_combined_stress,0,4,16,2,2,8,4,0.5000000000000222,0.5,2.220446049250313e-14,False,False,True
57a865047a7e432dbe4d3712c3547c8f,phase1b_combined_stress,4,4,16,3,2,8,3,0.7032998661141543,0.6697652726313549,0.03353459348279941,False,False,True
57a865047a7e432dbe4d3712c3547c8f,phase1b_combined_stress,8,4,16,3,2,8,3,0.7032998661141543,0.6697652726313549,0.03353459348279941,False,False,True
57a865047a7e432dbe4d3712c3547c8f,phase1b_combined_stress,12,4,16,3,2,8,3,0.7032998661141543,0.6697652726313549,0.03353459348279941,False,False,True
57a865047a7e432dbe4d3712c3547c8f,phase1b_combined_stress,16,4,16,3,2,8,3,0.7032998661141543,0.6697652726313549,0.03353459348279941,False,False,True
57a865047a7e432dbe4d3712c3547c8f,phase1b_combined_stress,20,4,16,3,2,8,3,0.7032998661141543,0.6697652726313549,0.03353459348279941,False,False,True
5be92ea757694bbabb6f1253466354b6,phase1b_combined_stress,0,4,16,6,3,16,7,0.881083730681911,0.8410003744629815,0.040083356218929556,False,False,True
5be92ea757694bbabb6f1253466354b6,phase1b_combined_stress,1,4,16,4,4,16,8,0.5000000000000001,0.4999999999999998,3.3306690738754696e-16,False,False,True
5be92ea757694bbabb6f1253466354b6,phase1b_combined_stress,2,4,16,6,3,16,7,0.881083730681911,0.8410003744629815,0.040083356218929556,False,False,True
5be92ea757694bbabb6f1253466354b6,phase1b_combined_stress,3,4,16,4,4,16,8,0.5000000000000001,0.4999999999999998,3.3306690738754696e-16,False,False,True
5be92ea757694bbabb6f1253466354b6,phase1b_combined_stress,4,4,16,6,3,16,7,0.881083730681911,0.8410003744629815,0.040083356218929556,False,False,True
5be92ea757694bbabb6f1253466354b6,phase1b_combined_stress,5,4,16,4,4,16,8,0.5000000000000001,0.4999999999999998,3.3306690738754696e-16,False,False,True
5be92ea757694bbabb6f1253466354b6,phase1b_combined_stress,6,4,16,6,3,16,7,0.881083730681911,0.8410003744629815,0.040083356218929556,False,False,True
5be92ea757694bbabb6f1253466354b6,phase1b_combined_stress,7,4,16,4,4,16,8,0.5000000000000001,0.4999999999999998,3.3306690738754696e-16,False,False,True
5be92ea757694bbabb6f1253466354b6,phase1b_combined_stress,8,4,16,6,3,16,7,0.881083730681911,0.8410003744629815,0.040083356218929556,False,False,True
5be92ea757694bbabb6f1253466354b6,phase1b_combined_stress,9,4,16,4,4,16,8,0.5000000000000001,0.4999999999999998,3.3306690738754696e-16,False,False,True
5be92ea757694bbabb6f1253466354b6,phase1b_combined_stress,10,4,16,6,3,16,7,0.881083730681911,0.8410003744629815,0.040083356218929556,False,False,True
5be92ea757694bbabb6f1253466354b6,phase1b_combined_stress,11,4,16,4,4,16,8,0.5000000000000001,0.4999999999999998,3.3306690738754696e-16,False,False,True
5be92ea757694bbabb6f1253466354b6,phase1b_combined_stress,12,4,16,6,3,16,7,0.881083730681911,0.8410003744629815,0.040083356218929556,False,False,True
60b1e04852764841a937d998807f1d5d,phase1b_combined_stress,0,4,16,1,1,4,2,0.4999999999917221,0.5000000000000002,-8.278100427361323e-12,False,False,True
60b1e04852764841a937d998807f1d5d,phase1b_combined_stress,1,4,16,2,1,4,1,0.7634994083736772,0.7122065907891937,0.05129281758448356,False,False,False
60b1e04852764841a937d998807f1d5d,phase1b_combined_stress,2,4,16,1,1,4,2,0.4999999999917221,0.5000000000000002,-8.278100427361323e-12,False,False,False
60b1e04852764841a937d998807f1d5d,phase1b_combined_stress,3,4,16,2,1,4,1,0.7634994083736772,0.7122065907891937,0.05129281758448356,False,False,False
60b1e04852764841a937d998807f1d5d,phase1b_combined_stress,4,4,16,1,1,4,2,0.4999999999917221,0.5000000000000002,-8.278100427361323e-12,False,False,False
60b1e04852764841a937d998807f1d5d,phase1b_combined_stress,5,4,16,2,1,4,1,0.7634994083736772,0.7122065907891937,0.05129281758448356,False,False,False
60b1e04852764841a937d998807f1d5d,phase1b_combined_stress,6,4,16,1,1,4,2,0.4999999999917221,0.5000000000000002,-8.278100427361323e-12,False,False,False
60b1e04852764841a937d998807f1d5d,phase1b_combined_stress,7,4,16,2,1,4,1,0.7634994083736772,0.7122065907891937,0.05129281758448356,False,False,False
60b1e04852764841a937d998807f1d5d,phase1b_combined_stress,8,4,16,1,1,4,2,0.4999999999917221,0.5000000000000002,-8.278100427361323e-12,False,False,False
60b1e04852764841a937d998807f1d5d,phase1b_combined_stress,9,4,16,2,1,4,1,0.7634994083736772,0.7122065907891937,0.05129281758448356,False,False,False
60b1e04852764841a937d998807f1d5d,phase1b_combined_stress,10,4,16,1,1,4,2,0.4999999999917221,0.5000000000000002,-8.278100427361323e-12,False,False,False
60b1e04852764841a937d998807f1d5d,phase1b_combined_stress,11,4,16,2,1,4,1,0.7634994083736772,0.7122065907891937,0.05129281758448356,False,False,False
60b1e04852764841a937d998807f1d5d,phase1b_combined_stress,12,4,16,1,1,4,2,0.4999999999917221,0.5000000000000002,-8.278100427361323e-12,False,False,False
60b1e04852764841a937d998807f1d5d,phase1b_combined_stress,13,4,16,2,1,4,1,0.7634994083736772,0.7122065907891937,0.05129281758448356,False,False,False
60b1e04852764841a937d998807f1d5d,phase1b_combined_stress,14,4,16,1,1,4,2,0.4999999999917221,0.5000000000000002,-8.278100427361323e-12,False,False,False
60b1e04852764841a937d998807f1d5d,phase1b_combined_stress,15,4,16,2,1,4,1,0.7634994083736772,0.7122065907891937,0.05129281758448356,False,False,False
60b1e04852764841a937d998807f1d5d,phase1b_combined_stress,16,4,16,1,1,4,2,0.4999999999917221,0.5000000000000002,-8.278100427361323e-12,False,False,False
60b1e04852764841a937d998807f1d5d,phase1b_combined_stress,17,4,16,2,1,4,1,0.7634994083736772,0.7122065907891937,0.05129281758448356,False,False,False
60b1e04852764841a937d998807f1d5d,phase1b_combined_stress,18,4,16,1,1,4,2,0.4999999999917221,0.5000000000000002,-8.278100427361323e-12,False,False,False
60b1e04852764841a937d998807f1d5d,phase1b_combined_stress,19,4,16,2,1,4,1,0.7634994083736772,0.7122065907891937,0.05129281758448356,False,False,False
60b1e04852764841a937d998807f1d5d,phase1b_combined_stress,20,4,16,1,1,4,2,0.4999999999917221,0.5000000000000002,-8.278100427361323e-12,False,False,False
616ef0c369e34a43b5dd7e0a495a1683,phase1b_combined_stress,0,4,16,2,2,8,4,0.5000000000000222,0.5,2.220446049250313e-14,False,False,False
616ef0c369e34a43b5dd7e0a495a1683,phase1b_combined_stress,4,4,16,3,2,8,3,0.7032998661141543,0.6697652726313549,0.03353459348279941,False,False,False
616ef0c369e34a43b5dd7e0a495a1683,phase1b_combined_stress,8,4,16,3,2,8,3,0.7032998661141543,0.6697652726313549,0.03353459348279941,False,False,False
616ef0c369e34a43b5dd7e0a495a1683,phase1b_combined_stress,12,4,16,3,2,8,3,0.7032998661141543,0.6697652726313549,0.03353459348279941,False,False,False
619949ee761a41ac8699d830b2155a3c,phase1b_combined_stress,0,4,16,5,4,16,7,0.6521016341618664,0.6293449696238899,0.022756664537976534,False,False,True
619949ee761a41ac8699d830b2155a3c,phase1b_combined_stress,4,4,16,8,5,16,3,0.8598417173362801,0.7966793708855651,0.06316234645071506,False,False,True
619949ee761a41ac8699d830b2155a3c,phase1b_combined_stress,8,4,16,8,5,16,3,0.8598417173362801,0.7966793708855651,0.06316234645071506,False,False,True
619949ee761a41ac8699d830b2155a3c,phase1b_combined_stress,12,4,16,8,5,16,3,0.8598417173362801,0.7966793708855651,0.06316234645071506,False,False,True
619949ee761a41ac8699d830b2155a3c,phase1b_combined_stress,16,4,16,8,5,16,3,0.8598417173362801,0.7966793708855651,0.06316234645071506,False,False,True
619949ee761a41ac8699d830b2155a3c,phase1b_combined_stress,20,4,16,8,5,16,3,0.8598417173362801,0.7966793708855651,0.06316234645071506,False,False,True
619949ee761a41ac8699d830b2155a3c,phase1b_combined_stress,24,4,16,8,5,16,3,0.8598417173362801,0.7966793708855651,0.06316234645071506,False,False,True
619949ee761a41ac8699d830b2155a3c,phase1b_combined_stress,28,4,16,8,5,16,3,0.8598417173362801,0.7966793708855651,0.06316234645071506,False,False,True
62cc5ba4f82247419c30ba75a8d86726,phase1b_combined_stress,0,4,16,4,3,16,9,0.6642697648948153,0.6455130908268756,0.018756674067939683,False,False,True
62cc5ba4f82247419c30ba75a8d86726,phase1b_combined_stress,4,4,16,6,6,16,4,0.5,0.5,0.0,False,False,False
62cc5ba4f82247419c30ba75a8d86726,phase1b_combined_stress,8,4,16,6,6,16,4,0.5,0.5,0.0,False,False,False
62cc5ba4f82247419c30ba75a8d86726,phase1b_combined_stress,12,4,16,6,6,16,4,0.5,0.5,0.0,False,False,False
62cc5ba4f82247419c30ba75a8d86726,phase1b_combined_stress,16,4,16,6,6,16,4,0.5,0.5,0.0,False,False,False
62cc5ba4f82247419c30ba75a8d86726,phase1b_combined_stress,20,4,16,6,6,16,4,0.5,0.5,0.0,False,False,False
62cc5ba4f82247419c30ba75a8d86726,phase1b_combined_stress,24,4,16,6,6,16,4,0.5,0.5,0.0,False,False,False
62cc5ba4f82247419c30ba75a8d86726,phase1b_combined_stress,28,4,16,6,6,16,4,0.5,0.5,0.0,False,False,False
62e0d333445b47739ba981f5dff270c1,phase1b_combined_stress,0,4,16,3,1,8,4,0.8753228297506488,0.83953054526271,0.03579228448793881,False,False,True
62e0d333445b47739ba981f5dff270c1,phase1b_combined_stress,4,4,16,2,2,8,4,0.5000000000000222,0.5,2.220446049250313e-14,False,False,False
62e0d333445b47739ba981f5dff270c1,phase1b_combined_stress,8,4,16,2,2,8,4,0.5000000000000222,0.5,2.220446049250313e-14,False,False,False
62e0d333445b47739ba981f5dff270c1,phase1b_combined_stress,12,4,16,2,2,8,4,0.5000000000000222,0.5,2.220446049250313e-14,False,False,False
6a5099f3f51a43a98b45fbb356fd2000,phase1b_combined_stress,0,4,16,5,3,16,8,0.7920351375907829,0.7586899392477793,0.033345198343003646,False,False,False
6a5099f3f51a43a98b45fbb356fd2000,phase1b_combined_stress,1,4,16,6,4,16,6,0.7765484257488472,0.7351726720434357,0.04137575370541147,False,False,False
6a5099f3f51a43a98b45fbb356fd2000,phase1b_combined_stress,2,4,16,9,3,16,4,0.9867561717991692,0.9605553504995425,0.026200821299626642,False,False,True
6a5099f3f51a43a98b45fbb356fd2000,phase1b_combined_stress,3,4,16,6,4,16,6,0.7765484257488472,0.7351726720434357,0.04137575370541147,False,False,False
6a5099f3f51a43a98b45fbb356fd2000,phase1b_combined_stress,4,4,16,9,3,16,4,0.9867561717991692,0.9605553504995425,0.026200821299626642,False,False,True
6a5099f3f51a43a98b45fbb356fd2000,phase1b_combined_stress,5,4,16,6,4,16,6,0.7765484257488472,0.7351726720434357,0.04137575370541147,False,False,False
6a5099f3f51a43a98b45fbb356fd2000,phase1b_combined_stress,6,4,16,9,3,16,4,0.9867561717991692,0.9605553504995425,0.026200821299626642,False,False,True
6a5099f3f51a43a98b45fbb356fd2000,phase1b_combined_stress,7,4,16,6,4,16,6,0.7765484257488472,0.7351726720434357,0.04137575370541147,False,False,False
6a5099f3f51a43a98b45fbb356fd2000,phase1b_combined_stress,8,4,16,9,3,16,4,0.9867561717991692,0.9605553504995425,0.026200821299626642,False,False,True
6a5099f3f51a43a98b45fbb356fd2000,phase1b_combined_stress,9,4,16,6,4,16,6,0.7765484257488472,0.7351726720434357,0.04137575370541147,False,False,False
6a5099f3f51a43a98b45fbb356fd2000,phase1b_combined_stress,10,4,16,9,3,16,4,0.9867561717991692,0.9605553504995425,0.026200821299626642,False,False,True
6a5099f3f51a43a98b45fbb356fd2000,phase1b_combined_stress,11,4,16,6,4,16,6,0.7765484257488472,0.7351726720434357,0.04137575370541147,False,False,False
6a5099f3f51a43a98b45fbb356fd2000,phase1b_combined_stress,12,4,16,9,3,16,4,0.9867561717991692,0.9605553504995425,0.026200821299626642,False,False,True
6a5099f3f51a43a98b45fbb356fd2000,phase1b_combined_stress,13,4,16,6,4,16,6,0.7765484257488472,0.7351726720434357,0.04137575370541147,False,False,False
6a5099f3f51a43a98b45fbb356fd2000,phase1b_combined_stress,14,4,16,9,3,16,4,0.9867561717991692,0.9605553504995425,0.026200821299626642,False,False,True
6a5099f3f51a43a98b45fbb356fd2000,phase1b_combined_stress,15,4,16,6,4,16,6,0.7765484257488472,0.7351726720434357,0.04137575370541147,False,False,False
6a5099f3f51a43a98b45fbb356fd2000,phase1b_combined_stress,16,4,16,9,3,16,4,0.9867561717991692,0.9605553504995425,0.026200821299626642,False,False,True
6a5099f3f51a43a98b45fbb356fd2000,phase1b_combined_stress,17,4,16,6,4,16,6,0.7765484257488472,0.7351726720434357,0.04137575370541147,False,False,False
6a5099f3f51a43a98b45fbb356fd2000,phase1b_combined_stress,18,4,16,9,3,16,4,0.9867561717991692,0.9605553504995425,0.026200821299626642,False,False,True
6a5099f3f51a43a98b45fbb356fd2000,phase1b_combined_stress,19,4,16,6,4,16,6,0.7765484257488472,0.7351726720434357,0.04137575370541147,False,False,False
6a5099f3f51a43a98b45fbb356fd2000,phase1b_combined_stress,20,4,16,9,3,16,4,0.9867561717991692,0.9605553504995425,0.026200821299626642,False,False,True
6bddf70f73194270b4e11e6a32c77e8f,phase1b_combined_stress,0,4,16,3,1,4,0,0.9215990534084936,0.83953054526271,0.08206850814578359,False,False,False
6bddf70f73194270b4e11e6a32c77e8f,phase1b_combined_stress,1,4,16,2,1,4,1,0.7634994083736772,0.7122065907891937,0.05129281758448356,False,False,True
6bddf70f73194270b4e11e6a32c77e8f,phase1b_combined_stress,2,4,16,1,1,4,2,0.4999999999917221,0.5000000000000002,-8.278100427361323e-12,False,False,True
6bddf70f73194270b4e11e6a32c77e8f,phase1b_combined_stress,3,4,16,2,1,4,1,0.7634994083736772,0.7122065907891937,0.05129281758448356,False,False,True
6bddf70f73194270b4e11e6a32c77e8f,phase1b_combined_stress,4,4,16,1,1,4,2,0.4999999999917221,0.5000000000000002,-8.278100427361323e-12,False,False,True
6bddf70f73194270b4e11e6a32c77e8f,phase1b_combined_stress,5,4,16,2,1,4,1,0.7634994083736772,0.7122065907891937,0.05129281758448356,False,False,True
6bddf70f73194270b4e11e6a32c77e8f,phase1b_combined_stress,6,4,16,1,1,4,2,0.4999999999917221,0.5000000000000002,-8.278100427361323e-12,False,False,True
6bddf70f73194270b4e11e6a32c77e8f,phase1b_combined_stress,7,4,16,2,1,4,1,0.7634994083736772,0.7122065907891937,0.05129281758448356,False,False,True
6bddf70f73194270b4e11e6a32c77e8f,phase1b_combined_stress,8,4,16,1,1,4,2,0.4999999999917221,0.5000000000000002,-8.278100427361323e-12,False,False,True
6bddf70f73194270b4e11e6a32c77e8f,phase1b_combined_stress,9,4,16,2,1,4,1,0.7634994083736772,0.7122065907891937,0.05129281758448356,False,False,True
6bddf70f73194270b4e11e6a32c77e8f,phase1b_combined_stress,10,4,16,1,1,4,2,0.4999999999917221,0.5000000000000002,-8.278100427361323e-12,False,False,True
6bddf70f73194270b4e11e6a32c77e8f,phase1b_combined_stress,11,4,16,2,1,4,1,0.7634994083736772,0.7122065907891937,0.05129281758448356,False,False,True
6bddf70f73194270b4e11e6a32c77e8f,phase1b_combined_stress,12,4,16,1,1,4,2,0.4999999999917221,0.5000000000000002,-8.278100427361323e-12,False,False,True
6bddf70f73194270b4e11e6a32c77e8f,phase1b_combined_stress,13,4,16,2,1,4,1,0.7634994083736772,0.7122065907891937,0.05129281758448356,False,False,True
6bddf70f73194270b4e11e6a32c77e8f,phase1b_combined_stress,14,4,16,1,1,4,2,0.4999999999917221,0.5000000000000002,-8.278100427361323e-12,False,False,True
6bddf70f73194270b4e11e6a32c77e8f,phase1b_combined_stress,15,4,16,2,1,4,1,0.7634994083736772,0.7122065907891937,0.05129281758448356,False,False,True
6bddf70f73194270b4e11e6a32c77e8f,phase1b_combined_stress,16,4,16,1,1,4,2,0.4999999999917221,0.5000000000000002,-8.278100427361323e-12,False,False,True
6bddf70f73194270b4e11e6a32c77e8f,phase1b_combined_stress,17,4,16,2,1,4,1,0.7634994083736772,0.7122065907891937,0.05129281758448356,False,False,True
6bddf70f73194270b4e11e6a32c77e8f,phase1b_combined_stress,18,4,16,1,1,4,2,0.4999999999917221,0.5000000000000002,-8.278100427361323e-12,False,False,True
6bddf70f73194270b4e11e6a32c77e8f,phase1b_combined_stress,19,4,16,2,1,4,1,0.7634994083736772,0.7122065907891937,0.05129281758448356,False,False,True
6bddf70f73194270b4e11e6a32c77e8f,phase1b_combined_stress,20,4,16,1,1,4,2,0.4999999999917221,0.5000000000000002,-8.278100427361323e-12,False,False,True
6bddf70f73194270b4e11e6a32c77e8f,phase1b_combined_stress,21,4,16,2,1,4,1,0.7634994083736772,0.7122065907891937,0.05129281758448356,False,False,True
6bddf70f73194270b4e11e6a32c77e8f,phase1b_combined_stress,22,4,16,1,1,4,2,0.4999999999917221,0.5000000000000002,-8.278100427361323e-12,False,False,True
6bddf70f73194270b4e11e6a32c77e8f,phase1b_combined_stress,23,4,16,2,1,4,1,0.7634994083736772,0.7122065907891937,0.05129281758448356,False,False,True
6bddf70f73194270b4e11e6a32c77e8f,phase1b_combined_stress,24,4,16,1,1,4,2,0.4999999999917221,0.5000000000000002,-8.278100427361323e-12,False,False,True
6bddf70f73194270b4e11e6a32c77e8f,phase1b_combined_stress,25,4,16,2,1,4,1,0.7634994083736772,0.7122065907891937,0.05129281758448356,False,False,True
6bddf70f73194270b4e11e6a32c77e8f,phase1b_combined_stress,26,4,16,1,1,4,2,0.4999999999917221,0.5000000000000002,-8.278100427361323e-12,False,False,True
6bddf70f73194270b4e11e6a32c77e8f,phase1b_combined_stress,27,4,16,2,1,4,1,0.7634994083736772,0.7122065907891937,0.05129281758448356,False,False,True
6bddf70f73194270b4e11e6a32c77e8f,phase1b_combined_stress,28,4,16,1,1,4,2,0.4999999999917221,0.5000000000000002,-8.278100427361323e-12,False,False,True
6e000b743f794197b96c8b034434fc5e,phase1b_combined_stress,0,4,16,2,2,8,4,0.5000000000000222,0.5,2.220446049250313e-14,False,False,True
6e000b743f794197b96c8b034434fc5e,phase1b_combined_stress,4,4,16,4,2,8,2,0.8485140562026603,0.7910261816537514,0.05748787454890891,False,False,True
6e000b743f794197b96c8b034434fc5e,phase1b_combined_stress,8,4,16,4,2,8,2,0.8485140562026603,0.7910261816537514,0.05748787454890891,False,False,True
6e000b743f794197b96c8b034434fc5e,phase1b_combined_stress,12,4,16,4,2,8,2,0.8485140562026603,0.7910261816537514,0.05748787454890891,False,False,True
6ffc30d0c3cc4c3e989a56dcdc5b9eb6,phase1b_combined_stress,0,4,16,4,3,16,9,0.6642697648948153,0.6455130908268756,0.018756674067939683,False,False,False
6ffc30d0c3cc4c3e989a56dcdc5b9eb6,phase1b_combined_stress,1,4,16,7,4,16,5,0.8679254405504773,0.8165785969815478,0.05134684356892949,False,False,True
6ffc30d0c3cc4c3e989a56dcdc5b9eb6,phase1b_combined_stress,2,4,16,6,5,16,5,0.6445594043687155,0.6175863360217179,0.026973068346997642,False,False,False
6ffc30d0c3cc4c3e989a56dcdc5b9eb6,phase1b_combined_stress,3,4,16,7,4,16,5,0.8679254405504773,0.8165785969815478,0.05134684356892949,False,False,True
6ffc30d0c3cc4c3e989a56dcdc5b9eb6,phase1b_combined_stress,4,4,16,6,5,16,5,0.6445594043687155,0.6175863360217179,0.026973068346997642,False,False,False
6ffc30d0c3cc4c3e989a56dcdc5b9eb6,phase1b_combined_stress,5,4,16,7,4,16,5,0.8679254405504773,0.8165785969815478,0.05134684356892949,False,False,True
6ffc30d0c3cc4c3e989a56dcdc5b9eb6,phase1b_combined_stress,6,4,16,6,5,16,5,0.6445594043687155,0.6175863360217179,0.026973068346997642,False,False,False
6ffc30d0c3cc4c3e989a56dcdc5b9eb6,phase1b_combined_stress,7,4,16,7,4,16,5,0.8679254405504773,0.8165785969815478,0.05134684356892949,False,False,True
6ffc30d0c3cc4c3e989a56dcdc5b9eb6,phase1b_combined_stress,8,4,16,6,5,16,5,0.6445594043687155,0.6175863360217179,0.026973068346997642,False,False,False
6ffc30d0c3cc4c3e989a56dcdc5b9eb6,phase1b_combined_stress,9,4,16,7,4,16,5,0.8679254405504773,0.8165785969815478,0.05134684356892949,False,False,True
6ffc30d0c3cc4c3e989a56dcdc5b9eb6,phase1b_combined_stress,10,4,16,6,5,16,5,0.6445594043687155,0.6175863360217179,0.026973068346997642,False,False,False
6ffc30d0c3cc4c3e989a56dcdc5b9eb6,phase1b_combined_stress,11,4,16,7,4,16,5,0.8679254405504773,0.8165785969815478,0.05134684356892949,False,False,True
6ffc30d0c3cc4c3e989a56dcdc5b9eb6,phase1b_combined_stress,12,4,16,6,5,16,5,0.6445594043687155,0.6175863360217179,0.026973068346997642,False,False,False
713eaa5e7d8f4d9ea0078c599e1fad89,phase1b_combined_stress,0,4,16,1,1,4,2,0.4999999999917221,0.5000000000000002,-8.278100427361323e-12,False,False,False
713eaa5e7d8f4d9ea0078c599e1fad89,phase1b_combined_stress,1,4,16,1,1,4,2,0.4999999999917221,0.5000000000000002,-8.278100427361323e-12,False,False,True
713eaa5e7d8f4d9ea0078c599e1fad89,phase1b_combined_stress,2,4,16,1,1,4,2,0.4999999999917221,0.5000000000000002,-8.278100427361323e-12,False,False,False
713eaa5e7d8f4d9ea0078c599e1fad89,phase1b_combined_stress,3,4,16,1,1,4,2,0.4999999999917221,0.5000000000000002,-8.278100427361323e-12,False,False,True
713eaa5e7d8f4d9ea0078c599e1fad89,phase1b_combined_stress,4,4,16,1,1,4,2,0.4999999999917221,0.5000000000000002,-8.278100427361323e-12,False,False,False
713eaa5e7d8f4d9ea0078c599e1fad89,phase1b_combined_stress,5,4,16,1,1,4,2,0.4999999999917221,0.5000000000000002,-8.278100427361323e-12,False,False,True
713eaa5e7d8f4d9ea0078c599e1fad89,phase1b_combined_stress,6,4,16,1,1,4,2,0.4999999999917221,0.5000000000000002,-8.278100427361323e-12,False,False,False
713eaa5e7d8f4d9ea0078c599e1fad89,phase1b_combined_stress,7,4,16,1,1,4,2,0.4999999999917221,0.5000000000000002,-8.278100427361323e-12,False,False,True
713eaa5e7d8f4d9ea0078c599e1fad89,phase1b_combined_stress,8,4,16,1,1,4,2,0.4999999999917221,0.5000000000000002,-8.278100427361323e-12,False,False,False
713eaa5e7d8f4d9ea0078c599e1fad89,phase1b_combined_stress,9,4,16,1,1,4,2,0.4999999999917221,0.5000000000000002,-8.278100427361323e-12,False,False,True
713eaa5e7d8f4d9ea0078c599e1fad89,phase1b_combined_stress,10,4,16,1,1,4,2,0.4999999999917221,0.5000000000000002,-8.278100427361323e-12,False,False,False
713eaa5e7d8f4d9ea0078c599e1fad89,phase1b_combined_stress,11,4,16,1,1,4,2,0.4999999999917221,0.5000000000000002,-8.278100427361323e-12,False,False,True
713eaa5e7d8f4d9ea0078c599e1fad89,phase1b_combined_stress,12,4,16,1,1,4,2,0.4999999999917221,0.5000000000000002,-8.278100427361323e-12,False,False,False
713eaa5e7d8f4d9ea0078c599e1fad89,phase1b_combined_stress,13,4,16,1,1,4,2,0.4999999999917221,0.5000000000000002,-8.278100427361323e-12,False,False,True
713eaa5e7d8f4d9ea0078c599e1fad89,phase1b_combined_stress,14,4,16,1,1,4,2,0.4999999999917221,0.5000000000000002,-8.278100427361323e-12,False,False,False
713eaa5e7d8f4d9ea0078c599e1fad89,phase1b_combined_stress,15,4,16,1,1,4,2,0.4999999999917221,0.5000000000000002,-8.278100427361323e-12,False,False,True
713eaa5e7d8f4d9ea0078c599e1fad89,phase1b_combined_stress,16,4,16,1,1,4,2,0.4999999999917221,0.5000000000000002,-8.278100427361323e-12,False,False,False
713eaa5e7d8f4d9ea0078c599e1fad89,phase1b_combined_stress,17,4,16,1,1,4,2,0.4999999999917221,0.5000000000000002,-8.278100427361323e-12,False,False,True
713eaa5e7d8f4d9ea0078c599e1fad89,phase1b_combined_stress,18,4,16,1,1,4,2,0.4999999999917221,0.5000000000000002,-8.278100427361323e-12,False,False,False
713eaa5e7d8f4d9ea0078c599e1fad89,phase1b_combined_stress,19,4,16,1,1,4,2,0.4999999999917221,0.5000000000000002,-8.278100427361323e-12,False,False,True
713eaa5e7d8f4d9ea0078c599e1fad89,phase1b_combined_stress,20,4,16,1,1,4,2,0.4999999999917221,0.5000000000000002,-8.278100427361323e-12,False,False,False
713eaa5e7d8f4d9ea0078c599e1fad89,phase1b_combined_stress,21,4,16,1,1,4,2,0.4999999999917221,0.5000000000000002,-8.278100427361323e-12,False,False,True
713eaa5e7d8f4d9ea0078c599e1fad89,phase1b_combined_stress,22,4,16,1,1,4,2,0.4999999999917221,0.5000000000000002,-8.278100427361323e-12,False,False,False
713eaa5e7d8f4d9ea0078c599e1fad89,phase1b_combined_stress,23,4,16,1,1,4,2,0.4999999999917221,0.5000000000000002,-8.278100427361323e-12,False,False,True
713eaa5e7d8f4d9ea0078c599e1fad89,phase1b_combined_stress,24,4,16,1,1,4,2,0.4999999999917221,0.5000000000000002,-8.278100427361323e-12,False,False,False
713eaa5e7d8f4d9ea0078c599e1fad89,phase1b_combined_stress,25,4,16,1,1,4,2,0.4999999999917221,0.5000000000000002,-8.278100427361323e-12,False,False,True
713eaa5e7d8f4d9ea0078c599e1fad89,phase1b_combined_stress,26,4,16,1,1,4,2,0.4999999999917221,0.5000000000000002,-8.278100427361323e-12,False,False,False
713eaa5e7d8f4d9ea0078c599e1fad89,phase1b_combined_stress,27,4,16,1,1,4,2,0.4999999999917221,0.5000000000000002,-8.278100427361323e-12,False,False,True
713eaa5e7d8f4d9ea0078c599e1fad89,phase1b_combined_stress,28,4,16,1,1,4,2,0.4999999999917221,0.5000000000000002,-8.278100427361323e-12,False,False,False
71a9e749a9284268b515ba3f3f357a6e,phase1b_combined_stress,0,4,16,1,1,4,2,0.4999999999917221,0.5000000000000002,-8.278100427361323e-12,False,False,False
71a9e749a9284268b515ba3f3f357a6e,phase1b_combined_stress,1,4,16,2,1,4,1,0.7634994083736772,0.7122065907891937,0.05129281758448356,False,False,False
71a9e749a9284268b515ba3f3f357a6e,phase1b_combined_stress,2,4,16,2,1,4,1,0.7634994083736772,0.7122065907891937,0.05129281758448356,False,False,True
71a9e749a9284268b515ba3f3f357a6e,phase1b_combined_stress,3,4,16,2,1,4,1,0.7634994083736772,0.7122065907891937,0.05129281758448356,False,False,False
71a9e749a9284268b515ba3f3f357a6e,phase1b_combined_stress,4,4,16,2,1,4,1,0.7634994083736772,0.7122065907891937,0.05129281758448356,False,False,True
71a9e749a9284268b515ba3f3f357a6e,phase1b_combined_stress,5,4,16,2,1,4,1,0.7634994083736772,0.7122065907891937,0.05129281758448356,False,False,False
71a9e749a9284268b515ba3f3f357a6e,phase1b_combined_stress,6,4,16,2,1,4,1,0.7634994083736772,0.7122065907891937,0.05129281758448356,False,False,True
71a9e749a9284268b515ba3f3f357a6e,phase1b_combined_stress,7,4,16,2,1,4,1,0.7634994083736772,0.7122065907891937,0.05129281758448356,False,False,False
71a9e749a9284268b515ba3f3f357a6e,phase1b_combined_stress,8,4,16,2,1,4,1,0.7634994083736772,0.7122065907891937,0.05129281758448356,False,False,True
71a9e749a9284268b515ba3f3f357a6e,phase1b_combined_stress,9,4,16,2,1,4,1,0.7634994083736772,0.7122065907891937,0.05129281758448356,False,False,False
71a9e749a9284268b515ba3f3f357a6e,phase1b_combined_stress,10,4,16,2,1,4,1,0.7634994083736772,0.7122065907891937,0.05129281758448356,False,False,True
71a9e749a9284268b515ba3f3f357a6e,phase1b_combined_stress,11,4,16,2,1,4,1,0.7634994083736772,0.7122065907891937,0.05129281758448356,False,False,False
71a9e749a9284268b515ba3f3f357a6e,phase1b_combined_stress,12,4,16,2,1,4,1,0.7634994083736772,0.7122065907891937,0.05129281758448356,False,False,True
71a9e749a9284268b515ba3f3f357a6e,phase1b_combined_stress,13,4,16,2,1,4,1,0.7634994083736772,0.7122065907891937,0.05129281758448356,False,False,False
71a9e749a9284268b515ba3f3f357a6e,phase1b_combined_stress,14,4,16,2,1,4,1,0.7634994083736772,0.7122065907891937,0.05129281758448356,False,False,True
71a9e749a9284268b515ba3f3f357a6e,phase1b_combined_stress,15,4,16,2,1,4,1,0.7634994083736772,0.7122065907891937,0.05129281758448356,False,False,False
71a9e749a9284268b515ba3f3f357a6e,phase1b_combined_stress,16,4,16,2,1,4,1,0.7634994083736772,0.7122065907891937,0.05129281758448356,False,False,True
71a9e749a9284268b515ba3f3f357a6e,phase1b_combined_stress,17,4,16,2,1,4,1,0.7634994083736772,0.7122065907891937,0.05129281758448356,False,False,False
71a9e749a9284268b515ba3f3f357a6e,phase1b_combined_stress,18,4,16,2,1,4,1,0.7634994083736772,0.7122065907891937,0.05129281758448356,False,False,True
71a9e749a9284268b515ba3f3f357a6e,phase1b_combined_stress,19,4,16,2,1,4,1,0.7634994083736772,0.7122065907891937,0.05129281758448356,False,False,False
71a9e749a9284268b515ba3f3f357a6e,phase1b_combined_stress,20,4,16,2,1,4,1,0.7634994083736772,0.7122065907891937,0.05129281758448356,False,False,True
77b85188a7444c7fb3f0963e78ae02a1,phase1b_combined_stress,0,4,16,6,4,16,6,0.7765484257488472,0.7351726720434357,0.04137575370541147,False,False,True
77b85188a7444c7fb3f0963e78ae02a1,phase1b_combined_stress,1,4,16,6,5,16,5,0.6445594043687155,0.6175863360217179,0.026973068346997642,False,False,False
77b85188a7444c7fb3f0963e78ae02a1,phase1b_combined_stress,2,4,16,6,6,16,4,0.5,0.5,0.0,False,False,True
77b85188a7444c7fb3f0963e78ae02a1,phase1b_combined_stress,3,4,16,6,5,16,5,0.6445594043687155,0.6175863360217179,0.026973068346997642,False,False,False
77b85188a7444c7fb3f0963e78ae02a1,phase1b_combined_stress,4,4,16,6,6,16,4,0.5,0.5,0.0,False,False,True
77b85188a7444c7fb3f0963e78ae02a1,phase1b_combined_stress,5,4,16,6,5,16,5,0.6445594043687155,0.6175863360217179,0.026973068346997642,False,False,False
77b85188a7444c7fb3f0963e78ae02a1,phase1b_combined_stress,6,4,16,6,6,16,4,0.5,0.5,0.0,False,False,True
77b85188a7444c7fb3f0963e78ae02a1,phase1b_combined_stress,7,4,16,6,5,16,5,0.6445594043687155,0.6175863360217179,0.026973068346997642,False,False,False
77b85188a7444c7fb3f0963e78ae02a1,phase1b_combined_stress,8,4,16,6,6,16,4,0.5,0.5,0.0,False,False,True
77b85188a7444c7fb3f0963e78ae02a1,phase1b_combined_stress,9,4,16,6,5,16,5,0.6445594043687155,0.6175863360217179,0.026973068346997642,False,False,False
77b85188a7444c7fb3f0963e78ae02a1,phase1b_combined_stress,10,4,16,6,6,16,4,0.5,0.5,0.0,False,False,True
77b85188a7444c7fb3f0963e78ae02a1,phase1b_combined_stress,11,4,16,6,5,16,5,0.6445594043687155,0.6175863360217179,0.026973068346997642,False,False,False
77b85188a7444c7fb3f0963e78ae02a1,phase1b_combined_stress,12,4,16,6,6,16,4,0.5,0.5,0.0,False,False,True
77b85188a7444c7fb3f0963e78ae02a1,phase1b_combined_stress,13,4,16,6,5,16,5,0.6445594043687155,0.6175863360217179,0.026973068346997642,False,False,False
77b85188a7444c7fb3f0963e78ae02a1,phase1b_combined_stress,14,4,16,6,6,16,4,0.5,0.5,0.0,False,False,True
77b85188a7444c7fb3f0963e78ae02a1,phase1b_combined_stress,15,4,16,6,5,16,5,0.6445594043687155,0.6175863360217179,0.026973068346997642,False,False,False
77b85188a7444c7fb3f0963e78ae02a1,phase1b_combined_stress,16,4,16,6,6,16,4,0.5,0.5,0.0,False,False,True
77b85188a7444c7fb3f0963e78ae02a1,phase1b_combined_stress,17,4,16,6,5,16,5,0.6445594043687155,0.6175863360217179,0.026973068346997642,False,False,False
77b85188a7444c7fb3f0963e78ae02a1,phase1b_combined_stress,18,4,16,6,6,16,4,0.5,0.5,0.0,False,False,True
77b85188a7444c7fb3f0963e78ae02a1,phase1b_combined_stress,19,4,16,6,5,16,5,0.6445594043687155,0.6175863360217179,0.026973068346997642,False,False,False
77b85188a7444c7fb3f0963e78ae02a1,phase1b_combined_stress,20,4,16,6,6,16,4,0.5,0.5,0.0,False,False,True
77b85188a7444c7fb3f0963e78ae02a1,phase1b_combined_stress,21,4,16,6,5,16,5,0.6445594043687155,0.6175863360217179,0.026973068346997642,False,False,False
77b85188a7444c7fb3f0963e78ae02a1,phase1b_combined_stress,22,4,16,6,6,16,4,0.5,0.5,0.0,False,False,True
77b85188a7444c7fb3f0963e78ae02a1,phase1b_combined_stress,23,4,16,6,5,16,5,0.6445594043687155,0.6175863360217179,0.026973068346997642,False,False,False
77b85188a7444c7fb3f0963e78ae02a1,phase1b_combined_stress,24,4,16,6,6,16,4,0.5,0.5,0.0,False,False,True
77b85188a7444c7fb3f0963e78ae02a1,phase1b_combined_stress,25,4,16,6,5,16,5,0.6445594043687155,0.6175863360217179,0.026973068346997642,False,False,False
77b85188a7444c7fb3f0963e78ae02a1,phase1b_combined_stress,26,4,16,6,6,16,4,0.5,0.5,0.0,False,False,True
77b85188a7444c7fb3f0963e78ae02a1,phase1b_combined_stress,27,4,16,6,5,16,5,0.6445594043687155,0.6175863360217179,0.026973068346997642,False,False,False
77b85188a7444c7fb3f0963e78ae02a1,phase1b_combined_stress,28,4,16,6,6,16,4,0.5,0.5,0.0,False,False,True
781c30a67d314b898899efdd45dbc001,phase1b_combined_stress,0,4,16,3,1,4,0,0.9215990534084936,0.83953054526271,0.08206850814578359,False,False,False
781c30a67d314b898899efdd45dbc001,phase1b_combined_stress,1,4,16,2,1,4,1,0.7634994083736772,0.7122065907891937,0.05129281758448356,False,False,False
781c30a67d314b898899efdd45dbc001,phase1b_combined_stress,2,4,16,2,1,4,1,0.7634994083736772,0.7122065907891937,0.05129281758448356,False,False,False
781c30a67d314b898899efdd45dbc001,phase1b_combined_stress,3,4,16,2,1,4,1,0.7634994083736772,0.7122065907891937,0.05129281758448356,False,False,False
781c30a67d314b898899efdd45dbc001,phase1b_combined_stress,4,4,16,2,1,4,1,0.7634994083736772,0.7122065907891937,0.05129281758448356,False,False,False
781c30a67d314b898899efdd45dbc001,phase1b_combined_stress,5,4,16,2,1,4,1,0.7634994083736772,0.7122065907891937,0.05129281758448356,False,False,False
781c30a67d314b898899efdd45dbc001,phase1b_combined_stress,6,4,16,2,1,4,1,0.7634994083736772,0.7122065907891937,0.05129281758448356,False,False,False
781c30a67d314b898899efdd45dbc001,phase1b_combined_stress,7,4,16,2,1,4,1,0.7634994083736772,0.7122065907891937,0.05129281758448356,False,False,False
781c30a67d314b898899efdd45dbc001,phase1b_combined_stress,8,4,16,2,1,4,1,0.7634994083736772,0.7122065907891937,0.05129281758448356,False,False,False
781c30a67d314b898899efdd45dbc001,phase1b_combined_stress,9,4,16,2,1,4,1,0.7634994083736772,0.7122065907891937,0.05129281758448356,False,False,False
781c30a67d314b898899efdd45dbc001,phase1b_combined_stress,10,4,16,2,1,4,1,0.7634994083736772,0.7122065907891937,0.05129281758448356,False,False,False
781c30a67d314b898899efdd45dbc001,phase1b_combined_stress,11,4,16,2,1,4,1,0.7634994083736772,0.7122065907891937,0.05129281758448356,False,False,False
781c30a67d314b898899efdd45dbc001,phase1b_combined_stress,12,4,16,2,1,4,1,0.7634994083736772,0.7122065907891937,0.05129281758448356,False,False,False
7821ceb80bc24d6b874f1c4ccef37ae0,phase1b_combined_stress,0,4,16,2,2,8,4,0.5000000000000222,0.5,2.220446049250313e-14,False,False,False
7821ceb80bc24d6b874f1c4ccef37ae0,phase1b_combined_stress,1,4,16,3,2,8,3,0.7032998661141543,0.6697652726313549,0.03353459348279941,False,False,True
7821ceb80bc24d6b874f1c4ccef37ae0,phase1b_combined_stress,2,4,16,3,3,8,2,0.4999999999982972,0.4999999999999999,-1.7026935417163713e-12,False,False,True
7821ceb80bc24d6b874f1c4ccef37ae0,phase1b_combined_stress,3,4,16,3,2,8,3,0.7032998661141543,0.6697652726313549,0.03353459348279941,False,False,True
7821ceb80bc24d6b874f1c4ccef37ae0,phase1b_combined_stress,4,4,16,3,3,8,2,0.4999999999982972,0.4999999999999999,-1.7026935417163713e-12,False,False,True
7821ceb80bc24d6b874f1c4ccef37ae0,phase1b_combined_stress,5,4,16,3,2,8,3,0.7032998661141543,0.6697652726313549,0.03353459348279941,False,False,True
7821ceb80bc24d6b874f1c4ccef37ae0,phase1b_combined_stress,6,4,16,3,3,8,2,0.4999999999982972,0.4999999999999999,-1.7026935417163713e-12,False,False,True
7821ceb80bc24d6b874f1c4ccef37ae0,phase1b_combined_stress,7,4,16,3,2,8,3,0.7032998661141543,0.6697652726313549,0.03353459348279941,False,False,True
7821ceb80bc24d6b874f1c4ccef37ae0,phase1b_combined_stress,8,4,16,3,3,8,2,0.4999999999982972,0.4999999999999999,-1.7026935417163713e-12,False,False,True
7821ceb80bc24d6b874f1c4ccef37ae0,phase1b_combined_stress,9,4,16,3,2,8,3,0.7032998661141543,0.6697652726313549,0.03353459348279941,False,False,True
7821ceb80bc24d6b874f1c4ccef37ae0,phase1b_combined_stress,10,4,16,3,3,8,2,0.4999999999982972,0.4999999999999999,-1.7026935417163713e-12,False,False,True
7821ceb80bc24d6b874f1c4ccef37ae0,phase1b_combined_stress,11,4,16,3,2,8,3,0.7032998661141543,0.6697652726313549,0.03353459348279941,False,False,True
7821ceb80bc24d6b874f1c4ccef37ae0,phase1b_combined_stress,12,4,16,3,3,8,2,0.4999999999982972,0.4999999999999999,-1.7026935417163713e-12,False,False,True
7821ceb80bc24d6b874f1c4ccef37ae0,phase1b_combined_stress,13,4,16,3,2,8,3,0.7032998661141543,0.6697652726313549,0.03353459348279941,False,False,True
7821ceb80bc24d6b874f1c4ccef37ae0,phase1b_combined_stress,14,4,16,3,3,8,2,0.4999999999982972,0.4999999999999999,-1.7026935417163713e-12,False,False,True
7821ceb80bc24d6b874f1c4ccef37ae0,phase1b_combined_stress,15,4,16,3,2,8,3,0.7032998661141543,0.6697652726313549,0.03353459348279941,False,False,True
7821ceb80bc24d6b874f1c4ccef37ae0,phase1b_combined_stress,16,4,16,3,3,8,2,0.4999999999982972,0.4999999999999999,-1.7026935417163713e-12,False,False,True
7821ceb80bc24d6b874f1c4ccef37ae0,phase1b_combined_stress,17,4,16,3,2,8,3,0.7032998661141543,0.6697652726313549,0.03353459348279941,False,False,True
7821ceb80bc24d6b874f1c4ccef37ae0,phase1b_combined_stress,18,4,16,3,3,8,2,0.4999999999982972,0.4999999999999999,-1.7026935417163713e-12,False,False,True
7821ceb80bc24d6b874f1c4ccef37ae0,phase1b_combined_stress,19,4,16,3,2,8,3,0.7032998661141543,0.6697652726313549,0.03353459348279941,False,False,True
7821ceb80bc24d6b874f1c4ccef37ae0,phase1b_combined_stress,20,4,16,3,3,8,2,0.4999999999982972,0.4999999999999999,-1.7026935417163713e-12,False,False,True
7afc09a024ce49acbf27accd86b5d815,phase1b_combined_stress,0,4,16,2,2,8,4,0.5000000000000222,0.5,2.220446049250313e-14,False,False,True
7afc09a024ce49acbf27accd86b5d815,phase1b_combined_stress,4,4,16,3,2,8,3,0.7032998661141543,0.6697652726313549,0.03353459348279941,False,False,True
7afc09a024ce49acbf27accd86b5d815,phase1b_combined_stress,8,4,16,3,2,8,3,0.7032998661141543,0.6697652726313549,0.03353459348279941,False,False,True
7afc09a024ce49acbf27accd86b5d815,phase1b_combined_stress,12,4,16,3,2,8,3,0.7032998661141543,0.6697652726313549,0.03353459348279941,False,False,True
7afc09a024ce49acbf27accd86b5d815,phase1b_combined_stress,16,4,16,3,2,8,3,0.7032998661141543,0.6697652726313549,0.03353459348279941,False,False,True
7afc09a024ce49acbf27accd86b5d815,phase1b_combined_stress,20,4,16,3,2,8,3,0.7032998661141543,0.6697652726313549,0.03353459348279941,False,False,True
7e69c86386ed4ba0a51e26ed203a72a4,phase1b_combined_stress,0,4,16,4,1,8,3,0.9490469570291832,0.9122870906761479,0.0367598663530353,False,False,False
7e69c86386ed4ba0a51e26ed203a72a4,phase1b_combined_stress,1,4,16,3,2,8,3,0.7032998661141543,0.6697652726313549,0.03353459348279941,False,False,True
7e69c86386ed4ba0a51e26ed203a72a4,phase1b_combined_stress,2,4,16,3,3,8,2,0.4999999999982972,0.4999999999999999,-1.7026935417163713e-12,False,False,True
7e69c86386ed4ba0a51e26ed203a72a4,phase1b_combined_stress,3,4,16,3,2,8,3,0.7032998661141543,0.6697652726313549,0.03353459348279941,False,False,True
7e69c86386ed4ba0a51e26ed203a72a4,phase1b_combined_stress,4,4,16,3,3,8,2,0.4999999999982972,0.4999999999999999,-1.7026935417163713e-12,False,False,True
7e69c86386ed4ba0a51e26ed203a72a4,phase1b_combined_stress,5,4,16,3,2,8,3,0.7032998661141543,0.6697652726313549,0.03353459348279941,False,False,True
7e69c86386ed4ba0a51e26ed203a72a4,phase1b_combined_stress,6,4,16,3,3,8,2,0.4999999999982972,0.4999999999999999,-1.7026935417163713e-12,False,False,True
7e69c86386ed4ba0a51e26ed203a72a4,phase1b_combined_stress,7,4,16,3,2,8,3,0.7032998661141543,0.6697652726313549,0.03353459348279941,False,False,True
7e69c86386ed4ba0a51e26ed203a72a4,phase1b_combined_stress,8,4,16,3,3,8,2,0.4999999999982972,0.4999999999999999,-1.7026935417163713e-12,False,False,True
7e69c86386ed4ba0a51e26ed203a72a4,phase1b_combined_stress,9,4,16,3,2,8,3,0.7032998661141543,0.6697652726313549,0.03353459348279941,False,False,True
7e69c86386ed4ba0a51e26ed203a72a4,phase1b_combined_stress,10,4,16,3,3,8,2,0.4999999999982972,0.4999999999999999,-1.7026935417163713e-12,False,False,True
7e69c86386ed4ba0a51e26ed203a72a4,phase1b_combined_stress,11,4,16,3,2,8,3,0.7032998661141543,0.6697652726313549,0.03353459348279941,False,False,True
7e69c86386ed4ba0a51e26ed203a72a4,phase1b_combined_stress,12,4,16,3,3,8,2,0.4999999999982972,0.4999999999999999,-1.7026935417163713e-12,False,False,True
7e69c86386ed4ba0a51e26ed203a72a4,phase1b_combined_stress,13,4,16,3,2,8,3,0.7032998661141543,0.6697652726313549,0.03353459348279941,False,False,True
7e69c86386ed4ba0a51e26ed203a72a4,phase1b_combined_stress,14,4,16,3,3,8,2,0.4999999999982972,0.4999999999999999,-1.7026935417163713e-12,False,False,True
7e69c86386ed4ba0a51e26ed203a72a4,phase1b_combined_stress,15,4,16,3,2,8,3,0.7032998661141543,0.6697652726313549,0.03353459348279941,False,False,True
7e69c86386ed4ba0a51e26ed203a72a4,phase1b_combined_stress,16,4,16,3,3,8,2,0.4999999999982972,0.4999999999999999,-1.7026935417163713e-12,False,False,True
7e69c86386ed4ba0a51e26ed203a72a4,phase1b_combined_stress,17,4,16,3,2,8,3,0.7032998661141543,0.6697652726313549,0.03353459348279941,False,False,True
7e69c86386ed4ba0a51e26ed203a72a4,phase1b_combined_stress,18,4,16,3,3,8,2,0.4999999999982972,0.4999999999999999,-1.7026935417163713e-12,False,False,True
7e69c86386ed4ba0a51e26ed203a72a4,phase1b_combined_stress,19,4,16,3,2,8,3,0.7032998661141543,0.6697652726313549,0.03353459348279941,False,False,True
7e69c86386ed4ba0a51e26ed203a72a4,phase1b_combined_stress,20,4,16,3,3,8,2,0.4999999999982972,0.4999999999999999,-1.7026935417163713e-12,False,False,True
7e69c86386ed4ba0a51e26ed203a72a4,phase1b_combined_stress,21,4,16,3,2,8,3,0.7032998661141543,0.6697652726313549,0.03353459348279941,False,False,True
7e69c86386ed4ba0a51e26ed203a72a4,phase1b_combined_stress,22,4,16,3,3,8,2,0.4999999999982972,0.4999999999999999,-1.7026935417163713e-12,False,False,True
7e69c86386ed4ba0a51e26ed203a72a4,phase1b_combined_stress,23,4,16,3,2,8,3,0.7032998661141543,0.6697652726313549,0.03353459348279941,False,False,True
7e69c86386ed4ba0a51e26ed203a72a4,phase1b_combined_stress,24,4,16,3,3,8,2,0.4999999999982972,0.4999999999999999,-1.7026935417163713e-12,False,False,True
7e69c86386ed4ba0a51e26ed203a72a4,phase1b_combined_stress,25,4,16,3,2,8,3,0.7032998661141543,0.6697652726313549,0.03353459348279941,False,False,True
7e69c86386ed4ba0a51e26ed203a72a4,phase1b_combined_stress,26,4,16,3,3,8,2,0.4999999999982972,0.4999999999999999,-1.7026935417163713e-12,False,False,True
7e69c86386ed4ba0a51e26ed203a72a4,phase1b_combined_stress,27,4,16,3,2,8,3,0.7032998661141543,0.6697652726313549,0.03353459348279941,False,False,True
7e69c86386ed4ba0a51e26ed203a72a4,phase1b_combined_stress,28,4,16,3,3,8,2,0.4999999999982972,0.4999999999999999,-1.7026935417163713e-12,False,False,True
7e7d9ebc3ed440058c803e28ed655a92,phase1b_combined_stress,0,4,16,2,1,4,1,0.7634994083736772,0.7122065907891937,0.05129281758448356,False,False,True
7e7d9ebc3ed440058c803e28ed655a92,phase1b_combined_stress,4,4,16,2,1,4,1,0.7634994083736772,0.7122065907891937,0.05129281758448356,False,False,True
7e7d9ebc3ed440058c803e28ed655a92,phase1b_combined_stress,8,4,16,2,1,4,1,0.7634994083736772,0.7122065907891937,0.05129281758448356,False,False,True
7e7d9ebc3ed440058c803e28ed655a92,phase1b_combined_stress,12,4,16,2,1,4,1,0.7634994083736772,0.7122065907891937,0.05129281758448356,False,False,True
808be7de271144d1af2b2ae1fc4a2959,phase1b_combined_stress,0,4,16,2,2,8,4,0.5000000000000222,0.5,2.220446049250313e-14,False,False,True
808be7de271144d1af2b2ae1fc4a2959,phase1b_combined_stress,4,4,16,3,2,8,3,0.7032998661141543,0.6697652726313549,0.03353459348279941,False,False,False
808be7de271144d1af2b2ae1fc4a2959,phase1b_combined_stress,8,4,16,3,2,8,3,0.7032998661141543,0.6697652726313549,0.03353459348279941,False,False,False
808be7de271144d1af2b2ae1fc4a2959,phase1b_combined_stress,12,4,16,3,2,8,3,0.7032998661141543,0.6697652726313549,0.03353459348279941,False,False,False
808be7de271144d1af2b2ae1fc4a2959,phase1b_combined_stress,16,4,16,3,2,8,3,0.7032998661141543,0.6697652726313549,0.03353459348279941,False,False,False
808be7de271144d1af2b2ae1fc4a2959,phase1b_combined_stress,20,4,16,3,2,8,3,0.7032998661141543,0.6697652726313549,0.03353459348279941,False,False,False
819c5c7db1ba410197824d126f761783,phase1b_combined_stress,0,4,16,2,2,8,4,0.5000000000000222,0.5,2.220446049250313e-14,False,False,False
819c5c7db1ba410197824d126f761783,phase1b_combined_stress,1,4,16,2,2,8,4,0.5000000000000222,0.5,2.220446049250313e-14,False,False,False
819c5c7db1ba410197824d126f761783,phase1b_combined_stress,2,4,16,3,2,8,3,0.7032998661141543,0.6697652726313549,0.03353459348279941,False,False,True
819c5c7db1ba410197824d126f761783,phase1b_combined_stress,3,4,16,2,2,8,4,0.5000000000000222,0.5,2.220446049250313e-14,False,False,False
819c5c7db1ba410197824d126f761783,phase1b_combined_stress,4,4,16,3,2,8,3,0.7032998661141543,0.6697652726313549,0.03353459348279941,False,False,True
819c5c7db1ba410197824d126f761783,phase1b_combined_stress,5,4,16,2,2,8,4,0.5000000000000222,0.5,2.220446049250313e-14,False,False,False
819c5c7db1ba410197824d126f761783,phase1b_combined_stress,6,4,16,3,2,8,3,0.7032998661141543,0.6697652726313549,0.03353459348279941,False,False,True
819c5c7db1ba410197824d126f761783,phase1b_combined_stress,7,4,16,2,2,8,4,0.5000000000000222,0.5,2.220446049250313e-14,False,False,False
819c5c7db1ba410197824d126f761783,phase1b_combined_stress,8,4,16,3,2,8,3,0.7032998661141543,0.6697652726313549,0.03353459348279941,False,False,True
819c5c7db1ba410197824d126f761783,phase1b_combined_stress,9,4,16,2,2,8,4,0.5000000000000222,0.5,2.220446049250313e-14,False,False,False
819c5c7db1ba410197824d126f761783,phase1b_combined_stress,10,4,16,3,2,8,3,0.7032998661141543,0.6697652726313549,0.03353459348279941,False,False,True
819c5c7db1ba410197824d126f761783,phase1b_combined_stress,11,4,16,2,2,8,4,0.5000000000000222,0.5,2.220446049250313e-14,False,False,False
819c5c7db1ba410197824d126f761783,phase1b_combined_stress,12,4,16,3,2,8,3,0.7032998661141543,0.6697652726313549,0.03353459348279941,False,False,True
819c5c7db1ba410197824d126f761783,phase1b_combined_stress,13,4,16,2,2,8,4,0.5000000000000222,0.5,2.220446049250313e-14,False,False,False
819c5c7db1ba410197824d126f761783,phase1b_combined_stress,14,4,16,3,2,8,3,0.7032998661141543,0.6697652726313549,0.03353459348279941,False,False,True
819c5c7db1ba410197824d126f761783,phase1b_combined_stress,15,4,16,2,2,8,4,0.5000000000000222,0.5,2.220446049250313e-14,False,False,False
819c5c7db1ba410197824d126f761783,phase1b_combined_stress,16,4,16,3,2,8,3,0.7032998661141543,0.6697652726313549,0.03353459348279941,False,False,True
819c5c7db1ba410197824d126f761783,phase1b_combined_stress,17,4,16,2,2,8,4,0.5000000000000222,0.5,2.220446049250313e-14,False,False,False
819c5c7db1ba410197824d126f761783,phase1b_combined_stress,18,4,16,3,2,8,3,0.7032998661141543,0.6697652726313549,0.03353459348279941,False,False,True
819c5c7db1ba410197824d126f761783,phase1b_combined_stress,19,4,16,2,2,8,4,0.5000000000000222,0.5,2.220446049250313e-14,False,False,False
819c5c7db1ba410197824d126f761783,phase1b_combined_stress,20,4,16,3,2,8,3,0.7032998661141543,0.6697652726313549,0.03353459348279941,False,False,True
819c5c7db1ba410197824d126f761783,phase1b_combined_stress,21,4,16,2,2,8,4,0.5000000000000222,0.5,2.220446049250313e-14,False,False,False
819c5c7db1ba410197824d126f761783,phase1b_combined_stress,22,4,16,3,2,8,3,0.7032998661141543,0.6697652726313549,0.03353459348279941,False,False,True
819c5c7db1ba410197824d126f761783,phase1b_combined_stress,23,4,16,2,2,8,4,0.5000000000000222,0.5,2.220446049250313e-14,False,False,False
819c5c7db1ba410197824d126f761783,phase1b_combined_stress,24,4,16,3,2,8,3,0.7032998661141543,0.6697652726313549,0.03353459348279941,False,False,True
819c5c7db1ba410197824d126f761783,phase1b_combined_stress,25,4,16,2,2,8,4,0.5000000000000222,0.5,2.220446049250313e-14,False,False,False
819c5c7db1ba410197824d126f761783,phase1b_combined_stress,26,4,16,3,2,8,3,0.7032998661141543,0.6697652726313549,0.03353459348279941,False,False,True
819c5c7db1ba410197824d126f761783,phase1b_combined_stress,27,4,16,2,2,8,4,0.5000000000000222,0.5,2.220446049250313e-14,False,False,False
819c5c7db1ba410197824d126f761783,phase1b_combined_stress,28,4,16,3,2,8,3,0.7032998661141543,0.6697652726313549,0.03353459348279941,False,False,True
84d8eaac106445e1b069487c73f2aad1,phase1b_combined_stress,0,4,16,2,1,4,1,0.7634994083736772,0.7122065907891937,0.05129281758448356,False,False,True
84d8eaac106445e1b069487c73f2aad1,phase1b_combined_stress,1,4,16,2,1,4,1,0.7634994083736772,0.7122065907891937,0.05129281758448356,False,False,True
84d8eaac106445e1b069487c73f2aad1,phase1b_combined_stress,2,4,16,2,2,4,0,0.4999999999933499,0.5,-6.650124895202225e-12,False,False,False
84d8eaac106445e1b069487c73f2aad1,phase1b_combined_stress,3,4,16,2,1,4,1,0.7634994083736772,0.7122065907891937,0.05129281758448356,False,False,True
84d8eaac106445e1b069487c73f2aad1,phase1b_combined_stress,4,4,16,2,2,4,0,0.4999999999933499,0.5,-6.650124895202225e-12,False,False,False
84d8eaac106445e1b069487c73f2aad1,phase1b_combined_stress,5,4,16,2,1,4,1,0.7634994083736772,0.7122065907891937,0.05129281758448356,False,False,True
84d8eaac106445e1b069487c73f2aad1,phase1b_combined_stress,6,4,16,2,2,4,0,0.4999999999933499,0.5,-6.650124895202225e-12,False,False,False
84d8eaac106445e1b069487c73f2aad1,phase1b_combined_stress,7,4,16,2,1,4,1,0.7634994083736772,0.7122065907891937,0.05129281758448356,False,False,True
84d8eaac106445e1b069487c73f2aad1,phase1b_combined_stress,8,4,16,2,2,4,0,0.4999999999933499,0.5,-6.650124895202225e-12,False,False,False
84d8eaac106445e1b069487c73f2aad1,phase1b_combined_stress,9,4,16,2,1,4,1,0.7634994083736772,0.7122065907891937,0.05129281758448356,False,False,True
84d8eaac106445e1b069487c73f2aad1,phase1b_combined_stress,10,4,16,2,2,4,0,0.4999999999933499,0.5,-6.650124895202225e-12,False,False,False
84d8eaac106445e1b069487c73f2aad1,phase1b_combined_stress,11,4,16,2,1,4,1,0.7634994083736772,0.7122065907891937,0.05129281758448356,False,False,True
84d8eaac106445e1b069487c73f2aad1,phase1b_combined_stress,12,4,16,2,2,4,0,0.4999999999933499,0.5,-6.650124895202225e-12,False,False,False
84f2b0e8952c410b9d12538e2082e6f6,phase1b_combined_stress,0,4,16,3,2,8,3,0.7032998661141543,0.6697652726313549,0.03353459348279941,False,False,True
84f2b0e8952c410b9d12538e2082e6f6,phase1b_combined_stress,1,4,16,3,3,8,2,0.4999999999982972,0.4999999999999999,-1.7026935417163713e-12,False,False,False
84f2b0e8952c410b9d12538e2082e6f6,phase1b_combined_stress,2,4,16,3,3,8,2,0.4999999999982972,0.4999999999999999,-1.7026935417163713e-12,False,False,True
84f2b0e8952c410b9d12538e2082e6f6,phase1b_combined_stress,3,4,16,3,3,8,2,0.4999999999982972,0.4999999999999999,-1.7026935417163713e-12,False,False,False
84f2b0e8952c410b9d12538e2082e6f6,phase1b_combined_stress,4,4,16,3,3,8,2,0.4999999999982972,0.4999999999999999,-1.7026935417163713e-12,False,False,True
84f2b0e8952c410b9d12538e2082e6f6,phase1b_combined_stress,5,4,16,3,3,8,2,0.4999999999982972,0.4999999999999999,-1.7026935417163713e-12,False,False,False
84f2b0e8952c410b9d12538e2082e6f6,phase1b_combined_stress,6,4,16,3,3,8,2,0.4999999999982972,0.4999999999999999,-1.7026935417163713e-12,False,False,True
84f2b0e8952c410b9d12538e2082e6f6,phase1b_combined_stress,7,4,16,3,3,8,2,0.4999999999982972,0.4999999999999999,-1.7026935417163713e-12,False,False,False
84f2b0e8952c410b9d12538e2082e6f6,phase1b_combined_stress,8,4,16,3,3,8,2,0.4999999999982972,0.4999999999999999,-1.7026935417163713e-12,False,False,True
84f2b0e8952c410b9d12538e2082e6f6,phase1b_combined_stress,9,4,16,3,3,8,2,0.4999999999982972,0.4999999999999999,-1.7026935417163713e-12,False,False,False
84f2b0e8952c410b9d12538e2082e6f6,phase1b_combined_stress,10,4,16,3,3,8,2,0.4999999999982972,0.4999999999999999,-1.7026935417163713e-12,False,False,True
84f2b0e8952c410b9d12538e2082e6f6,phase1b_combined_stress,11,4,16,3,3,8,2,0.4999999999982972,0.4999999999999999,-1.7026935417163713e-12,False,False,False
84f2b0e8952c410b9d12538e2082e6f6,phase1b_combined_stress,12,4,16,3,3,8,2,0.4999999999982972,0.4999999999999999,-1.7026935417163713e-12,False,False,True
84f2b0e8952c410b9d12538e2082e6f6,phase1b_combined_stress,13,4,16,3,3,8,2,0.4999999999982972,0.4999999999999999,-1.7026935417163713e-12,False,False,False
84f2b0e8952c410b9d12538e2082e6f6,phase1b_combined_stress,14,4,16,3,3,8,2,0.4999999999982972,0.4999999999999999,-1.7026935417163713e-12,False,False,True
84f2b0e8952c410b9d12538e2082e6f6,phase1b_combined_stress,15,4,16,3,3,8,2,0.4999999999982972,0.4999999999999999,-1.7026935417163713e-12,False,False,False
84f2b0e8952c410b9d12538e2082e6f6,phase1b_combined_stress,16,4,16,3,3,8,2,0.4999999999982972,0.4999999999999999,-1.7026935417163713e-12,False,False,True
84f2b0e8952c410b9d12538e2082e6f6,phase1b_combined_stress,17,4,16,3,3,8,2,0.4999999999982972,0.4999999999999999,-1.7026935417163713e-12,False,False,False
84f2b0e8952c410b9d12538e2082e6f6,phase1b_combined_stress,18,4,16,3,3,8,2,0.4999999999982972,0.4999999999999999,-1.7026935417163713e-12,False,False,True
84f2b0e8952c410b9d12538e2082e6f6,phase1b_combined_stress,19,4,16,3,3,8,2,0.4999999999982972,0.4999999999999999,-1.7026935417163713e-12,False,False,False
84f2b0e8952c410b9d12538e2082e6f6,phase1b_combined_stress,20,4,16,3,3,8,2,0.4999999999982972,0.4999999999999999,-1.7026935417163713e-12,False,False,True
86707df0102a4c36a275f159de403a2c,phase1b_combined_stress,0,4,16,1,1,4,2,0.4999999999917221,0.5000000000000002,-8.278100427361323e-12,False,False,False
86707df0102a4c36a275f159de403a2c,phase1b_combined_stress,4,4,16,2,1,4,1,0.7634994083736772,0.7122065907891937,0.05129281758448356,False,False,True
86707df0102a4c36a275f159de403a2c,phase1b_combined_stress,8,4,16,2,1,4,1,0.7634994083736772,0.7122065907891937,0.05129281758448356,False,False,True
86707df0102a4c36a275f159de403a2c,phase1b_combined_stress,12,4,16,2,1,4,1,0.7634994083736772,0.7122065907891937,0.05129281758448356,False,False,True
86707df0102a4c36a275f159de403a2c,phase1b_combined_stress,16,4,16,2,1,4,1,0.7634994083736772,0.7122065907891937,0.05129281758448356,False,False,True
86707df0102a4c36a275f159de403a2c,phase1b_combined_stress,20,4,16,2,1,4,1,0.7634994083736772,0.7122065907891937,0.05129281758448356,False,False,True
86707df0102a4c36a275f159de403a2c,phase1b_combined_stress,24,4,16,2,1,4,1,0.7634994083736772,0.7122065907891937,0.05129281758448356,False,False,True
86707df0102a4c36a275f159de403a2c,phase1b_combined_stress,28,4,16,2,1,4,1,0.7634994083736772,0.7122065907891937,0.05129281758448356,False,False,True
8681d24c80024fc89ec3da3ae680a124,phase1b_combined_stress,0,4,16,3,3,16,10,0.5000000000000001,0.4999999999999999,2.220446049250313e-16,False,False,True
8681d24c80024fc89ec3da3ae680a124,phase1b_combined_stress,1,4,16,7,4,16,5,0.8679254405504773,0.8165785969815478,0.05134684356892949,False,False,True
8681d24c80024fc89ec3da3ae680a124,phase1b_combined_stress,2,4,16,5,5,16,6,0.5000000000000002,0.5000000000000003,-1.1102230246251565e-16,False,False,True
8681d24c80024fc89ec3da3ae680a124,phase1b_combined_stress,3,4,16,7,4,16,5,0.8679254405504773,0.8165785969815478,0.05134684356892949,False,False,True
8681d24c80024fc89ec3da3ae680a124,phase1b_combined_stress,4,4,16,5,5,16,6,0.5000000000000002,0.5000000000000003,-1.1102230246251565e-16,False,False,True
8681d24c80024fc89ec3da3ae680a124,phase1b_combined_stress,5,4,16,7,4,16,5,0.8679254405504773,0.8165785969815478,0.05134684356892949,False,False,True
8681d24c80024fc89ec3da3ae680a124,phase1b_combined_stress,6,4,16,5,5,16,6,0.5000000000000002,0.5000000000000003,-1.1102230246251565e-16,False,False,True
8681d24c80024fc89ec3da3ae680a124,phase1b_combined_stress,7,4,16,7,4,16,5,0.8679254405504773,0.8165785969815478,0.05134684356892949,False,False,True
8681d24c80024fc89ec3da3ae680a124,phase1b_combined_stress,8,4,16,5,5,16,6,0.5000000000000002,0.5000000000000003,-1.1102230246251565e-16,False,False,True
8681d24c80024fc89ec3da3ae680a124,phase1b_combined_stress,9,4,16,7,4,16,5,0.8679254405504773,0.8165785969815478,0.05134684356892949,False,False,True
8681d24c80024fc89ec3da3ae680a124,phase1b_combined_stress,10,4,16,5,5,16,6,0.5000000000000002,0.5000000000000003,-1.1102230246251565e-16,False,False,True
8681d24c80024fc89ec3da3ae680a124,phase1b_combined_stress,11,4,16,7,4,16,5,0.8679254405504773,0.8165785969815478,0.05134684356892949,False,False,True
8681d24c80024fc89ec3da3ae680a124,phase1b_combined_stress,12,4,16,5,5,16,6,0.5000000000000002,0.5000000000000003,-1.1102230246251565e-16,False,False,True
8681d24c80024fc89ec3da3ae680a124,phase1b_combined_stress,13,4,16,7,4,16,5,0.8679254405504773,0.8165785969815478,0.05134684356892949,False,False,True
8681d24c80024fc89ec3da3ae680a124,phase1b_combined_stress,14,4,16,5,5,16,6,0.5000000000000002,0.5000000000000003,-1.1102230246251565e-16,False,False,True
8681d24c80024fc89ec3da3ae680a124,phase1b_combined_stress,15,4,16,7,4,16,5,0.8679254405504773,0.8165785969815478,0.05134684356892949,False,False,True
8681d24c80024fc89ec3da3ae680a124,phase1b_combined_stress,16,4,16,5,5,16,6,0.5000000000000002,0.5000000000000003,-1.1102230246251565e-16,False,False,True
8681d24c80024fc89ec3da3ae680a124,phase1b_combined_stress,17,4,16,7,4,16,5,0.8679254405504773,0.8165785969815478,0.05134684356892949,False,False,True
8681d24c80024fc89ec3da3ae680a124,phase1b_combined_stress,18,4,16,5,5,16,6,0.5000000000000002,0.5000000000000003,-1.1102230246251565e-16,False,False,True
8681d24c80024fc89ec3da3ae680a124,phase1b_combined_stress,19,4,16,7,4,16,5,0.8679254405504773,0.8165785969815478,0.05134684356892949,False,False,True
8681d24c80024fc89ec3da3ae680a124,phase1b_combined_stress,20,4,16,5,5,16,6,0.5000000000000002,0.5000000000000003,-1.1102230246251565e-16,False,False,True
8681d24c80024fc89ec3da3ae680a124,phase1b_combined_stress,21,4,16,7,4,16,5,0.8679254405504773,0.8165785969815478,0.05134684356892949,False,False,True
8681d24c80024fc89ec3da3ae680a124,phase1b_combined_stress,22,4,16,5,5,16,6,0.5000000000000002,0.5000000000000003,-1.1102230246251565e-16,False,False,True
8681d24c80024fc89ec3da3ae680a124,phase1b_combined_stress,23,4,16,7,4,16,5,0.8679254405504773,0.8165785969815478,0.05134684356892949,False,False,True
8681d24c80024fc89ec3da3ae680a124,phase1b_combined_stress,24,4,16,5,5,16,6,0.5000000000000002,0.5000000000000003,-1.1102230246251565e-16,False,False,True
8681d24c80024fc89ec3da3ae680a124,phase1b_combined_stress,25,4,16,7,4,16,5,0.8679254405504773,0.8165785969815478,0.05134684356892949,False,False,True
8681d24c80024fc89ec3da3ae680a124,phase1b_combined_stress,26,4,16,5,5,16,6,0.5000000000000002,0.5000000000000003,-1.1102230246251565e-16,False,False,True
8681d24c80024fc89ec3da3ae680a124,phase1b_combined_stress,27,4,16,7,4,16,5,0.8679254405504773,0.8165785969815478,0.05134684356892949,False,False,True
8681d24c80024fc89ec3da3ae680a124,phase1b_combined_stress,28,4,16,5,5,16,6,0.5000000000000002,0.5000000000000003,-1.1102230246251565e-16,False,False,True
90065684b58449da971430a5b1feaa75,phase1b_combined_stress,0,4,16,3,2,8,3,0.7032998661141543,0.6697652726313549,0.03353459348279941,False,False,True
90065684b58449da971430a5b1feaa75,phase1b_combined_stress,1,4,16,3,2,8,3,0.7032998661141543,0.6697652726313549,0.03353459348279941,False,False,False
90065684b58449da971430a5b1feaa75,phase1b_combined_stress,2,4,16,3,3,8,2,0.4999999999982972,0.4999999999999999,-1.7026935417163713e-12,False,False,True
90065684b58449da971430a5b1feaa75,phase1b_combined_stress,3,4,16,3,2,8,3,0.7032998661141543,0.6697652726313549,0.03353459348279941,False,False,False
90065684b58449da971430a5b1feaa75,phase1b_combined_stress,4,4,16,3,3,8,2,0.4999999999982972,0.4999999999999999,-1.7026935417163713e-12,False,False,True
90065684b58449da971430a5b1feaa75,phase1b_combined_stress,5,4,16,3,2,8,3,0.7032998661141543,0.6697652726313549,0.03353459348279941,False,False,False
90065684b58449da971430a5b1feaa75,phase1b_combined_stress,6,4,16,3,3,8,2,0.4999999999982972,0.4999999999999999,-1.7026935417163713e-12,False,False,True
90065684b58449da971430a5b1feaa75,phase1b_combined_stress,7,4,16,3,2,8,3,0.7032998661141543,0.6697652726313549,0.03353459348279941,False,False,False
90065684b58449da971430a5b1feaa75,phase1b_combined_stress,8,4,16,3,3,8,2,0.4999999999982972,0.4999999999999999,-1.7026935417163713e-12,False,False,True
90065684b58449da971430a5b1feaa75,phase1b_combined_stress,9,4,16,3,2,8,3,0.7032998661141543,0.6697652726313549,0.03353459348279941,False,False,False
90065684b58449da971430a5b1feaa75,phase1b_combined_stress,10,4,16,3,3,8,2,0.4999999999982972,0.4999999999999999,-1.7026935417163713e-12,False,False,True
90065684b58449da971430a5b1feaa75,phase1b_combined_stress,11,4,16,3,2,8,3,0.7032998661141543,0.6697652726313549,0.03353459348279941,False,False,False
90065684b58449da971430a5b1feaa75,phase1b_combined_stress,12,4,16,3,3,8,2,0.4999999999982972,0.4999999999999999,-1.7026935417163713e-12,False,False,True
90065684b58449da971430a5b1feaa75,phase1b_combined_stress,13,4,16,3,2,8,3,0.7032998661141543,0.6697652726313549,0.03353459348279941,False,False,False
90065684b58449da971430a5b1feaa75,phase1b_combined_stress,14,4,16,3,3,8,2,0.4999999999982972,0.4999999999999999,-1.7026935417163713e-12,False,False,True
90065684b58449da971430a5b1feaa75,phase1b_combined_stress,15,4,16,3,2,8,3,0.7032998661141543,0.6697652726313549,0.03353459348279941,False,False,False
90065684b58449da971430a5b1feaa75,phase1b_combined_stress,16,4,16,3,3,8,2,0.4999999999982972,0.4999999999999999,-1.7026935417163713e-12,False,False,True
90065684b58449da971430a5b1feaa75,phase1b_combined_stress,17,4,16,3,2,8,3,0.7032998661141543,0.6697652726313549,0.03353459348279941,False,False,False
90065684b58449da971430a5b1feaa75,phase1b_combined_stress,18,4,16,3,3,8,2,0.4999999999982972,0.4999999999999999,-1.7026935417163713e-12,False,False,True
90065684b58449da971430a5b1feaa75,phase1b_combined_stress,19,4,16,3,2,8,3,0.7032998661141543,0.6697652726313549,0.03353459348279941,False,False,False
90065684b58449da971430a5b1feaa75,phase1b_combined_stress,20,4,16,3,3,8,2,0.4999999999982972,0.4999999999999999,-1.7026935417163713e-12,False,False,True
90065684b58449da971430a5b1feaa75,phase1b_combined_stress,21,4,16,3,2,8,3,0.7032998661141543,0.6697652726313549,0.03353459348279941,False,False,False
90065684b58449da971430a5b1feaa75,phase1b_combined_stress,22,4,16,3,3,8,2,0.4999999999982972,0.4999999999999999,-1.7026935417163713e-12,False,False,True
90065684b58449da971430a5b1feaa75,phase1b_combined_stress,23,4,16,3,2,8,3,0.7032998661141543,0.6697652726313549,0.03353459348279941,False,False,False
90065684b58449da971430a5b1feaa75,phase1b_combined_stress,24,4,16,3,3,8,2,0.4999999999982972,0.4999999999999999,-1.7026935417163713e-12,False,False,True
90065684b58449da971430a5b1feaa75,phase1b_combined_stress,25,4,16,3,2,8,3,0.7032998661141543,0.6697652726313549,0.03353459348279941,False,False,False
90065684b58449da971430a5b1feaa75,phase1b_combined_stress,26,4,16,3,3,8,2,0.4999999999982972,0.4999999999999999,-1.7026935417163713e-12,False,False,True
90065684b58449da971430a5b1feaa75,phase1b_combined_stress,27,4,16,3,2,8,3,0.7032998661141543,0.6697652726313549,0.03353459348279941,False,False,False
90065684b58449da971430a5b1feaa75,phase1b_combined_stress,28,4,16,3,3,8,2,0.4999999999982972,0.4999999999999999,-1.7026935417163713e-12,False,False,True
91ced5fe8eac4ef88cc737196f04fdca,phase1b_combined_stress,0,4,16,1,1,4,2,0.4999999999917221,0.5000000000000002,-8.278100427361323e-12,False,False,False
91ced5fe8eac4ef88cc737196f04fdca,phase1b_combined_stress,4,4,16,2,1,4,1,0.7634994083736772,0.7122065907891937,0.05129281758448356,False,False,True
91ced5fe8eac4ef88cc737196f04fdca,phase1b_combined_stress,8,4,16,2,1,4,1,0.7634994083736772,0.7122065907891937,0.05129281758448356,False,False,True
91ced5fe8eac4ef88cc737196f04fdca,phase1b_combined_stress,12,4,16,2,1,4,1,0.7634994083736772,0.7122065907891937,0.05129281758448356,False,False,True
91ced5fe8eac4ef88cc737196f04fdca,phase1b_combined_stress,16,4,16,2,1,4,1,0.7634994083736772,0.7122065907891937,0.05129281758448356,False,False,True
91ced5fe8eac4ef88cc737196f04fdca,phase1b_combined_stress,20,4,16,2,1,4,1,0.7634994083736772,0.7122065907891937,0.05129281758448356,False,False,True
91ced5fe8eac4ef88cc737196f04fdca,phase1b_combined_stress,24,4,16,2,1,4,1,0.7634994083736772,0.7122065907891937,0.05129281758448356,False,False,True
91ced5fe8eac4ef88cc737196f04fdca,phase1b_combined_stress,28,4,16,2,1,4,1,0.7634994083736772,0.7122065907891937,0.05129281758448356,False,False,True
93aa68f0ca4f438e878e0780575a9ccf,phase1b_combined_stress,0,4,16,4,3,8,1,0.6916827309132849,0.6455130908268756,0.046169640086409336,False,False,False
93aa68f0ca4f438e878e0780575a9ccf,phase1b_combined_stress,4,4,16,4,2,8,2,0.8485140562026603,0.7910261816537514,0.05748787454890891,False,False,True
93aa68f0ca4f438e878e0780575a9ccf,phase1b_combined_stress,8,4,16,4,2,8,2,0.8485140562026603,0.7910261816537514,0.05748787454890891,False,False,True
93aa68f0ca4f438e878e0780575a9ccf,phase1b_combined_stress,12,4,16,4,2,8,2,0.8485140562026603,0.7910261816537514,0.05748787454890891,False,False,True
93aa68f0ca4f438e878e0780575a9ccf,phase1b_combined_stress,16,4,16,4,2,8,2,0.8485140562026603,0.7910261816537514,0.05748787454890891,False,False,True
93aa68f0ca4f438e878e0780575a9ccf,phase1b_combined_stress,20,4,16,4,2,8,2,0.8485140562026603,0.7910261816537514,0.05748787454890891,False,False,True
93aa68f0ca4f438e878e0780575a9ccf,phase1b_combined_stress,24,4,16,4,2,8,2,0.8485140562026603,0.7910261816537514,0.05748787454890891,False,False,True
93aa68f0ca4f438e878e0780575a9ccf,phase1b_combined_stress,28,4,16,4,2,8,2,0.8485140562026603,0.7910261816537514,0.05748787454890891,False,False,True
99bddc372fd4406e98d00983b3d0b970,phase1b_combined_stress,0,4,16,4,4,16,8,0.5000000000000001,0.4999999999999998,3.3306690738754696e-16,False,False,True
99bddc372fd4406e98d00983b3d0b970,phase1b_combined_stress,4,4,16,6,6,16,4,0.5,0.5,0.0,False,False,True
99bddc372fd4406e98d00983b3d0b970,phase1b_combined_stress,8,4,16,6,6,16,4,0.5,0.5,0.0,False,False,True
99bddc372fd4406e98d00983b3d0b970,phase1b_combined_stress,12,4,16,6,6,16,4,0.5,0.5,0.0,False,False,True
99bddc372fd4406e98d00983b3d0b970,phase1b_combined_stress,16,4,16,6,6,16,4,0.5,0.5,0.0,False,False,True
99bddc372fd4406e98d00983b3d0b970,phase1b_combined_stress,20,4,16,6,6,16,4,0.5,0.5,0.0,False,False,True
99c86bf06ce143cba102e974e8fb9a92,phase1b_combined_stress,0,4,16,3,3,16,10,0.5000000000000001,0.4999999999999999,2.220446049250313e-16,False,False,True
99c86bf06ce143cba102e974e8fb9a92,phase1b_combined_stress,1,4,16,5,5,16,6,0.5000000000000002,0.5000000000000003,-1.1102230246251565e-16,False,False,False
99c86bf06ce143cba102e974e8fb9a92,phase1b_combined_stress,2,4,16,7,5,16,4,0.7668789003730136,0.7170824665016328,0.049796433871380885,False,False,True
99c86bf06ce143cba102e974e8fb9a92,phase1b_combined_stress,3,4,16,5,5,16,6,0.5000000000000002,0.5000000000000003,-1.1102230246251565e-16,False,False,False
99c86bf06ce143cba102e974e8fb9a92,phase1b_combined_stress,4,4,16,7,5,16,4,0.7668789003730136,0.7170824665016328,0.049796433871380885,False,False,True
99c86bf06ce143cba102e974e8fb9a92,phase1b_combined_stress,5,4,16,5,5,16,6,0.5000000000000002,0.5000000000000003,-1.1102230246251565e-16,False,False,False
99c86bf06ce143cba102e974e8fb9a92,phase1b_combined_stress,6,4,16,7,5,16,4,0.7668789003730136,0.7170824665016328,0.049796433871380885,False,False,True
99c86bf06ce143cba102e974e8fb9a92,phase1b_combined_stress,7,4,16,5,5,16,6,0.5000000000000002,0.5000000000000003,-1.1102230246251565e-16,False,False,False
99c86bf06ce143cba102e974e8fb9a92,phase1b_combined_stress,8,4,16,7,5,16,4,0.7668789003730136,0.7170824665016328,0.049796433871380885,False,False,True
99c86bf06ce143cba102e974e8fb9a92,phase1b_combined_stress,9,4,16,5,5,16,6,0.5000000000000002,0.5000000000000003,-1.1102230246251565e-16,False,False,False
99c86bf06ce143cba102e974e8fb9a92,phase1b_combined_stress,10,4,16,7,5,16,4,0.7668789003730136,0.7170824665016328,0.049796433871380885,False,False,True
99c86bf06ce143cba102e974e8fb9a92,phase1b_combined_stress,11,4,16,5,5,16,6,0.5000000000000002,0.5000000000000003,-1.1102230246251565e-16,False,False,False
99c86bf06ce143cba102e974e8fb9a92,phase1b_combined_stress,12,4,16,7,5,16,4,0.7668789003730136,0.7170824665016328,0.049796433871380885,False,False,True
99ecf77d2e2144b1b0d3f720ee5cc92b,phase1b_combined_stress,0,4,16,2,1,4,1,0.7634994083736772,0.7122065907891937,0.05129281758448356,False,False,False
99ecf77d2e2144b1b0d3f720ee5cc92b,phase1b_combined_stress,1,4,16,2,1,4,1,0.7634994083736772,0.7122065907891937,0.05129281758448356,False,False,True
99ecf77d2e2144b1b0d3f720ee5cc92b,phase1b_combined_stress,2,4,16,2,1,4,1,0.7634994083736772,0.7122065907891937,0.05129281758448356,False,False,True
99ecf77d2e2144b1b0d3f720ee5cc92b,phase1b_combined_stress,3,4,16,2,1,4,1,0.7634994083736772,0.7122065907891937,0.05129281758448356,False,False,True
99ecf77d2e2144b1b0d3f720ee5cc92b,phase1b_combined_stress,4,4,16,2,1,4,1,0.7634994083736772,0.7122065907891937,0.05129281758448356,False,False,True
99ecf77d2e2144b1b0d3f720ee5cc92b,phase1b_combined_stress,5,4,16,2,1,4,1,0.7634994083736772,0.7122065907891937,0.05129281758448356,False,False,True
99ecf77d2e2144b1b0d3f720ee5cc92b,phase1b_combined_stress,6,4,16,2,1,4,1,0.7634994083736772,0.7122065907891937,0.05129281758448356,False,False,True
99ecf77d2e2144b1b0d3f720ee5cc92b,phase1b_combined_stress,7,4,16,2,1,4,1,0.7634994083736772,0.7122065907891937,0.05129281758448356,False,False,True
99ecf77d2e2144b1b0d3f720ee5cc92b,phase1b_combined_stress,8,4,16,2,1,4,1,0.7634994083736772,0.7122065907891937,0.05129281758448356,False,False,True
99ecf77d2e2144b1b0d3f720ee5cc92b,phase1b_combined_stress,9,4,16,2,1,4,1,0.7634994083736772,0.7122065907891937,0.05129281758448356,False,False,True
99ecf77d2e2144b1b0d3f720ee5cc92b,phase1b_combined_stress,10,4,16,2,1,4,1,0.7634994083736772,0.7122065907891937,0.05129281758448356,False,False,True
99ecf77d2e2144b1b0d3f720ee5cc92b,phase1b_combined_stress,11,4,16,2,1,4,1,0.7634994083736772,0.7122065907891937,0.05129281758448356,False,False,True
99ecf77d2e2144b1b0d3f720ee5cc92b,phase1b_combined_stress,12,4,16,2,1,4,1,0.7634994083736772,0.7122065907891937,0.05129281758448356,False,False,True
99ecf77d2e2144b1b0d3f720ee5cc92b,phase1b_combined_stress,13,4,16,2,1,4,1,0.7634994083736772,0.7122065907891937,0.05129281758448356,False,False,True
99ecf77d2e2144b1b0d3f720ee5cc92b,phase1b_combined_stress,14,4,16,2,1,4,1,0.7634994083736772,0.7122065907891937,0.05129281758448356,False,False,True
99ecf77d2e2144b1b0d3f720ee5cc92b,phase1b_combined_stress,15,4,16,2,1,4,1,0.7634994083736772,0.7122065907891937,0.05129281758448356,False,False,True
99ecf77d2e2144b1b0d3f720ee5cc92b,phase1b_combined_stress,16,4,16,2,1,4,1,0.7634994083736772,0.7122065907891937,0.05129281758448356,False,False,True
99ecf77d2e2144b1b0d3f720ee5cc92b,phase1b_combined_stress,17,4,16,2,1,4,1,0.7634994083736772,0.7122065907891937,0.05129281758448356,False,False,True
99ecf77d2e2144b1b0d3f720ee5cc92b,phase1b_combined_stress,18,4,16,2,1,4,1,0.7634994083736772,0.7122065907891937,0.05129281758448356,False,False,True
99ecf77d2e2144b1b0d3f720ee5cc92b,phase1b_combined_stress,19,4,16,2,1,4,1,0.7634994083736772,0.7122065907891937,0.05129281758448356,False,False,True
99ecf77d2e2144b1b0d3f720ee5cc92b,phase1b_combined_stress,20,4,16,2,1,4,1,0.7634994083736772,0.7122065907891937,0.05129281758448356,False,False,True
99ecf77d2e2144b1b0d3f720ee5cc92b,phase1b_combined_stress,21,4,16,2,1,4,1,0.7634994083736772,0.7122065907891937,0.05129281758448356,False,False,True
99ecf77d2e2144b1b0d3f720ee5cc92b,phase1b_combined_stress,22,4,16,2,1,4,1,0.7634994083736772,0.7122065907891937,0.05129281758448356,False,False,True
99ecf77d2e2144b1b0d3f720ee5cc92b,phase1b_combined_stress,23,4,16,2,1,4,1,0.7634994083736772,0.7122065907891937,0.05129281758448356,False,False,True
99ecf77d2e2144b1b0d3f720ee5cc92b,phase1b_combined_stress,24,4,16,2,1,4,1,0.7634994083736772,0.7122065907891937,0.05129281758448356,False,False,True
99ecf77d2e2144b1b0d3f720ee5cc92b,phase1b_combined_stress,25,4,16,2,1,4,1,0.7634994083736772,0.7122065907891937,0.05129281758448356,False,False,True
99ecf77d2e2144b1b0d3f720ee5cc92b,phase1b_combined_stress,26,4,16,2,1,4,1,0.7634994083736772,0.7122065907891937,0.05129281758448356,False,False,True
99ecf77d2e2144b1b0d3f720ee5cc92b,phase1b_combined_stress,27,4,16,2,1,4,1,0.7634994083736772,0.7122065907891937,0.05129281758448356,False,False,True
99ecf77d2e2144b1b0d3f720ee5cc92b,phase1b_combined_stress,28,4,16,2,1,4,1,0.7634994083736772,0.7122065907891937,0.05129281758448356,False,False,True
9a6445f9a1e24a729de3f3ddad47fc4d,phase1b_combined_stress,0,4,16,4,3,16,9,0.6642697648948153,0.6455130908268756,0.018756674067939683,False,False,False
9a6445f9a1e24a729de3f3ddad47fc4d,phase1b_combined_stress,4,4,16,8,4,16,4,0.9285533646569551,0.876276275269497,0.05227708938745812,False,False,True
9a6445f9a1e24a729de3f3ddad47fc4d,phase1b_combined_stress,8,4,16,8,4,16,4,0.9285533646569551,0.876276275269497,0.05227708938745812,False,False,True
9a6445f9a1e24a729de3f3ddad47fc4d,phase1b_combined_stress,12,4,16,8,4,16,4,0.9285533646569551,0.876276275269497,0.05227708938745812,False,False,True
9a6445f9a1e24a729de3f3ddad47fc4d,phase1b_combined_stress,16,4,16,8,4,16,4,0.9285533646569551,0.876276275269497,0.05227708938745812,False,False,True
9a6445f9a1e24a729de3f3ddad47fc4d,phase1b_combined_stress,20,4,16,8,4,16,4,0.9285533646569551,0.876276275269497,0.05227708938745812,False,False,True
9a6445f9a1e24a729de3f3ddad47fc4d,phase1b_combined_stress,24,4,16,8,4,16,4,0.9285533646569551,0.876276275269497,0.05227708938745812,False,False,True
9a6445f9a1e24a729de3f3ddad47fc4d,phase1b_combined_stress,28,4,16,8,4,16,4,0.9285533646569551,0.876276275269497,0.05227708938745812,False,False,True
9c4399674fd84fb8bc5fc6c409e269f7,phase1b_combined_stress,0,4,16,2,2,8,4,0.5000000000000222,0.5,2.220446049250313e-14,False,False,True
9c4399674fd84fb8bc5fc6c409e269f7,phase1b_combined_stress,4,4,16,3,2,8,3,0.7032998661141543,0.6697652726313549,0.03353459348279941,False,False,True
9c4399674fd84fb8bc5fc6c409e269f7,phase1b_combined_stress,8,4,16,3,2,8,3,0.7032998661141543,0.6697652726313549,0.03353459348279941,False,False,True
9c4399674fd84fb8bc5fc6c409e269f7,phase1b_combined_stress,12,4,16,3,2,8,3,0.7032998661141543,0.6697652726313549,0.03353459348279941,False,False,True
9c4399674fd84fb8bc5fc6c409e269f7,phase1b_combined_stress,16,4,16,3,2,8,3,0.7032998661141543,0.6697652726313549,0.03353459348279941,False,False,True
9c4399674fd84fb8bc5fc6c409e269f7,phase1b_combined_stress,20,4,16,3,2,8,3,0.7032998661141543,0.6697652726313549,0.03353459348279941,False,False,True
a0866fc54d814c949f3c91744c4e2853,phase1b_combined_stress,0,4,16,1,1,4,2,0.4999999999917221,0.5000000000000002,-8.278100427361323e-12,False,False,False
a0866fc54d814c949f3c91744c4e2853,phase1b_combined_stress,1,4,16,2,1,4,1,0.7634994083736772,0.7122065907891937,0.05129281758448356,False,False,True
a0866fc54d814c949f3c91744c4e2853,phase1b_combined_stress,2,4,16,2,1,4,1,0.7634994083736772,0.7122065907891937,0.05129281758448356,False,False,True
a0866fc54d814c949f3c91744c4e2853,phase1b_combined_stress,3,4,16,2,1,4,1,0.7634994083736772,0.7122065907891937,0.05129281758448356,False,False,True
a0866fc54d814c949f3c91744c4e2853,phase1b_combined_stress,4,4,16,2,1,4,1,0.7634994083736772,0.7122065907891937,0.05129281758448356,False,False,True
a0866fc54d814c949f3c91744c4e2853,phase1b_combined_stress,5,4,16,2,1,4,1,0.7634994083736772,0.7122065907891937,0.05129281758448356,False,False,True
a0866fc54d814c949f3c91744c4e2853,phase1b_combined_stress,6,4,16,2,1,4,1,0.7634994083736772,0.7122065907891937,0.05129281758448356,False,False,True
a0866fc54d814c949f3c91744c4e2853,phase1b_combined_stress,7,4,16,2,1,4,1,0.7634994083736772,0.7122065907891937,0.05129281758448356,False,False,True
a0866fc54d814c949f3c91744c4e2853,phase1b_combined_stress,8,4,16,2,1,4,1,0.7634994083736772,0.7122065907891937,0.05129281758448356,False,False,True
a0866fc54d814c949f3c91744c4e2853,phase1b_combined_stress,9,4,16,2,1,4,1,0.7634994083736772,0.7122065907891937,0.05129281758448356,False,False,True
a0866fc54d814c949f3c91744c4e2853,phase1b_combined_stress,10,4,16,2,1,4,1,0.7634994083736772,0.7122065907891937,0.05129281758448356,False,False,True
a0866fc54d814c949f3c91744c4e2853,phase1b_combined_stress,11,4,16,2,1,4,1,0.7634994083736772,0.7122065907891937,0.05129281758448356,False,False,True
a0866fc54d814c949f3c91744c4e2853,phase1b_combined_stress,12,4,16,2,1,4,1,0.7634994083736772,0.7122065907891937,0.05129281758448356,False,False,True
a269fbf4ddc044fba35c1a69afbf3479,phase1b_combined_stress,0,4,16,2,2,8,4,0.5000000000000222,0.5,2.220446049250313e-14,False,False,False
a269fbf4ddc044fba35c1a69afbf3479,phase1b_combined_stress,1,4,16,2,2,8,4,0.5000000000000222,0.5,2.220446049250313e-14,False,False,False
a269fbf4ddc044fba35c1a69afbf3479,phase1b_combined_stress,2,4,16,3,2,8,3,0.7032998661141543,0.6697652726313549,0.03353459348279941,False,False,True
a269fbf4ddc044fba35c1a69afbf3479,phase1b_combined_stress,3,4,16,2,2,8,4,0.5000000000000222,0.5,2.220446049250313e-14,False,False,False
a269fbf4ddc044fba35c1a69afbf3479,phase1b_combined_stress,4,4,16,3,2,8,3,0.7032998661141543,0.6697652726313549,0.03353459348279941,False,False,True
a269fbf4ddc044fba35c1a69afbf3479,phase1b_combined_stress,5,4,16,2,2,8,4,0.5000000000000222,0.5,2.220446049250313e-14,False,False,False
a269fbf4ddc044fba35c1a69afbf3479,phase1b_combined_stress,6,4,16,3,2,8,3,0.7032998661141543,0.6697652726313549,0.03353459348279941,False,False,True
a269fbf4ddc044fba35c1a69afbf3479,phase1b_combined_stress,7,4,16,2,2,8,4,0.5000000000000222,0.5,2.220446049250313e-14,False,False,False
a269fbf4ddc044fba35c1a69afbf3479,phase1b_combined_stress,8,4,16,3,2,8,3,0.7032998661141543,0.6697652726313549,0.03353459348279941,False,False,True
a269fbf4ddc044fba35c1a69afbf3479,phase1b_combined_stress,9,4,16,2,2,8,4,0.5000000000000222,0.5,2.220446049250313e-14,False,False,False
a269fbf4ddc044fba35c1a69afbf3479,phase1b_combined_stress,10,4,16,3,2,8,3,0.7032998661141543,0.6697652726313549,0.03353459348279941,False,False,True
a269fbf4ddc044fba35c1a69afbf3479,phase1b_combined_stress,11,4,16,2,2,8,4,0.5000000000000222,0.5,2.220446049250313e-14,False,False,False
a269fbf4ddc044fba35c1a69afbf3479,phase1b_combined_stress,12,4,16,3,2,8,3,0.7032998661141543,0.6697652726313549,0.03353459348279941,False,False,True
a2e63f54c891486fa58b5c8c85441bbc,phase1b_combined_stress,0,4,16,2,1,4,1,0.7634994083736772,0.7122065907891937,0.05129281758448356,False,False,False
a2e63f54c891486fa58b5c8c85441bbc,phase1b_combined_stress,4,4,16,3,1,4,0,0.9215990534084936,0.83953054526271,0.08206850814578359,False,False,True
a2e63f54c891486fa58b5c8c85441bbc,phase1b_combined_stress,8,4,16,3,1,4,0,0.9215990534084936,0.83953054526271,0.08206850814578359,False,False,True
a2e63f54c891486fa58b5c8c85441bbc,phase1b_combined_stress,12,4,16,3,1,4,0,0.9215990534084936,0.83953054526271,0.08206850814578359,False,False,True
a2e63f54c891486fa58b5c8c85441bbc,phase1b_combined_stress,16,4,16,3,1,4,0,0.9215990534084936,0.83953054526271,0.08206850814578359,False,False,True
a2e63f54c891486fa58b5c8c85441bbc,phase1b_combined_stress,20,4,16,3,1,4,0,0.9215990534084936,0.83953054526271,0.08206850814578359,False,False,True
a2e63f54c891486fa58b5c8c85441bbc,phase1b_combined_stress,24,4,16,3,1,4,0,0.9215990534084936,0.83953054526271,0.08206850814578359,False,False,True
a2e63f54c891486fa58b5c8c85441bbc,phase1b_combined_stress,28,4,16,3,1,4,0,0.9215990534084936,0.83953054526271,0.08206850814578359,False,False,True
a3dcb42faf9b45169381f98977fb7a30,phase1b_combined_stress,0,4,16,2,1,4,1,0.7634994083736772,0.7122065907891937,0.05129281758448356,False,False,True
a3dcb42faf9b45169381f98977fb7a30,phase1b_combined_stress,1,4,16,3,1,4,0,0.9215990534084936,0.83953054526271,0.08206850814578359,False,False,False
a3dcb42faf9b45169381f98977fb7a30,phase1b_combined_stress,2,4,16,3,1,4,0,0.9215990534084936,0.83953054526271,0.08206850814578359,False,False,True
a3dcb42faf9b45169381f98977fb7a30,phase1b_combined_stress,3,4,16,3,1,4,0,0.9215990534084936,0.83953054526271,0.08206850814578359,False,False,False
a3dcb42faf9b45169381f98977fb7a30,phase1b_combined_stress,4,4,16,3,1,4,0,0.9215990534084936,0.83953054526271,0.08206850814578359,False,False,True
a3dcb42faf9b45169381f98977fb7a30,phase1b_combined_stress,5,4,16,3,1,4,0,0.9215990534084936,0.83953054526271,0.08206850814578359,False,False,False
a3dcb42faf9b45169381f98977fb7a30,phase1b_combined_stress,6,4,16,3,1,4,0,0.9215990534084936,0.83953054526271,0.08206850814578359,False,False,True
a3dcb42faf9b45169381f98977fb7a30,phase1b_combined_stress,7,4,16,3,1,4,0,0.9215990534084936,0.83953054526271,0.08206850814578359,False,False,False
a3dcb42faf9b45169381f98977fb7a30,phase1b_combined_stress,8,4,16,3,1,4,0,0.9215990534084936,0.83953054526271,0.08206850814578359,False,False,True
a3dcb42faf9b45169381f98977fb7a30,phase1b_combined_stress,9,4,16,3,1,4,0,0.9215990534084936,0.83953054526271,0.08206850814578359,False,False,False
a3dcb42faf9b45169381f98977fb7a30,phase1b_combined_stress,10,4,16,3,1,4,0,0.9215990534084936,0.83953054526271,0.08206850814578359,False,False,True
a3dcb42faf9b45169381f98977fb7a30,phase1b_combined_stress,11,4,16,3,1,4,0,0.9215990534084936,0.83953054526271,0.08206850814578359,False,False,False
a3dcb42faf9b45169381f98977fb7a30,phase1b_combined_stress,12,4,16,3,1,4,0,0.9215990534084936,0.83953054526271,0.08206850814578359,False,False,True
a3dcb42faf9b45169381f98977fb7a30,phase1b_combined_stress,13,4,16,3,1,4,0,0.9215990534084936,0.83953054526271,0.08206850814578359,False,False,False
a3dcb42faf9b45169381f98977fb7a30,phase1b_combined_stress,14,4,16,3,1,4,0,0.9215990534084936,0.83953054526271,0.08206850814578359,False,False,True
a3dcb42faf9b45169381f98977fb7a30,phase1b_combined_stress,15,4,16,3,1,4,0,0.9215990534084936,0.83953054526271,0.08206850814578359,False,False,False
a3dcb42faf9b45169381f98977fb7a30,phase1b_combined_stress,16,4,16,3,1,4,0,0.9215990534084936,0.83953054526271,0.08206850814578359,False,False,True
a3dcb42faf9b45169381f98977fb7a30,phase1b_combined_stress,17,4,16,3,1,4,0,0.9215990534084936,0.83953054526271,0.08206850814578359,False,False,False
a3dcb42faf9b45169381f98977fb7a30,phase1b_combined_stress,18,4,16,3,1,4,0,0.9215990534084936,0.83953054526271,0.08206850814578359,False,False,True
a3dcb42faf9b45169381f98977fb7a30,phase1b_combined_stress,19,4,16,3,1,4,0,0.9215990534084936,0.83953054526271,0.08206850814578359,False,False,False
a3dcb42faf9b45169381f98977fb7a30,phase1b_combined_stress,20,4,16,3,1,4,0,0.9215990534084936,0.83953054526271,0.08206850814578359,False,False,True
a3dcb42faf9b45169381f98977fb7a30,phase1b_combined_stress,21,4,16,3,1,4,0,0.9215990534084936,0.83953054526271,0.08206850814578359,False,False,False
a3dcb42faf9b45169381f98977fb7a30,phase1b_combined_stress,22,4,16,3,1,4,0,0.9215990534084936,0.83953054526271,0.08206850814578359,False,False,True
a3dcb42faf9b45169381f98977fb7a30,phase1b_combined_stress,23,4,16,3,1,4,0,0.9215990534084936,0.83953054526271,0.08206850814578359,False,False,False
a3dcb42faf9b45169381f98977fb7a30,phase1b_combined_stress,24,4,16,3,1,4,0,0.9215990534084936,0.83953054526271,0.08206850814578359,False,False,True
a3dcb42faf9b45169381f98977fb7a30,phase1b_combined_stress,25,4,16,3,1,4,0,0.9215990534084936,0.83953054526271,0.08206850814578359,False,False,False
a3dcb42faf9b45169381f98977fb7a30,phase1b_combined_stress,26,4,16,3,1,4,0,0.9215990534084936,0.83953054526271,0.08206850814578359,False,False,True
a3dcb42faf9b45169381f98977fb7a30,phase1b_combined_stress,27,4,16,3,1,4,0,0.9215990534084936,0.83953054526271,0.08206850814578359,False,False,False
a3dcb42faf9b45169381f98977fb7a30,phase1b_combined_stress,28,4,16,3,1,4,0,0.9215990534084936,0.83953054526271,0.08206850814578359,False,False,True
a586fdac037c4c8cb68d272e90331c35,phase1b_combined_stress,0,4,16,4,3,16,9,0.6642697648948153,0.6455130908268756,0.018756674067939683,False,False,False
a586fdac037c4c8cb68d272e90331c35,phase1b_combined_stress,1,4,16,8,4,16,4,0.9285533646569551,0.876276275269497,0.05227708938745812,False,False,True
a586fdac037c4c8cb68d272e90331c35,phase1b_combined_stress,2,4,16,5,3,16,8,0.7920351375907829,0.7586899392477793,0.033345198343003646,False,False,True
a586fdac037c4c8cb68d272e90331c35,phase1b_combined_stress,3,4,16,8,4,16,4,0.9285533646569551,0.876276275269497,0.05227708938745812,False,False,True
a586fdac037c4c8cb68d272e90331c35,phase1b_combined_stress,4,4,16,5,3,16,8,0.7920351375907829,0.7586899392477793,0.033345198343003646,False,False,True
a586fdac037c4c8cb68d272e90331c35,phase1b_combined_stress,5,4,16,8,4,16,4,0.9285533646569551,0.876276275269497,0.05227708938745812,False,False,True
a586fdac037c4c8cb68d272e90331c35,phase1b_combined_stress,6,4,16,5,3,16,8,0.7920351375907829,0.7586899392477793,0.033345198343003646,False,False,True
a586fdac037c4c8cb68d272e90331c35,phase1b_combined_stress,7,4,16,8,4,16,4,0.9285533646569551,0.876276275269497,0.05227708938745812,False,False,True
a586fdac037c4c8cb68d272e90331c35,phase1b_combined_stress,8,4,16,5,3,16,8,0.7920351375907829,0.7586899392477793,0.033345198343003646,False,False,True
a586fdac037c4c8cb68d272e90331c35,phase1b_combined_stress,9,4,16,8,4,16,4,0.9285533646569551,0.876276275269497,0.05227708938745812,False,False,True
a586fdac037c4c8cb68d272e90331c35,phase1b_combined_stress,10,4,16,5,3,16,8,0.7920351375907829,0.7586899392477793,0.033345198343003646,False,False,True
a586fdac037c4c8cb68d272e90331c35,phase1b_combined_stress,11,4,16,8,4,16,4,0.9285533646569551,0.876276275269497,0.05227708938745812,False,False,True
a586fdac037c4c8cb68d272e90331c35,phase1b_combined_stress,12,4,16,5,3,16,8,0.7920351375907829,0.7586899392477793,0.033345198343003646,False,False,True
a586fdac037c4c8cb68d272e90331c35,phase1b_combined_stress,13,4,16,8,4,16,4,0.9285533646569551,0.876276275269497,0.05227708938745812,False,False,True
a586fdac037c4c8cb68d272e90331c35,phase1b_combined_stress,14,4,16,5,3,16,8,0.7920351375907829,0.7586899392477793,0.033345198343003646,False,False,True
a586fdac037c4c8cb68d272e90331c35,phase1b_combined_stress,15,4,16,8,4,16,4,0.9285533646569551,0.876276275269497,0.05227708938745812,False,False,True
a586fdac037c4c8cb68d272e90331c35,phase1b_combined_stress,16,4,16,5,3,16,8,0.7920351375907829,0.7586899392477793,0.033345198343003646,False,False,True
a586fdac037c4c8cb68d272e90331c35,phase1b_combined_stress,17,4,16,8,4,16,4,0.9285533646569551,0.876276275269497,0.05227708938745812,False,False,True
a586fdac037c4c8cb68d272e90331c35,phase1b_combined_stress,18,4,16,5,3,16,8,0.7920351375907829,0.7586899392477793,0.033345198343003646,False,False,True
a586fdac037c4c8cb68d272e90331c35,phase1b_combined_stress,19,4,16,8,4,16,4,0.9285533646569551,0.876276275269497,0.05227708938745812,False,False,True
a586fdac037c4c8cb68d272e90331c35,phase1b_combined_stress,20,4,16,5,3,16,8,0.7920351375907829,0.7586899392477793,0.033345198343003646,False,False,True
a586fdac037c4c8cb68d272e90331c35,phase1b_combined_stress,21,4,16,8,4,16,4,0.9285533646569551,0.876276275269497,0.05227708938745812,False,False,True
a586fdac037c4c8cb68d272e90331c35,phase1b_combined_stress,22,4,16,5,3,16,8,0.7920351375907829,0.7586899392477793,0.033345198343003646,False,False,True
a586fdac037c4c8cb68d272e90331c35,phase1b_combined_stress,23,4,16,8,4,16,4,0.9285533646569551,0.876276275269497,0.05227708938745812,False,False,True
a586fdac037c4c8cb68d272e90331c35,phase1b_combined_stress,24,4,16,5,3,16,8,0.7920351375907829,0.7586899392477793,0.033345198343003646,False,False,True
a586fdac037c4c8cb68d272e90331c35,phase1b_combined_stress,25,4,16,8,4,16,4,0.9285533646569551,0.876276275269497,0.05227708938745812,False,False,True
a586fdac037c4c8cb68d272e90331c35,phase1b_combined_stress,26,4,16,5,3,16,8,0.7920351375907829,0.7586899392477793,0.033345198343003646,False,False,True
a586fdac037c4c8cb68d272e90331c35,phase1b_combined_stress,27,4,16,8,4,16,4,0.9285533646569551,0.876276275269497,0.05227708938745812,False,False,True
a586fdac037c4c8cb68d272e90331c35,phase1b_combined_stress,28,4,16,5,3,16,8,0.7920351375907829,0.7586899392477793,0.033345198343003646,False,False,True
a7310de7897944bb8f8334f4a42f2413,phase1b_combined_stress,0,4,16,3,1,4,0,0.9215990534084936,0.83953054526271,0.08206850814578359,False,False,True
a7310de7897944bb8f8334f4a42f2413,phase1b_combined_stress,1,4,16,2,1,4,1,0.7634994083736772,0.7122065907891937,0.05129281758448356,False,False,True
a7310de7897944bb8f8334f4a42f2413,phase1b_combined_stress,2,4,16,2,1,4,1,0.7634994083736772,0.7122065907891937,0.05129281758448356,False,False,False
a7310de7897944bb8f8334f4a42f2413,phase1b_combined_stress,3,4,16,2,1,4,1,0.7634994083736772,0.7122065907891937,0.05129281758448356,False,False,True
a7310de7897944bb8f8334f4a42f2413,phase1b_combined_stress,4,4,16,2,1,4,1,0.7634994083736772,0.7122065907891937,0.05129281758448356,False,False,False
a7310de7897944bb8f8334f4a42f2413,phase1b_combined_stress,5,4,16,2,1,4,1,0.7634994083736772,0.7122065907891937,0.05129281758448356,False,False,True
a7310de7897944bb8f8334f4a42f2413,phase1b_combined_stress,6,4,16,2,1,4,1,0.7634994083736772,0.7122065907891937,0.05129281758448356,False,False,False
a7310de7897944bb8f8334f4a42f2413,phase1b_combined_stress,7,4,16,2,1,4,1,0.7634994083736772,0.7122065907891937,0.05129281758448356,False,False,True
a7310de7897944bb8f8334f4a42f2413,phase1b_combined_stress,8,4,16,2,1,4,1,0.7634994083736772,0.7122065907891937,0.05129281758448356,False,False,False
a7310de7897944bb8f8334f4a42f2413,phase1b_combined_stress,9,4,16,2,1,4,1,0.7634994083736772,0.7122065907891937,0.05129281758448356,False,False,True
a7310de7897944bb8f8334f4a42f2413,phase1b_combined_stress,10,4,16,2,1,4,1,0.7634994083736772,0.7122065907891937,0.05129281758448356,False,False,False
a7310de7897944bb8f8334f4a42f2413,phase1b_combined_stress,11,4,16,2,1,4,1,0.7634994083736772,0.7122065907891937,0.05129281758448356,False,False,True
a7310de7897944bb8f8334f4a42f2413,phase1b_combined_stress,12,4,16,2,1,4,1,0.7634994083736772,0.7122065907891937,0.05129281758448356,False,False,False
a9d818544d744e1db38c420ac4eb84b2,phase1b_combined_stress,0,4,16,3,2,8,3,0.7032998661141543,0.6697652726313549,0.03353459348279941,False,False,False
a9d818544d744e1db38c420ac4eb84b2,phase1b_combined_stress,1,4,16,5,2,8,1,0.9356425702464108,0.8718667876686825,0.06377578257772831,False,False,True
a9d818544d744e1db38c420ac4eb84b2,phase1b_combined_stress,2,4,16,4,2,8,2,0.8485140562026603,0.7910261816537514,0.05748787454890891,False,False,True
a9d818544d744e1db38c420ac4eb84b2,phase1b_combined_stress,3,4,16,5,2,8,1,0.9356425702464108,0.8718667876686825,0.06377578257772831,False,False,True
a9d818544d744e1db38c420ac4eb84b2,phase1b_combined_stress,4,4,16,4,2,8,2,0.8485140562026603,0.7910261816537514,0.05748787454890891,False,False,True
a9d818544d744e1db38c420ac4eb84b2,phase1b_combined_stress,5,4,16,5,2,8,1,0.9356425702464108,0.8718667876686825,0.06377578257772831,False,False,True
a9d818544d744e1db38c420ac4eb84b2,phase1b_combined_stress,6,4,16,4,2,8,2,0.8485140562026603,0.7910261816537514,0.05748787454890891,False,False,True
a9d818544d744e1db38c420ac4eb84b2,phase1b_combined_stress,7,4,16,5,2,8,1,0.9356425702464108,0.8718667876686825,0.06377578257772831,False,False,True
a9d818544d744e1db38c420ac4eb84b2,phase1b_combined_stress,8,4,16,4,2,8,2,0.8485140562026603,0.7910261816537514,0.05748787454890891,False,False,True
a9d818544d744e1db38c420ac4eb84b2,phase1b_combined_stress,9,4,16,5,2,8,1,0.9356425702464108,0.8718667876686825,0.06377578257772831,False,False,True
a9d818544d744e1db38c420ac4eb84b2,phase1b_combined_stress,10,4,16,4,2,8,2,0.8485140562026603,0.7910261816537514,0.05748787454890891,False,False,True
a9d818544d744e1db38c420ac4eb84b2,phase1b_combined_stress,11,4,16,5,2,8,1,0.9356425702464108,0.8718667876686825,0.06377578257772831,False,False,True
a9d818544d744e1db38c420ac4eb84b2,phase1b_combined_stress,12,4,16,4,2,8,2,0.8485140562026603,0.7910261816537514,0.05748787454890891,False,False,True
ab6cc7935ae54e7bb1a1c89ae3739c9c,phase1b_combined_stress,0,4,16,5,3,16,8,0.7920351375907829,0.7586899392477793,0.033345198343003646,False,False,True
ab6cc7935ae54e7bb1a1c89ae3739c9c,phase1b_combined_stress,4,4,16,7,4,16,5,0.8679254405504773,0.8165785969815478,0.05134684356892949,False,False,True
ab6cc7935ae54e7bb1a1c89ae3739c9c,phase1b_combined_stress,8,4,16,7,4,16,5,0.8679254405504773,0.8165785969815478,0.05134684356892949,False,False,True
ab6cc7935ae54e7bb1a1c89ae3739c9c,phase1b_combined_stress,12,4,16,7,4,16,5,0.8679254405504773,0.8165785969815478,0.05134684356892949,False,False,True
b491105b6509421fa1d8ade4155d4fa1,phase1b_combined_stress,0,4,16,2,2,8,4,0.5000000000000222,0.5,2.220446049250313e-14,False,False,False
b491105b6509421fa1d8ade4155d4fa1,phase1b_combined_stress,4,4,16,4,3,8,1,0.6916827309132849,0.6455130908268756,0.046169640086409336,False,False,True
b491105b6509421fa1d8ade4155d4fa1,phase1b_combined_stress,8,4,16,4,3,8,1,0.6916827309132849,0.6455130908268756,0.046169640086409336,False,False,True
b491105b6509421fa1d8ade4155d4fa1,phase1b_combined_stress,12,4,16,4,3,8,1,0.6916827309132849,0.6455130908268756,0.046169640086409336,False,False,True
b568cd96b808452c81b7be9f5186f7fc,phase1b_combined_stress,0,4,16,3,3,16,10,0.5000000000000001,0.4999999999999999,2.220446049250313e-16,False,False,False
b568cd96b808452c81b7be9f5186f7fc,phase1b_combined_stress,1,4,16,7,3,16,6,0.9373719717997157,0.89798452191966,0.0393874498800556,False,False,True
b568cd96b808452c81b7be9f5186f7fc,phase1b_combined_stress,2,4,16,7,3,16,6,0.9373719717997157,0.89798452191966,0.0393874498800556,False,False,True
b568cd96b808452c81b7be9f5186f7fc,phase1b_combined_stress,3,4,16,7,3,16,6,0.9373719717997157,0.89798452191966,0.0393874498800556,False,False,True
b568cd96b808452c81b7be9f5186f7fc,phase1b_combined_stress,4,4,16,7,3,16,6,0.9373719717997157,0.89798452191966,0.0393874498800556,False,False,True
b568cd96b808452c81b7be9f5186f7fc,phase1b_combined_stress,5,4,16,7,3,16,6,0.9373719717997157,0.89798452191966,0.0393874498800556,False,False,True
b568cd96b808452c81b7be9f5186f7fc,phase1b_combined_stress,6,4,16,7,3,16,6,0.9373719717997157,0.89798452191966,0.0393874498800556,False,False,True
b568cd96b808452c81b7be9f5186f7fc,phase1b_combined_stress,7,4,16,7,3,16,6,0.9373719717997157,0.89798452191966,0.0393874498800556,False,False,True
b568cd96b808452c81b7be9f5186f7fc,phase1b_combined_stress,8,4,16,7,3,16,6,0.9373719717997157,0.89798452191966,0.0393874498800556,False,False,True
b568cd96b808452c81b7be9f5186f7fc,phase1b_combined_stress,9,4,16,7,3,16,6,0.9373719717997157,0.89798452191966,0.0393874498800556,False,False,True
b568cd96b808452c81b7be9f5186f7fc,phase1b_combined_stress,10,4,16,7,3,16,6,0.9373719717997157,0.89798452191966,0.0393874498800556,False,False,True
b568cd96b808452c81b7be9f5186f7fc,phase1b_combined_stress,11,4,16,7,3,16,6,0.9373719717997157,0.89798452191966,0.0393874498800556,False,False,True
b568cd96b808452c81b7be9f5186f7fc,phase1b_combined_stress,12,4,16,7,3,16,6,0.9373719717997157,0.89798452191966,0.0393874498800556,False,False,True
b568cd96b808452c81b7be9f5186f7fc,phase1b_combined_stress,13,4,16,7,3,16,6,0.9373719717997157,0.89798452191966,0.0393874498800556,False,False,True
b568cd96b808452c81b7be9f5186f7fc,phase1b_combined_stress,14,4,16,7,3,16,6,0.9373719717997157,0.89798452191966,0.0393874498800556,False,False,True
b568cd96b808452c81b7be9f5186f7fc,phase1b_combined_stress,15,4,16,7,3,16,6,0.9373719717997157,0.89798452191966,0.0393874498800556,False,False,True
b568cd96b808452c81b7be9f5186f7fc,phase1b_combined_stress,16,4,16,7,3,16,6,0.9373719717997157,0.89798452191966,0.0393874498800556,False,False,True
b568cd96b808452c81b7be9f5186f7fc,phase1b_combined_stress,17,4,16,7,3,16,6,0.9373719717997157,0.89798452191966,0.0393874498800556,False,False,True
b568cd96b808452c81b7be9f5186f7fc,phase1b_combined_stress,18,4,16,7,3,16,6,0.9373719717997157,0.89798452191966,0.0393874498800556,False,False,True
b568cd96b808452c81b7be9f5186f7fc,phase1b_combined_stress,19,4,16,7,3,16,6,0.9373719717997157,0.89798452191966,0.0393874498800556,False,False,True
b568cd96b808452c81b7be9f5186f7fc,phase1b_combined_stress,20,4,16,7,3,16,6,0.9373719717997157,0.89798452191966,0.0393874498800556,False,False,True
b6bd88ef26654d02bb5fd88776618df3,phase1b_combined_stress,0,4,16,6,2,16,8,0.9503437475305668,0.9233108096781839,0.02703293785238292,True,False,True
b6bd88ef26654d02bb5fd88776618df3,phase1b_combined_stress,1,4,16,7,3,16,6,0.9373719717997157,0.89798452191966,0.0393874498800556,False,False,True
b6bd88ef26654d02bb5fd88776618df3,phase1b_combined_stress,2,4,16,6,4,16,6,0.7765484257488472,0.7351726720434357,0.04137575370541147,False,False,False
b6bd88ef26654d02bb5fd88776618df3,phase1b_combined_stress,3,4,16,7,3,16,6,0.9373719717997157,0.89798452191966,0.0393874498800556,False,False,True
b6bd88ef26654d02bb5fd88776618df3,phase1b_combined_stress,4,4,16,6,4,16,6,0.7765484257488472,0.7351726720434357,0.04137575370541147,False,False,False
b6bd88ef26654d02bb5fd88776618df3,phase1b_combined_stress,5,4,16,7,3,16,6,0.9373719717997157,0.89798452191966,0.0393874498800556,False,False,True
b6bd88ef26654d02bb5fd88776618df3,phase1b_combined_stress,6,4,16,6,4,16,6,0.7765484257488472,0.7351726720434357,0.04137575370541147,False,False,False
b6bd88ef26654d02bb5fd88776618df3,phase1b_combined_stress,7,4,16,7,3,16,6,0.9373719717997157,0.89798452191966,0.0393874498800556,False,False,True
b6bd88ef26654d02bb5fd88776618df3,phase1b_combined_stress,8,4,16,6,4,16,6,0.7765484257488472,0.7351726720434357,0.04137575370541147,False,False,False
b6bd88ef26654d02bb5fd88776618df3,phase1b_combined_stress,9,4,16,7,3,16,6,0.9373719717997157,0.89798452191966,0.0393874498800556,False,False,True
b6bd88ef26654d02bb5fd88776618df3,phase1b_combined_stress,10,4,16,6,4,16,6,0.7765484257488472,0.7351726720434357,0.04137575370541147,False,False,False
b6bd88ef26654d02bb5fd88776618df3,phase1b_combined_stress,11,4,16,7,3,16,6,0.9373719717997157,0.89798452191966,0.0393874498800556,False,False,True
b6bd88ef26654d02bb5fd88776618df3,phase1b_combined_stress,12,4,16,6,4,16,6,0.7765484257488472,0.7351726720434357,0.04137575370541147,False,False,False
b6bd88ef26654d02bb5fd88776618df3,phase1b_combined_stress,13,4,16,7,3,16,6,0.9373719717997157,0.89798452191966,0.0393874498800556,False,False,True
b6bd88ef26654d02bb5fd88776618df3,phase1b_combined_stress,14,4,16,6,4,16,6,0.7765484257488472,0.7351726720434357,0.04137575370541147,False,False,False
b6bd88ef26654d02bb5fd88776618df3,phase1b_combined_stress,15,4,16,7,3,16,6,0.9373719717997157,0.89798452191966,0.0393874498800556,False,False,True
b6bd88ef26654d02bb5fd88776618df3,phase1b_combined_stress,16,4,16,6,4,16,6,0.7765484257488472,0.7351726720434357,0.04137575370541147,False,False,False
b6bd88ef26654d02bb5fd88776618df3,phase1b_combined_stress,17,4,16,7,3,16,6,0.9373719717997157,0.89798452191966,0.0393874498800556,False,False,True
b6bd88ef26654d02bb5fd88776618df3,phase1b_combined_stress,18,4,16,6,4,16,6,0.7765484257488472,0.7351726720434357,0.04137575370541147,False,False,False
b6bd88ef26654d02bb5fd88776618df3,phase1b_combined_stress,19,4,16,7,3,16,6,0.9373719717997157,0.89798452191966,0.0393874498800556,False,False,True
b6bd88ef26654d02bb5fd88776618df3,phase1b_combined_stress,20,4,16,6,4,16,6,0.7765484257488472,0.7351726720434357,0.04137575370541147,False,False,False
b6bd88ef26654d02bb5fd88776618df3,phase1b_combined_stress,21,4,16,7,3,16,6,0.9373719717997157,0.89798452191966,0.0393874498800556,False,False,True
b6bd88ef26654d02bb5fd88776618df3,phase1b_combined_stress,22,4,16,6,4,16,6,0.7765484257488472,0.7351726720434357,0.04137575370541147,False,False,False
b6bd88ef26654d02bb5fd88776618df3,phase1b_combined_stress,23,4,16,7,3,16,6,0.9373719717997157,0.89798452191966,0.0393874498800556,False,False,True
b6bd88ef26654d02bb5fd88776618df3,phase1b_combined_stress,24,4,16,6,4,16,6,0.7765484257488472,0.7351726720434357,0.04137575370541147,False,False,False
b6bd88ef26654d02bb5fd88776618df3,phase1b_combined_stress,25,4,16,7,3,16,6,0.9373719717997157,0.89798452191966,0.0393874498800556,False,False,True
b6bd88ef26654d02bb5fd88776618df3,phase1b_combined_stress,26,4,16,6,4,16,6,0.7765484257488472,0.7351726720434357,0.04137575370541147,False,False,False
b6bd88ef26654d02bb5fd88776618df3,phase1b_combined_stress,27,4,16,7,3,16,6,0.9373719717997157,0.89798452191966,0.0393874498800556,False,False,True
b6bd88ef26654d02bb5fd88776618df3,phase1b_combined_stress,28,4,16,6,4,16,6,0.7765484257488472,0.7351726720434357,0.04137575370541147,False,False,False
b834a4af04de49a4a98daed8ae5c389b,phase1b_combined_stress,0,4,16,2,1,4,1,0.7634994083736772,0.7122065907891937,0.05129281758448356,False,False,False
b834a4af04de49a4a98daed8ae5c389b,phase1b_combined_stress,4,4,16,2,1,4,1,0.7634994083736772,0.7122065907891937,0.05129281758448356,False,False,True
b834a4af04de49a4a98daed8ae5c389b,phase1b_combined_stress,8,4,16,2,1,4,1,0.7634994083736772,0.7122065907891937,0.05129281758448356,False,False,True
b834a4af04de49a4a98daed8ae5c389b,phase1b_combined_stress,12,4,16,2,1,4,1,0.7634994083736772,0.7122065907891937,0.05129281758448356,False,False,True
b834a4af04de49a4a98daed8ae5c389b,phase1b_combined_stress,16,4,16,2,1,4,1,0.7634994083736772,0.7122065907891937,0.05129281758448356,False,False,True
b834a4af04de49a4a98daed8ae5c389b,phase1b_combined_stress,20,4,16,2,1,4,1,0.7634994083736772,0.7122065907891937,0.05129281758448356,False,False,True
b87c7fcb7ada40e09ad1ac33057bf213,phase1b_combined_stress,0,4,16,4,3,8,1,0.6916827309132849,0.6455130908268756,0.046169640086409336,False,False,False
b87c7fcb7ada40e09ad1ac33057bf213,phase1b_combined_stress,1,4,16,4,1,8,3,0.9490469570291832,0.9122870906761479,0.0367598663530353,False,False,True
b87c7fcb7ada40e09ad1ac33057bf213,phase1b_combined_stress,2,4,16,4,2,8,2,0.8485140562026603,0.7910261816537514,0.05748787454890891,False,False,False
b87c7fcb7ada40e09ad1ac33057bf213,phase1b_combined_stress,3,4,16,4,1,8,3,0.9490469570291832,0.9122870906761479,0.0367598663530353,False,False,True
b87c7fcb7ada40e09ad1ac33057bf213,phase1b_combined_stress,4,4,16,4,2,8,2,0.8485140562026603,0.7910261816537514,0.05748787454890891,False,False,False
b87c7fcb7ada40e09ad1ac33057bf213,phase1b_combined_stress,5,4,16,4,1,8,3,0.9490469570291832,0.9122870906761479,0.0367598663530353,False,False,True
b87c7fcb7ada40e09ad1ac33057bf213,phase1b_combined_stress,6,4,16,4,2,8,2,0.8485140562026603,0.7910261816537514,0.05748787454890891,False,False,False
b87c7fcb7ada40e09ad1ac33057bf213,phase1b_combined_stress,7,4,16,4,1,8,3,0.9490469570291832,0.9122870906761479,0.0367598663530353,False,False,True
b87c7fcb7ada40e09ad1ac33057bf213,phase1b_combined_stress,8,4,16,4,2,8,2,0.8485140562026603,0.7910261816537514,0.05748787454890891,False,False,False
b87c7fcb7ada40e09ad1ac33057bf213,phase1b_combined_stress,9,4,16,4,1,8,3,0.9490469570291832,0.9122870906761479,0.0367598663530353,False,False,True
b87c7fcb7ada40e09ad1ac33057bf213,phase1b_combined_stress,10,4,16,4,2,8,2,0.8485140562026603,0.7910261816537514,0.05748787454890891,False,False,False
b87c7fcb7ada40e09ad1ac33057bf213,phase1b_combined_stress,11,4,16,4,1,8,3,0.9490469570291832,0.9122870906761479,0.0367598663530353,False,False,True
b87c7fcb7ada40e09ad1ac33057bf213,phase1b_combined_stress,12,4,16,4,2,8,2,0.8485140562026603,0.7910261816537514,0.05748787454890891,False,False,False
bda67b94a05c410281e3188e6b7154d0,phase1b_combined_stress,0,4,16,4,3,16,9,0.6642697648948153,0.6455130908268756,0.018756674067939683,False,False,False
bda67b94a05c410281e3188e6b7154d0,phase1b_combined_stress,4,4,16,5,5,16,6,0.5000000000000002,0.5000000000000003,-1.1102230246251565e-16,False,False,False
bda67b94a05c410281e3188e6b7154d0,phase1b_combined_stress,8,4,16,5,5,16,6,0.5000000000000002,0.5000000000000003,-1.1102230246251565e-16,False,False,False
bda67b94a05c410281e3188e6b7154d0,phase1b_combined_stress,12,4,16,5,5,16,6,0.5000000000000002,0.5000000000000003,-1.1102230246251565e-16,False,False,False
bda67b94a05c410281e3188e6b7154d0,phase1b_combined_stress,16,4,16,5,5,16,6,0.5000000000000002,0.5000000000000003,-1.1102230246251565e-16,False,False,False
bda67b94a05c410281e3188e6b7154d0,phase1b_combined_stress,20,4,16,5,5,16,6,0.5000000000000002,0.5000000000000003,-1.1102230246251565e-16,False,False,False
bfe36b5cb42541f99a1da678008997fe,phase1b_combined_stress,0,4,16,3,2,8,3,0.7032998661141543,0.6697652726313549,0.03353459348279941,False,False,False
bfe36b5cb42541f99a1da678008997fe,phase1b_combined_stress,1,4,16,5,2,8,1,0.9356425702464108,0.8718667876686825,0.06377578257772831,False,False,False
bfe36b5cb42541f99a1da678008997fe,phase1b_combined_stress,2,4,16,5,2,8,1,0.9356425702464108,0.8718667876686825,0.06377578257772831,False,False,True
bfe36b5cb42541f99a1da678008997fe,phase1b_combined_stress,3,4,16,5,2,8,1,0.9356425702464108,0.8718667876686825,0.06377578257772831,False,False,False
bfe36b5cb42541f99a1da678008997fe,phase1b_combined_stress,4,4,16,5,2,8,1,0.9356425702464108,0.8718667876686825,0.06377578257772831,False,False,True
bfe36b5cb42541f99a1da678008997fe,phase1b_combined_stress,5,4,16,5,2,8,1,0.9356425702464108,0.8718667876686825,0.06377578257772831,False,False,False
bfe36b5cb42541f99a1da678008997fe,phase1b_combined_stress,6,4,16,5,2,8,1,0.9356425702464108,0.8718667876686825,0.06377578257772831,False,False,True
bfe36b5cb42541f99a1da678008997fe,phase1b_combined_stress,7,4,16,5,2,8,1,0.9356425702464108,0.8718667876686825,0.06377578257772831,False,False,False
bfe36b5cb42541f99a1da678008997fe,phase1b_combined_stress,8,4,16,5,2,8,1,0.9356425702464108,0.8718667876686825,0.06377578257772831,False,False,True
bfe36b5cb42541f99a1da678008997fe,phase1b_combined_stress,9,4,16,5,2,8,1,0.9356425702464108,0.8718667876686825,0.06377578257772831,False,False,False
bfe36b5cb42541f99a1da678008997fe,phase1b_combined_stress,10,4,16,5,2,8,1,0.9356425702464108,0.8718667876686825,0.06377578257772831,False,False,True
bfe36b5cb42541f99a1da678008997fe,phase1b_combined_stress,11,4,16,5,2,8,1,0.9356425702464108,0.8718667876686825,0.06377578257772831,False,False,False
bfe36b5cb42541f99a1da678008997fe,phase1b_combined_stress,12,4,16,5,2,8,1,0.9356425702464108,0.8718667876686825,0.06377578257772831,False,False,True
bfe36b5cb42541f99a1da678008997fe,phase1b_combined_stress,13,4,16,5,2,8,1,0.9356425702464108,0.8718667876686825,0.06377578257772831,False,False,False
bfe36b5cb42541f99a1da678008997fe,phase1b_combined_stress,14,4,16,5,2,8,1,0.9356425702464108,0.8718667876686825,0.06377578257772831,False,False,True
bfe36b5cb42541f99a1da678008997fe,phase1b_combined_stress,15,4,16,5,2,8,1,0.9356425702464108,0.8718667876686825,0.06377578257772831,False,False,False
bfe36b5cb42541f99a1da678008997fe,phase1b_combined_stress,16,4,16,5,2,8,1,0.9356425702464108,0.8718667876686825,0.06377578257772831,False,False,True
bfe36b5cb42541f99a1da678008997fe,phase1b_combined_stress,17,4,16,5,2,8,1,0.9356425702464108,0.8718667876686825,0.06377578257772831,False,False,False
bfe36b5cb42541f99a1da678008997fe,phase1b_combined_stress,18,4,16,5,2,8,1,0.9356425702464108,0.8718667876686825,0.06377578257772831,False,False,True
bfe36b5cb42541f99a1da678008997fe,phase1b_combined_stress,19,4,16,5,2,8,1,0.9356425702464108,0.8718667876686825,0.06377578257772831,False,False,False
bfe36b5cb42541f99a1da678008997fe,phase1b_combined_stress,20,4,16,5,2,8,1,0.9356425702464108,0.8718667876686825,0.06377578257772831,False,False,True
bfe36b5cb42541f99a1da678008997fe,phase1b_combined_stress,21,4,16,5,2,8,1,0.9356425702464108,0.8718667876686825,0.06377578257772831,False,False,False
bfe36b5cb42541f99a1da678008997fe,phase1b_combined_stress,22,4,16,5,2,8,1,0.9356425702464108,0.8718667876686825,0.06377578257772831,False,False,True
bfe36b5cb42541f99a1da678008997fe,phase1b_combined_stress,23,4,16,5,2,8,1,0.9356425702464108,0.8718667876686825,0.06377578257772831,False,False,False
bfe36b5cb42541f99a1da678008997fe,phase1b_combined_stress,24,4,16,5,2,8,1,0.9356425702464108,0.8718667876686825,0.06377578257772831,False,False,True
bfe36b5cb42541f99a1da678008997fe,phase1b_combined_stress,25,4,16,5,2,8,1,0.9356425702464108,0.8718667876686825,0.06377578257772831,False,False,False
bfe36b5cb42541f99a1da678008997fe,phase1b_combined_stress,26,4,16,5,2,8,1,0.9356425702464108,0.8718667876686825,0.06377578257772831,False,False,True
bfe36b5cb42541f99a1da678008997fe,phase1b_combined_stress,27,4,16,5,2,8,1,0.9356425702464108,0.8718667876686825,0.06377578257772831,False,False,False
bfe36b5cb42541f99a1da678008997fe,phase1b_combined_stress,28,4,16,5,2,8,1,0.9356425702464108,0.8718667876686825,0.06377578257772831,False,False,True
c2400ac01e014245b40d7787a8f791bc,phase1b_combined_stress,0,4,16,3,3,16,10,0.5000000000000001,0.4999999999999999,2.220446049250313e-16,False,False,True
c2400ac01e014245b40d7787a8f791bc,phase1b_combined_stress,1,4,16,9,3,16,4,0.9867561717991692,0.9605553504995425,0.026200821299626642,False,False,True
c2400ac01e014245b40d7787a8f791bc,phase1b_combined_stress,2,4,16,7,3,16,6,0.9373719717997157,0.89798452191966,0.0393874498800556,False,False,False
c2400ac01e014245b40d7787a8f791bc,phase1b_combined_stress,3,4,16,9,3,16,4,0.9867561717991692,0.9605553504995425,0.026200821299626642,False,False,True
c2400ac01e014245b40d7787a8f791bc,phase1b_combined_stress,4,4,16,7,3,16,6,0.9373719717997157,0.89798452191966,0.0393874498800556,False,False,False
c2400ac01e014245b40d7787a8f791bc,phase1b_combined_stress,5,4,16,9,3,16,4,0.9867561717991692,0.9605553504995425,0.026200821299626642,False,False,True
c2400ac01e014245b40d7787a8f791bc,phase1b_combined_stress,6,4,16,7,3,16,6,0.9373719717997157,0.89798452191966,0.0393874498800556,False,False,False
c2400ac01e014245b40d7787a8f791bc,phase1b_combined_stress,7,4,16,9,3,16,4,0.9867561717991692,0.9605553504995425,0.026200821299626642,False,False,True
c2400ac01e014245b40d7787a8f791bc,phase1b_combined_stress,8,4,16,7,3,16,6,0.9373719717997157,0.89798452191966,0.0393874498800556,False,False,False
c2400ac01e014245b40d7787a8f791bc,phase1b_combined_stress,9,4,16,9,3,16,4,0.9867561717991692,0.9605553504995425,0.026200821299626642,False,False,True
c2400ac01e014245b40d7787a8f791bc,phase1b_combined_stress,10,4,16,7,3,16,6,0.9373719717997157,0.89798452191966,0.0393874498800556,False,False,False
c2400ac01e014245b40d7787a8f791bc,phase1b_combined_stress,11,4,16,9,3,16,4,0.9867561717991692,0.9605553504995425,0.026200821299626642,False,False,True
c2400ac01e014245b40d7787a8f791bc,phase1b_combined_stress,12,4,16,7,3,16,6,0.9373719717997157,0.89798452191966,0.0393874498800556,False,False,False
c2400ac01e014245b40d7787a8f791bc,phase1b_combined_stress,13,4,16,9,3,16,4,0.9867561717991692,0.9605553504995425,0.026200821299626642,False,False,True
c2400ac01e014245b40d7787a8f791bc,phase1b_combined_stress,14,4,16,7,3,16,6,0.9373719717997157,0.89798452191966,0.0393874498800556,False,False,False
c2400ac01e014245b40d7787a8f791bc,phase1b_combined_stress,15,4,16,9,3,16,4,0.9867561717991692,0.9605553504995425,0.026200821299626642,False,False,True
c2400ac01e014245b40d7787a8f791bc,phase1b_combined_stress,16,4,16,7,3,16,6,0.9373719717997157,0.89798452191966,0.0393874498800556,False,False,False
c2400ac01e014245b40d7787a8f791bc,phase1b_combined_stress,17,4,16,9,3,16,4,0.9867561717991692,0.9605553504995425,0.026200821299626642,False,False,True
c2400ac01e014245b40d7787a8f791bc,phase1b_combined_stress,18,4,16,7,3,16,6,0.9373719717997157,0.89798452191966,0.0393874498800556,False,False,False
c2400ac01e014245b40d7787a8f791bc,phase1b_combined_stress,19,4,16,9,3,16,4,0.9867561717991692,0.9605553504995425,0.026200821299626642,False,False,True
c2400ac01e014245b40d7787a8f791bc,phase1b_combined_stress,20,4,16,7,3,16,6,0.9373719717997157,0.89798452191966,0.0393874498800556,False,False,False
c25d68ab139f4b5694fb9e8bb8713960,phase1b_combined_stress,0,4,16,3,3,16,10,0.5000000000000001,0.4999999999999999,2.220446049250313e-16,False,False,False
c25d68ab139f4b5694fb9e8bb8713960,phase1b_combined_stress,1,4,16,5,4,16,7,0.6521016341618664,0.6293449696238899,0.022756664537976534,False,False,True
c25d68ab139f4b5694fb9e8bb8713960,phase1b_combined_stress,2,4,16,4,2,16,10,0.8163713990566811,0.7910261816537514,0.02534521740292972,False,False,False
c25d68ab139f4b5694fb9e8bb8713960,phase1b_combined_stress,3,4,16,5,4,16,7,0.6521016341618664,0.6293449696238899,0.022756664537976534,False,False,True
c25d68ab139f4b5694fb9e8bb8713960,phase1b_combined_stress,4,4,16,4,2,16,10,0.8163713990566811,0.7910261816537514,0.02534521740292972,False,False,False
c25d68ab139f4b5694fb9e8bb8713960,phase1b_combined_stress,5,4,16,5,4,16,7,0.6521016341618664,0.6293449696238899,0.022756664537976534,False,False,True
c25d68ab139f4b5694fb9e8bb8713960,phase1b_combined_stress,6,4,16,4,2,16,10,0.8163713990566811,0.7910261816537514,0.02534521740292972,False,False,False
c25d68ab139f4b5694fb9e8bb8713960,phase1b_combined_stress,7,4,16,5,4,16,7,0.6521016341618664,0.6293449696238899,0.022756664537976534,False,False,True
c25d68ab139f4b5694fb9e8bb8713960,phase1b_combined_stress,8,4,16,4,2,16,10,0.8163713990566811,0.7910261816537514,0.02534521740292972,False,False,False
c25d68ab139f4b5694fb9e8bb8713960,phase1b_combined_stress,9,4,16,5,4,16,7,0.6521016341618664,0.6293449696238899,0.022756664537976534,False,False,True
c25d68ab139f4b5694fb9e8bb8713960,phase1b_combined_stress,10,4,16,4,2,16,10,0.8163713990566811,0.7910261816537514,0.02534521740292972,False,False,False
c25d68ab139f4b5694fb9e8bb8713960,phase1b_combined_stress,11,4,16,5,4,16,7,0.6521016341618664,0.6293449696238899,0.022756664537976534,False,False,True
c25d68ab139f4b5694fb9e8bb8713960,phase1b_combined_stress,12,4,16,4,2,16,10,0.8163713990566811,0.7910261816537514,0.02534521740292972,False,False,False
c26e5fc6a6794f92bd8adab47b9bda10,phase1b_combined_stress,0,4,16,1,1,4,2,0.4999999999917221,0.5000000000000002,-8.278100427361323e-12,False,False,True
c26e5fc6a6794f92bd8adab47b9bda10,phase1b_combined_stress,4,4,16,3,1,4,0,0.9215990534084936,0.83953054526271,0.08206850814578359,False,False,True
c26e5fc6a6794f92bd8adab47b9bda10,phase1b_combined_stress,8,4,16,3,1,4,0,0.9215990534084936,0.83953054526271,0.08206850814578359,False,False,True
c26e5fc6a6794f92bd8adab47b9bda10,phase1b_combined_stress,12,4,16,3,1,4,0,0.9215990534084936,0.83953054526271,0.08206850814578359,False,False,True
c26e5fc6a6794f92bd8adab47b9bda10,phase1b_combined_stress,16,4,16,3,1,4,0,0.9215990534084936,0.83953054526271,0.08206850814578359,False,False,True
c26e5fc6a6794f92bd8adab47b9bda10,phase1b_combined_stress,20,4,16,3,1,4,0,0.9215990534084936,0.83953054526271,0.08206850814578359,False,False,True
c3d0280f5a5f4324867194c378f624c8,phase1b_combined_stress,0,4,16,4,3,16,9,0.6642697648948153,0.6455130908268756,0.018756674067939683,False,False,False
c3d0280f5a5f4324867194c378f624c8,phase1b_combined_stress,1,4,16,7,5,16,4,0.7668789003730136,0.7170824665016328,0.049796433871380885,False,False,True
c3d0280f5a5f4324867194c378f624c8,phase1b_combined_stress,2,4,16,6,5,16,5,0.6445594043687155,0.6175863360217179,0.026973068346997642,False,False,True
c3d0280f5a5f4324867194c378f624c8,phase1b_combined_stress,3,4,16,7,5,16,4,0.7668789003730136,0.7170824665016328,0.049796433871380885,False,False,True
c3d0280f5a5f4324867194c378f624c8,phase1b_combined_stress,4,4,16,6,5,16,5,0.6445594043687155,0.6175863360217179,0.026973068346997642,False,False,True
c3d0280f5a5f4324867194c378f624c8,phase1b_combined_stress,5,4,16,7,5,16,4,0.7668789003730136,0.7170824665016328,0.049796433871380885,False,False,True
c3d0280f5a5f4324867194c378f624c8,phase1b_combined_stress,6,4,16,6,5,16,5,0.6445594043687155,0.6175863360217179,0.026973068346997642,False,False,True
c3d0280f5a5f4324867194c378f624c8,phase1b_combined_stress,7,4,16,7,5,16,4,0.7668789003730136,0.7170824665016328,0.049796433871380885,False,False,True
c3d0280f5a5f4324867194c378f624c8,phase1b_combined_stress,8,4,16,6,5,16,5,0.6445594043687155,0.6175863360217179,0.026973068346997642,False,False,True
c3d0280f5a5f4324867194c378f624c8,phase1b_combined_stress,9,4,16,7,5,16,4,0.7668789003730136,0.7170824665016328,0.049796433871380885,False,False,True
c3d0280f5a5f4324867194c378f624c8,phase1b_combined_stress,10,4,16,6,5,16,5,0.6445594043687155,0.6175863360217179,0.026973068346997642,False,False,True
c3d0280f5a5f4324867194c378f624c8,phase1b_combined_stress,11,4,16,7,5,16,4,0.7668789003730136,0.7170824665016328,0.049796433871380885,False,False,True
c3d0280f5a5f4324867194c378f624c8,phase1b_combined_stress,12,4,16,6,5,16,5,0.6445594043687155,0.6175863360217179,0.026973068346997642,False,False,True
c3d0280f5a5f4324867194c378f624c8,phase1b_combined_stress,13,4,16,7,5,16,4,0.7668789003730136,0.7170824665016328,0.049796433871380885,False,False,True
c3d0280f5a5f4324867194c378f624c8,phase1b_combined_stress,14,4,16,6,5,16,5,0.6445594043687155,0.6175863360217179,0.026973068346997642,False,False,True
c3d0280f5a5f4324867194c378f624c8,phase1b_combined_stress,15,4,16,7,5,16,4,0.7668789003730136,0.7170824665016328,0.049796433871380885,False,False,True
c3d0280f5a5f4324867194c378f624c8,phase1b_combined_stress,16,4,16,6,5,16,5,0.6445594043687155,0.6175863360217179,0.026973068346997642,False,False,True
c3d0280f5a5f4324867194c378f624c8,phase1b_combined_stress,17,4,16,7,5,16,4,0.7668789003730136,0.7170824665016328,0.049796433871380885,False,False,True
c3d0280f5a5f4324867194c378f624c8,phase1b_combined_stress,18,4,16,6,5,16,5,0.6445594043687155,0.6175863360217179,0.026973068346997642,False,False,True
c3d0280f5a5f4324867194c378f624c8,phase1b_combined_stress,19,4,16,7,5,16,4,0.7668789003730136,0.7170824665016328,0.049796433871380885,False,False,True
c3d0280f5a5f4324867194c378f624c8,phase1b_combined_stress,20,4,16,6,5,16,5,0.6445594043687155,0.6175863360217179,0.026973068346997642,False,False,True
c3d0280f5a5f4324867194c378f624c8,phase1b_combined_stress,21,4,16,7,5,16,4,0.7668789003730136,0.7170824665016328,0.049796433871380885,False,False,True
c3d0280f5a5f4324867194c378f624c8,phase1b_combined_stress,22,4,16,6,5,16,5,0.6445594043687155,0.6175863360217179,0.026973068346997642,False,False,True
c3d0280f5a5f4324867194c378f624c8,phase1b_combined_stress,23,4,16,7,5,16,4,0.7668789003730136,0.7170824665016328,0.049796433871380885,False,False,True
c3d0280f5a5f4324867194c378f624c8,phase1b_combined_stress,24,4,16,6,5,16,5,0.6445594043687155,0.6175863360217179,0.026973068346997642,False,False,True
c3d0280f5a5f4324867194c378f624c8,phase1b_combined_stress,25,4,16,7,5,16,4,0.7668789003730136,0.7170824665016328,0.049796433871380885,False,False,True
c3d0280f5a5f4324867194c378f624c8,phase1b_combined_stress,26,4,16,6,5,16,5,0.6445594043687155,0.6175863360217179,0.026973068346997642,False,False,True
c3d0280f5a5f4324867194c378f624c8,phase1b_combined_stress,27,4,16,7,5,16,4,0.7668789003730136,0.7170824665016328,0.049796433871380885,False,False,True
c3d0280f5a5f4324867194c378f624c8,phase1b_combined_stress,28,4,16,6,5,16,5,0.6445594043687155,0.6175863360217179,0.026973068346997642,False,False,True
c3ec5cca404d47d38c9b06f0aa86bd58,phase1b_combined_stress,0,4,16,4,2,16,10,0.8163713990566811,0.7910261816537514,0.02534521740292972,False,False,True
c3ec5cca404d47d38c9b06f0aa86bd58,phase1b_combined_stress,4,4,16,7,3,16,6,0.9373719717997157,0.89798452191966,0.0393874498800556,False,False,True
c3ec5cca404d47d38c9b06f0aa86bd58,phase1b_combined_stress,8,4,16,7,3,16,6,0.9373719717997157,0.89798452191966,0.0393874498800556,False,False,True
c3ec5cca404d47d38c9b06f0aa86bd58,phase1b_combined_stress,12,4,16,7,3,16,6,0.9373719717997157,0.89798452191966,0.0393874498800556,False,False,True
c3ec5cca404d47d38c9b06f0aa86bd58,phase1b_combined_stress,16,4,16,7,3,16,6,0.9373719717997157,0.89798452191966,0.0393874498800556,False,False,True
c3ec5cca404d47d38c9b06f0aa86bd58,phase1b_combined_stress,20,4,16,7,3,16,6,0.9373719717997157,0.89798452191966,0.0393874498800556,False,False,True
c4caeb3a6c7e4296a9c280a2b473ac8b,phase1b_combined_stress,0,4,16,4,3,16,9,0.6642697648948153,0.6455130908268756,0.018756674067939683,False,False,False
c4caeb3a6c7e4296a9c280a2b473ac8b,phase1b_combined_stress,4,4,16,5,4,16,7,0.6521016341618664,0.6293449696238899,0.022756664537976534,False,False,False
c4caeb3a6c7e4296a9c280a2b473ac8b,phase1b_combined_stress,8,4,16,5,4,16,7,0.6521016341618664,0.6293449696238899,0.022756664537976534,False,False,False
c4caeb3a6c7e4296a9c280a2b473ac8b,phase1b_combined_stress,12,4,16,5,4,16,7,0.6521016341618664,0.6293449696238899,0.022756664537976534,False,False,False
c4caeb3a6c7e4296a9c280a2b473ac8b,phase1b_combined_stress,16,4,16,5,4,16,7,0.6521016341618664,0.6293449696238899,0.022756664537976534,False,False,False
c4caeb3a6c7e4296a9c280a2b473ac8b,phase1b_combined_stress,20,4,16,5,4,16,7,0.6521016341618664,0.6293449696238899,0.022756664537976534,False,False,False
c9c2ed32fd294fc192c1bf0d6f0b1a73,phase1b_combined_stress,0,4,16,2,1,4,1,0.7634994083736772,0.7122065907891937,0.05129281758448356,False,False,True
c9c2ed32fd294fc192c1bf0d6f0b1a73,phase1b_combined_stress,4,4,16,2,1,4,1,0.7634994083736772,0.7122065907891937,0.05129281758448356,False,False,True
c9c2ed32fd294fc192c1bf0d6f0b1a73,phase1b_combined_stress,8,4,16,2,1,4,1,0.7634994083736772,0.7122065907891937,0.05129281758448356,False,False,True
c9c2ed32fd294fc192c1bf0d6f0b1a73,phase1b_combined_stress,12,4,16,2,1,4,1,0.7634994083736772,0.7122065907891937,0.05129281758448356,False,False,True
c9c2ed32fd294fc192c1bf0d6f0b1a73,phase1b_combined_stress,16,4,16,2,1,4,1,0.7634994083736772,0.7122065907891937,0.05129281758448356,False,False,True
c9c2ed32fd294fc192c1bf0d6f0b1a73,phase1b_combined_stress,20,4,16,2,1,4,1,0.7634994083736772,0.7122065907891937,0.05129281758448356,False,False,True
c9c2ed32fd294fc192c1bf0d6f0b1a73,phase1b_combined_stress,24,4,16,2,1,4,1,0.7634994083736772,0.7122065907891937,0.05129281758448356,False,False,True
c9c2ed32fd294fc192c1bf0d6f0b1a73,phase1b_combined_stress,28,4,16,2,1,4,1,0.7634994083736772,0.7122065907891937,0.05129281758448356,False,False,True
cb27f4a296b84cb79ae0685223e373f1,phase1b_combined_stress,0,4,16,2,2,8,4,0.5000000000000222,0.5,2.220446049250313e-14,False,False,False
cb27f4a296b84cb79ae0685223e373f1,phase1b_combined_stress,1,4,16,5,2,8,1,0.9356425702464108,0.8718667876686825,0.06377578257772831,False,False,False
cb27f4a296b84cb79ae0685223e373f1,phase1b_combined_stress,2,4,16,5,2,8,1,0.9356425702464108,0.8718667876686825,0.06377578257772831,False,False,True
cb27f4a296b84cb79ae0685223e373f1,phase1b_combined_stress,3,4,16,5,2,8,1,0.9356425702464108,0.8718667876686825,0.06377578257772831,False,False,False
cb27f4a296b84cb79ae0685223e373f1,phase1b_combined_stress,4,4,16,5,2,8,1,0.9356425702464108,0.8718667876686825,0.06377578257772831,False,False,True
cb27f4a296b84cb79ae0685223e373f1,phase1b_combined_stress,5,4,16,5,2,8,1,0.9356425702464108,0.8718667876686825,0.06377578257772831,False,False,False
cb27f4a296b84cb79ae0685223e373f1,phase1b_combined_stress,6,4,16,5,2,8,1,0.9356425702464108,0.8718667876686825,0.06377578257772831,False,False,True
cb27f4a296b84cb79ae0685223e373f1,phase1b_combined_stress,7,4,16,5,2,8,1,0.9356425702464108,0.8718667876686825,0.06377578257772831,False,False,False
cb27f4a296b84cb79ae0685223e373f1,phase1b_combined_stress,8,4,16,5,2,8,1,0.9356425702464108,0.8718667876686825,0.06377578257772831,False,False,True
cb27f4a296b84cb79ae0685223e373f1,phase1b_combined_stress,9,4,16,5,2,8,1,0.9356425702464108,0.8718667876686825,0.06377578257772831,False,False,False
cb27f4a296b84cb79ae0685223e373f1,phase1b_combined_stress,10,4,16,5,2,8,1,0.9356425702464108,0.8718667876686825,0.06377578257772831,False,False,True
cb27f4a296b84cb79ae0685223e373f1,phase1b_combined_stress,11,4,16,5,2,8,1,0.9356425702464108,0.8718667876686825,0.06377578257772831,False,False,False
cb27f4a296b84cb79ae0685223e373f1,phase1b_combined_stress,12,4,16,5,2,8,1,0.9356425702464108,0.8718667876686825,0.06377578257772831,False,False,True
cb27f4a296b84cb79ae0685223e373f1,phase1b_combined_stress,13,4,16,5,2,8,1,0.9356425702464108,0.8718667876686825,0.06377578257772831,False,False,False
cb27f4a296b84cb79ae0685223e373f1,phase1b_combined_stress,14,4,16,5,2,8,1,0.9356425702464108,0.8718667876686825,0.06377578257772831,False,False,True
cb27f4a296b84cb79ae0685223e373f1,phase1b_combined_stress,15,4,16,5,2,8,1,0.9356425702464108,0.8718667876686825,0.06377578257772831,False,False,False
cb27f4a296b84cb79ae0685223e373f1,phase1b_combined_stress,16,4,16,5,2,8,1,0.9356425702464108,0.8718667876686825,0.06377578257772831,False,False,True
cb27f4a296b84cb79ae0685223e373f1,phase1b_combined_stress,17,4,16,5,2,8,1,0.9356425702464108,0.8718667876686825,0.06377578257772831,False,False,False
cb27f4a296b84cb79ae0685223e373f1,phase1b_combined_stress,18,4,16,5,2,8,1,0.9356425702464108,0.8718667876686825,0.06377578257772831,False,False,True
cb27f4a296b84cb79ae0685223e373f1,phase1b_combined_stress,19,4,16,5,2,8,1,0.9356425702464108,0.8718667876686825,0.06377578257772831,False,False,False
cb27f4a296b84cb79ae0685223e373f1,phase1b_combined_stress,20,4,16,5,2,8,1,0.9356425702464108,0.8718667876686825,0.06377578257772831,False,False,True
cc803cfb0b9b49269b916f6e2be327ff,phase1b_combined_stress,0,4,16,2,1,4,1,0.7634994083736772,0.7122065907891937,0.05129281758448356,False,False,True
cc803cfb0b9b49269b916f6e2be327ff,phase1b_combined_stress,1,4,16,3,1,4,0,0.9215990534084936,0.83953054526271,0.08206850814578359,False,False,False
cc803cfb0b9b49269b916f6e2be327ff,phase1b_combined_stress,2,4,16,3,1,4,0,0.9215990534084936,0.83953054526271,0.08206850814578359,False,False,False
cc803cfb0b9b49269b916f6e2be327ff,phase1b_combined_stress,3,4,16,3,1,4,0,0.9215990534084936,0.83953054526271,0.08206850814578359,False,False,False
cc803cfb0b9b49269b916f6e2be327ff,phase1b_combined_stress,4,4,16,3,1,4,0,0.9215990534084936,0.83953054526271,0.08206850814578359,False,False,False
cc803cfb0b9b49269b916f6e2be327ff,phase1b_combined_stress,5,4,16,3,1,4,0,0.9215990534084936,0.83953054526271,0.08206850814578359,False,False,False
cc803cfb0b9b49269b916f6e2be327ff,phase1b_combined_stress,6,4,16,3,1,4,0,0.9215990534084936,0.83953054526271,0.08206850814578359,False,False,False
cc803cfb0b9b49269b916f6e2be327ff,phase1b_combined_stress,7,4,16,3,1,4,0,0.9215990534084936,0.83953054526271,0.08206850814578359,False,False,False
cc803cfb0b9b49269b916f6e2be327ff,phase1b_combined_stress,8,4,16,3,1,4,0,0.9215990534084936,0.83953054526271,0.08206850814578359,False,False,False
cc803cfb0b9b49269b916f6e2be327ff,phase1b_combined_stress,9,4,16,3,1,4,0,0.9215990534084936,0.83953054526271,0.08206850814578359,False,False,False
cc803cfb0b9b49269b916f6e2be327ff,phase1b_combined_stress,10,4,16,3,1,4,0,0.9215990534084936,0.83953054526271,0.08206850814578359,False,False,False
cc803cfb0b9b49269b916f6e2be327ff,phase1b_combined_stress,11,4,16,3,1,4,0,0.9215990534084936,0.83953054526271,0.08206850814578359,False,False,False
cc803cfb0b9b49269b916f6e2be327ff,phase1b_combined_stress,12,4,16,3,1,4,0,0.9215990534084936,0.83953054526271,0.08206850814578359,False,False,False
cc803cfb0b9b49269b916f6e2be327ff,phase1b_combined_stress,13,4,16,3,1,4,0,0.9215990534084936,0.83953054526271,0.08206850814578359,False,False,False
cc803cfb0b9b49269b916f6e2be327ff,phase1b_combined_stress,14,4,16,3,1,4,0,0.9215990534084936,0.83953054526271,0.08206850814578359,False,False,False
cc803cfb0b9b49269b916f6e2be327ff,phase1b_combined_stress,15,4,16,3,1,4,0,0.9215990534084936,0.83953054526271,0.08206850814578359,False,False,False
cc803cfb0b9b49269b916f6e2be327ff,phase1b_combined_stress,16,4,16,3,1,4,0,0.9215990534084936,0.83953054526271,0.08206850814578359,False,False,False
cc803cfb0b9b49269b916f6e2be327ff,phase1b_combined_stress,17,4,16,3,1,4,0,0.9215990534084936,0.83953054526271,0.08206850814578359,False,False,False
cc803cfb0b9b49269b916f6e2be327ff,phase1b_combined_stress,18,4,16,3,1,4,0,0.9215990534084936,0.83953054526271,0.08206850814578359,False,False,False
cc803cfb0b9b49269b916f6e2be327ff,phase1b_combined_stress,19,4,16,3,1,4,0,0.9215990534084936,0.83953054526271,0.08206850814578359,False,False,False
cc803cfb0b9b49269b916f6e2be327ff,phase1b_combined_stress,20,4,16,3,1,4,0,0.9215990534084936,0.83953054526271,0.08206850814578359,False,False,False
cc803cfb0b9b49269b916f6e2be327ff,phase1b_combined_stress,21,4,16,3,1,4,0,0.9215990534084936,0.83953054526271,0.08206850814578359,False,False,False
cc803cfb0b9b49269b916f6e2be327ff,phase1b_combined_stress,22,4,16,3,1,4,0,0.9215990534084936,0.83953054526271,0.08206850814578359,False,False,False
cc803cfb0b9b49269b916f6e2be327ff,phase1b_combined_stress,23,4,16,3,1,4,0,0.9215990534084936,0.83953054526271,0.08206850814578359,False,False,False
cc803cfb0b9b49269b916f6e2be327ff,phase1b_combined_stress,24,4,16,3,1,4,0,0.9215990534084936,0.83953054526271,0.08206850814578359,False,False,False
cc803cfb0b9b49269b916f6e2be327ff,phase1b_combined_stress,25,4,16,3,1,4,0,0.9215990534084936,0.83953054526271,0.08206850814578359,False,False,False
cc803cfb0b9b49269b916f6e2be327ff,phase1b_combined_stress,26,4,16,3,1,4,0,0.9215990534084936,0.83953054526271,0.08206850814578359,False,False,False
cc803cfb0b9b49269b916f6e2be327ff,phase1b_combined_stress,27,4,16,3,1,4,0,0.9215990534084936,0.83953054526271,0.08206850814578359,False,False,False
cc803cfb0b9b49269b916f6e2be327ff,phase1b_combined_stress,28,4,16,3,1,4,0,0.9215990534084936,0.83953054526271,0.08206850814578359,False,False,False
ce7510f034b945c6942970fb3448ded6,phase1b_combined_stress,0,4,16,2,1,4,1,0.7634994083736772,0.7122065907891937,0.05129281758448356,False,False,True
ce7510f034b945c6942970fb3448ded6,phase1b_combined_stress,1,4,16,2,1,4,1,0.7634994083736772,0.7122065907891937,0.05129281758448356,False,False,True
ce7510f034b945c6942970fb3448ded6,phase1b_combined_stress,2,4,16,2,1,4,1,0.7634994083736772,0.7122065907891937,0.05129281758448356,False,False,False
ce7510f034b945c6942970fb3448ded6,phase1b_combined_stress,3,4,16,2,1,4,1,0.7634994083736772,0.7122065907891937,0.05129281758448356,False,False,True
ce7510f034b945c6942970fb3448ded6,phase1b_combined_stress,4,4,16,2,1,4,1,0.7634994083736772,0.7122065907891937,0.05129281758448356,False,False,False
ce7510f034b945c6942970fb3448ded6,phase1b_combined_stress,5,4,16,2,1,4,1,0.7634994083736772,0.7122065907891937,0.05129281758448356,False,False,True
ce7510f034b945c6942970fb3448ded6,phase1b_combined_stress,6,4,16,2,1,4,1,0.7634994083736772,0.7122065907891937,0.05129281758448356,False,False,False
ce7510f034b945c6942970fb3448ded6,phase1b_combined_stress,7,4,16,2,1,4,1,0.7634994083736772,0.7122065907891937,0.05129281758448356,False,False,True
ce7510f034b945c6942970fb3448ded6,phase1b_combined_stress,8,4,16,2,1,4,1,0.7634994083736772,0.7122065907891937,0.05129281758448356,False,False,False
ce7510f034b945c6942970fb3448ded6,phase1b_combined_stress,9,4,16,2,1,4,1,0.7634994083736772,0.7122065907891937,0.05129281758448356,False,False,True
ce7510f034b945c6942970fb3448ded6,phase1b_combined_stress,10,4,16,2,1,4,1,0.7634994083736772,0.7122065907891937,0.05129281758448356,False,False,False
ce7510f034b945c6942970fb3448ded6,phase1b_combined_stress,11,4,16,2,1,4,1,0.7634994083736772,0.7122065907891937,0.05129281758448356,False,False,True
ce7510f034b945c6942970fb3448ded6,phase1b_combined_stress,12,4,16,2,1,4,1,0.7634994083736772,0.7122065907891937,0.05129281758448356,False,False,False
cfb7bff29e1a4018a38f0964bfe02df2,phase1b_combined_stress,0,4,16,1,1,4,2,0.4999999999917221,0.5000000000000002,-8.278100427361323e-12,False,False,True
cfb7bff29e1a4018a38f0964bfe02df2,phase1b_combined_stress,1,4,16,1,1,4,2,0.4999999999917221,0.5000000000000002,-8.278100427361323e-12,False,False,True
cfb7bff29e1a4018a38f0964bfe02df2,phase1b_combined_stress,2,4,16,1,1,4,2,0.4999999999917221,0.5000000000000002,-8.278100427361323e-12,False,False,False
cfb7bff29e1a4018a38f0964bfe02df2,phase1b_combined_stress,3,4,16,1,1,4,2,0.4999999999917221,0.5000000000000002,-8.278100427361323e-12,False,False,True
cfb7bff29e1a4018a38f0964bfe02df2,phase1b_combined_stress,4,4,16,1,1,4,2,0.4999999999917221,0.5000000000000002,-8.278100427361323e-12,False,False,False
cfb7bff29e1a4018a38f0964bfe02df2,phase1b_combined_stress,5,4,16,1,1,4,2,0.4999999999917221,0.5000000000000002,-8.278100427361323e-12,False,False,True
cfb7bff29e1a4018a38f0964bfe02df2,phase1b_combined_stress,6,4,16,1,1,4,2,0.4999999999917221,0.5000000000000002,-8.278100427361323e-12,False,False,False
cfb7bff29e1a4018a38f0964bfe02df2,phase1b_combined_stress,7,4,16,1,1,4,2,0.4999999999917221,0.5000000000000002,-8.278100427361323e-12,False,False,True
cfb7bff29e1a4018a38f0964bfe02df2,phase1b_combined_stress,8,4,16,1,1,4,2,0.4999999999917221,0.5000000000000002,-8.278100427361323e-12,False,False,False
cfb7bff29e1a4018a38f0964bfe02df2,phase1b_combined_stress,9,4,16,1,1,4,2,0.4999999999917221,0.5000000000000002,-8.278100427361323e-12,False,False,True
cfb7bff29e1a4018a38f0964bfe02df2,phase1b_combined_stress,10,4,16,1,1,4,2,0.4999999999917221,0.5000000000000002,-8.278100427361323e-12,False,False,False
cfb7bff29e1a4018a38f0964bfe02df2,phase1b_combined_stress,11,4,16,1,1,4,2,0.4999999999917221,0.5000000000000002,-8.278100427361323e-12,False,False,True
cfb7bff29e1a4018a38f0964bfe02df2,phase1b_combined_stress,12,4,16,1,1,4,2,0.4999999999917221,0.5000000000000002,-8.278100427361323e-12,False,False,False
cfb7bff29e1a4018a38f0964bfe02df2,phase1b_combined_stress,13,4,16,1,1,4,2,0.4999999999917221,0.5000000000000002,-8.278100427361323e-12,False,False,True
cfb7bff29e1a4018a38f0964bfe02df2,phase1b_combined_stress,14,4,16,1,1,4,2,0.4999999999917221,0.5000000000000002,-8.278100427361323e-12,False,False,False
cfb7bff29e1a4018a38f0964bfe02df2,phase1b_combined_stress,15,4,16,1,1,4,2,0.4999999999917221,0.5000000000000002,-8.278100427361323e-12,False,False,True
cfb7bff29e1a4018a38f0964bfe02df2,phase1b_combined_stress,16,4,16,1,1,4,2,0.4999999999917221,0.5000000000000002,-8.278100427361323e-12,False,False,False
cfb7bff29e1a4018a38f0964bfe02df2,phase1b_combined_stress,17,4,16,1,1,4,2,0.4999999999917221,0.5000000000000002,-8.278100427361323e-12,False,False,True
cfb7bff29e1a4018a38f0964bfe02df2,phase1b_combined_stress,18,4,16,1,1,4,2,0.4999999999917221,0.5000000000000002,-8.278100427361323e-12,False,False,False
cfb7bff29e1a4018a38f0964bfe02df2,phase1b_combined_stress,19,4,16,1,1,4,2,0.4999999999917221,0.5000000000000002,-8.278100427361323e-12,False,False,True
cfb7bff29e1a4018a38f0964bfe02df2,phase1b_combined_stress,20,4,16,1,1,4,2,0.4999999999917221,0.5000000000000002,-8.278100427361323e-12,False,False,False
cfb7bff29e1a4018a38f0964bfe02df2,phase1b_combined_stress,21,4,16,1,1,4,2,0.4999999999917221,0.5000000000000002,-8.278100427361323e-12,False,False,True
cfb7bff29e1a4018a38f0964bfe02df2,phase1b_combined_stress,22,4,16,1,1,4,2,0.4999999999917221,0.5000000000000002,-8.278100427361323e-12,False,False,False
cfb7bff29e1a4018a38f0964bfe02df2,phase1b_combined_stress,23,4,16,1,1,4,2,0.4999999999917221,0.5000000000000002,-8.278100427361323e-12,False,False,True
cfb7bff29e1a4018a38f0964bfe02df2,phase1b_combined_stress,24,4,16,1,1,4,2,0.4999999999917221,0.5000000000000002,-8.278100427361323e-12,False,False,False
cfb7bff29e1a4018a38f0964bfe02df2,phase1b_combined_stress,25,4,16,1,1,4,2,0.4999999999917221,0.5000000000000002,-8.278100427361323e-12,False,False,True
cfb7bff29e1a4018a38f0964bfe02df2,phase1b_combined_stress,26,4,16,1,1,4,2,0.4999999999917221,0.5000000000000002,-8.278100427361323e-12,False,False,False
cfb7bff29e1a4018a38f0964bfe02df2,phase1b_combined_stress,27,4,16,1,1,4,2,0.4999999999917221,0.5000000000000002,-8.278100427361323e-12,False,False,True
cfb7bff29e1a4018a38f0964bfe02df2,phase1b_combined_stress,28,4,16,1,1,4,2,0.4999999999917221,0.5000000000000002,-8.278100427361323e-12,False,False,False
d4fcc1836c8a470ab38284949de115ff,phase1b_combined_stress,0,4,16,3,3,16,10,0.5000000000000001,0.4999999999999999,2.220446049250313e-16,False,False,True
d4fcc1836c8a470ab38284949de115ff,phase1b_combined_stress,4,4,16,5,4,16,7,0.6521016341618664,0.6293449696238899,0.022756664537976534,False,False,True
d4fcc1836c8a470ab38284949de115ff,phase1b_combined_stress,8,4,16,5,4,16,7,0.6521016341618664,0.6293449696238899,0.022756664537976534,False,False,True
d4fcc1836c8a470ab38284949de115ff,phase1b_combined_stress,12,4,16,5,4,16,7,0.6521016341618664,0.6293449696238899,0.022756664537976534,False,False,True
d4fcc1836c8a470ab38284949de115ff,phase1b_combined_stress,16,4,16,5,4,16,7,0.6521016341618664,0.6293449696238899,0.022756664537976534,False,False,True
d4fcc1836c8a470ab38284949de115ff,phase1b_combined_stress,20,4,16,5,4,16,7,0.6521016341618664,0.6293449696238899,0.022756664537976534,False,False,True
d56ec734551043e5b02cae74affb2937,phase1b_combined_stress,0,4,16,3,3,16,10,0.5000000000000001,0.4999999999999999,2.220446049250313e-16,False,False,False
d56ec734551043e5b02cae74affb2937,phase1b_combined_stress,1,4,16,6,3,16,7,0.881083730681911,0.8410003744629815,0.040083356218929556,False,False,True
d56ec734551043e5b02cae74affb2937,phase1b_combined_stress,2,4,16,6,4,16,6,0.7765484257488472,0.7351726720434357,0.04137575370541147,False,False,True
d56ec734551043e5b02cae74affb2937,phase1b_combined_stress,3,4,16,6,3,16,7,0.881083730681911,0.8410003744629815,0.040083356218929556,False,False,True
d56ec734551043e5b02cae74affb2937,phase1b_combined_stress,4,4,16,6,4,16,6,0.7765484257488472,0.7351726720434357,0.04137575370541147,False,False,True
d56ec734551043e5b02cae74affb2937,phase1b_combined_stress,5,4,16,6,3,16,7,0.881083730681911,0.8410003744629815,0.040083356218929556,False,False,True
d56ec734551043e5b02cae74affb2937,phase1b_combined_stress,6,4,16,6,4,16,6,0.7765484257488472,0.7351726720434357,0.04137575370541147,False,False,True
d56ec734551043e5b02cae74affb2937,phase1b_combined_stress,7,4,16,6,3,16,7,0.881083730681911,0.8410003744629815,0.040083356218929556,False,False,True
d56ec734551043e5b02cae74affb2937,phase1b_combined_stress,8,4,16,6,4,16,6,0.7765484257488472,0.7351726720434357,0.04137575370541147,False,False,True
d56ec734551043e5b02cae74affb2937,phase1b_combined_stress,9,4,16,6,3,16,7,0.881083730681911,0.8410003744629815,0.040083356218929556,False,False,True
d56ec734551043e5b02cae74affb2937,phase1b_combined_stress,10,4,16,6,4,16,6,0.7765484257488472,0.7351726720434357,0.04137575370541147,False,False,True
d56ec734551043e5b02cae74affb2937,phase1b_combined_stress,11,4,16,6,3,16,7,0.881083730681911,0.8410003744629815,0.040083356218929556,False,False,True
d56ec734551043e5b02cae74affb2937,phase1b_combined_stress,12,4,16,6,4,16,6,0.7765484257488472,0.7351726720434357,0.04137575370541147,False,False,True
d56ec734551043e5b02cae74affb2937,phase1b_combined_stress,13,4,16,6,3,16,7,0.881083730681911,0.8410003744629815,0.040083356218929556,False,False,True
d56ec734551043e5b02cae74affb2937,phase1b_combined_stress,14,4,16,6,4,16,6,0.7765484257488472,0.7351726720434357,0.04137575370541147,False,False,True
d56ec734551043e5b02cae74affb2937,phase1b_combined_stress,15,4,16,6,3,16,7,0.881083730681911,0.8410003744629815,0.040083356218929556,False,False,True
d56ec734551043e5b02cae74affb2937,phase1b_combined_stress,16,4,16,6,4,16,6,0.7765484257488472,0.7351726720434357,0.04137575370541147,False,False,True
d56ec734551043e5b02cae74affb2937,phase1b_combined_stress,17,4,16,6,3,16,7,0.881083730681911,0.8410003744629815,0.040083356218929556,False,False,True
d56ec734551043e5b02cae74affb2937,phase1b_combined_stress,18,4,16,6,4,16,6,0.7765484257488472,0.7351726720434357,0.04137575370541147,False,False,True
d56ec734551043e5b02cae74affb2937,phase1b_combined_stress,19,4,16,6,3,16,7,0.881083730681911,0.8410003744629815,0.040083356218929556,False,False,True
d56ec734551043e5b02cae74affb2937,phase1b_combined_stress,20,4,16,6,4,16,6,0.7765484257488472,0.7351726720434357,0.04137575370541147,False,False,True
d56ec734551043e5b02cae74affb2937,phase1b_combined_stress,21,4,16,6,3,16,7,0.881083730681911,0.8410003744629815,0.040083356218929556,False,False,True
d56ec734551043e5b02cae74affb2937,phase1b_combined_stress,22,4,16,6,4,16,6,0.7765484257488472,0.7351726720434357,0.04137575370541147,False,False,True
d56ec734551043e5b02cae74affb2937,phase1b_combined_stress,23,4,16,6,3,16,7,0.881083730681911,0.8410003744629815,0.040083356218929556,False,False,True
d56ec734551043e5b02cae74affb2937,phase1b_combined_stress,24,4,16,6,4,16,6,0.7765484257488472,0.7351726720434357,0.04137575370541147,False,False,True
d56ec734551043e5b02cae74affb2937,phase1b_combined_stress,25,4,16,6,3,16,7,0.881083730681911,0.8410003744629815,0.040083356218929556,False,False,True
d56ec734551043e5b02cae74affb2937,phase1b_combined_stress,26,4,16,6,4,16,6,0.7765484257488472,0.7351726720434357,0.04137575370541147,False,False,True
d56ec734551043e5b02cae74affb2937,phase1b_combined_stress,27,4,16,6,3,16,7,0.881083730681911,0.8410003744629815,0.040083356218929556,False,False,True
d56ec734551043e5b02cae74affb2937,phase1b_combined_stress,28,4,16,6,4,16,6,0.7765484257488472,0.7351726720434357,0.04137575370541147,False,False,True
d7958d5073b04568a77b389acf428b3c,phase1b_combined_stress,0,4,16,2,2,8,4,0.5000000000000222,0.5,2.220446049250313e-14,False,False,False
d7958d5073b04568a77b389acf428b3c,phase1b_combined_stress,1,4,16,4,1,8,3,0.9490469570291832,0.9122870906761479,0.0367598663530353,False,False,True
d7958d5073b04568a77b389acf428b3c,phase1b_combined_stress,2,4,16,3,2,8,3,0.7032998661141543,0.6697652726313549,0.03353459348279941,False,False,False
d7958d5073b04568a77b389acf428b3c,phase1b_combined_stress,3,4,16,4,1,8,3,0.9490469570291832,0.9122870906761479,0.0367598663530353,False,False,True
d7958d5073b04568a77b389acf428b3c,phase1b_combined_stress,4,4,16,3,2,8,3,0.7032998661141543,0.6697652726313549,0.03353459348279941,False,False,False
d7958d5073b04568a77b389acf428b3c,phase1b_combined_stress,5,4,16,4,1,8,3,0.9490469570291832,0.9122870906761479,0.0367598663530353,False,False,True
d7958d5073b04568a77b389acf428b3c,phase1b_combined_stress,6,4,16,3,2,8,3,0.7032998661141543,0.6697652726313549,0.03353459348279941,False,False,False
d7958d5073b04568a77b389acf428b3c,phase1b_combined_stress,7,4,16,4,1,8,3,0.9490469570291832,0.9122870906761479,0.0367598663530353,False,False,True
d7958d5073b04568a77b389acf428b3c,phase1b_combined_stress,8,4,16,3,2,8,3,0.7032998661141543,0.6697652726313549,0.03353459348279941,False,False,False
d7958d5073b04568a77b389acf428b3c,phase1b_combined_stress,9,4,16,4,1,8,3,0.9490469570291832,0.9122870906761479,0.0367598663530353,False,False,True
d7958d5073b04568a77b389acf428b3c,phase1b_combined_stress,10,4,16,3,2,8,3,0.7032998661141543,0.6697652726313549,0.03353459348279941,False,False,False
d7958d5073b04568a77b389acf428b3c,phase1b_combined_stress,11,4,16,4,1,8,3,0.9490469570291832,0.9122870906761479,0.0367598663530353,False,False,True
d7958d5073b04568a77b389acf428b3c,phase1b_combined_stress,12,4,16,3,2,8,3,0.7032998661141543,0.6697652726313549,0.03353459348279941,False,False,False
d7958d5073b04568a77b389acf428b3c,phase1b_combined_stress,13,4,16,4,1,8,3,0.9490469570291832,0.9122870906761479,0.0367598663530353,False,False,True
d7958d5073b04568a77b389acf428b3c,phase1b_combined_stress,14,4,16,3,2,8,3,0.7032998661141543,0.6697652726313549,0.03353459348279941,False,False,False
d7958d5073b04568a77b389acf428b3c,phase1b_combined_stress,15,4,16,4,1,8,3,0.9490469570291832,0.9122870906761479,0.0367598663530353,False,False,True
d7958d5073b04568a77b389acf428b3c,phase1b_combined_stress,16,4,16,3,2,8,3,0.7032998661141543,0.6697652726313549,0.03353459348279941,False,False,False
d7958d5073b04568a77b389acf428b3c,phase1b_combined_stress,17,4,16,4,1,8,3,0.9490469570291832,0.9122870906761479,0.0367598663530353,False,False,True
d7958d5073b04568a77b389acf428b3c,phase1b_combined_stress,18,4,16,3,2,8,3,0.7032998661141543,0.6697652726313549,0.03353459348279941,False,False,False
d7958d5073b04568a77b389acf428b3c,phase1b_combined_stress,19,4,16,4,1,8,3,0.9490469570291832,0.9122870906761479,0.0367598663530353,False,False,True
d7958d5073b04568a77b389acf428b3c,phase1b_combined_stress,20,4,16,3,2,8,3,0.7032998661141543,0.6697652726313549,0.03353459348279941,False,False,False
d7958d5073b04568a77b389acf428b3c,phase1b_combined_stress,21,4,16,4,1,8,3,0.9490469570291832,0.9122870906761479,0.0367598663530353,False,False,True
d7958d5073b04568a77b389acf428b3c,phase1b_combined_stress,22,4,16,3,2,8,3,0.7032998661141543,0.6697652726313549,0.03353459348279941,False,False,False
d7958d5073b04568a77b389acf428b3c,phase1b_combined_stress,23,4,16,4,1,8,3,0.9490469570291832,0.9122870906761479,0.0367598663530353,False,False,True
d7958d5073b04568a77b389acf428b3c,phase1b_combined_stress,24,4,16,3,2,8,3,0.7032998661141543,0.6697652726313549,0.03353459348279941,False,False,False
d7958d5073b04568a77b389acf428b3c,phase1b_combined_stress,25,4,16,4,1,8,3,0.9490469570291832,0.9122870906761479,0.0367598663530353,False,False,True
d7958d5073b04568a77b389acf428b3c,phase1b_combined_stress,26,4,16,3,2,8,3,0.7032998661141543,0.6697652726313549,0.03353459348279941,False,False,False
d7958d5073b04568a77b389acf428b3c,phase1b_combined_stress,27,4,16,4,1,8,3,0.9490469570291832,0.9122870906761479,0.0367598663530353,False,False,True
d7958d5073b04568a77b389acf428b3c,phase1b_combined_stress,28,4,16,3,2,8,3,0.7032998661141543,0.6697652726313549,0.03353459348279941,False,False,False
d902506757d34aaab55e564d03b84dbe,phase1b_combined_stress,0,4,16,4,1,8,3,0.9490469570291832,0.9122870906761479,0.0367598663530353,False,False,True
d902506757d34aaab55e564d03b84dbe,phase1b_combined_stress,4,4,16,3,2,8,3,0.7032998661141543,0.6697652726313549,0.03353459348279941,False,False,True
d902506757d34aaab55e564d03b84dbe,phase1b_combined_stress,8,4,16,3,2,8,3,0.7032998661141543,0.6697652726313549,0.03353459348279941,False,False,True
d902506757d34aaab55e564d03b84dbe,phase1b_combined_stress,12,4,16,3,2,8,3,0.7032998661141543,0.6697652726313549,0.03353459348279941,False,False,True
d902506757d34aaab55e564d03b84dbe,phase1b_combined_stress,16,4,16,3,2,8,3,0.7032998661141543,0.6697652726313549,0.03353459348279941,False,False,True
d902506757d34aaab55e564d03b84dbe,phase1b_combined_stress,20,4,16,3,2,8,3,0.7032998661141543,0.6697652726313549,0.03353459348279941,False,False,True
dacd536a79e64242b638009163c5709e,phase1b_combined_stress,0,4,16,5,3,16,8,0.7920351375907829,0.7586899392477793,0.033345198343003646,False,False,False
dacd536a79e64242b638009163c5709e,phase1b_combined_stress,1,4,16,7,5,16,4,0.7668789003730136,0.7170824665016328,0.049796433871380885,False,False,False
dacd536a79e64242b638009163c5709e,phase1b_combined_stress,2,4,16,7,4,16,5,0.8679254405504773,0.8165785969815478,0.05134684356892949,False,False,False
dacd536a79e64242b638009163c5709e,phase1b_combined_stress,3,4,16,7,5,16,4,0.7668789003730136,0.7170824665016328,0.049796433871380885,False,False,False
dacd536a79e64242b638009163c5709e,phase1b_combined_stress,4,4,16,7,4,16,5,0.8679254405504773,0.8165785969815478,0.05134684356892949,False,False,False
dacd536a79e64242b638009163c5709e,phase1b_combined_stress,5,4,16,7,5,16,4,0.7668789003730136,0.7170824665016328,0.049796433871380885,False,False,False
dacd536a79e64242b638009163c5709e,phase1b_combined_stress,6,4,16,7,4,16,5,0.8679254405504773,0.8165785969815478,0.05134684356892949,False,False,False
dacd536a79e64242b638009163c5709e,phase1b_combined_stress,7,4,16,7,5,16,4,0.7668789003730136,0.7170824665016328,0.049796433871380885,False,False,False
dacd536a79e64242b638009163c5709e,phase1b_combined_stress,8,4,16,7,4,16,5,0.8679254405504773,0.8165785969815478,0.05134684356892949,False,False,False
dacd536a79e64242b638009163c5709e,phase1b_combined_stress,9,4,16,7,5,16,4,0.7668789003730136,0.7170824665016328,0.049796433871380885,False,False,False
dacd536a79e64242b638009163c5709e,phase1b_combined_stress,10,4,16,7,4,16,5,0.8679254405504773,0.8165785969815478,0.05134684356892949,False,False,False
dacd536a79e64242b638009163c5709e,phase1b_combined_stress,11,4,16,7,5,16,4,0.7668789003730136,0.7170824665016328,0.049796433871380885,False,False,False
dacd536a79e64242b638009163c5709e,phase1b_combined_stress,12,4,16,7,4,16,5,0.8679254405504773,0.8165785969815478,0.05134684356892949,False,False,False
dacd536a79e64242b638009163c5709e,phase1b_combined_stress,13,4,16,7,5,16,4,0.7668789003730136,0.7170824665016328,0.049796433871380885,False,False,False
dacd536a79e64242b638009163c5709e,phase1b_combined_stress,14,4,16,7,4,16,5,0.8679254405504773,0.8165785969815478,0.05134684356892949,False,False,False
dacd536a79e64242b638009163c5709e,phase1b_combined_stress,15,4,16,7,5,16,4,0.7668789003730136,0.7170824665016328,0.049796433871380885,False,False,False
dacd536a79e64242b638009163c5709e,phase1b_combined_stress,16,4,16,7,4,16,5,0.8679254405504773,0.8165785969815478,0.05134684356892949,False,False,False
dacd536a79e64242b638009163c5709e,phase1b_combined_stress,17,4,16,7,5,16,4,0.7668789003730136,0.7170824665016328,0.049796433871380885,False,False,False
dacd536a79e64242b638009163c5709e,phase1b_combined_stress,18,4,16,7,4,16,5,0.8679254405504773,0.8165785969815478,0.05134684356892949,False,False,False
dacd536a79e64242b638009163c5709e,phase1b_combined_stress,19,4,16,7,5,16,4,0.7668789003730136,0.7170824665016328,0.049796433871380885,False,False,False
dacd536a79e64242b638009163c5709e,phase1b_combined_stress,20,4,16,7,4,16,5,0.8679254405504773,0.8165785969815478,0.05134684356892949,False,False,False
dacd536a79e64242b638009163c5709e,phase1b_combined_stress,21,4,16,7,5,16,4,0.7668789003730136,0.7170824665016328,0.049796433871380885,False,False,False
dacd536a79e64242b638009163c5709e,phase1b_combined_stress,22,4,16,7,4,16,5,0.8679254405504773,0.8165785969815478,0.05134684356892949,False,False,False
dacd536a79e64242b638009163c5709e,phase1b_combined_stress,23,4,16,7,5,16,4,0.7668789003730136,0.7170824665016328,0.049796433871380885,False,False,False
dacd536a79e64242b638009163c5709e,phase1b_combined_stress,24,4,16,7,4,16,5,0.8679254405504773,0.8165785969815478,0.05134684356892949,False,False,False
dacd536a79e64242b638009163c5709e,phase1b_combined_stress,25,4,16,7,5,16,4,0.7668789003730136,0.7170824665016328,0.049796433871380885,False,False,False
dacd536a79e64242b638009163c5709e,phase1b_combined_stress,26,4,16,7,4,16,5,0.8679254405504773,0.8165785969815478,0.05134684356892949,False,False,False
dacd536a79e64242b638009163c5709e,phase1b_combined_stress,27,4,16,7,5,16,4,0.7668789003730136,0.7170824665016328,0.049796433871380885,False,False,False
dacd536a79e64242b638009163c5709e,phase1b_combined_stress,28,4,16,7,4,16,5,0.8679254405504773,0.8165785969815478,0.05134684356892949,False,False,False
dbaa6fa0c21945488d37a6393f144f59,phase1b_combined_stress,0,4,16,2,1,4,1,0.7634994083736772,0.7122065907891937,0.05129281758448356,False,False,False
dbaa6fa0c21945488d37a6393f144f59,phase1b_combined_stress,1,4,16,2,1,4,1,0.7634994083736772,0.7122065907891937,0.05129281758448356,False,False,False
dbaa6fa0c21945488d37a6393f144f59,phase1b_combined_stress,2,4,16,2,1,4,1,0.7634994083736772,0.7122065907891937,0.05129281758448356,False,False,True
dbaa6fa0c21945488d37a6393f144f59,phase1b_combined_stress,3,4,16,2,1,4,1,0.7634994083736772,0.7122065907891937,0.05129281758448356,False,False,False
dbaa6fa0c21945488d37a6393f144f59,phase1b_combined_stress,4,4,16,2,1,4,1,0.7634994083736772,0.7122065907891937,0.05129281758448356,False,False,True
dbaa6fa0c21945488d37a6393f144f59,phase1b_combined_stress,5,4,16,2,1,4,1,0.7634994083736772,0.7122065907891937,0.05129281758448356,False,False,False
dbaa6fa0c21945488d37a6393f144f59,phase1b_combined_stress,6,4,16,2,1,4,1,0.7634994083736772,0.7122065907891937,0.05129281758448356,False,False,True
dbaa6fa0c21945488d37a6393f144f59,phase1b_combined_stress,7,4,16,2,1,4,1,0.7634994083736772,0.7122065907891937,0.05129281758448356,False,False,False
dbaa6fa0c21945488d37a6393f144f59,phase1b_combined_stress,8,4,16,2,1,4,1,0.7634994083736772,0.7122065907891937,0.05129281758448356,False,False,True
dbaa6fa0c21945488d37a6393f144f59,phase1b_combined_stress,9,4,16,2,1,4,1,0.7634994083736772,0.7122065907891937,0.05129281758448356,False,False,False
dbaa6fa0c21945488d37a6393f144f59,phase1b_combined_stress,10,4,16,2,1,4,1,0.7634994083736772,0.7122065907891937,0.05129281758448356,False,False,True
dbaa6fa0c21945488d37a6393f144f59,phase1b_combined_stress,11,4,16,2,1,4,1,0.7634994083736772,0.7122065907891937,0.05129281758448356,False,False,False
dbaa6fa0c21945488d37a6393f144f59,phase1b_combined_stress,12,4,16,2,1,4,1,0.7634994083736772,0.7122065907891937,0.05129281758448356,False,False,True
dbaa6fa0c21945488d37a6393f144f59,phase1b_combined_stress,13,4,16,2,1,4,1,0.7634994083736772,0.7122065907891937,0.05129281758448356,False,False,False
dbaa6fa0c21945488d37a6393f144f59,phase1b_combined_stress,14,4,16,2,1,4,1,0.7634994083736772,0.7122065907891937,0.05129281758448356,False,False,True
dbaa6fa0c21945488d37a6393f144f59,phase1b_combined_stress,15,4,16,2,1,4,1,0.7634994083736772,0.7122065907891937,0.05129281758448356,False,False,False
dbaa6fa0c21945488d37a6393f144f59,phase1b_combined_stress,16,4,16,2,1,4,1,0.7634994083736772,0.7122065907891937,0.05129281758448356,False,False,True
dbaa6fa0c21945488d37a6393f144f59,phase1b_combined_stress,17,4,16,2,1,4,1,0.7634994083736772,0.7122065907891937,0.05129281758448356,False,False,False
dbaa6fa0c21945488d37a6393f144f59,phase1b_combined_stress,18,4,16,2,1,4,1,0.7634994083736772,0.7122065907891937,0.05129281758448356,False,False,True
dbaa6fa0c21945488d37a6393f144f59,phase1b_combined_stress,19,4,16,2,1,4,1,0.7634994083736772,0.7122065907891937,0.05129281758448356,False,False,False
dbaa6fa0c21945488d37a6393f144f59,phase1b_combined_stress,20,4,16,2,1,4,1,0.7634994083736772,0.7122065907891937,0.05129281758448356,False,False,True
dc33255a43364446ab15bb8369a64a8d,phase1b_combined_stress,0,4,16,2,2,8,4,0.5000000000000222,0.5,2.220446049250313e-14,False,False,True
dc33255a43364446ab15bb8369a64a8d,phase1b_combined_stress,4,4,16,3,2,8,3,0.7032998661141543,0.6697652726313549,0.03353459348279941,False,False,True
dc33255a43364446ab15bb8369a64a8d,phase1b_combined_stress,8,4,16,3,2,8,3,0.7032998661141543,0.6697652726313549,0.03353459348279941,False,False,True
dc33255a43364446ab15bb8369a64a8d,phase1b_combined_stress,12,4,16,3,2,8,3,0.7032998661141543,0.6697652726313549,0.03353459348279941,False,False,True
dc33255a43364446ab15bb8369a64a8d,phase1b_combined_stress,16,4,16,3,2,8,3,0.7032998661141543,0.6697652726313549,0.03353459348279941,False,False,True
dc33255a43364446ab15bb8369a64a8d,phase1b_combined_stress,20,4,16,3,2,8,3,0.7032998661141543,0.6697652726313549,0.03353459348279941,False,False,True
dc33255a43364446ab15bb8369a64a8d,phase1b_combined_stress,24,4,16,3,2,8,3,0.7032998661141543,0.6697652726313549,0.03353459348279941,False,False,True
dc33255a43364446ab15bb8369a64a8d,phase1b_combined_stress,28,4,16,3,2,8,3,0.7032998661141543,0.6697652726313549,0.03353459348279941,False,False,True
dd3080c7208b4dbe9832bd4af2cfc50a,phase1b_combined_stress,0,4,16,3,1,8,4,0.8753228297506488,0.83953054526271,0.03579228448793881,False,False,True
dd3080c7208b4dbe9832bd4af2cfc50a,phase1b_combined_stress,1,4,16,3,3,8,2,0.4999999999982972,0.4999999999999999,-1.7026935417163713e-12,False,False,True
dd3080c7208b4dbe9832bd4af2cfc50a,phase1b_combined_stress,2,4,16,3,3,8,2,0.4999999999982972,0.4999999999999999,-1.7026935417163713e-12,False,False,True
dd3080c7208b4dbe9832bd4af2cfc50a,phase1b_combined_stress,3,4,16,3,3,8,2,0.4999999999982972,0.4999999999999999,-1.7026935417163713e-12,False,False,True
dd3080c7208b4dbe9832bd4af2cfc50a,phase1b_combined_stress,4,4,16,3,3,8,2,0.4999999999982972,0.4999999999999999,-1.7026935417163713e-12,False,False,True
dd3080c7208b4dbe9832bd4af2cfc50a,phase1b_combined_stress,5,4,16,3,3,8,2,0.4999999999982972,0.4999999999999999,-1.7026935417163713e-12,False,False,True
dd3080c7208b4dbe9832bd4af2cfc50a,phase1b_combined_stress,6,4,16,3,3,8,2,0.4999999999982972,0.4999999999999999,-1.7026935417163713e-12,False,False,True
dd3080c7208b4dbe9832bd4af2cfc50a,phase1b_combined_stress,7,4,16,3,3,8,2,0.4999999999982972,0.4999999999999999,-1.7026935417163713e-12,False,False,True
dd3080c7208b4dbe9832bd4af2cfc50a,phase1b_combined_stress,8,4,16,3,3,8,2,0.4999999999982972,0.4999999999999999,-1.7026935417163713e-12,False,False,True
dd3080c7208b4dbe9832bd4af2cfc50a,phase1b_combined_stress,9,4,16,3,3,8,2,0.4999999999982972,0.4999999999999999,-1.7026935417163713e-12,False,False,True
dd3080c7208b4dbe9832bd4af2cfc50a,phase1b_combined_stress,10,4,16,3,3,8,2,0.4999999999982972,0.4999999999999999,-1.7026935417163713e-12,False,False,True
dd3080c7208b4dbe9832bd4af2cfc50a,phase1b_combined_stress,11,4,16,3,3,8,2,0.4999999999982972,0.4999999999999999,-1.7026935417163713e-12,False,False,True
dd3080c7208b4dbe9832bd4af2cfc50a,phase1b_combined_stress,12,4,16,3,3,8,2,0.4999999999982972,0.4999999999999999,-1.7026935417163713e-12,False,False,True
dd3080c7208b4dbe9832bd4af2cfc50a,phase1b_combined_stress,13,4,16,3,3,8,2,0.4999999999982972,0.4999999999999999,-1.7026935417163713e-12,False,False,True
dd3080c7208b4dbe9832bd4af2cfc50a,phase1b_combined_stress,14,4,16,3,3,8,2,0.4999999999982972,0.4999999999999999,-1.7026935417163713e-12,False,False,True
dd3080c7208b4dbe9832bd4af2cfc50a,phase1b_combined_stress,15,4,16,3,3,8,2,0.4999999999982972,0.4999999999999999,-1.7026935417163713e-12,False,False,True
dd3080c7208b4dbe9832bd4af2cfc50a,phase1b_combined_stress,16,4,16,3,3,8,2,0.4999999999982972,0.4999999999999999,-1.7026935417163713e-12,False,False,True
dd3080c7208b4dbe9832bd4af2cfc50a,phase1b_combined_stress,17,4,16,3,3,8,2,0.4999999999982972,0.4999999999999999,-1.7026935417163713e-12,False,False,True
dd3080c7208b4dbe9832bd4af2cfc50a,phase1b_combined_stress,18,4,16,3,3,8,2,0.4999999999982972,0.4999999999999999,-1.7026935417163713e-12,False,False,True
dd3080c7208b4dbe9832bd4af2cfc50a,phase1b_combined_stress,19,4,16,3,3,8,2,0.4999999999982972,0.4999999999999999,-1.7026935417163713e-12,False,False,True
dd3080c7208b4dbe9832bd4af2cfc50a,phase1b_combined_stress,20,4,16,3,3,8,2,0.4999999999982972,0.4999999999999999,-1.7026935417163713e-12,False,False,True
dff77ddc34cc4a8fa39f176d6815f4c0,phase1b_combined_stress,0,4,16,1,1,4,2,0.4999999999917221,0.5000000000000002,-8.278100427361323e-12,False,False,False
dff77ddc34cc4a8fa39f176d6815f4c0,phase1b_combined_stress,4,4,16,2,1,4,1,0.7634994083736772,0.7122065907891937,0.05129281758448356,False,False,False
dff77ddc34cc4a8fa39f176d6815f4c0,phase1b_combined_stress,8,4,16,2,1,4,1,0.7634994083736772,0.7122065907891937,0.05129281758448356,False,False,False
dff77ddc34cc4a8fa39f176d6815f4c0,phase1b_combined_stress,12,4,16,2,1,4,1,0.7634994083736772,0.7122065907891937,0.05129281758448356,False,False,False
dff77ddc34cc4a8fa39f176d6815f4c0,phase1b_combined_stress,16,4,16,2,1,4,1,0.7634994083736772,0.7122065907891937,0.05129281758448356,False,False,False
dff77ddc34cc4a8fa39f176d6815f4c0,phase1b_combined_stress,20,4,16,2,1,4,1,0.7634994083736772,0.7122065907891937,0.05129281758448356,False,False,False
e027da464f1f423c8a30b6b9e9efffce,phase1b_combined_stress,0,4,16,2,2,8,4,0.5000000000000222,0.5,2.220446049250313e-14,False,False,True
e027da464f1f423c8a30b6b9e9efffce,phase1b_combined_stress,1,4,16,4,3,8,1,0.6916827309132849,0.6455130908268756,0.046169640086409336,False,False,True
e027da464f1f423c8a30b6b9e9efffce,phase1b_combined_stress,2,4,16,3,3,8,2,0.4999999999982972,0.4999999999999999,-1.7026935417163713e-12,False,False,False
e027da464f1f423c8a30b6b9e9efffce,phase1b_combined_stress,3,4,16,4,3,8,1,0.6916827309132849,0.6455130908268756,0.046169640086409336,False,False,True
e027da464f1f423c8a30b6b9e9efffce,phase1b_combined_stress,4,4,16,3,3,8,2,0.4999999999982972,0.4999999999999999,-1.7026935417163713e-12,False,False,False
e027da464f1f423c8a30b6b9e9efffce,phase1b_combined_stress,5,4,16,4,3,8,1,0.6916827309132849,0.6455130908268756,0.046169640086409336,False,False,True
e027da464f1f423c8a30b6b9e9efffce,phase1b_combined_stress,6,4,16,3,3,8,2,0.4999999999982972,0.4999999999999999,-1.7026935417163713e-12,False,False,False
e027da464f1f423c8a30b6b9e9efffce,phase1b_combined_stress,7,4,16,4,3,8,1,0.6916827309132849,0.6455130908268756,0.046169640086409336,False,False,True
e027da464f1f423c8a30b6b9e9efffce,phase1b_combined_stress,8,4,16,3,3,8,2,0.4999999999982972,0.4999999999999999,-1.7026935417163713e-12,False,False,False
e027da464f1f423c8a30b6b9e9efffce,phase1b_combined_stress,9,4,16,4,3,8,1,0.6916827309132849,0.6455130908268756,0.046169640086409336,False,False,True
e027da464f1f423c8a30b6b9e9efffce,phase1b_combined_stress,10,4,16,3,3,8,2,0.4999999999982972,0.4999999999999999,-1.7026935417163713e-12,False,False,False
e027da464f1f423c8a30b6b9e9efffce,phase1b_combined_stress,11,4,16,4,3,8,1,0.6916827309132849,0.6455130908268756,0.046169640086409336,False,False,True
e027da464f1f423c8a30b6b9e9efffce,phase1b_combined_stress,12,4,16,3,3,8,2,0.4999999999982972,0.4999999999999999,-1.7026935417163713e-12,False,False,False
e027da464f1f423c8a30b6b9e9efffce,phase1b_combined_stress,13,4,16,4,3,8,1,0.6916827309132849,0.6455130908268756,0.046169640086409336,False,False,True
e027da464f1f423c8a30b6b9e9efffce,phase1b_combined_stress,14,4,16,3,3,8,2,0.4999999999982972,0.4999999999999999,-1.7026935417163713e-12,False,False,False
e027da464f1f423c8a30b6b9e9efffce,phase1b_combined_stress,15,4,16,4,3,8,1,0.6916827309132849,0.6455130908268756,0.046169640086409336,False,False,True
e027da464f1f423c8a30b6b9e9efffce,phase1b_combined_stress,16,4,16,3,3,8,2,0.4999999999982972,0.4999999999999999,-1.7026935417163713e-12,False,False,False
e027da464f1f423c8a30b6b9e9efffce,phase1b_combined_stress,17,4,16,4,3,8,1,0.6916827309132849,0.6455130908268756,0.046169640086409336,False,False,True
e027da464f1f423c8a30b6b9e9efffce,phase1b_combined_stress,18,4,16,3,3,8,2,0.4999999999982972,0.4999999999999999,-1.7026935417163713e-12,False,False,False
e027da464f1f423c8a30b6b9e9efffce,phase1b_combined_stress,19,4,16,4,3,8,1,0.6916827309132849,0.6455130908268756,0.046169640086409336,False,False,True
e027da464f1f423c8a30b6b9e9efffce,phase1b_combined_stress,20,4,16,3,3,8,2,0.4999999999982972,0.4999999999999999,-1.7026935417163713e-12,False,False,False
e027da464f1f423c8a30b6b9e9efffce,phase1b_combined_stress,21,4,16,4,3,8,1,0.6916827309132849,0.6455130908268756,0.046169640086409336,False,False,True
e027da464f1f423c8a30b6b9e9efffce,phase1b_combined_stress,22,4,16,3,3,8,2,0.4999999999982972,0.4999999999999999,-1.7026935417163713e-12,False,False,False
e027da464f1f423c8a30b6b9e9efffce,phase1b_combined_stress,23,4,16,4,3,8,1,0.6916827309132849,0.6455130908268756,0.046169640086409336,False,False,True
e027da464f1f423c8a30b6b9e9efffce,phase1b_combined_stress,24,4,16,3,3,8,2,0.4999999999982972,0.4999999999999999,-1.7026935417163713e-12,False,False,False
e027da464f1f423c8a30b6b9e9efffce,phase1b_combined_stress,25,4,16,4,3,8,1,0.6916827309132849,0.6455130908268756,0.046169640086409336,False,False,True
e027da464f1f423c8a30b6b9e9efffce,phase1b_combined_stress,26,4,16,3,3,8,2,0.4999999999982972,0.4999999999999999,-1.7026935417163713e-12,False,False,False
e027da464f1f423c8a30b6b9e9efffce,phase1b_combined_stress,27,4,16,4,3,8,1,0.6916827309132849,0.6455130908268756,0.046169640086409336,False,False,True
e027da464f1f423c8a30b6b9e9efffce,phase1b_combined_stress,28,4,16,3,3,8,2,0.4999999999982972,0.4999999999999999,-1.7026935417163713e-12,False,False,False
e0d017040e7c417b9d289e682b6cb7f5,phase1b_combined_stress,0,4,16,4,3,16,9,0.6642697648948153,0.6455130908268756,0.018756674067939683,False,False,False
e0d017040e7c417b9d289e682b6cb7f5,phase1b_combined_stress,4,4,16,9,3,16,4,0.9867561717991692,0.9605553504995425,0.026200821299626642,False,False,True
e0d017040e7c417b9d289e682b6cb7f5,phase1b_combined_stress,8,4,16,9,3,16,4,0.9867561717991692,0.9605553504995425,0.026200821299626642,False,False,True
e0d017040e7c417b9d289e682b6cb7f5,phase1b_combined_stress,12,4,16,9,3,16,4,0.9867561717991692,0.9605553504995425,0.026200821299626642,False,False,True
e0d44b1beca849728664aa6a9440c431,phase1b_combined_stress,0,4,16,4,3,16,9,0.6642697648948153,0.6455130908268756,0.018756674067939683,False,False,False
e0d44b1beca849728664aa6a9440c431,phase1b_combined_stress,4,4,16,7,4,16,5,0.8679254405504773,0.8165785969815478,0.05134684356892949,False,False,True
e0d44b1beca849728664aa6a9440c431,phase1b_combined_stress,8,4,16,7,4,16,5,0.8679254405504773,0.8165785969815478,0.05134684356892949,False,False,True
e0d44b1beca849728664aa6a9440c431,phase1b_combined_stress,12,4,16,7,4,16,5,0.8679254405504773,0.8165785969815478,0.05134684356892949,False,False,True
e0d44b1beca849728664aa6a9440c431,phase1b_combined_stress,16,4,16,7,4,16,5,0.8679254405504773,0.8165785969815478,0.05134684356892949,False,False,True
e0d44b1beca849728664aa6a9440c431,phase1b_combined_stress,20,4,16,7,4,16,5,0.8679254405504773,0.8165785969815478,0.05134684356892949,False,False,True
e0d44b1beca849728664aa6a9440c431,phase1b_combined_stress,24,4,16,7,4,16,5,0.8679254405504773,0.8165785969815478,0.05134684356892949,False,False,True
e0d44b1beca849728664aa6a9440c431,phase1b_combined_stress,28,4,16,7,4,16,5,0.8679254405504773,0.8165785969815478,0.05134684356892949,False,False,True
e127f7c196014303835ec415e2bdf561,phase1b_combined_stress,0,4,16,1,1,4,2,0.4999999999917221,0.5000000000000002,-8.278100427361323e-12,False,False,False
e127f7c196014303835ec415e2bdf561,phase1b_combined_stress,1,4,16,2,1,4,1,0.7634994083736772,0.7122065907891937,0.05129281758448356,False,False,True
e127f7c196014303835ec415e2bdf561,phase1b_combined_stress,2,4,16,2,1,4,1,0.7634994083736772,0.7122065907891937,0.05129281758448356,False,False,True
e127f7c196014303835ec415e2bdf561,phase1b_combined_stress,3,4,16,2,1,4,1,0.7634994083736772,0.7122065907891937,0.05129281758448356,False,False,True
e127f7c196014303835ec415e2bdf561,phase1b_combined_stress,4,4,16,2,1,4,1,0.7634994083736772,0.7122065907891937,0.05129281758448356,False,False,True
e127f7c196014303835ec415e2bdf561,phase1b_combined_stress,5,4,16,2,1,4,1,0.7634994083736772,0.7122065907891937,0.05129281758448356,False,False,True
e127f7c196014303835ec415e2bdf561,phase1b_combined_stress,6,4,16,2,1,4,1,0.7634994083736772,0.7122065907891937,0.05129281758448356,False,False,True
e127f7c196014303835ec415e2bdf561,phase1b_combined_stress,7,4,16,2,1,4,1,0.7634994083736772,0.7122065907891937,0.05129281758448356,False,False,True
e127f7c196014303835ec415e2bdf561,phase1b_combined_stress,8,4,16,2,1,4,1,0.7634994083736772,0.7122065907891937,0.05129281758448356,False,False,True
e127f7c196014303835ec415e2bdf561,phase1b_combined_stress,9,4,16,2,1,4,1,0.7634994083736772,0.7122065907891937,0.05129281758448356,False,False,True
e127f7c196014303835ec415e2bdf561,phase1b_combined_stress,10,4,16,2,1,4,1,0.7634994083736772,0.7122065907891937,0.05129281758448356,False,False,True
e127f7c196014303835ec415e2bdf561,phase1b_combined_stress,11,4,16,2,1,4,1,0.7634994083736772,0.7122065907891937,0.05129281758448356,False,False,True
e127f7c196014303835ec415e2bdf561,phase1b_combined_stress,12,4,16,2,1,4,1,0.7634994083736772,0.7122065907891937,0.05129281758448356,False,False,True
e3bbfcc3339e4f888fde47f3d2ea34fe,phase1b_combined_stress,0,4,16,1,1,4,2,0.4999999999917221,0.5000000000000002,-8.278100427361323e-12,False,False,False
e3bbfcc3339e4f888fde47f3d2ea34fe,phase1b_combined_stress,4,4,16,2,1,4,1,0.7634994083736772,0.7122065907891937,0.05129281758448356,False,False,True
e3bbfcc3339e4f888fde47f3d2ea34fe,phase1b_combined_stress,8,4,16,2,1,4,1,0.7634994083736772,0.7122065907891937,0.05129281758448356,False,False,True
e3bbfcc3339e4f888fde47f3d2ea34fe,phase1b_combined_stress,12,4,16,2,1,4,1,0.7634994083736772,0.7122065907891937,0.05129281758448356,False,False,True
e3bbfcc3339e4f888fde47f3d2ea34fe,phase1b_combined_stress,16,4,16,2,1,4,1,0.7634994083736772,0.7122065907891937,0.05129281758448356,False,False,True
e3bbfcc3339e4f888fde47f3d2ea34fe,phase1b_combined_stress,20,4,16,2,1,4,1,0.7634994083736772,0.7122065907891937,0.05129281758448356,False,False,True
e484dbde8a50407a99c8d38b4679ee88,phase1b_combined_stress,0,4,16,3,1,8,4,0.8753228297506488,0.83953054526271,0.03579228448793881,False,False,True
e484dbde8a50407a99c8d38b4679ee88,phase1b_combined_stress,4,4,16,3,2,8,3,0.7032998661141543,0.6697652726313549,0.03353459348279941,False,False,True
e484dbde8a50407a99c8d38b4679ee88,phase1b_combined_stress,8,4,16,3,2,8,3,0.7032998661141543,0.6697652726313549,0.03353459348279941,False,False,True
e484dbde8a50407a99c8d38b4679ee88,phase1b_combined_stress,12,4,16,3,2,8,3,0.7032998661141543,0.6697652726313549,0.03353459348279941,False,False,True
e484dbde8a50407a99c8d38b4679ee88,phase1b_combined_stress,16,4,16,3,2,8,3,0.7032998661141543,0.6697652726313549,0.03353459348279941,False,False,True
e484dbde8a50407a99c8d38b4679ee88,phase1b_combined_stress,20,4,16,3,2,8,3,0.7032998661141543,0.6697652726313549,0.03353459348279941,False,False,True
e484dbde8a50407a99c8d38b4679ee88,phase1b_combined_stress,24,4,16,3,2,8,3,0.7032998661141543,0.6697652726313549,0.03353459348279941,False,False,True
e484dbde8a50407a99c8d38b4679ee88,phase1b_combined_stress,28,4,16,3,2,8,3,0.7032998661141543,0.6697652726313549,0.03353459348279941,False,False,True
e787960b39754fe4b7ea1c5ca9244b86,phase1b_combined_stress,0,4,16,3,2,8,3,0.7032998661141543,0.6697652726313549,0.03353459348279941,False,False,True
e787960b39754fe4b7ea1c5ca9244b86,phase1b_combined_stress,1,4,16,3,3,8,2,0.4999999999982972,0.4999999999999999,-1.7026935417163713e-12,False,False,False
e787960b39754fe4b7ea1c5ca9244b86,phase1b_combined_stress,2,4,16,3,2,8,3,0.7032998661141543,0.6697652726313549,0.03353459348279941,False,False,True
e787960b39754fe4b7ea1c5ca9244b86,phase1b_combined_stress,3,4,16,3,3,8,2,0.4999999999982972,0.4999999999999999,-1.7026935417163713e-12,False,False,False
e787960b39754fe4b7ea1c5ca9244b86,phase1b_combined_stress,4,4,16,3,2,8,3,0.7032998661141543,0.6697652726313549,0.03353459348279941,False,False,True
e787960b39754fe4b7ea1c5ca9244b86,phase1b_combined_stress,5,4,16,3,3,8,2,0.4999999999982972,0.4999999999999999,-1.7026935417163713e-12,False,False,False
e787960b39754fe4b7ea1c5ca9244b86,phase1b_combined_stress,6,4,16,3,2,8,3,0.7032998661141543,0.6697652726313549,0.03353459348279941,False,False,True
e787960b39754fe4b7ea1c5ca9244b86,phase1b_combined_stress,7,4,16,3,3,8,2,0.4999999999982972,0.4999999999999999,-1.7026935417163713e-12,False,False,False
e787960b39754fe4b7ea1c5ca9244b86,phase1b_combined_stress,8,4,16,3,2,8,3,0.7032998661141543,0.6697652726313549,0.03353459348279941,False,False,True
e787960b39754fe4b7ea1c5ca9244b86,phase1b_combined_stress,9,4,16,3,3,8,2,0.4999999999982972,0.4999999999999999,-1.7026935417163713e-12,False,False,False
e787960b39754fe4b7ea1c5ca9244b86,phase1b_combined_stress,10,4,16,3,2,8,3,0.7032998661141543,0.6697652726313549,0.03353459348279941,False,False,True
e787960b39754fe4b7ea1c5ca9244b86,phase1b_combined_stress,11,4,16,3,3,8,2,0.4999999999982972,0.4999999999999999,-1.7026935417163713e-12,False,False,False
e787960b39754fe4b7ea1c5ca9244b86,phase1b_combined_stress,12,4,16,3,2,8,3,0.7032998661141543,0.6697652726313549,0.03353459348279941,False,False,True
e787960b39754fe4b7ea1c5ca9244b86,phase1b_combined_stress,13,4,16,3,3,8,2,0.4999999999982972,0.4999999999999999,-1.7026935417163713e-12,False,False,False
e787960b39754fe4b7ea1c5ca9244b86,phase1b_combined_stress,14,4,16,3,2,8,3,0.7032998661141543,0.6697652726313549,0.03353459348279941,False,False,True
e787960b39754fe4b7ea1c5ca9244b86,phase1b_combined_stress,15,4,16,3,3,8,2,0.4999999999982972,0.4999999999999999,-1.7026935417163713e-12,False,False,False
e787960b39754fe4b7ea1c5ca9244b86,phase1b_combined_stress,16,4,16,3,2,8,3,0.7032998661141543,0.6697652726313549,0.03353459348279941,False,False,True
e787960b39754fe4b7ea1c5ca9244b86,phase1b_combined_stress,17,4,16,3,3,8,2,0.4999999999982972,0.4999999999999999,-1.7026935417163713e-12,False,False,False
e787960b39754fe4b7ea1c5ca9244b86,phase1b_combined_stress,18,4,16,3,2,8,3,0.7032998661141543,0.6697652726313549,0.03353459348279941,False,False,True
e787960b39754fe4b7ea1c5ca9244b86,phase1b_combined_stress,19,4,16,3,3,8,2,0.4999999999982972,0.4999999999999999,-1.7026935417163713e-12,False,False,False
e787960b39754fe4b7ea1c5ca9244b86,phase1b_combined_stress,20,4,16,3,2,8,3,0.7032998661141543,0.6697652726313549,0.03353459348279941,False,False,True
e787960b39754fe4b7ea1c5ca9244b86,phase1b_combined_stress,21,4,16,3,3,8,2,0.4999999999982972,0.4999999999999999,-1.7026935417163713e-12,False,False,False
e787960b39754fe4b7ea1c5ca9244b86,phase1b_combined_stress,22,4,16,3,2,8,3,0.7032998661141543,0.6697652726313549,0.03353459348279941,False,False,True
e787960b39754fe4b7ea1c5ca9244b86,phase1b_combined_stress,23,4,16,3,3,8,2,0.4999999999982972,0.4999999999999999,-1.7026935417163713e-12,False,False,False
e787960b39754fe4b7ea1c5ca9244b86,phase1b_combined_stress,24,4,16,3,2,8,3,0.7032998661141543,0.6697652726313549,0.03353459348279941,False,False,True
e787960b39754fe4b7ea1c5ca9244b86,phase1b_combined_stress,25,4,16,3,3,8,2,0.4999999999982972,0.4999999999999999,-1.7026935417163713e-12,False,False,False
e787960b39754fe4b7ea1c5ca9244b86,phase1b_combined_stress,26,4,16,3,2,8,3,0.7032998661141543,0.6697652726313549,0.03353459348279941,False,False,True
e787960b39754fe4b7ea1c5ca9244b86,phase1b_combined_stress,27,4,16,3,3,8,2,0.4999999999982972,0.4999999999999999,-1.7026935417163713e-12,False,False,False
e787960b39754fe4b7ea1c5ca9244b86,phase1b_combined_stress,28,4,16,3,2,8,3,0.7032998661141543,0.6697652726313549,0.03353459348279941,False,False,True
e7a349d426b541c1adeca29e13a45844,phase1b_combined_stress,0,4,16,4,4,16,8,0.5000000000000001,0.4999999999999998,3.3306690738754696e-16,False,False,False
e7a349d426b541c1adeca29e13a45844,phase1b_combined_stress,4,4,16,8,3,16,5,0.9697803530493604,0.935973953557446,0.03380639949191444,True,False,True
e7a349d426b541c1adeca29e13a45844,phase1b_combined_stress,8,4,16,8,3,16,5,0.9697803530493604,0.935973953557446,0.03380639949191444,True,False,True
e7a349d426b541c1adeca29e13a45844,phase1b_combined_stress,12,4,16,8,3,16,5,0.9697803530493604,0.935973953557446,0.03380639949191444,True,False,True
e7a349d426b541c1adeca29e13a45844,phase1b_combined_stress,16,4,16,8,3,16,5,0.9697803530493604,0.935973953557446,0.03380639949191444,True,False,True
e7a349d426b541c1adeca29e13a45844,phase1b_combined_stress,20,4,16,8,3,16,5,0.9697803530493604,0.935973953557446,0.03380639949191444,True,False,True
e7a349d426b541c1adeca29e13a45844,phase1b_combined_stress,24,4,16,8,3,16,5,0.9697803530493604,0.935973953557446,0.03380639949191444,True,False,True
e7a349d426b541c1adeca29e13a45844,phase1b_combined_stress,28,4,16,8,3,16,5,0.9697803530493604,0.935973953557446,0.03380639949191444,True,False,True
e8a865463b934ee7b40a40c02cf55433,phase1b_combined_stress,0,4,16,1,1,4,2,0.4999999999917221,0.5000000000000002,-8.278100427361323e-12,False,False,False
e8a865463b934ee7b40a40c02cf55433,phase1b_combined_stress,4,4,16,2,1,4,1,0.7634994083736772,0.7122065907891937,0.05129281758448356,False,False,True
e8a865463b934ee7b40a40c02cf55433,phase1b_combined_stress,8,4,16,2,1,4,1,0.7634994083736772,0.7122065907891937,0.05129281758448356,False,False,True
e8a865463b934ee7b40a40c02cf55433,phase1b_combined_stress,12,4,16,2,1,4,1,0.7634994083736772,0.7122065907891937,0.05129281758448356,False,False,True
e8a865463b934ee7b40a40c02cf55433,phase1b_combined_stress,16,4,16,2,1,4,1,0.7634994083736772,0.7122065907891937,0.05129281758448356,False,False,True
e8a865463b934ee7b40a40c02cf55433,phase1b_combined_stress,20,4,16,2,1,4,1,0.7634994083736772,0.7122065907891937,0.05129281758448356,False,False,True
ee1dc983467f49a3aa2fcb75fa7ab91f,phase1b_combined_stress,0,4,16,2,2,8,4,0.5000000000000222,0.5,2.220446049250313e-14,False,False,True
ee1dc983467f49a3aa2fcb75fa7ab91f,phase1b_combined_stress,4,4,16,4,3,8,1,0.6916827309132849,0.6455130908268756,0.046169640086409336,False,False,False
ee1dc983467f49a3aa2fcb75fa7ab91f,phase1b_combined_stress,8,4,16,4,3,8,1,0.6916827309132849,0.6455130908268756,0.046169640086409336,False,False,False
ee1dc983467f49a3aa2fcb75fa7ab91f,phase1b_combined_stress,12,4,16,4,3,8,1,0.6916827309132849,0.6455130908268756,0.046169640086409336,False,False,False
ee1dc983467f49a3aa2fcb75fa7ab91f,phase1b_combined_stress,16,4,16,4,3,8,1,0.6916827309132849,0.6455130908268756,0.046169640086409336,False,False,False
ee1dc983467f49a3aa2fcb75fa7ab91f,phase1b_combined_stress,20,4,16,4,3,8,1,0.6916827309132849,0.6455130908268756,0.046169640086409336,False,False,False
f265063681ed4737b7486d60f63b90c4,phase1b_combined_stress,0,4,16,1,1,4,2,0.4999999999917221,0.5000000000000002,-8.278100427361323e-12,False,False,True
f265063681ed4737b7486d60f63b90c4,phase1b_combined_stress,2,4,16,2,1,4,1,0.7634994083736772,0.7122065907891937,0.05129281758448356,False,False,True
f265063681ed4737b7486d60f63b90c4,phase1b_combined_stress,4,4,16,2,1,4,1,0.7634994083736772,0.7122065907891937,0.05129281758448356,False,False,True
f265063681ed4737b7486d60f63b90c4,phase1b_combined_stress,6,4,16,2,1,4,1,0.7634994083736772,0.7122065907891937,0.05129281758448356,False,False,True
f265063681ed4737b7486d60f63b90c4,phase1b_combined_stress,8,4,16,2,1,4,1,0.7634994083736772,0.7122065907891937,0.05129281758448356,False,False,True
f265063681ed4737b7486d60f63b90c4,phase1b_combined_stress,10,4,16,2,1,4,1,0.7634994083736772,0.7122065907891937,0.05129281758448356,False,False,True
f265063681ed4737b7486d60f63b90c4,phase1b_combined_stress,12,4,16,2,1,4,1,0.7634994083736772,0.7122065907891937,0.05129281758448356,False,False,True
f265063681ed4737b7486d60f63b90c4,phase1b_combined_stress,14,4,16,2,1,4,1,0.7634994083736772,0.7122065907891937,0.05129281758448356,False,False,True
f265063681ed4737b7486d60f63b90c4,phase1b_combined_stress,16,4,16,2,1,4,1,0.7634994083736772,0.7122065907891937,0.05129281758448356,False,False,True
f265063681ed4737b7486d60f63b90c4,phase1b_combined_stress,18,4,16,2,1,4,1,0.7634994083736772,0.7122065907891937,0.05129281758448356,False,False,True
f265063681ed4737b7486d60f63b90c4,phase1b_combined_stress,20,4,16,2,1,4,1,0.7634994083736772,0.7122065907891937,0.05129281758448356,False,False,True
f265063681ed4737b7486d60f63b90c4,phase1b_combined_stress,22,4,16,2,1,4,1,0.7634994083736772,0.7122065907891937,0.05129281758448356,False,False,True
f265063681ed4737b7486d60f63b90c4,phase1b_combined_stress,24,4,16,2,1,4,1,0.7634994083736772,0.7122065907891937,0.05129281758448356,False,False,True
f265063681ed4737b7486d60f63b90c4,phase1b_combined_stress,26,4,16,2,1,4,1,0.7634994083736772,0.7122065907891937,0.05129281758448356,False,False,True
f265063681ed4737b7486d60f63b90c4,phase1b_combined_stress,28,4,16,2,1,4,1,0.7634994083736772,0.7122065907891937,0.05129281758448356,False,False,True
f3bbe2be11834c2ea961c28960766e44,phase1b_combined_stress,0,4,16,3,1,8,4,0.8753228297506488,0.83953054526271,0.03579228448793881,False,False,False
f3bbe2be11834c2ea961c28960766e44,phase1b_combined_stress,1,4,16,2,2,8,4,0.5000000000000222,0.5,2.220446049250313e-14,False,False,True
f3bbe2be11834c2ea961c28960766e44,phase1b_combined_stress,2,4,16,2,2,8,4,0.5000000000000222,0.5,2.220446049250313e-14,False,False,True
f3bbe2be11834c2ea961c28960766e44,phase1b_combined_stress,3,4,16,2,2,8,4,0.5000000000000222,0.5,2.220446049250313e-14,False,False,True
f3bbe2be11834c2ea961c28960766e44,phase1b_combined_stress,4,4,16,2,2,8,4,0.5000000000000222,0.5,2.220446049250313e-14,False,False,True
f3bbe2be11834c2ea961c28960766e44,phase1b_combined_stress,5,4,16,2,2,8,4,0.5000000000000222,0.5,2.220446049250313e-14,False,False,True
f3bbe2be11834c2ea961c28960766e44,phase1b_combined_stress,6,4,16,2,2,8,4,0.5000000000000222,0.5,2.220446049250313e-14,False,False,True
f3bbe2be11834c2ea961c28960766e44,phase1b_combined_stress,7,4,16,2,2,8,4,0.5000000000000222,0.5,2.220446049250313e-14,False,False,True
f3bbe2be11834c2ea961c28960766e44,phase1b_combined_stress,8,4,16,2,2,8,4,0.5000000000000222,0.5,2.220446049250313e-14,False,False,True
f3bbe2be11834c2ea961c28960766e44,phase1b_combined_stress,9,4,16,2,2,8,4,0.5000000000000222,0.5,2.220446049250313e-14,False,False,True
f3bbe2be11834c2ea961c28960766e44,phase1b_combined_stress,10,4,16,2,2,8,4,0.5000000000000222,0.5,2.220446049250313e-14,False,False,True
f3bbe2be11834c2ea961c28960766e44,phase1b_combined_stress,11,4,16,2,2,8,4,0.5000000000000222,0.5,2.220446049250313e-14,False,False,True
f3bbe2be11834c2ea961c28960766e44,phase1b_combined_stress,12,4,16,2,2,8,4,0.5000000000000222,0.5,2.220446049250313e-14,False,False,True
f3bbe2be11834c2ea961c28960766e44,phase1b_combined_stress,13,4,16,2,2,8,4,0.5000000000000222,0.5,2.220446049250313e-14,False,False,True
f3bbe2be11834c2ea961c28960766e44,phase1b_combined_stress,14,4,16,2,2,8,4,0.5000000000000222,0.5,2.220446049250313e-14,False,False,True
f3bbe2be11834c2ea961c28960766e44,phase1b_combined_stress,15,4,16,2,2,8,4,0.5000000000000222,0.5,2.220446049250313e-14,False,False,True
f3bbe2be11834c2ea961c28960766e44,phase1b_combined_stress,16,4,16,2,2,8,4,0.5000000000000222,0.5,2.220446049250313e-14,False,False,True
f3bbe2be11834c2ea961c28960766e44,phase1b_combined_stress,17,4,16,2,2,8,4,0.5000000000000222,0.5,2.220446049250313e-14,False,False,True
f3bbe2be11834c2ea961c28960766e44,phase1b_combined_stress,18,4,16,2,2,8,4,0.5000000000000222,0.5,2.220446049250313e-14,False,False,True
f3bbe2be11834c2ea961c28960766e44,phase1b_combined_stress,19,4,16,2,2,8,4,0.5000000000000222,0.5,2.220446049250313e-14,False,False,True
f3bbe2be11834c2ea961c28960766e44,phase1b_combined_stress,20,4,16,2,2,8,4,0.5000000000000222,0.5,2.220446049250313e-14,False,False,True
f4b55f3e1b4749b99b70e8ca3d3aa011,phase1b_combined_stress,0,4,16,5,3,16,8,0.7920351375907829,0.7586899392477793,0.033345198343003646,False,False,False
f4b55f3e1b4749b99b70e8ca3d3aa011,phase1b_combined_stress,4,4,16,6,5,16,5,0.6445594043687155,0.6175863360217179,0.026973068346997642,False,False,True
f4b55f3e1b4749b99b70e8ca3d3aa011,phase1b_combined_stress,8,4,16,6,5,16,5,0.6445594043687155,0.6175863360217179,0.026973068346997642,False,False,True
f4b55f3e1b4749b99b70e8ca3d3aa011,phase1b_combined_stress,12,4,16,6,5,16,5,0.6445594043687155,0.6175863360217179,0.026973068346997642,False,False,True
f4fd242869f641f586f0d32d0a5a3690,phase1b_combined_stress,0,4,16,5,1,8,2,0.9825579239654548,0.9527073936836135,0.02985053028184137,False,False,True
f4fd242869f641f586f0d32d0a5a3690,phase1b_combined_stress,1,4,16,4,2,8,2,0.8485140562026603,0.7910261816537514,0.05748787454890891,False,False,True
f4fd242869f641f586f0d32d0a5a3690,phase1b_combined_stress,2,4,16,4,3,8,1,0.6916827309132849,0.6455130908268756,0.046169640086409336,False,False,False
f4fd242869f641f586f0d32d0a5a3690,phase1b_combined_stress,3,4,16,4,2,8,2,0.8485140562026603,0.7910261816537514,0.05748787454890891,False,False,True
f4fd242869f641f586f0d32d0a5a3690,phase1b_combined_stress,4,4,16,4,3,8,1,0.6916827309132849,0.6455130908268756,0.046169640086409336,False,False,False
f4fd242869f641f586f0d32d0a5a3690,phase1b_combined_stress,5,4,16,4,2,8,2,0.8485140562026603,0.7910261816537514,0.05748787454890891,False,False,True
f4fd242869f641f586f0d32d0a5a3690,phase1b_combined_stress,6,4,16,4,3,8,1,0.6916827309132849,0.6455130908268756,0.046169640086409336,False,False,False
f4fd242869f641f586f0d32d0a5a3690,phase1b_combined_stress,7,4,16,4,2,8,2,0.8485140562026603,0.7910261816537514,0.05748787454890891,False,False,True
f4fd242869f641f586f0d32d0a5a3690,phase1b_combined_stress,8,4,16,4,3,8,1,0.6916827309132849,0.6455130908268756,0.046169640086409336,False,False,False
f4fd242869f641f586f0d32d0a5a3690,phase1b_combined_stress,9,4,16,4,2,8,2,0.8485140562026603,0.7910261816537514,0.05748787454890891,False,False,True
f4fd242869f641f586f0d32d0a5a3690,phase1b_combined_stress,10,4,16,4,3,8,1,0.6916827309132849,0.6455130908268756,0.046169640086409336,False,False,False
f4fd242869f641f586f0d32d0a5a3690,phase1b_combined_stress,11,4,16,4,2,8,2,0.8485140562026603,0.7910261816537514,0.05748787454890891,False,False,True
f4fd242869f641f586f0d32d0a5a3690,phase1b_combined_stress,12,4,16,4,3,8,1,0.6916827309132849,0.6455130908268756,0.046169640086409336,False,False,False
f5abddaae6be4811bd265286a61fc4e9,phase1b_combined_stress,0,4,16,5,1,8,2,0.9825579239654548,0.9527073936836135,0.02985053028184137,False,False,True
f5abddaae6be4811bd265286a61fc4e9,phase1b_combined_stress,4,4,16,5,2,8,1,0.9356425702464108,0.8718667876686825,0.06377578257772831,False,False,False
f5abddaae6be4811bd265286a61fc4e9,phase1b_combined_stress,8,4,16,5,2,8,1,0.9356425702464108,0.8718667876686825,0.06377578257772831,False,False,False
f5abddaae6be4811bd265286a61fc4e9,phase1b_combined_stress,12,4,16,5,2,8,1,0.9356425702464108,0.8718667876686825,0.06377578257772831,False,False,False
f5abddaae6be4811bd265286a61fc4e9,phase1b_combined_stress,16,4,16,5,2,8,1,0.9356425702464108,0.8718667876686825,0.06377578257772831,False,False,False
f5abddaae6be4811bd265286a61fc4e9,phase1b_combined_stress,20,4,16,5,2,8,1,0.9356425702464108,0.8718667876686825,0.06377578257772831,False,False,False
f5abddaae6be4811bd265286a61fc4e9,phase1b_combined_stress,24,4,16,5,2,8,1,0.9356425702464108,0.8718667876686825,0.06377578257772831,False,False,False
f5abddaae6be4811bd265286a61fc4e9,phase1b_combined_stress,28,4,16,5,2,8,1,0.9356425702464108,0.8718667876686825,0.06377578257772831,False,False,False
f5df4dd2426a490f9d3b97da06920a8e,phase1b_combined_stress,0,4,16,2,1,8,5,0.7345767685952418,0.7122065907891937,0.022370177806048108,False,False,True
f5df4dd2426a490f9d3b97da06920a8e,phase1b_combined_stress,4,4,16,4,2,8,2,0.8485140562026603,0.7910261816537514,0.05748787454890891,False,False,True
f5df4dd2426a490f9d3b97da06920a8e,phase1b_combined_stress,8,4,16,4,2,8,2,0.8485140562026603,0.7910261816537514,0.05748787454890891,False,False,True
f5df4dd2426a490f9d3b97da06920a8e,phase1b_combined_stress,12,4,16,4,2,8,2,0.8485140562026603,0.7910261816537514,0.05748787454890891,False,False,True
f5df4dd2426a490f9d3b97da06920a8e,phase1b_combined_stress,16,4,16,4,2,8,2,0.8485140562026603,0.7910261816537514,0.05748787454890891,False,False,True
f5df4dd2426a490f9d3b97da06920a8e,phase1b_combined_stress,20,4,16,4,2,8,2,0.8485140562026603,0.7910261816537514,0.05748787454890891,False,False,True
f6c474c9752c48bd97c0db4026375f95,phase1b_combined_stress,0,4,16,5,4,16,7,0.6521016341618664,0.6293449696238899,0.022756664537976534,False,False,False
f6c474c9752c48bd97c0db4026375f95,phase1b_combined_stress,1,4,16,4,4,16,8,0.5000000000000001,0.4999999999999998,3.3306690738754696e-16,False,False,True
f6c474c9752c48bd97c0db4026375f95,phase1b_combined_stress,2,4,16,5,4,16,7,0.6521016341618664,0.6293449696238899,0.022756664537976534,False,False,True
f6c474c9752c48bd97c0db4026375f95,phase1b_combined_stress,3,4,16,4,4,16,8,0.5000000000000001,0.4999999999999998,3.3306690738754696e-16,False,False,True
f6c474c9752c48bd97c0db4026375f95,phase1b_combined_stress,4,4,16,5,4,16,7,0.6521016341618664,0.6293449696238899,0.022756664537976534,False,False,True
f6c474c9752c48bd97c0db4026375f95,phase1b_combined_stress,5,4,16,4,4,16,8,0.5000000000000001,0.4999999999999998,3.3306690738754696e-16,False,False,True
f6c474c9752c48bd97c0db4026375f95,phase1b_combined_stress,6,4,16,5,4,16,7,0.6521016341618664,0.6293449696238899,0.022756664537976534,False,False,True
f6c474c9752c48bd97c0db4026375f95,phase1b_combined_stress,7,4,16,4,4,16,8,0.5000000000000001,0.4999999999999998,3.3306690738754696e-16,False,False,True
f6c474c9752c48bd97c0db4026375f95,phase1b_combined_stress,8,4,16,5,4,16,7,0.6521016341618664,0.6293449696238899,0.022756664537976534,False,False,True
f6c474c9752c48bd97c0db4026375f95,phase1b_combined_stress,9,4,16,4,4,16,8,0.5000000000000001,0.4999999999999998,3.3306690738754696e-16,False,False,True
f6c474c9752c48bd97c0db4026375f95,phase1b_combined_stress,10,4,16,5,4,16,7,0.6521016341618664,0.6293449696238899,0.022756664537976534,False,False,True
f6c474c9752c48bd97c0db4026375f95,phase1b_combined_stress,11,4,16,4,4,16,8,0.5000000000000001,0.4999999999999998,3.3306690738754696e-16,False,False,True
f6c474c9752c48bd97c0db4026375f95,phase1b_combined_stress,12,4,16,5,4,16,7,0.6521016341618664,0.6293449696238899,0.022756664537976534,False,False,True
f6c474c9752c48bd97c0db4026375f95,phase1b_combined_stress,13,4,16,4,4,16,8,0.5000000000000001,0.4999999999999998,3.3306690738754696e-16,False,False,True
f6c474c9752c48bd97c0db4026375f95,phase1b_combined_stress,14,4,16,5,4,16,7,0.6521016341618664,0.6293449696238899,0.022756664537976534,False,False,True
f6c474c9752c48bd97c0db4026375f95,phase1b_combined_stress,15,4,16,4,4,16,8,0.5000000000000001,0.4999999999999998,3.3306690738754696e-16,False,False,True
f6c474c9752c48bd97c0db4026375f95,phase1b_combined_stress,16,4,16,5,4,16,7,0.6521016341618664,0.6293449696238899,0.022756664537976534,False,False,True
f6c474c9752c48bd97c0db4026375f95,phase1b_combined_stress,17,4,16,4,4,16,8,0.5000000000000001,0.4999999999999998,3.3306690738754696e-16,False,False,True
f6c474c9752c48bd97c0db4026375f95,phase1b_combined_stress,18,4,16,5,4,16,7,0.6521016341618664,0.6293449696238899,0.022756664537976534,False,False,True
f6c474c9752c48bd97c0db4026375f95,phase1b_combined_stress,19,4,16,4,4,16,8,0.5000000000000001,0.4999999999999998,3.3306690738754696e-16,False,False,True
f6c474c9752c48bd97c0db4026375f95,phase1b_combined_stress,20,4,16,5,4,16,7,0.6521016341618664,0.6293449696238899,0.022756664537976534,False,False,True
f8f0acc437ef4b65917e43ab40e18b08,phase1b_combined_stress,0,4,16,1,1,8,6,0.4999999999999998,0.5000000000000002,-4.440892098500626e-16,False,False,False
f8f0acc437ef4b65917e43ab40e18b08,phase1b_combined_stress,1,4,16,4,2,8,2,0.8485140562026603,0.7910261816537514,0.05748787454890891,False,False,False
f8f0acc437ef4b65917e43ab40e18b08,phase1b_combined_stress,2,4,16,4,1,8,3,0.9490469570291832,0.9122870906761479,0.0367598663530353,False,False,True
f8f0acc437ef4b65917e43ab40e18b08,phase1b_combined_stress,3,4,16,4,2,8,2,0.8485140562026603,0.7910261816537514,0.05748787454890891,False,False,False
f8f0acc437ef4b65917e43ab40e18b08,phase1b_combined_stress,4,4,16,4,1,8,3,0.9490469570291832,0.9122870906761479,0.0367598663530353,False,False,True
f8f0acc437ef4b65917e43ab40e18b08,phase1b_combined_stress,5,4,16,4,2,8,2,0.8485140562026603,0.7910261816537514,0.05748787454890891,False,False,False
f8f0acc437ef4b65917e43ab40e18b08,phase1b_combined_stress,6,4,16,4,1,8,3,0.9490469570291832,0.9122870906761479,0.0367598663530353,False,False,True
f8f0acc437ef4b65917e43ab40e18b08,phase1b_combined_stress,7,4,16,4,2,8,2,0.8485140562026603,0.7910261816537514,0.05748787454890891,False,False,False
f8f0acc437ef4b65917e43ab40e18b08,phase1b_combined_stress,8,4,16,4,1,8,3,0.9490469570291832,0.9122870906761479,0.0367598663530353,False,False,True
f8f0acc437ef4b65917e43ab40e18b08,phase1b_combined_stress,9,4,16,4,2,8,2,0.8485140562026603,0.7910261816537514,0.05748787454890891,False,False,False
f8f0acc437ef4b65917e43ab40e18b08,phase1b_combined_stress,10,4,16,4,1,8,3,0.9490469570291832,0.9122870906761479,0.0367598663530353,False,False,True
f8f0acc437ef4b65917e43ab40e18b08,phase1b_combined_stress,11,4,16,4,2,8,2,0.8485140562026603,0.7910261816537514,0.05748787454890891,False,False,False
f8f0acc437ef4b65917e43ab40e18b08,phase1b_combined_stress,12,4,16,4,1,8,3,0.9490469570291832,0.9122870906761479,0.0367598663530353,False,False,True
faa93c9f029b40c79cbf015183ad66ec,phase1b_combined_stress,0,4,16,3,3,16,10,0.5000000000000001,0.4999999999999999,2.220446049250313e-16,False,False,True
faa93c9f029b40c79cbf015183ad66ec,phase1b_combined_stress,4,4,16,7,4,16,5,0.8679254405504773,0.8165785969815478,0.05134684356892949,False,False,True
faa93c9f029b40c79cbf015183ad66ec,phase1b_combined_stress,8,4,16,7,4,16,5,0.8679254405504773,0.8165785969815478,0.05134684356892949,False,False,True
faa93c9f029b40c79cbf015183ad66ec,phase1b_combined_stress,12,4,16,7,4,16,5,0.8679254405504773,0.8165785969815478,0.05134684356892949,False,False,True
faa93c9f029b40c79cbf015183ad66ec,phase1b_combined_stress,16,4,16,7,4,16,5,0.8679254405504773,0.8165785969815478,0.05134684356892949,False,False,True
faa93c9f029b40c79cbf015183ad66ec,phase1b_combined_stress,20,4,16,7,4,16,5,0.8679254405504773,0.8165785969815478,0.05134684356892949,False,False,True
fab666bf4dd24313839042a7d3453bba,phase1b_combined_stress,0,4,16,2,1,4,1,0.7634994083736772,0.7122065907891937,0.05129281758448356,False,False,True
fab666bf4dd24313839042a7d3453bba,phase1b_combined_stress,1,4,16,2,1,4,1,0.7634994083736772,0.7122065907891937,0.05129281758448356,False,False,False
fab666bf4dd24313839042a7d3453bba,phase1b_combined_stress,2,4,16,2,1,4,1,0.7634994083736772,0.7122065907891937,0.05129281758448356,False,False,True
fab666bf4dd24313839042a7d3453bba,phase1b_combined_stress,3,4,16,2,1,4,1,0.7634994083736772,0.7122065907891937,0.05129281758448356,False,False,False
fab666bf4dd24313839042a7d3453bba,phase1b_combined_stress,4,4,16,2,1,4,1,0.7634994083736772,0.7122065907891937,0.05129281758448356,False,False,True
fab666bf4dd24313839042a7d3453bba,phase1b_combined_stress,5,4,16,2,1,4,1,0.7634994083736772,0.7122065907891937,0.05129281758448356,False,False,False
fab666bf4dd24313839042a7d3453bba,phase1b_combined_stress,6,4,16,2,1,4,1,0.7634994083736772,0.7122065907891937,0.05129281758448356,False,False,True
fab666bf4dd24313839042a7d3453bba,phase1b_combined_stress,7,4,16,2,1,4,1,0.7634994083736772,0.7122065907891937,0.05129281758448356,False,False,False
fab666bf4dd24313839042a7d3453bba,phase1b_combined_stress,8,4,16,2,1,4,1,0.7634994083736772,0.7122065907891937,0.05129281758448356,False,False,True
fab666bf4dd24313839042a7d3453bba,phase1b_combined_stress,9,4,16,2,1,4,1,0.7634994083736772,0.7122065907891937,0.05129281758448356,False,False,False
fab666bf4dd24313839042a7d3453bba,phase1b_combined_stress,10,4,16,2,1,4,1,0.7634994083736772,0.7122065907891937,0.05129281758448356,False,False,True
fab666bf4dd24313839042a7d3453bba,phase1b_combined_stress,11,4,16,2,1,4,1,0.7634994083736772,0.7122065907891937,0.05129281758448356,False,False,False
fab666bf4dd24313839042a7d3453bba,phase1b_combined_stress,12,4,16,2,1,4,1,0.7634994083736772,0.7122065907891937,0.05129281758448356,False,False,True
fab666bf4dd24313839042a7d3453bba,phase1b_combined_stress,13,4,16,2,1,4,1,0.7634994083736772,0.7122065907891937,0.05129281758448356,False,False,False
fab666bf4dd24313839042a7d3453bba,phase1b_combined_stress,14,4,16,2,1,4,1,0.7634994083736772,0.7122065907891937,0.05129281758448356,False,False,True
fab666bf4dd24313839042a7d3453bba,phase1b_combined_stress,15,4,16,2,1,4,1,0.7634994083736772,0.7122065907891937,0.05129281758448356,False,False,False
fab666bf4dd24313839042a7d3453bba,phase1b_combined_stress,16,4,16,2,1,4,1,0.7634994083736772,0.7122065907891937,0.05129281758448356,False,False,True
fab666bf4dd24313839042a7d3453bba,phase1b_combined_stress,17,4,16,2,1,4,1,0.7634994083736772,0.7122065907891937,0.05129281758448356,False,False,False
fab666bf4dd24313839042a7d3453bba,phase1b_combined_stress,18,4,16,2,1,4,1,0.7634994083736772,0.7122065907891937,0.05129281758448356,False,False,True
fab666bf4dd24313839042a7d3453bba,phase1b_combined_stress,19,4,16,2,1,4,1,0.7634994083736772,0.7122065907891937,0.05129281758448356,False,False,False
fab666bf4dd24313839042a7d3453bba,phase1b_combined_stress,20,4,16,2,1,4,1,0.7634994083736772,0.7122065907891937,0.05129281758448356,False,False,True
facd0a764da441a48e2a2140919b2a3c,phase1b_combined_stress,0,4,16,2,1,4,1,0.7634994083736772,0.7122065907891937,0.05129281758448356,False,False,False
facd0a764da441a48e2a2140919b2a3c,phase1b_combined_stress,1,4,16,3,1,4,0,0.9215990534084936,0.83953054526271,0.08206850814578359,False,False,False
facd0a764da441a48e2a2140919b2a3c,phase1b_combined_stress,2,4,16,3,1,4,0,0.9215990534084936,0.83953054526271,0.08206850814578359,False,False,True
facd0a764da441a48e2a2140919b2a3c,phase1b_combined_stress,3,4,16,3,1,4,0,0.9215990534084936,0.83953054526271,0.08206850814578359,False,False,False
facd0a764da441a48e2a2140919b2a3c,phase1b_combined_stress,4,4,16,3,1,4,0,0.9215990534084936,0.83953054526271,0.08206850814578359,False,False,True
facd0a764da441a48e2a2140919b2a3c,phase1b_combined_stress,5,4,16,3,1,4,0,0.9215990534084936,0.83953054526271,0.08206850814578359,False,False,False
facd0a764da441a48e2a2140919b2a3c,phase1b_combined_stress,6,4,16,3,1,4,0,0.9215990534084936,0.83953054526271,0.08206850814578359,False,False,True
facd0a764da441a48e2a2140919b2a3c,phase1b_combined_stress,7,4,16,3,1,4,0,0.9215990534084936,0.83953054526271,0.08206850814578359,False,False,False
facd0a764da441a48e2a2140919b2a3c,phase1b_combined_stress,8,4,16,3,1,4,0,0.9215990534084936,0.83953054526271,0.08206850814578359,False,False,True
facd0a764da441a48e2a2140919b2a3c,phase1b_combined_stress,9,4,16,3,1,4,0,0.9215990534084936,0.83953054526271,0.08206850814578359,False,False,False
facd0a764da441a48e2a2140919b2a3c,phase1b_combined_stress,10,4,16,3,1,4,0,0.9215990534084936,0.83953054526271,0.08206850814578359,False,False,True
facd0a764da441a48e2a2140919b2a3c,phase1b_combined_stress,11,4,16,3,1,4,0,0.9215990534084936,0.83953054526271,0.08206850814578359,False,False,False
facd0a764da441a48e2a2140919b2a3c,phase1b_combined_stress,12,4,16,3,1,4,0,0.9215990534084936,0.83953054526271,0.08206850814578359,False,False,True
facd0a764da441a48e2a2140919b2a3c,phase1b_combined_stress,13,4,16,3,1,4,0,0.9215990534084936,0.83953054526271,0.08206850814578359,False,False,False
facd0a764da441a48e2a2140919b2a3c,phase1b_combined_stress,14,4,16,3,1,4,0,0.9215990534084936,0.83953054526271,0.08206850814578359,False,False,True
facd0a764da441a48e2a2140919b2a3c,phase1b_combined_stress,15,4,16,3,1,4,0,0.9215990534084936,0.83953054526271,0.08206850814578359,False,False,False
facd0a764da441a48e2a2140919b2a3c,phase1b_combined_stress,16,4,16,3,1,4,0,0.9215990534084936,0.83953054526271,0.08206850814578359,False,False,True
facd0a764da441a48e2a2140919b2a3c,phase1b_combined_stress,17,4,16,3,1,4,0,0.9215990534084936,0.83953054526271,0.08206850814578359,False,False,False
facd0a764da441a48e2a2140919b2a3c,phase1b_combined_stress,18,4,16,3,1,4,0,0.9215990534084936,0.83953054526271,0.08206850814578359,False,False,True
facd0a764da441a48e2a2140919b2a3c,phase1b_combined_stress,19,4,16,3,1,4,0,0.9215990534084936,0.83953054526271,0.08206850814578359,False,False,False
facd0a764da441a48e2a2140919b2a3c,phase1b_combined_stress,20,4,16,3,1,4,0,0.9215990534084936,0.83953054526271,0.08206850814578359,False,False,True
facd0a764da441a48e2a2140919b2a3c,phase1b_combined_stress,21,4,16,3,1,4,0,0.9215990534084936,0.83953054526271,0.08206850814578359,False,False,False
facd0a764da441a48e2a2140919b2a3c,phase1b_combined_stress,22,4,16,3,1,4,0,0.9215990534084936,0.83953054526271,0.08206850814578359,False,False,True
facd0a764da441a48e2a2140919b2a3c,phase1b_combined_stress,23,4,16,3,1,4,0,0.9215990534084936,0.83953054526271,0.08206850814578359,False,False,False
facd0a764da441a48e2a2140919b2a3c,phase1b_combined_stress,24,4,16,3,1,4,0,0.9215990534084936,0.83953054526271,0.08206850814578359,False,False,True
facd0a764da441a48e2a2140919b2a3c,phase1b_combined_stress,25,4,16,3,1,4,0,0.9215990534084936,0.83953054526271,0.08206850814578359,False,False,False
facd0a764da441a48e2a2140919b2a3c,phase1b_combined_stress,26,4,16,3,1,4,0,0.9215990534084936,0.83953054526271,0.08206850814578359,False,False,True
facd0a764da441a48e2a2140919b2a3c,phase1b_combined_stress,27,4,16,3,1,4,0,0.9215990534084936,0.83953054526271,0.08206850814578359,False,False,False
facd0a764da441a48e2a2140919b2a3c,phase1b_combined_stress,28,4,16,3,1,4,0,0.9215990534084936,0.83953054526271,0.08206850814578359,False,False,True
fb5ecbd204cd437483fb042942b1509b,phase1b_combined_stress,0,4,16,3,3,16,10,0.5000000000000001,0.4999999999999999,2.220446049250313e-16,False,False,True
fb5ecbd204cd437483fb042942b1509b,phase1b_combined_stress,4,4,16,8,3,16,5,0.9697803530493604,0.935973953557446,0.03380639949191444,True,False,False
fb5ecbd204cd437483fb042942b1509b,phase1b_combined_stress,8,4,16,8,3,16,5,0.9697803530493604,0.935973953557446,0.03380639949191444,True,False,False
fb5ecbd204cd437483fb042942b1509b,phase1b_combined_stress,12,4,16,8,3,16,5,0.9697803530493604,0.935973953557446,0.03380639949191444,True,False,False
fb5ecbd204cd437483fb042942b1509b,phase1b_combined_stress,16,4,16,8,3,16,5,0.9697803530493604,0.935973953557446,0.03380639949191444,True,False,False
fb5ecbd204cd437483fb042942b1509b,phase1b_combined_stress,20,4,16,8,3,16,5,0.9697803530493604,0.935973953557446,0.03380639949191444,True,False,False
fb5ecbd204cd437483fb042942b1509b,phase1b_combined_stress,24,4,16,8,3,16,5,0.9697803530493604,0.935973953557446,0.03380639949191444,True,False,False
fb5ecbd204cd437483fb042942b1509b,phase1b_combined_stress,28,4,16,8,3,16,5,0.9697803530493604,0.935973953557446,0.03380639949191444,True,False,False
fe34abf043e54e2a982532334eef02d8,phase1b_combined_stress,0,4,16,4,3,16,9,0.6642697648948153,0.6455130908268756,0.018756674067939683,False,False,True
fe34abf043e54e2a982532334eef02d8,phase1b_combined_stress,4,4,16,7,4,16,5,0.8679254405504773,0.8165785969815478,0.05134684356892949,False,False,True
fe34abf043e54e2a982532334eef02d8,phase1b_combined_stress,8,4,16,7,4,16,5,0.8679254405504773,0.8165785969815478,0.05134684356892949,False,False,True
fe34abf043e54e2a982532334eef02d8,phase1b_combined_stress,12,4,16,7,4,16,5,0.8679254405504773,0.8165785969815478,0.05134684356892949,False,False,True
fe34abf043e54e2a982532334eef02d8,phase1b_combined_stress,16,4,16,7,4,16,5,0.8679254405504773,0.8165785969815478,0.05134684356892949,False,False,True
fe34abf043e54e2a982532334eef02d8,phase1b_combined_stress,20,4,16,7,4,16,5,0.8679254405504773,0.8165785969815478,0.05134684356892949,False,False,True
0089024a439f4611924765ef0fa4a8b3,phase1_ofat,0,4,16,1050,998,2048,0,0.9479244942219338,0.8747350950608674,0.07318939916106637,False,False,True
00fecda936f944d5bc64671d30a2ad05,phase1_ofat,0,4,16,1041,1007,2048,0,0.855996244506425,0.7737602105025619,0.08223603400386303,False,False,True
01087bb6199c4e80800af335ea4f6d49,phase1_ofat,0,4,16,374,355,2048,1319,0.7811640003508971,0.759178646419278,0.021985353931619045,False,False,True
01087bb6199c4e80800af335ea4f6d49,phase1_ofat,2,4,16,713,470,2048,865,1.0,0.9999999999993282,6.717959522006822e-13,False,False,True
01087bb6199c4e80800af335ea4f6d49,phase1_ofat,4,4,16,713,470,2048,865,1.0,0.9999999999993282,6.717959522006822e-13,False,False,True
019e67efc52c4a92a792b8d4b5553f80,phase1_ofat,0,3,8,1041,1007,2048,0,0.855996244506425,0.7737602105025619,0.08223603400386303,False,False,True
025de058dab742588b429b2c7bee8082,phase1_ofat,0,4,16,9,7,16,0,0.7598319019579303,0.690692049005356,0.0691398529525743,False,False,True
03072a54fa60421c99c5f51cc1030768,phase1_ofat,0,4,16,11,5,16,0,0.9838375837294524,0.934433765779119,0.04940381795033344,True,False,True
050f8e60933b4d1b95f9e211397f4153,phase1_ofat,0,4,16,358,345,2048,1345,0.704945086898779,0.6880250419711129,0.016920044927666078,False,False,True
050f8e60933b4d1b95f9e211397f4153,phase1_ofat,2,4,16,696,499,2048,853,0.9999999999941148,0.9999999943980732,5.596041630084869e-09,False,False,True
050f8e60933b4d1b95f9e211397f4153,phase1_ofat,4,4,16,696,499,2048,853,0.9999999999941148,0.9999999943980732,5.596041630084869e-09,False,False,True
0524c77da86d4acf9c65e522501c9810,phase1_ofat,0,6,64,1054,994,2048,0,0.9696102361646572,0.907557969556849,0.06205226660780827,True,False,True
059b2c2b366144198ba1122d2367f946,phase1_ofat,0,4,16,344,341,2048,1363,0.5499744580660715,0.5456229993328792,0.004351458733192315,False,False,True
059b2c2b366144198ba1122d2367f946,phase1_ofat,2,4,16,686,471,2048,891,0.9999999999999628,0.9999999998841849,1.1577794278849751e-10,False,False,True
059b2c2b366144198ba1122d2367f946,phase1_ofat,4,4,16,686,471,2048,891,0.9999999999999628,0.9999999998841849,1.1577794278849751e-10,False,False,True
05c23ddffbb24ffc8c93fd9f85c22a7a,phase1_ofat,0,4,16,34,30,64,0,0.7601701053547897,0.6912853171102596,0.06888478824453004,False,False,False
07f9224ce7d642c7aae43287dcd8908c,phase1_ofat,0,4,16,1035,1013,2048,0,0.7541138183271805,0.6865592369216487,0.06755458140553183,False,False,True
0810db43d21745c0af734a4993c441b7,phase1_ofat,0,4,16,368,345,2048,1335,0.8283797472288494,0.8054720041144747,0.022907743114374712,False,False,True
0810db43d21745c0af734a4993c441b7,phase1_ofat,1,4,16,716,471,2048,861,0.9999999999999992,0.9999999999995206,4.78617145915905e-13,False,False,True
0810db43d21745c0af734a4993c441b7,phase1_ofat,2,4,16,687,498,2048,863,0.9999999999655488,0.9999999811969643,1.8768584464368132e-08,False,False,True
0810db43d21745c0af734a4993c441b7,phase1_ofat,3,4,16,716,471,2048,861,0.9999999999999992,0.9999999999995206,4.78617145915905e-13,False,False,True
0810db43d21745c0af734a4993c441b7,phase1_ofat,4,4,16,687,498,2048,863,0.9999999999655488,0.9999999811969643,1.8768584464368132e-08,False,False,True
089fa9693931459b89877b7f71999fa9,phase1_ofat,0,3,8,1029,1019,2048,0,0.6226675344369023,0.5874391102610403,0.03522842417586192,False,False,False
08ca013db44c4033b33c0d265d143374,phase1_ofat,0,4,16,130,126,256,0,0.6381440112396669,0.5986766484689652,0.03946736277070173,False,False,False
096ea94f70794af2b6a25729cec407cc,phase1_ofat,0,4,16,14,13,64,37,0.5855904694301253,0.5760690261522072,0.00952144327791804,False,False,False
096ea94f70794af2b6a25729cec407cc,phase1_ofat,2,4,16,18,17,64,29,0.5784907826187659,0.5669536660561049,0.011537116562660987,False,False,True
096ea94f70794af2b6a25729cec407cc,phase1_ofat,4,4,16,18,17,64,29,0.5784907826187659,0.5669536660561049,0.011537116562660987,False,False,True
0a05b28404ae4c9cbf3b994b3d1d99a3,phase1_ofat,0,4,16,1029,1019,2048,0,0.6226675344369023,0.5874391102610403,0.03522842417586192,False,False,True
0a1d0fe454614f18883c006a79ea28dd,phase1_ofat,0,4,16,1040,1008,2048,0,0.8413447372942667,0.7602454628258489,0.0810992744684178,False,False,True
0b5bdcbd8d9042e7ad8b2df98bd3376f,phase1_ofat,0,4,16,386,351,2048,1311,0.9227452022596392,0.901359685305255,0.021385516954384176,False,False,True
0b5bdcbd8d9042e7ad8b2df98bd3376f,phase1_ofat,1,4,16,666,502,2048,880,0.9999999933662193,0.9999992311884074,7.621778118638289e-07,False,False,True
0b5bdcbd8d9042e7ad8b2df98bd3376f,phase1_ofat,2,4,16,715,479,2048,854,0.9999999999999988,0.9999999999963562,3.642530721492676e-12,False,False,True
0b5bdcbd8d9042e7ad8b2df98bd3376f,phase1_ofat,3,4,16,666,502,2048,880,0.9999999933662193,0.9999992311884074,7.621778118638289e-07,False,False,True
0b5bdcbd8d9042e7ad8b2df98bd3376f,phase1_ofat,4,4,16,715,479,2048,854,0.9999999999999988,0.9999999999963562,3.642530721492676e-12,False,False,True
0c064ab7607b487a87f22288056d7aae,phase1_ofat,0,4,16,1028,1020,2048,0,0.5987044783336715,0.5701553635820054,0.028549114751666105,False,False,True
0db7f279001e4966915b1bc604750079,phase1_ofat,0,4,16,370,362,2048,1316,0.6278840158818857,0.6162542567259794,0.01162975915590625,False,False,False
0db7f279001e4966915b1bc604750079,phase1_ofat,2,4,16,684,484,2048,880,0.9999999999979584,0.9999999977690123,2.228946138771448e-09,False,False,True
0db7f279001e4966915b1bc604750079,phase1_ofat,4,4,16,684,484,2048,880,0.9999999999979584,0.9999999977690123,2.228946138771448e-09,False,False,True
0ea19f1b6d7344839e06fddcd7b50732,phase1_ofat,0,4,16,33,31,64,0,0.6380827149370594,0.598585509587596,0.03949720534946333,False,False,False
0edfc300ca1342e4be4062ebb4ea9ed3,phase1_ofat,0,4,16,1063,985,2048,0,0.9926104042616448,0.9576199881362489,0.034990416125395885,False,False,True
0f479dbff4c34acca19804bd3c79dfb3,phase1_ofat,0,4,16,8203,8181,16384,0,0.5960233975297926,0.5682317658821745,0.02779163164761811,False,False,True
108c11935517410fb918e9098fe66786,phase1_ofat,0,4,16,8262,8122,16384,0,0.9390444481651162,0.8629679201319481,0.07607652803316811,False,False,True
10b9c0ecf9c04cc4b01210777489e4f5,phase1_ofat,0,4,16,341,336,2048,1371,0.5832890601973677,0.5761848171688649,0.007104243028502766,False,False,True
10b9c0ecf9c04cc4b01210777489e4f5,phase1_ofat,2,4,16,694,471,2048,883,0.9999999999999944,0.9999999999718384,2.8156033060611207e-11,False,False,True
10cf611eb9874050b7f2a62b4d550a26,phase1_ofat,0,4,16,1037,1011,2048,0,0.7917459870248361,0.7171881525791832,0.07455783444565289,False,False,False
10f9fca545ba4ef2ae11ca75efa96390,phase1_ofat,0,4,16,1039,1009,2048,0,0.8257486855574822,0.7463018882521036,0.07944679730537851,False,False,False
111b53633a494b32a12935b0fd3367ff,phase1_ofat,0,4,16,1060,988,2048,0,0.9877814288258188,0.9442052706826665,0.0435761581431523,True,False,True
1121fcf8955a4ea0bb879a19abcc1eb6,phase1_ofat,0,4,16,361,344,2048,1343,0.7591724635629274,0.7389826825936707,0.02018978096925672,False,False,True
1121fcf8955a4ea0bb879a19abcc1eb6,phase1_ofat,3,4,16,688,507,2048,853,0.9999999997674236,0.999999922140301,7.762712261882854e-08,False,False,True
1121fcf8955a4ea0bb879a19abcc1eb6,phase1_ofat,6,2,4,746,550,2048,752,0.9999999999786316,0.9999999754522098,2.4526421893433792e-08,False,False,True
114719ecbc1b471f8ab980b49bb03e8d,phase1_ofat,0,4,16,357,351,2048,1340,0.5979014308590443,0.5891926105671021,0.008708820291942199,False,False,False
114719ecbc1b471f8ab980b49bb03e8d,phase1_ofat,2,4,16,687,474,2048,887,0.9999999999999324,0.9999999998177259,1.8220647213240682e-10,False,False,True
114719ecbc1b471f8ab980b49bb03e8d,phase1_ofat,4,4,16,687,474,2048,887,0.9999999999999324,0.9999999998177259,1.8220647213240682e-10,False,False,True
11f5a7de98d346719938688d3cac4c6a,phase1_ofat,0,4,16,1047,1001,2048,0,0.9247164347915846,0.8452965550024331,0.07941987978915155,False,False,True
1248c2f6f1904801bd971be9542a430d,phase1_ofat,0,4,16,1066,982,2048,0,0.995671554250486,0.968297448951992,0.027374105298494045,False,False,False
125f346a013b4a9babf5dcea71be0de5,phase1_ofat,0,4,16,1047,1001,2048,0,0.9247164347915846,0.8452965550024331,0.07941987978915155,False,False,False
13fc6acc95de4026bdc183afe57def2d,phase1_ofat,0,4,16,389,344,2048,1315,0.9667222797935184,0.9517883253614227,0.014933954432095775,False,False,False
13fc6acc95de4026bdc183afe57def2d,phase1_ofat,2,4,16,681,483,2048,884,0.9999999999968306,0.9999999970080112,2.988819414184718e-09,False,False,True
145f82fbc8d648ae88171a4d2e30292a,phase1_ofat,0,4,16,362,332,2048,1354,0.8942790478137651,0.8726118808749926,0.021667166938772464,False,False,False
145f82fbc8d648ae88171a4d2e30292a,phase1_ofat,2,4,16,667,477,2048,904,0.99999999998304,0.9999999909946095,8.988430555412208e-09,False,False,True
145f82fbc8d648ae88171a4d2e30292a,phase1_ofat,4,4,16,667,477,2048,904,0.99999999998304,0.9999999909946095,8.988430555412208e-09,False,False,True
153af39389624a0f8f5b8e01c5ceb898,phase1_ofat,0,4,16,1077,971,2048,0,0.9995387798801548,0.9904281068267001,0.009110673053454699,False,False,True
15cb2914bfff4db89f5e516a29f99411,phase1_ofat,0,4,16,1040,1008,2048,0,0.8413447372942667,0.7602454628258489,0.0810992744684178,False,False,True
15fc649accf9472c847302f4d19194ac,phase1_ofat,0,4,16,375,353,2048,1320,0.8157203351452968,0.792561937171498,0.023158397973798817,False,False,True
15fc649accf9472c847302f4d19194ac,phase1_ofat,2,4,16,709,460,2048,879,0.9999999999999996,0.9999999999998666,1.3300471835009375e-13,False,False,True
15fc649accf9472c847302f4d19194ac,phase1_ofat,4,4,16,709,460,2048,879,0.9999999999999996,0.9999999999998666,1.3300471835009375e-13,False,False,True
15ff89e8686641559f9c905db0528dd8,phase1_ofat,0,4,16,1028,1020,2048,0,0.5987044783336715,0.5701553635820054,0.028549114751666105,False,False,True
1634df271ae34ffca8046462c6152a6c,phase1_ofat,0,4,16,515,509,1024,0,0.6045549599058306,0.5743599087564883,0.03019505114934229,False,False,True
16b3c3e5ea6c42a1ad0c9555e2020ff6,phase1_ofat,0,4,16,367,338,2048,1343,0.8850128708101184,0.8626335229535509,0.022379347856567477,False,False,False
16b3c3e5ea6c42a1ad0c9555e2020ff6,phase1_ofat,2,4,16,673,494,2048,881,0.999999999727295,0.9999999238756077,7.585168737556103e-08,False,False,True
16b3c3e5ea6c42a1ad0c9555e2020ff6,phase1_ofat,4,4,16,673,494,2048,881,0.999999999727295,0.9999999238756077,7.585168737556103e-08,False,False,True
16fe0540758542679235854a2a12ac09,phase1_ofat,0,4,16,1039,1009,2048,0,0.8257486855574822,0.7463018882521036,0.07944679730537851,False,False,True
172158a480b741b29a57c60e5e0c1328,phase1_ofat,0,4,16,1026,1022,2048,0,0.5497372320664393,0.5352145698167151,0.014522662249724205,False,False,False
175fa695e7cf4ef19985d965e60f80ab,phase1_ofat,0,4,16,1026,1022,2048,0,0.5497372320664393,0.5352145698167151,0.014522662249724205,False,False,True
180141a71aee4c4681ec8e12532feca3,phase1_ofat,0,6,64,1041,1007,2048,0,0.855996244506425,0.7737602105025619,0.08223603400386303,False,False,True
1a8c4fc5ac6243beb1f4ad9f0cc4602e,phase1_ofat,0,4,16,1052,996,2048,0,0.9599471747390904,0.8920424888034514,0.06790468593563903,True,False,True
1acd8751d420436ea9861476d8b47492,phase1_ofat,0,4,16,362,334,2048,1352,0.8779800904306407,0.8557352693815616,0.0222448210490791,False,False,True
1acd8751d420436ea9861476d8b47492,phase1_ofat,2,4,16,683,508,2048,857,0.9999999991767976,0.9999998109883571,1.8818844049750538e-07,False,False,True
1d0a83045c4245e3a76e4332dc703f53,phase1_ofat,0,4,16,1027,1021,2048,0,0.5743642426858293,0.5527361245233202,0.02162811816250909,False,False,False
1d9c3072a16042438c3d158609649b0e,phase1_ofat,0,4,16,1042,1006,2048,0,0.8697067625377641,0.7868337662243936,0.08287299631337053,False,False,True
1e4c1f58c69244f185d33ecb8cca5dd9,phase1_ofat,0,4,16,361,353,2048,1334,0.6290960373845967,0.6176675371181726,0.011428500266424169,False,False,False
1e4c1f58c69244f185d33ecb8cca5dd9,phase1_ofat,2,4,16,671,482,2048,895,0.9999999999760812,0.9999999878510998,1.2124981463301765e-08,False,False,True
1e4c1f58c69244f185d33ecb8cca5dd9,phase1_ofat,4,4,16,671,482,2048,895,0.9999999999760812,0.9999999878510998,1.2124981463301765e-08,False,False,True
1e9f7a145f74429798f2d274fa50dceb,phase1_ofat,0,4,16,1030,1018,2048,0,0.6461673234378108,0.6045549720767537,0.04161235136105712,False,False,True
1eac9ec520ee4a9395eb348e7406ad10,phase1_ofat,0,4,16,1042,1006,2048,0,0.8697067625377641,0.7868337662243936,0.08287299631337053,False,False,False
1ede872f42d544478f04396c3059caf7,phase1_ofat,0,4,16,2090,2006,4096,0,0.9682875761946949,0.9053275094408416,0.06296006675385324,True,False,False
1f555454d7ca4a3192f8479ae0d358e8,phase1_ofat,0,4,16,8217,8167,16384,0,0.7096718066179406,0.6519621557550292,0.057709650862911355,False,False,True
2017c827a610483ea2fb7b87fae1ef67,phase1_ofat,0,4,16,370,322,2048,1356,0.9773623230896484,0.9660144707967492,0.011347852292899252,False,False,False
2017c827a610483ea2fb7b87fae1ef67,phase1_ofat,2,4,16,699,488,2048,861,0.999999999999835,0.9999999995878791,4.1195591382603425e-10,False,False,True
2017c827a610483ea2fb7b87fae1ef67,phase1_ofat,4,4,16,699,488,2048,861,0.999999999999835,0.9999999995878791,4.1195591382603425e-10,False,False,True
215a3da5a1f5407da140cca48c86c963,phase1_ofat,0,4,16,388,370,2048,1290,0.7655289573892663,0.7433629614851904,0.022165995904075864,False,False,True
215a3da5a1f5407da140cca48c86c963,phase1_ofat,2,4,16,695,509,2048,844,0.999999999916434,0.9999999608082222,3.9108211780103375e-08,False,False,True
215a3da5a1f5407da140cca48c86c963,phase1_ofat,4,4,16,695,509,2048,844,0.999999999916434,0.9999999608082222,3.9108211780103375e-08,False,False,True
216545af85094a66940c840050ed57f1,phase1_ofat,0,4,16,11,5,16,0,0.9838375837294524,0.934433765779119,0.04940381795033344,True,False,False
22003344e302441cbd1e8dfc5b5e593c,phase1_ofat,0,4,16,2890,2860,16384,10634,0.6684708460288895,0.6538085811084209,0.014662264920468626,False,False,True
22003344e302441cbd1e8dfc5b5e593c,phase1_ofat,2,4,16,5506,3770,16384,7108,1.0,1.0,0.0,False,False,True
22003344e302441cbd1e8dfc5b5e593c,phase1_ofat,4,4,16,5506,3770,16384,7108,1.0,1.0,0.0,False,False,True
237bc8a686e54012b686d4e1b6f3b1e0,phase1_ofat,0,4,16,514,510,1024,0,0.57015535530818,0.549734255460206,0.02042109984797391,False,False,False
2389966b7f8f47e5aed3a02d9b3d8d39,phase1_ofat,0,4,16,1032,1016,2048,0,0.6914597687007419,0.6381584736889361,0.053301295011805805,False,False,False
23e810773b60484e8c38fdccd3aedaa6,phase1_ofat,0,4,16,359,348,2048,1341,0.6753653613244167,0.6604373610562795,0.014928000268137231,False,False,False
23e810773b60484e8c38fdccd3aedaa6,phase1_ofat,2,4,16,695,470,2048,883,0.9999999999999962,0.999999999981084,1.891220513527969e-11,False,False,True
23e810773b60484e8c38fdccd3aedaa6,phase1_ofat,4,4,16,695,470,2048,883,0.9999999999999962,0.999999999981084,1.891220513527969e-11,False,False,True
24152dcd295344899b8f0ba4381a4792,phase1_ofat,0,4,16,8,8,16,0,0.500000000000067,0.5000000000000007,6.628031457012185e-14,False,False,False
2449f51ba4ee40fea35221d9f0b6d34e,phase1_ofat,0,4,16,13,3,16,0,0.9998726325165832,0.9950512709941592,0.004821361522423961,False,False,True
247de75fe2d34855923af213810fd653,phase1_ofat,0,4,16,142,114,256,0,0.9933743237117336,0.9600423424806919,0.03333198123104175,False,False,True
25cd5c77a4f3496a83cf4a3ea9d06fed,phase1_ofat,0,4,16,1042,1006,2048,0,0.8697067625377641,0.7868337662243936,0.08287299631337053,False,False,False
264d63bd51e54a9caa3ae48d55ce6a8a,phase1_ofat,0,4,16,1032,1016,2048,0,0.6914597687007419,0.6381584736889361,0.053301295011805805,False,False,True
2654145a31f74beb95f6afb0ee20d752,phase1_ofat,0,4,16,1038,1010,2048,0,0.8092119033012374,0.7319439429629453,0.07726796033829209,False,False,False
26aa64d7e50640158bff563ef235d4c9,phase1_ofat,0,4,16,372,352,2048,1324,0.7936614850616822,0.7713365533242611,0.022324931737421116,False,False,False
26aa64d7e50640158bff563ef235d4c9,phase1_ofat,2,4,16,705,468,2048,875,0.9999999999999992,0.9999999999980846,1.9145796059660825e-12,False,False,True
26aa64d7e50640158bff563ef235d4c9,phase1_ofat,4,4,16,705,468,2048,875,0.9999999999999992,0.9999999999980846,1.9145796059660825e-12,False,False,True
28361c75b6464cbeb886f559bd587aec,phase1_ofat,0,4,16,360,346,2048,1342,0.7187520169913044,0.7008517790981428,0.01790023789316164,False,False,True
28361c75b6464cbeb886f559bd587aec,phase1_ofat,2,4,16,690,469,2048,889,0.999999999999992,0.9999999999626842,3.73078234972013e-11,False,False,True
28361c75b6464cbeb886f559bd587aec,phase1_ofat,4,4,16,690,469,2048,889,0.999999999999992,0.9999999999626842,3.73078234972013e-11,False,False,True
28361c75b6464cbeb886f559bd587aec,phase1_ofat,6,4,16,690,469,2048,889,0.999999999999992,0.9999999999626842,3.73078234972013e-11,False,False,True
28361c75b6464cbeb886f559bd587aec,phase1_ofat,8,4,16,690,469,2048,889,0.999999999999992,0.9999999999626842,3.73078234972013e-11,False,False,True
292636f15d9c4fd5ae189c8b924e5834,phase1_ofat,0,4,16,374,327,2048,1347,0.9744292358841146,0.9621022050396391,0.012327030844475506,False,False,True
292636f15d9c4fd5ae189c8b924e5834,phase1_ofat,2,4,16,664,505,2048,879,0.9999999818004142,0.9999983979207128,1.5838797013945083e-06,False,False,True
292636f15d9c4fd5ae189c8b924e5834,phase1_ofat,4,4,16,664,505,2048,879,0.9999999818004142,0.9999983979207128,1.5838797013945083e-06,False,False,True
29925d82b3384b1fb9c0629d6a35702a,phase1_ofat,0,4,16,1043,1005,2048,0,0.8824867166787485,0.799455861029213,0.0830308556495355,False,False,True
29c373a6955f4bfd988b7a100f6a9d87,phase1_ofat,0,4,16,351,337,2048,1360,0.7207641328510825,0.7032249703685767,0.017539162482505866,False,False,True
29c373a6955f4bfd988b7a100f6a9d87,phase1_ofat,2,4,16,655,498,2048,895,0.9999999763178722,0.9999981761376376,1.8001802345457563e-06,False,False,True
29c373a6955f4bfd988b7a100f6a9d87,phase1_ofat,4,4,16,655,498,2048,895,0.9999999763178722,0.9999981761376376,1.8001802345457563e-06,False,False,True
29e83e4d8f414b6c924f1ae508df9b65,phase1_ofat,0,4,16,1043,1005,2048,0,0.8824867166787485,0.799455861029213,0.0830308556495355,False,False,True
2a4219bd4e87425cbf09df3f22b4a62d,phase1_ofat,0,4,16,1034,1014,2048,0,0.7340119205550315,0.6707290763478901,0.06328284420714136,False,False,False
2abfe59e739d4890bfb9d4c53b4020c5,phase1_ofat,0,2,4,529,517,2048,1002,0.6663880243019572,0.6446849273493067,0.02170309695265049,False,False,True
2abfe59e739d4890bfb9d4c53b4020c5,phase1_ofat,1,2,4,806,498,2048,744,0.9999999999999998,1.0,-2.220446049250313e-16,False,False,True
2abfe59e739d4890bfb9d4c53b4020c5,phase1_ofat,2,2,4,731,531,2048,786,0.9999999999939424,0.9999999915669119,8.427030517843548e-09,False,False,True
2abfe59e739d4890bfb9d4c53b4020c5,phase1_ofat,3,2,4,806,498,2048,744,0.9999999999999998,1.0,-2.220446049250313e-16,False,False,True
2abfe59e739d4890bfb9d4c53b4020c5,phase1_ofat,4,2,4,731,531,2048,786,0.9999999999939424,0.9999999915669119,8.427030517843548e-09,False,False,True
2abfe59e739d4890bfb9d4c53b4020c5,phase1_ofat,5,2,4,806,498,2048,744,0.9999999999999998,1.0,-2.220446049250313e-16,False,False,True
2abfe59e739d4890bfb9d4c53b4020c5,phase1_ofat,6,2,4,731,531,2048,786,0.9999999999939424,0.9999999915669119,8.427030517843548e-09,False,False,True
2d4fbfec4cf24a1aadf39fdedbcb475d,phase1_ofat,0,6,64,1037,1011,2048,0,0.7917459870248361,0.7171881525791832,0.07455783444565289,False,False,False
2d598b3dbb2944f3981a5f0044c890ad,phase1_ofat,0,4,16,193,165,1024,666,0.9483958478782084,0.9305974857446851,0.01779836213352326,False,False,True
2d598b3dbb2944f3981a5f0044c890ad,phase1_ofat,2,4,16,349,233,1024,442,0.9999999939134208,0.9999992957820673,6.981313535048272e-07,False,False,True
2d598b3dbb2944f3981a5f0044c890ad,phase1_ofat,4,4,16,349,233,1024,442,0.9999999939134208,0.9999992957820673,6.981313535048272e-07,False,False,True
2daee8d9994d4fe8bea304aa43525b2e,phase1_ofat,0,4,16,349,334,2048,1365,0.735239939713339,0.7169863033480837,0.018253636365255343,False,False,True
2daee8d9994d4fe8bea304aa43525b2e,phase1_ofat,3,4,16,671,485,2048,892,0.9999999999502108,0.9999999789851646,2.0965046254595165e-08,False,False,True
2daee8d9994d4fe8bea304aa43525b2e,phase1_ofat,6,2,4,798,516,2048,734,1.0,0.9999999999999971,2.886579864025407e-15,False,False,True
2e7294003eb44ec8b57212edb68afb81,phase1_ofat,0,4,16,1051,997,2048,0,0.954252464125098,0.8836168542215926,0.07063560990350537,True,False,False
31ec00bfc2a44e268bd32b80799c0d6a,phase1_ofat,0,4,16,9,7,16,0,0.7598319019579303,0.690692049005356,0.0691398529525743,False,False,True
324466d6495a4cb2a311ee8fe54e6674,phase1_ofat,0,4,16,364,341,2048,1343,0.8294565076463957,0.8068109455858334,0.02264556206056223,False,False,False
324466d6495a4cb2a311ee8fe54e6674,phase1_ofat,2,4,16,654,486,2048,908,0.9999999977548772,0.9999996892930347,3.0846184251309694e-07,False,False,True
324466d6495a4cb2a311ee8fe54e6674,phase1_ofat,4,4,16,654,486,2048,908,0.9999999977548772,0.9999996892930347,3.0846184251309694e-07,False,False,True
326793b9018c46ae982d2e56c6909578,phase1_ofat,0,4,16,376,322,2048,1350,0.9876098713275276,0.9795581190397961,0.008051752287731584,False,False,True
329efa902a584c13adef30094627ebce,phase1_ofat,0,3,8,1050,998,2048,0,0.9479244942219338,0.8747350950608674,0.07318939916106637,False,False,True
32c6f715859c4ca387bc84b4b82857ae,phase1_ofat,0,4,16,384,332,2048,1332,0.9838184555209676,0.9740498699737898,0.009768585547177744,False,False,False
32c6f715859c4ca387bc84b4b82857ae,phase1_ofat,2,4,16,690,484,2048,874,0.9999999999995052,0.9999999991667282,8.327769585037004e-10,False,False,True
32c6f715859c4ca387bc84b4b82857ae,phase1_ofat,4,4,16,690,484,2048,874,0.9999999999995052,0.9999999991667282,8.327769585037004e-10,False,False,True
335ac98484ba4c39b1cc2f54c2c479e8,phase1_ofat,0,4,16,1029,1019,2048,0,0.6226675344369023,0.5874391102610403,0.03522842417586192,False,False,True
33a63d6b04eb4233b3e8f699725101a8,phase1_ofat,0,4,16,1036,1012,2048,0,0.7733706289595478,0.7020530734658338,0.07131755549371399,False,False,False
33d94e829a8c46da90397872158749a6,phase1_ofat,0,4,16,357,344,2048,1347,0.7051551552819102,0.688272207738372,0.01688294754353814,False,False,False
33d94e829a8c46da90397872158749a6,phase1_ofat,2,4,16,672,488,2048,888,0.9999999999176244,0.999999969091816,3.082580846136551e-08,False,False,True
33d94e829a8c46da90397872158749a6,phase1_ofat,4,4,16,672,488,2048,888,0.9999999999176244,0.999999969091816,3.082580846136551e-08,False,False,True
33f70645a8344099a9bca129ec2d63f0,phase1_ofat,0,4,16,1040,1008,2048,0,0.8413447372942667,0.7602454628258489,0.0810992744684178,False,False,True
363c7550275243a58961281c31a8e001,phase1_ofat,0,4,16,35,29,64,0,0.8555885426041854,0.7732373208621796,0.08235122174200582,False,False,False
365c8ccfcf654c00a9ab2eafd697025e,phase1_ofat,0,4,16,1025,1023,2048,0,0.5249171637976707,0.5176244711308152,0.007292692666855505,False,False,True
36c269206884488480f9e0e4d3fd1f26,phase1_ofat,0,4,16,383,358,2048,1307,0.844891092478873,0.8207904369161788,0.02410065556269414,False,False,False
36c269206884488480f9e0e4d3fd1f26,phase1_ofat,2,4,16,744,496,2048,808,0.9999999999999992,0.9999999999992031,7.961409309586998e-13,False,False,True
36c269206884488480f9e0e4d3fd1f26,phase1_ofat,4,4,16,744,496,2048,808,0.9999999999999992,0.9999999999992031,7.961409309586998e-13,False,False,True
37db5c52835a4e9b9b7a40cc873aafc1,phase1_ofat,0,4,16,1031,1017,2048,0,0.6691229968417161,0.6214715225467233,0.047651474294992724,False,False,False
3897b559e7224d9f8e1b0021b5a39154,phase1_ofat,0,4,16,1038,1010,2048,0,0.8092119033012374,0.7319439429629453,0.07726796033829209,False,False,True
39379325517a46d79bc93ef559aa33b0,phase1_ofat,0,4,16,543,481,1024,0,0.9969351830020744,0.9736844016466394,0.023250781355435013,False,False,False
3a197bf449314e8baab615cae4b9e1eb,phase1_ofat,0,4,16,360,352,2048,1336,0.6292338772221442,0.6178277689906508,0.01140610823149335,False,False,False
3a197bf449314e8baab615cae4b9e1eb,phase1_ofat,2,4,16,674,479,2048,895,0.9999999999942788,0.9999999956976328,4.296646038959295e-09,False,False,True
3a197bf449314e8baab615cae4b9e1eb,phase1_ofat,4,4,16,674,479,2048,895,0.9999999999942788,0.9999999956976328,4.296646038959295e-09,False,False,True
3a1f9dc445e14134a43fdc91e27f254a,phase1_ofat,0,4,16,371,331,2048,1346,0.9514157769768294,0.9344696040301673,0.01694617294666212,True,False,True
3a1f9dc445e14134a43fdc91e27f254a,phase1_ofat,2,4,16,659,495,2048,894,0.999999994131928,0.9999993360812336,6.580506943798525e-07,False,False,True
3a6112aa33864106a725e8d387468e06,phase1_ofat,0,4,16,1065,983,2048,0,0.9948082626479048,0.965016907359397,0.029791355288507737,False,False,False
3ac7725bf66447e0a423881a74442a5a,phase1_ofat,0,4,16,136,120,256,0,0.9213837455043606,0.8413443450645136,0.08003940043984703,False,False,False
3d98395424fb4ae9980dd66ed838b8b2,phase1_ofat,0,4,16,380,372,2048,1296,0.6265950068073594,0.6147421269592785,0.01185287984808081,False,False,True
3df851290e174958a175a56e47bd580b,phase1_ofat,0,4,16,715,697,4096,2684,0.7007397122501574,0.6840306333355395,0.016709078914617925,False,False,False
3df851290e174958a175a56e47bd580b,phase1_ofat,2,4,16,1354,952,4096,1790,1.0,1.0,0.0,False,False,True
3df851290e174958a175a56e47bd580b,phase1_ofat,4,4,16,1354,952,4096,1790,1.0,1.0,0.0,False,False,True
3e39e393f8494dfdaf179ba4d9aa3ee2,phase1_ofat,0,4,16,8288,8096,16384,0,0.983053367158652,0.933194033890149,0.049859333268503,True,False,True
3ea5979f80e04787b6df84876d954281,phase1_ofat,0,4,16,1059,989,2048,0,0.9856531192307236,0.9390543579553966,0.04659876127532703,True,False,False
3ed486d454f242a3bec834ff243ff1d9,phase1_ofat,0,4,16,1039,1009,2048,0,0.8257486855574822,0.7463018882521036,0.07944679730537851,False,False,True
3f93d7df709547ecb619bf85425c9614,phase1_ofat,0,4,16,1061,987,2048,0,0.9896305561007916,0.9490064750493844,0.040624081051407246,True,False,True
3fb6e053191a4e11ae8d4842f0b163a0,phase1_ofat,0,4,16,1038,1010,2048,0,0.8092119033012374,0.7319439429629453,0.07726796033829209,False,False,False
3fc4178ec79d48eb8c510eac64265b4d,phase1_ofat,0,4,16,1058,990,2048,0,0.9832130332598576,0.9335390552423689,0.04967397801748874,True,False,False
4036a7f31409472bb3c277ad4cb65a20,phase1_ofat,0,4,16,1034,1014,2048,0,0.7340119205550315,0.6707290763478901,0.06328284420714136,False,False,False
4044d9527e3b4a62900561f9763af288,phase1_ofat,0,4,16,1026,1022,2048,0,0.5497372320664393,0.5352145698167151,0.014522662249724205,False,False,False
4051617a46904fb2b4370f7a57da31ae,phase1_ofat,0,4,16,1052,996,2048,0,0.9599471747390904,0.8920424888034514,0.06790468593563903,True,False,False
4075da19eabd49b7b8b88aed5bbcb436,phase1_ofat,0,4,16,1027,1021,2048,0,0.5743642426858293,0.5527361245233202,0.02162811816250909,False,False,True
41cbe183f2ec46e68c3a9a1a137dec96,phase1_ofat,0,4,16,385,337,2048,1326,0.9755060458511764,0.9630172911829864,0.012488754668189994,False,False,False
41cbe183f2ec46e68c3a9a1a137dec96,phase1_ofat,2,4,16,664,511,2048,873,0.9999999391784312,0.9999960797905836,3.859387847637841e-06,False,False,True
423ff4fba0e74804998e089ef8f956ed,phase1_ofat,0,2,4,1029,1019,2048,0,0.6226675344369023,0.5874391102610403,0.03522842417586192,False,False,True
42ceed6a7cb44aeca3f9428b6779d369,phase1_ofat,0,4,16,526,498,1024,0,0.8920424614280565,0.8092084803320172,0.08283398109603934,False,False,False
42e6c183a0a9402c809a73f7533575d2,phase1_ofat,0,4,16,1047,1001,2048,0,0.9247164347915846,0.8452965550024331,0.07941987978915155,False,False,True
42f14632e6624688a7c98f4bc216b80e,phase1_ofat,0,4,16,367,356,2048,1325,0.6739271745557781,0.6587503673142838,0.015176807241494283,False,False,True
42f14632e6624688a7c98f4bc216b80e,phase1_ofat,2,4,16,691,485,2048,872,0.9999999999994924,0.9999999991396081,8.598842748952507e-10,False,False,True
42f14632e6624688a7c98f4bc216b80e,phase1_ofat,4,4,16,691,485,2048,872,0.9999999999994924,0.9999999991396081,8.598842748952507e-10,False,False,True
4586580c03ad4b0b9b4f111b6cab3cb7,phase1_ofat,0,4,16,1045,1003,2048,0,0.9053275028450606,0.8233149893791909,0.08201251346586969,False,False,False
45fdca32551948ad9d544dc6992a6041,phase1_ofat,0,4,16,20,10,64,34,0.9820715795473568,0.9669600105227493,0.01511156902460753,False,False,False
45fdca32551948ad9d544dc6992a6041,phase1_ofat,2,4,16,21,20,64,23,0.5750439868828073,0.561925605641871,0.013118381240936339,False,False,True
45fdca32551948ad9d544dc6992a6041,phase1_ofat,4,4,16,21,20,64,23,0.5750439868828073,0.561925605641871,0.013118381240936339,False,False,True
4654ce1fb6084967b02cc511abf8265a,phase1_ofat,0,4,16,379,344,2048,1325,0.924288173988892,0.903502148992018,0.020786024996873986,False,False,True
4654ce1fb6084967b02cc511abf8265a,phase1_ofat,2,4,16,673,483,2048,892,0.999999999980412,0.9999999893153134,1.0665098582052224e-08,False,False,True
4654ce1fb6084967b02cc511abf8265a,phase1_ofat,4,4,16,673,483,2048,892,0.999999999980412,0.9999999893153134,1.0665098582052224e-08,False,False,True
4675a429014c452d8b9f4d50a24f71ac,phase1_ofat,0,4,16,1037,1011,2048,0,0.7917459870248361,0.7171881525791832,0.07455783444565289,False,False,False
48b238e7c55045f8bc0c0ddc5675b1c6,phase1_ofat,0,4,16,1034,1014,2048,0,0.7340119205550315,0.6707290763478901,0.06328284420714136,False,False,True
48e69977839d4818830e9491aa2cac16,phase1_ofat,0,4,16,347,345,2048,1356,0.5332301888109335,0.5302981961126434,0.0029319926982901423,False,False,True
48e69977839d4818830e9491aa2cac16,phase1_ofat,2,4,16,703,483,2048,862,0.9999999999999856,0.9999999999254638,7.452172212651931e-11,False,False,True
48e69977839d4818830e9491aa2cac16,phase1_ofat,4,4,16,703,483,2048,862,0.9999999999999856,0.9999999999254638,7.452172212651931e-11,False,False,True
492def05ad9145729710512f0e5b57eb,phase1_ofat,0,4,16,367,325,2048,1356,0.9600862636961668,0.9448558183942632,0.015230445301903539,True,False,False
492def05ad9145729710512f0e5b57eb,phase1_ofat,2,4,16,706,480,2048,862,0.9999999999999968,0.9999999999768086,2.3188229114623482e-11,False,False,True
492def05ad9145729710512f0e5b57eb,phase1_ofat,4,4,16,706,480,2048,862,0.9999999999999968,0.9999999999768086,2.3188229114623482e-11,False,False,True
492def05ad9145729710512f0e5b57eb,phase1_ofat,6,4,16,706,480,2048,862,0.9999999999999968,0.9999999999768086,2.3188229114623482e-11,False,False,True
4941b811842d440f9b8a444af59e2d60,phase1_ofat,0,4,16,1038,1010,2048,0,0.8092119033012374,0.7319439429629453,0.07726796033829209,False,False,True
499cb3f8bead454fb9565bc7b42713af,phase1_ofat,0,4,16,360,350,2048,1338,0.6601019657556361,0.646264725757373,0.013837239998263029,False,False,True
499cb3f8bead454fb9565bc7b42713af,phase1_ofat,2,4,16,672,474,2048,902,0.9999999999974876,0.9999999977293147,2.2681728717444116e-09,False,False,True
499cb3f8bead454fb9565bc7b42713af,phase1_ofat,4,4,16,672,474,2048,902,0.9999999999974876,0.9999999977293147,2.2681728717444116e-09,False,False,True
4b2f2c90b1ff4320b7c9df95215d06f4,phase1_ofat,0,6,64,381,361,2048,1306,0.7914213310143207,0.7685819816501119,0.022839349364208728,False,False,True
4b2f2c90b1ff4320b7c9df95215d06f4,phase1_ofat,4,4,16,684,487,2048,877,0.9999999999955896,0.9999999960409472,3.954642391335028e-09,False,False,True
4b77128ce938480d8bd440b499d876c0,phase1_ofat,0,4,16,1030,1018,2048,0,0.6461673234378108,0.6045549720767537,0.04161235136105712,False,False,True
4c6a76cddf4645c8b6f7cd47c895adf3,phase1_ofat,0,4,16,1037,1011,2048,0,0.7917459870248361,0.7171881525791832,0.07455783444565289,False,False,False
4d2e326cbeb6440f89470045ccae07a4,phase1_ofat,0,4,16,1033,1015,2048,0,0.7131096267795382,0.6545868376948085,0.05852278908472963,False,False,False
4d38c5a754754d778705d1a18dc4bc4f,phase1_ofat,0,4,16,371,309,2048,1368,0.9954036053046488,0.9913190068346175,0.0040845984700312865,False,False,False
4d38c5a754754d778705d1a18dc4bc4f,phase1_ofat,2,4,16,643,490,2048,915,0.9999999561011402,0.9999973438733094,2.612227830822711e-06,False,False,True
4d38c5a754754d778705d1a18dc4bc4f,phase1_ofat,4,4,16,643,490,2048,915,0.9999999561011402,0.9999973438733094,2.612227830822711e-06,False,False,True
4e2b4af549634c6c83a84bcb809dbadb,phase1_ofat,0,4,16,1045,1003,2048,0,0.9053275028450606,0.8233149893791909,0.08201251346586969,False,False,False
4fd37f36119e48c59f9baa4401bb3312,phase1_ofat,0,4,16,348,340,2048,1360,0.6309399179308807,0.6198030459366826,0.011136871994198105,False,False,True
4fd37f36119e48c59f9baa4401bb3312,phase1_ofat,2,4,16,686,495,2048,867,0.9999999999793006,0.9999999872414228,1.2737877752577731e-08,False,False,True
4fd37f36119e48c59f9baa4401bb3312,phase1_ofat,4,4,16,686,495,2048,867,0.9999999999793006,0.9999999872414228,1.2737877752577731e-08,False,False,True
4fd37f36119e48c59f9baa4401bb3312,phase1_ofat,6,4,16,686,495,2048,867,0.9999999999793006,0.9999999872414228,1.2737877752577731e-08,False,False,True
5004fdb1fff644f3bd397c1850ef7481,phase1_ofat,0,4,16,349,343,2048,1356,0.5987751603461247,0.5902000781150133,0.008575082231111364,False,False,False
5004fdb1fff644f3bd397c1850ef7481,phase1_ofat,4,4,16,676,482,2048,890,0.999999999992252,0.9999999944827482,5.509503742118227e-09,False,False,True
501f0afc53d640879339d232bf8b7bb2,phase1_ofat,0,4,16,1043,1005,2048,0,0.8824867166787485,0.799455861029213,0.0830308556495355,False,False,False
50649c32245743b68b231c1f4d3255ab,phase1_ofat,0,4,16,1044,1004,2048,0,0.8943528312829695,0.8116183107908302,0.08273452049213925,False,False,False
50f93b87cfa34b0f91b1f27c7b352169,phase1_ofat,0,3,8,1028,1020,2048,0,0.5987044783336715,0.5701553635820054,0.028549114751666105,False,False,False
5144f038cb794450b0ad92d632b596f9,phase1_ofat,0,4,16,1033,1015,2048,0,0.7131096267795382,0.6545868376948085,0.05852278908472963,False,False,False
5150cebcf3434aa39350c049ccc50886,phase1_ofat,0,4,16,1064,984,2048,0,0.9937950147858708,0.961462848318309,0.032332166467561874,False,False,False
523cd9d38e874089995075c5b78ead87,phase1_ofat,0,4,16,369,326,2048,1353,0.9632993793188052,0.9485978545632806,0.014701524755524553,True,False,True
523cd9d38e874089995075c5b78ead87,phase1_ofat,2,4,16,726,463,2048,859,1.0,0.9999999999999906,9.43689570931383e-15,False,False,True
523cd9d38e874089995075c5b78ead87,phase1_ofat,4,4,16,726,463,2048,859,1.0,0.9999999999999906,9.43689570931383e-15,False,False,True
53fe52516d5b4620acc08d500bce09ea,phase1_ofat,0,4,16,1034,1014,2048,0,0.7340119205550315,0.6707290763478901,0.06328284420714136,False,False,True
54233246d42f461e8b751261327d881f,phase1_ofat,0,4,16,380,333,2048,1335,0.973640592089342,0.9608465840698988,0.012794008019443193,False,False,False
54233246d42f461e8b751261327d881f,phase1_ofat,4,4,16,731,492,2048,825,0.9999999999999996,0.9999999999964526,3.54694051907245e-12,False,False,True
544565a8d54e4beba060589d8d074cfc,phase1_ofat,0,4,16,1059,989,2048,0,0.9856531192307236,0.9390543579553966,0.04659876127532703,True,False,False
55320f845c904d0fbc60ae6de84de702,phase1_ofat,0,4,16,1027,1021,2048,0,0.5743642426858293,0.5527361245233202,0.02162811816250909,False,False,True
5563caaabb59412d92f700e2b46d09b5,phase1_ofat,0,4,16,716,694,4096,2686,0.7401800340647477,0.7210162852503639,0.019163748814383874,False,False,True
5563caaabb59412d92f700e2b46d09b5,phase1_ofat,2,4,16,1358,988,4096,1750,1.0,0.9999999999999903,9.658940314238862e-15,False,False,True
5563caaabb59412d92f700e2b46d09b5,phase1_ofat,4,4,16,1358,988,4096,1750,1.0,0.9999999999999903,9.658940314238862e-15,False,False,True
557b4e5764e1479eb32bc64c42047d8e,phase1_ofat,0,4,16,1067,981,2048,0,0.9964042116075438,0.971319607521823,0.025084604085720774,False,False,True
559c54e645f546d1941647676d096948,phase1_ofat,0,4,16,1036,1012,2048,0,0.7733706289595478,0.7020530734658338,0.07131755549371399,False,False,False
563cf9ba701a47c79ba81e5fee813049,phase1_ofat,0,4,16,365,351,2048,1332,0.7176688113979913,0.6995686177078028,0.01810019369018856,False,False,False
563cf9ba701a47c79ba81e5fee813049,phase1_ofat,4,4,16,684,489,2048,875,0.9999999999926844,0.9999999942311006,5.761583765639955e-09,False,False,True
5725196576934a81980dc5f17413fc00,phase1_ofat,0,4,16,1034,1014,2048,0,0.7340119205550315,0.6707290763478901,0.06328284420714136,False,False,False
5874e6601503408f90cdb5fd77df3691,phase1_ofat,0,4,16,376,339,2048,1333,0.9361434960367556,0.9168007044754798,0.01934279156127583,False,False,True
59e6d52ac91a4044b89d6444b9e69cc5,phase1_ofat,0,4,16,1026,1022,2048,0,0.5497372320664393,0.5352145698167151,0.014522662249724205,False,False,True
5b80430b5be141bcace64a42960439cc,phase1_ofat,0,4,16,1044,1004,2048,0,0.8943528312829695,0.8116183107908302,0.08273452049213925,False,False,False
5b9931b98de4477abf62c227a39a99b6,phase1_ofat,0,6,64,1031,1017,2048,0,0.6691229968417161,0.6214715225467233,0.047651474294992724,False,False,True
5bf30c9efe4d44f2adc256a73e62875b,phase1_ofat,0,4,16,1053,995,2048,0,0.9650520138225074,0.9000198235880797,0.06503219023442763,True,False,False
5c31b0fa2b624ebc89782eadf29de143,phase1_ofat,0,3,8,1085,963,2048,0,0.9999315079048354,0.9964967269238677,0.003434780980967722,False,False,True
5cd331b84a3944f8a27c11bd5f3033ca,phase1_ofat,0,4,16,1034,1014,2048,0,0.7340119205550315,0.6707290763478901,0.06328284420714136,False,False,True
5d1f2d5692614ce6a45b99ec422fb267,phase1_ofat,0,4,16,378,356,2048,1314,0.8149513448970738,0.7916051132253571,0.023346231671716677,False,False,True
5d1f2d5692614ce6a45b99ec422fb267,phase1_ofat,2,4,16,674,468,2048,906,0.9999999999996826,0.9999999995084345,4.912480422447629e-10,False,False,True
5d1f2d5692614ce6a45b99ec422fb267,phase1_ofat,4,4,16,674,468,2048,906,0.9999999999996826,0.9999999995084345,4.912480422447629e-10,False,False,True
5d56892c038647dc8943d886a5506858,phase1_ofat,0,6,64,362,333,2048,1353,0.886332872957989,0.8643470498425996,0.021985823115389436,False,False,True
5d56892c038647dc8943d886a5506858,phase1_ofat,4,4,16,690,510,2048,848,0.9999999996958098,0.9999999033205905,9.637521924954484e-08,False,False,True
5d69dbc5f9e64af0b7cdfe3378b0361e,phase1_ofat,0,4,16,34,30,64,0,0.7601701053547897,0.6912853171102596,0.06888478824453004,False,False,False
5d85ce7dd4d844289f776aaaf35b59f3,phase1_ofat,0,6,64,357,334,2048,1357,0.8313811758713121,0.809195712519216,0.022185463352096146,False,False,False
5d85ce7dd4d844289f776aaaf35b59f3,phase1_ofat,4,4,16,685,478,2048,885,0.9999999999996696,0.9999999994199231,5.797464730505908e-10,False,False,True
5f1e05fad6234260a3b2a43c2714331e,phase1_ofat,0,4,16,12,12,64,40,0.5000000000000002,0.5000000000000002,0.0,False,False,True
5f1e05fad6234260a3b2a43c2714331e,phase1_ofat,2,4,16,21,16,64,27,0.8351585035097291,0.7942688483889697,0.04088965512075937,False,False,True
5f1e05fad6234260a3b2a43c2714331e,phase1_ofat,4,4,16,21,16,64,27,0.8351585035097291,0.7942688483889697,0.04088965512075937,False,False,True
5f8ab0ce047e40f7a5a9e92e6b9693c9,phase1_ofat,0,4,16,44,40,256,172,0.6833478941111762,0.6686098570294696,0.014738037081706623,False,False,False
5f8ab0ce047e40f7a5a9e92e6b9693c9,phase1_ofat,2,4,16,98,52,256,106,0.9999964853230447,0.9999228998385982,7.358548444658108e-05,False,False,True
5f8ab0ce047e40f7a5a9e92e6b9693c9,phase1_ofat,4,4,16,98,52,256,106,0.9999964853230447,0.9999228998385982,7.358548444658108e-05,False,False,True
5fd98c0fb8c34ef0a12234b1ca16a295,phase1_ofat,0,4,16,2058,2038,4096,0,0.6707330063296408,0.6226675379747175,0.04806546835492331,False,False,True
60092a4d5c724cb7baa74de32d5c36cb,phase1_ofat,0,4,16,345,337,2048,1366,0.6313819742160115,0.6203125788119895,0.011069395404021964,False,False,False
60092a4d5c724cb7baa74de32d5c36cb,phase1_ofat,2,4,16,670,481,2048,897,0.9999999999766404,0.9999999881877846,1.1788855780459073e-08,False,False,True
60092a4d5c724cb7baa74de32d5c36cb,phase1_ofat,4,4,16,670,481,2048,897,0.9999999999766404,0.9999999881877846,1.1788855780459073e-08,False,False,True
60092a4d5c724cb7baa74de32d5c36cb,phase1_ofat,6,4,16,670,481,2048,897,0.9999999999766404,0.9999999881877846,1.1788855780459073e-08,False,False,True
60092a4d5c724cb7baa74de32d5c36cb,phase1_ofat,8,4,16,670,481,2048,897,0.9999999999766404,0.9999999881877846,1.1788855780459073e-08,False,False,True
60e40d21a08147e983433a377204bd95,phase1_ofat,0,4,16,1063,985,2048,0,0.9926104042616448,0.9576199881362489,0.034990416125395885,False,False,True
611d38a22c1d4ab690356277abb81841,phase1_ofat,0,4,16,1032,1016,2048,0,0.6914597687007419,0.6381584736889361,0.053301295011805805,False,False,True
61e3769e6032474b8925667f68b8067e,phase1_ofat,0,4,16,1034,1014,2048,0,0.7340119205550315,0.6707290763478901,0.06328284420714136,False,False,True
62528f856d4e44a8a229d2bf78626312,phase1_ofat,0,4,16,1059,989,2048,0,0.9856531192307236,0.9390543579553966,0.04659876127532703,True,False,False
62598b8bb8124f289d0ba05585d5397b,phase1_ofat,0,6,64,1041,1007,2048,0,0.855996244506425,0.7737602105025619,0.08223603400386303,False,False,True
625c4ce9d4b94de0beebd1fc73a5b165,phase1_ofat,0,4,16,1029,1019,2048,0,0.6226675344369023,0.5874391102610403,0.03522842417586192,False,False,True
6267042b6c464b2f9d79bcd0ededa512,phase1_ofat,0,4,16,359,342,2048,1347,0.7596670175207071,0.7395751340236616,0.020091883497045493,False,False,False
6267042b6c464b2f9d79bcd0ededa512,phase1_ofat,2,4,16,693,487,2048,868,0.9999999999994648,0.9999999990829909,9.164738967726294e-10,False,False,True
6267042b6c464b2f9d79bcd0ededa512,phase1_ofat,4,4,16,693,487,2048,868,0.9999999999994648,0.9999999990829909,9.164738967726294e-10,False,False,True
62a4de8f679c42ee9a184cf08685b7c9,phase1_ofat,0,4,16,725,695,4096,2676,0.8093782673326849,0.7870130960092077,0.022365171323477262,False,False,True
62a4de8f679c42ee9a184cf08685b7c9,phase1_ofat,2,4,16,1390,970,4096,1736,1.0,1.0,0.0,False,False,True
62a4de8f679c42ee9a184cf08685b7c9,phase1_ofat,4,4,16,1390,970,4096,1736,1.0,1.0,0.0,False,False,True
6343243dc2f34706909cc79f6a76c033,phase1_ofat,0,3,8,1050,998,2048,0,0.9479244942219338,0.8747350950608674,0.07318939916106637,False,False,False
641b9137e62b4aa3be25d8d86bc10d6d,phase1_ofat,0,4,16,346,344,2048,1358,0.5332684417161365,0.5303419796330373,0.0029264620830992127,False,False,False
641b9137e62b4aa3be25d8d86bc10d6d,phase1_ofat,1,4,16,719,474,2048,855,1.0,0.9999999999994528,5.472289288377397e-13,False,False,True
641b9137e62b4aa3be25d8d86bc10d6d,phase1_ofat,2,4,16,678,476,2048,894,0.9999999999989652,0.9999999987483598,1.2506053970184894e-09,False,False,True
641b9137e62b4aa3be25d8d86bc10d6d,phase1_ofat,3,4,16,719,474,2048,855,1.0,0.9999999999994528,5.472289288377397e-13,False,False,True
641b9137e62b4aa3be25d8d86bc10d6d,phase1_ofat,4,4,16,678,476,2048,894,0.9999999999989652,0.9999999987483598,1.2506053970184894e-09,False,False,True
65026be65d0f41f98a90fbb03c783e9f,phase1_ofat,0,4,16,2110,1986,4096,0,0.9969300983615164,0.9736645026388655,0.023265595722650856,False,False,False
659c5674a9b24406a84b36edec26a213,phase1_ofat,0,4,16,1037,1011,2048,0,0.7917459870248361,0.7171881525791832,0.07455783444565289,False,False,True
65eedc4589c142cfa38f836df361e33a,phase1_ofat,0,4,16,1050,998,2048,0,0.9479244942219338,0.8747350950608674,0.07318939916106637,False,False,True
668af01b1f944176a8fc3e6cd76405a1,phase1_ofat,0,4,16,347,342,2048,1359,0.5827144549253828,0.5755266678612052,0.007187787064177553,False,False,False
668af01b1f944176a8fc3e6cd76405a1,phase1_ofat,2,4,16,709,470,2048,869,0.9999999999999996,0.9999999999985676,1.431965657161527e-12,False,False,True
668af01b1f944176a8fc3e6cd76405a1,phase1_ofat,4,4,16,709,470,2048,869,0.9999999999999996,0.9999999999985676,1.431965657161527e-12,False,False,True
66d1ccfc95e941d1bc534914e26c23a3,phase1_ofat,0,4,16,1029,1019,2048,0,0.6226675344369023,0.5874391102610403,0.03522842417586192,False,False,False
670d6c61c762460891b7b0d62076b440,phase1_ofat,0,4,16,1047,1001,2048,0,0.9247164347915846,0.8452965550024331,0.07941987978915155,False,False,True
691b1374dd8b48b58142229884fce949,phase1_ofat,0,4,16,1040,1008,2048,0,0.8413447372942667,0.7602454628258489,0.0810992744684178,False,False,False
6927fa09b0a747f09ab610e86b31f6bf,phase1_ofat,0,4,16,1052,996,2048,0,0.9599471747390904,0.8920424888034514,0.06790468593563903,True,False,True
6a08811b214744349bd57be07c2bd09d,phase1_ofat,0,2,4,530,528,2048,990,0.5284573831464748,0.5245126100683217,0.003944773078153108,False,False,True
6a08811b214744349bd57be07c2bd09d,phase1_ofat,1,2,4,761,540,2048,747,0.999999999999947,0.99999999959146,4.0848702198559295e-10,False,False,True
6a08811b214744349bd57be07c2bd09d,phase1_ofat,2,2,4,757,539,2048,752,0.9999999999998912,0.9999999993588072,6.41083963692779e-10,False,False,True
6a08811b214744349bd57be07c2bd09d,phase1_ofat,3,2,4,761,540,2048,747,0.999999999999947,0.99999999959146,4.0848702198559295e-10,False,False,True
6a08811b214744349bd57be07c2bd09d,phase1_ofat,4,2,4,757,539,2048,752,0.9999999999998912,0.9999999993588072,6.41083963692779e-10,False,False,True
6a08811b214744349bd57be07c2bd09d,phase1_ofat,5,2,4,761,540,2048,747,0.999999999999947,0.99999999959146,4.0848702198559295e-10,False,False,True
6a08811b214744349bd57be07c2bd09d,phase1_ofat,6,2,4,757,539,2048,752,0.9999999999998912,0.9999999993588072,6.41083963692779e-10,False,False,True
6a6a327eed7f47e4bb25a424651f5b70,phase1_ofat,0,2,4,1032,1016,2048,0,0.6914597687007419,0.6381584736889361,0.053301295011805805,False,False,True
6a85bb8112d64e70991e24be7f358079,phase1_ofat,0,3,8,389,373,2048,1286,0.739700623950717,0.7188999220087491,0.020800701941967925,False,False,False
6a85bb8112d64e70991e24be7f358079,phase1_ofat,1,3,8,679,505,2048,864,0.9999999990453914,0.9999997964273756,2.026180158098967e-07,False,False,True
6a85bb8112d64e70991e24be7f358079,phase1_ofat,2,3,8,722,479,2048,847,1.0,0.9999999999990085,9.915401832927273e-13,False,False,True
6a85bb8112d64e70991e24be7f358079,phase1_ofat,3,3,8,679,505,2048,864,0.9999999990453914,0.9999997964273756,2.026180158098967e-07,False,False,True
6a85bb8112d64e70991e24be7f358079,phase1_ofat,4,3,8,722,479,2048,847,1.0,0.9999999999990085,9.915401832927273e-13,False,False,True
6a85bb8112d64e70991e24be7f358079,phase1_ofat,5,3,8,679,505,2048,864,0.9999999990453914,0.9999997964273756,2.026180158098967e-07,False,False,True
6b05d754539b48eea4b820bbf8270939,phase1_ofat,0,4,16,336,323,2048,1389,0.7097979275355959,0.6936981461670171,0.016099781368578814,False,False,False
6b05d754539b48eea4b820bbf8270939,phase1_ofat,2,4,16,696,491,2048,861,0.9999999999992444,0.9999999987744821,1.2247622915850798e-09,False,False,True
6b05d754539b48eea4b820bbf8270939,phase1_ofat,4,4,16,696,491,2048,861,0.9999999999992444,0.9999999987744821,1.2247622915850798e-09,False,False,True
6b5628ed905a410ea0b4ef3d14583836,phase1_ofat,0,4,16,1035,1013,2048,0,0.7541138183271805,0.6865592369216487,0.06755458140553183,False,False,True
6bee7479e03745c28bb59fb098adda3d,phase1_ofat,0,4,16,355,346,2048,1347,0.6455549092840849,0.6330301222166943,0.012524787067390575,False,False,False
6bee7479e03745c28bb59fb098adda3d,phase1_ofat,2,4,16,650,502,2048,896,0.9999998687609132,0.9999936788972632,6.189863649974647e-06,False,False,True
6bee7479e03745c28bb59fb098adda3d,phase1_ofat,4,4,16,650,502,2048,896,0.9999998687609132,0.9999936788972632,6.189863649974647e-06,False,False,True
6bee7479e03745c28bb59fb098adda3d,phase1_ofat,6,4,16,650,502,2048,896,0.9999998687609132,0.9999936788972632,6.189863649974647e-06,False,False,True
6bee7479e03745c28bb59fb098adda3d,phase1_ofat,8,4,16,650,502,2048,896,0.9999998687609132,0.9999936788972632,6.189863649974647e-06,False,False,True
6c8d6b92513d4f1fa8220464808b5751,phase1_ofat,0,4,16,192,186,1024,646,0.6337145956699893,0.6211661240717903,0.012548471598199051,False,False,False
6c8d6b92513d4f1fa8220464808b5751,phase1_ofat,2,4,16,344,241,1024,439,0.9999997769065306,0.9999901841390617,9.592767468924457e-06,False,False,True
6c8d6b92513d4f1fa8220464808b5751,phase1_ofat,4,4,16,344,241,1024,439,0.9999997769065306,0.9999901841390617,9.592767468924457e-06,False,False,True
6c9a3f4752ba458298cd6b3a3dc0e15c,phase1_ofat,0,2,4,1050,998,2048,0,0.9479244942219338,0.8747350950608674,0.07318939916106637,False,False,False
6e387120b98b48dd8a5bbe6a75db2fdb,phase1_ofat,0,4,16,1042,1006,2048,0,0.8697067625377641,0.7868337662243936,0.08287299631337053,False,False,True
6f16678480024c9c990d1296b20a67ca,phase1_ofat,0,4,16,1037,1011,2048,0,0.7917459870248361,0.7171881525791832,0.07455783444565289,False,False,True
6f44727b5d934c1da1060bdc16c983b8,phase1_ofat,0,4,16,372,340,2048,1336,0.9064945583806192,0.8847966761530355,0.02169788222758373,False,False,False
6f44727b5d934c1da1060bdc16c983b8,phase1_ofat,1,4,16,713,457,2048,878,1.0,0.9999999999999714,2.864375403532904e-14,False,False,True
6f44727b5d934c1da1060bdc16c983b8,phase1_ofat,2,4,16,682,494,2048,872,0.999999999960713,0.9999999803070995,1.9653613514414303e-08,False,False,True
6f44727b5d934c1da1060bdc16c983b8,phase1_ofat,3,4,16,713,457,2048,878,1.0,0.9999999999999714,2.864375403532904e-14,False,False,True
6f44727b5d934c1da1060bdc16c983b8,phase1_ofat,4,4,16,682,494,2048,872,0.999999999960713,0.9999999803070995,1.9653613514414303e-08,False,False,True
6fd10623eb0741eea3f84f3144bafac2,phase1_ofat,0,4,16,1057,991,2048,0,0.9804264123412696,0.9276451148872553,0.052781297454014275,True,False,False
703a9b5157bd4753a98b824a24b8979a,phase1_ofat,0,4,16,55,43,256,158,0.9112754201860012,0.8873693696593102,0.023906050526690925,False,False,False
703a9b5157bd4753a98b824a24b8979a,phase1_ofat,2,4,16,99,52,256,105,0.9999977020405836,0.9999420478465068,5.565419407682626e-05,False,False,True
703a9b5157bd4753a98b824a24b8979a,phase1_ofat,4,4,16,99,52,256,105,0.9999977020405836,0.9999420478465068,5.565419407682626e-05,False,False,True
71498a04f2aa4da7a3f4db349fad9503,phase1_ofat,0,6,64,381,332,2048,1335,0.9782930001386234,0.9667895644127106,0.011503435725912836,False,False,True
71498a04f2aa4da7a3f4db349fad9503,phase1_ofat,4,4,16,704,488,2048,856,0.9999999999999508,0.9999999998230978,1.768529767076643e-10,False,False,True
7177d4b8756945b5a99b2040ec08282a,phase1_ofat,0,4,16,725,711,4096,2660,0.6579244685829052,0.6440953867856052,0.013829081797300025,False,False,False
7177d4b8756945b5a99b2040ec08282a,phase1_ofat,2,4,16,1367,999,4096,1730,0.9999999999999984,0.9999999999999828,1.5654144647214707e-14,False,False,True
7177d4b8756945b5a99b2040ec08282a,phase1_ofat,4,4,16,1367,999,4096,1730,0.9999999999999984,0.9999999999999828,1.5654144647214707e-14,False,False,True
719b748177a040a094870329f66f4b08,phase1_ofat,0,4,16,344,327,2048,1377,0.7635165622815547,0.7441622931547218,0.019354269126832913,False,False,False
719b748177a040a094870329f66f4b08,phase1_ofat,2,4,16,707,473,2048,868,1.0,0.9999999999958757,4.1242564918775315e-12,False,False,True
719b748177a040a094870329f66f4b08,phase1_ofat,4,4,16,707,473,2048,868,1.0,0.9999999999958757,4.1242564918775315e-12,False,False,True
71b6d448469a4c7481822eeab9290a42,phase1_ofat,0,4,16,1037,1011,2048,0,0.7917459870248361,0.7171881525791832,0.07455783444565289,False,False,False
7226baccaea045f886431c8c5ab6305f,phase1_ofat,0,6,64,1034,1014,2048,0,0.7340119205550315,0.6707290763478901,0.06328284420714136,False,False,False
72439e86a1e645708e92343aa7b4a42d,phase1_ofat,0,4,16,372,319,2048,1357,0.9865193628729249,0.9781502376242702,0.00836912524865463,False,False,True
72439e86a1e645708e92343aa7b4a42d,phase1_ofat,2,4,16,672,490,2048,886,0.9999999998675438,0.9999999559571604,4.3910383440426415e-08,False,False,True
72439e86a1e645708e92343aa7b4a42d,phase1_ofat,4,4,16,672,490,2048,886,0.9999999998675438,0.9999999559571604,4.3910383440426415e-08,False,False,True
726b90da86c24bd89989cb5d258a1798,phase1_ofat,0,4,16,130,126,256,0,0.6381440112396669,0.5986766484689652,0.03946736277070173,False,False,False
7287d8edc7d04bcb83d202e869d37a0b,phase1_ofat,0,4,16,8212,8172,16384,0,0.6707339894233088,0.622669173506355,0.048064815916953774,False,False,False
73470f59f0104bf188569a1224c57a32,phase1_ofat,0,4,16,1049,999,2048,0,0.9409202645237263,0.8653907906058425,0.0755294739178839,False,False,False
741e8a0199f0443384cb4321093fb87b,phase1_ofat,0,4,16,137,119,256,0,0.9442383941617616,0.8697257432169478,0.07451265094481374,False,False,False
748dd5015333427ca590b86f1902265a,phase1_ofat,0,4,16,1056,992,2048,0,0.9772564565321858,0.9213588396219684,0.05589761691021744,True,False,True
74be49b763ef4e01bf0ded38ee020360,phase1_ofat,0,4,16,1043,1005,2048,0,0.8824867166787485,0.799455861029213,0.0830308556495355,False,False,True
754cf57cfac34fe39e8ca7bdaa562a57,phase1_ofat,0,4,16,2068,2028,4096,0,0.8116199079766159,0.7340119266669494,0.07760798130966651,False,False,True
75a2c851684c4b3794811275a19f799b,phase1_ofat,0,4,16,341,340,2048,1367,0.516736182822194,0.5152818902819603,0.0014542925402337703,False,False,False
75a2c851684c4b3794811275a19f799b,phase1_ofat,2,4,16,649,507,2048,892,0.9999995975908011,0.9999855170914669,1.4080499334268026e-05,False,False,True
75a2c851684c4b3794811275a19f799b,phase1_ofat,4,4,16,649,507,2048,892,0.9999995975908011,0.9999855170914669,1.4080499334268026e-05,False,False,True
75e50c715cdc4aa28a411eea0c8e8bb0,phase1_ofat,0,4,16,1029,1019,2048,0,0.6226675344369023,0.5874391102610403,0.03522842417586192,False,False,False
766875c3150f4dc882e269384dfff07f,phase1_ofat,0,4,16,345,326,2048,1377,0.7887523658839091,0.7683563421557245,0.02039602372818461,False,False,True
766875c3150f4dc882e269384dfff07f,phase1_ofat,1,4,16,703,472,2048,873,1.0,0.9999999999931237,6.8762773253183695e-12,False,False,True
766875c3150f4dc882e269384dfff07f,phase1_ofat,2,4,16,654,484,2048,910,0.9999999985600118,0.9999997773115872,2.2124842458115523e-07,False,False,True
766875c3150f4dc882e269384dfff07f,phase1_ofat,3,4,16,703,472,2048,873,1.0,0.9999999999931237,6.8762773253183695e-12,False,False,True
766875c3150f4dc882e269384dfff07f,phase1_ofat,4,4,16,654,484,2048,910,0.9999999985600118,0.9999997773115872,2.2124842458115523e-07,False,False,True
767eec4a6dac44ecbd124cd0a46f4cf8,phase1_ofat,0,4,16,1058,990,2048,0,0.9832130332598576,0.9335390552423689,0.04967397801748874,True,False,True
77f7381de0a4461bab16b336f809b0f2,phase1_ofat,0,3,8,1057,991,2048,0,0.9804264123412696,0.9276451148872553,0.052781297454014275,True,False,False
78d03da6636f4d8eb4fde8bdb75e0b00,phase1_ofat,0,4,16,353,327,2048,1368,0.8625416549122056,0.8406307368204917,0.02191091809171386,False,False,False
78d03da6636f4d8eb4fde8bdb75e0b00,phase1_ofat,2,4,16,661,468,2048,919,0.9999999999931608,0.9999999957354813,4.257679542263304e-09,False,False,True
78d03da6636f4d8eb4fde8bdb75e0b00,phase1_ofat,4,4,16,661,468,2048,919,0.9999999999931608,0.9999999957354813,4.257679542263304e-09,False,False,True
791f70b288634b549652d8909901092f,phase1_ofat,0,4,16,1042,1006,2048,0,0.8697067625377641,0.7868337662243936,0.08287299631337053,False,False,False
793c457d92a448f082be79064822f747,phase1_ofat,0,4,16,1026,1022,2048,0,0.5497372320664393,0.5352145698167151,0.014522662249724205,False,False,False
79946bc75aa144cc92f8a429cd169909,phase1_ofat,0,4,16,2050,2046,4096,0,0.5352156340250827,0.5249171645391731,0.010298469485909512,False,False,True
79c26390bb1b4ead87eeae6fb64fde2b,phase1_ofat,0,4,16,2086,2010,4096,0,0.9534638871288078,0.8824867236551993,0.0709771634736085,True,False,True
7ae9e1c439a94f83b488ad8d6eec2698,phase1_ofat,0,4,16,8,8,16,0,0.500000000000067,0.5000000000000007,6.628031457012185e-14,False,False,True
7b1c6a55c3a14c7ba0d86e8f0b23d2b1,phase1_ofat,0,4,16,1031,1017,2048,0,0.6691229968417161,0.6214715225467233,0.047651474294992724,False,False,False
7ba5a6f50916482fbb2943de6e7bb9ca,phase1_ofat,0,4,16,2083,2013,4096,0,0.9390464288683072,0.8629686373757621,0.07607779149254512,False,False,False
7c5c3cf71aaf46179032374a98cb2871,phase1_ofat,0,4,16,6,3,16,7,0.881083730681911,0.8410003744629815,0.040083356218929556,False,False,True
7c5c3cf71aaf46179032374a98cb2871,phase1_ofat,2,4,16,5,5,16,6,0.5000000000000002,0.5000000000000003,-1.1102230246251565e-16,False,False,True
7c5c3cf71aaf46179032374a98cb2871,phase1_ofat,4,4,16,5,5,16,6,0.5000000000000002,0.5000000000000003,-1.1102230246251565e-16,False,False,True
7c860ade59d94a31b02b714e7cdf0fef,phase1_ofat,0,4,16,1056,992,2048,0,0.9772564565321858,0.9213588396219684,0.05589761691021744,True,False,True
7df22ab5833d4966a9a4eaf192d37f22,phase1_ofat,0,4,16,1082,966,2048,0,0.9998560195519433,0.9948239924874094,0.005032027064533873,False,False,False
7e923b1614944fc591f7154b5201bbb6,phase1_ofat,0,4,16,1068,980,2048,0,0.997023575317608,0.9740982947689322,0.02292528054867582,False,False,False
7f442b0b54284afeb22e7c88fbcfe03d,phase1_ofat,0,4,16,2837,2750,16384,10797,0.8993722576376093,0.877776715992872,0.021595541644737315,False,False,False
7f442b0b54284afeb22e7c88fbcfe03d,phase1_ofat,2,4,16,5529,3757,16384,7098,1.0,1.0,0.0,False,False,True
7f442b0b54284afeb22e7c88fbcfe03d,phase1_ofat,4,4,16,5529,3757,16384,7098,1.0,1.0,0.0,False,False,True
8135dcb31f944d3f893e74fd921923da,phase1_ofat,0,4,16,517,507,1024,0,0.6707290572908793,0.6226609862480241,0.048068071042855154,False,False,False
81ed41d306ef43ac802263f2085f34ed,phase1_ofat,0,4,16,4,3,16,9,0.6642697648948153,0.6455130908268756,0.018756674067939683,False,False,False
81ed41d306ef43ac802263f2085f34ed,phase1_ofat,2,4,16,5,4,16,7,0.6521016341618664,0.6293449696238899,0.022756664537976534,False,False,True
81ed41d306ef43ac802263f2085f34ed,phase1_ofat,4,4,16,5,4,16,7,0.6521016341618664,0.6293449696238899,0.022756664537976534,False,False,True
82e38d88c2f24b19af8b73efab8b9170,phase1_ofat,0,4,16,1031,1017,2048,0,0.6691229968417161,0.6214715225467233,0.047651474294992724,False,False,True
8358cf4966e04916b288d9a161dc93c6,phase1_ofat,0,4,16,1053,995,2048,0,0.9650520138225074,0.9000198235880797,0.06503219023442763,True,False,False
845468ed384f4c148e6bdf188d2ba4f3,phase1_ofat,0,4,16,1077,971,2048,0,0.9995387798801548,0.9904281068267001,0.009110673053454699,False,False,True
85b6c7239e7b4ee8a3397dd691971686,phase1_ofat,0,4,16,346,336,2048,1366,0.6625369858255032,0.6490955414406683,0.013441444384834966,False,False,False
85b6c7239e7b4ee8a3397dd691971686,phase1_ofat,2,4,16,702,454,2048,892,0.9999999999999988,0.9999999999998779,1.2090328738167955e-13,False,False,True
85b6c7239e7b4ee8a3397dd691971686,phase1_ofat,4,4,16,702,454,2048,892,0.9999999999999988,0.9999999999998779,1.2090328738167955e-13,False,False,True
861c593d1949430d8d5ebbc85e062044,phase1_ofat,0,4,16,363,336,2048,1349,0.868944472653265,0.8464293414190827,0.02251513123418236,False,False,True
861c593d1949430d8d5ebbc85e062044,phase1_ofat,2,4,16,675,483,2048,890,0.9999999999875044,0.9999999921997766,7.787727795971477e-09,False,False,True
861c593d1949430d8d5ebbc85e062044,phase1_ofat,4,4,16,675,483,2048,890,0.9999999999875044,0.9999999921997766,7.787727795971477e-09,False,False,True
869ee581b2904cea8465923da18bddc9,phase1_ofat,0,4,16,1063,985,2048,0,0.9926104042616448,0.9576199881362489,0.034990416125395885,False,False,False
871b3a3267a749b5bbfa9e95170cbb7d,phase1_ofat,0,4,16,1034,1014,2048,0,0.7340119205550315,0.6707290763478901,0.06328284420714136,False,False,True
872b84adae054aa29308261d10207c36,phase1_ofat,0,2,4,1071,977,2048,0,0.9983480814264004,0.9811179705628548,0.017230110863545645,False,False,True
874cff6e99cb4f249b31979206e7e632,phase1_ofat,0,4,16,358,352,2048,1338,0.5977945541006807,0.5890690361926199,0.008725517908060865,False,False,False
874cff6e99cb4f249b31979206e7e632,phase1_ofat,2,4,16,680,487,2048,881,0.9999999999890252,0.9999999925300753,7.458949902172662e-09,False,False,True
874cff6e99cb4f249b31979206e7e632,phase1_ofat,4,4,16,680,487,2048,881,0.9999999999890252,0.9999999925300753,7.458949902172662e-09,False,False,True
874cff6e99cb4f249b31979206e7e632,phase1_ofat,6,4,16,680,487,2048,881,0.9999999999890252,0.9999999925300753,7.458949902172662e-09,False,False,True
874cff6e99cb4f249b31979206e7e632,phase1_ofat,8,4,16,680,487,2048,881,0.9999999999890252,0.9999999925300753,7.458949902172662e-09,False,False,True
885fba69d6634a688692a85eacc657e4,phase1_ofat,0,4,16,1048,1000,2048,0,0.9331977333710608,0.8555790372035914,0.07761869616746941,False,False,False
8ab11077434e46f1907c90eac48e4c37,phase1_ofat,0,4,16,1035,1013,2048,0,0.7541138183271805,0.6865592369216487,0.06755458140553183,False,False,False
8cb04a05516b433299841a820e7fe5e0,phase1_ofat,0,4,16,47,35,256,174,0.926072391540294,0.9076106682378507,0.018461723302443223,False,False,True
8cb04a05516b433299841a820e7fe5e0,phase1_ofat,2,4,16,77,63,256,116,0.9175139587792862,0.8816929616746306,0.03582099710465558,False,False,True
8cb04a05516b433299841a820e7fe5e0,phase1_ofat,4,4,16,77,63,256,116,0.9175139587792862,0.8816929616746306,0.03582099710465558,False,False,True
8d6364e7d5944127bf89ed9393327501,phase1_ofat,0,4,16,376,359,2048,1313,0.7555950509279082,0.7346740416694155,0.020921009258492718,False,False,False
8d6364e7d5944127bf89ed9393327501,phase1_ofat,2,4,16,700,468,2048,880,0.9999999999999992,0.9999999999951383,4.860889468716323e-12,False,False,True
8d6364e7d5944127bf89ed9393327501,phase1_ofat,4,4,16,700,468,2048,880,0.9999999999999992,0.9999999999951383,4.860889468716323e-12,False,False,True
8f40826397304522a8b97c6087fa79ae,phase1_ofat,0,4,16,354,336,2048,1358,0.7738035966275518,0.7533924680201723,0.02041112860737948,False,False,True
8f40826397304522a8b97c6087fa79ae,phase1_ofat,2,4,16,671,494,2048,883,0.9999999995850736,0.9999998978709941,1.0171407949233213e-07,False,False,True
8f40826397304522a8b97c6087fa79ae,phase1_ofat,4,4,16,671,494,2048,883,0.9999999995850736,0.9999998978709941,1.0171407949233213e-07,False,False,True
8f60b423a54d49f2b3fdc38e28e2e595,phase1_ofat,0,4,16,513,511,1024,0,0.535214565631085,0.5249156489549425,0.010298916676142578,False,False,True
8fb768e0fb3644f1b0b3fc7e48a978d3,phase1_ofat,0,4,16,2091,2005,4096,0,0.9713096730279156,0.9104889402033203,0.060820732824595325,True,False,True
8fc1420abe6b42b38e9440ca732aac74,phase1_ofat,0,4,16,361,360,2048,1327,0.5163617317685726,0.5148522361530335,0.001509495615539036,False,False,False
8fc1420abe6b42b38e9440ca732aac74,phase1_ofat,2,4,16,679,483,2048,886,0.9999999999949718,0.9999999958723597,4.122612140555759e-09,False,False,True
8fc1420abe6b42b38e9440ca732aac74,phase1_ofat,4,4,16,679,483,2048,886,0.9999999999949718,0.9999999958723597,4.122612140555759e-09,False,False,True
8fc1420abe6b42b38e9440ca732aac74,phase1_ofat,6,4,16,679,483,2048,886,0.9999999999949718,0.9999999958723597,4.122612140555759e-09,False,False,True
8fc1420abe6b42b38e9440ca732aac74,phase1_ofat,8,4,16,679,483,2048,886,0.9999999999949718,0.9999999958723597,4.122612140555759e-09,False,False,True
8fee074731df4d5aa16be4063e651a92,phase1_ofat,0,4,16,8201,8183,16384,0,0.5788190706508177,0.555916624350367,0.022902446300450685,False,False,False
902206ecf392461c8b8a348202b40954,phase1_ofat,0,4,16,353,353,2048,1342,0.5,0.4999999999999999,1.1102230246251565e-16,False,False,True
902206ecf392461c8b8a348202b40954,phase1_ofat,2,4,16,691,503,2048,854,0.9999999999522003,0.9999999750505734,2.490162698265408e-08,False,False,True
902206ecf392461c8b8a348202b40954,phase1_ofat,4,4,16,691,503,2048,854,0.9999999999522003,0.9999999750505734,2.490162698265408e-08,False,False,True
90a63530f9404c57944446f1a90e4c1a,phase1_ofat,0,4,16,371,338,2048,1339,0.913557500231762,0.8924047960507495,0.02115270418101245,False,False,False
90a63530f9404c57944446f1a90e4c1a,phase1_ofat,2,4,16,657,504,2048,887,0.9999999452628484,0.9999965461829157,3.399079932742133e-06,False,False,True
90a63530f9404c57944446f1a90e4c1a,phase1_ofat,4,4,16,657,504,2048,887,0.9999999452628484,0.9999965461829157,3.399079932742133e-06,False,False,True
9107930390ac4f1ea53d923d6d4a04e0,phase1_ofat,0,4,16,2087,2009,4096,0,0.9576106219992304,0.8885327363178461,0.06907788568138429,True,False,False
91280fbe986c41ed842ad65fed654eb8,phase1_ofat,0,4,16,380,340,2048,1328,0.9497276432824016,0.932009120382223,0.0177185229001785,False,False,True
91280fbe986c41ed842ad65fed654eb8,phase1_ofat,4,4,16,708,477,2048,863,0.9999999999999992,0.9999999999916059,8.393286066166183e-12,False,False,True
91510fb3b8f649b684e45851f84f44f1,phase1_ofat,0,4,16,129,127,256,0,0.5701469911886523,0.5497222800651013,0.020424711123551043,False,False,False
91931a47a56740b285b7fcfb96aa8105,phase1_ofat,0,4,16,203,163,1024,658,0.9895193104727488,0.9818006055151155,0.007718704957633271,False,False,True
91931a47a56740b285b7fcfb96aa8105,phase1_ofat,2,4,16,346,235,1024,443,0.999999975292137,0.9999980681420603,1.9071500767520178e-06,False,False,True
91931a47a56740b285b7fcfb96aa8105,phase1_ofat,4,4,16,346,235,1024,443,0.999999975292137,0.9999980681420603,1.9071500767520178e-06,False,False,True
9222dde8423643a2bb35d874edcd8ed6,phase1_ofat,0,4,16,1047,1001,2048,0,0.9247164347915846,0.8452965550024331,0.07941987978915155,False,False,True
94d77b2142404336b47b8fde0cf6c6a3,phase1_ofat,0,3,8,391,383,2048,1274,0.6252428741471787,0.6131450501508189,0.012097823996359836,False,False,False
94d77b2142404336b47b8fde0cf6c6a3,phase1_ofat,1,3,8,738,480,2048,830,0.9999999999999992,0.9999999999999415,5.773159728050814e-14,False,False,True
94d77b2142404336b47b8fde0cf6c6a3,phase1_ofat,2,3,8,657,517,2048,874,0.9999993567655968,0.9999784809838476,2.0875781749252198e-05,False,False,True
94d77b2142404336b47b8fde0cf6c6a3,phase1_ofat,3,3,8,738,480,2048,830,0.9999999999999992,0.9999999999999415,5.773159728050814e-14,False,False,True
94d77b2142404336b47b8fde0cf6c6a3,phase1_ofat,4,3,8,657,517,2048,874,0.9999993567655968,0.9999784809838476,2.0875781749252198e-05,False,False,True
94d77b2142404336b47b8fde0cf6c6a3,phase1_ofat,5,3,8,738,480,2048,830,0.9999999999999992,0.9999999999999415,5.773159728050814e-14,False,False,True
956916f81bdb4501ab7812325db9a505,phase1_ofat,0,2,4,529,514,2048,1005,0.7046982685539677,0.6788307534893305,0.025867515064637137,False,False,True
956916f81bdb4501ab7812325db9a505,phase1_ofat,1,2,4,766,518,2048,764,1.0,0.999999999998072,1.928013304564047e-12,False,False,True
956916f81bdb4501ab7812325db9a505,phase1_ofat,2,2,4,764,511,2048,773,0.9999999999999992,0.9999999999994136,5.856426454897701e-13,False,False,True
956916f81bdb4501ab7812325db9a505,phase1_ofat,3,2,4,766,518,2048,764,1.0,0.999999999998072,1.928013304564047e-12,False,False,True
956916f81bdb4501ab7812325db9a505,phase1_ofat,4,2,4,764,511,2048,773,0.9999999999999992,0.9999999999994136,5.856426454897701e-13,False,False,True
956916f81bdb4501ab7812325db9a505,phase1_ofat,5,2,4,766,518,2048,764,1.0,0.999999999998072,1.928013304564047e-12,False,False,True
956916f81bdb4501ab7812325db9a505,phase1_ofat,6,2,4,764,511,2048,773,0.9999999999999992,0.9999999999994136,5.856426454897701e-13,False,False,True
96bcad71129c4efdbe9bbffde6c8b682,phase1_ofat,0,4,16,1029,1019,2048,0,0.6226675344369023,0.5874391102610403,0.03522842417586192,False,False,True
9734e57cb9f243f2971c8bcc96f7209c,phase1_ofat,0,6,64,1035,1013,2048,0,0.7541138183271805,0.6865592369216487,0.06755458140553183,False,False,True
973d3efe33f1408886298f6794298132,phase1_ofat,0,4,16,9,7,16,0,0.7598319019579303,0.690692049005356,0.0691398529525743,False,False,True
973ee75b7c8642b088c3861444dc4e92,phase1_ofat,0,4,16,352,349,2048,1347,0.5495196111991862,0.5451017037657455,0.0044179074334407265,False,False,False
973ee75b7c8642b088c3861444dc4e92,phase1_ofat,2,4,16,679,469,2048,900,0.9999999999998748,0.9999999997433668,2.565079260108405e-10,False,False,True
973ee75b7c8642b088c3861444dc4e92,phase1_ofat,4,4,16,679,469,2048,900,0.9999999999998748,0.9999999997433668,2.565079260108405e-10,False,False,True
977d403e8b434e2baedd18f830945772,phase1_ofat,0,4,16,1027,1021,2048,0,0.5743642426858293,0.5527361245233202,0.02162811816250909,False,False,True
97c75482ba314fc9b93f331f21d7b921,phase1_ofat,0,4,16,1026,1022,2048,0,0.5497372320664393,0.5352145698167151,0.014522662249724205,False,False,False
98b04973019e4d2697f2789e03cd44b5,phase1_ofat,0,4,16,35,29,64,0,0.8555885426041854,0.7732373208621796,0.08235122174200582,False,False,False
9c4dd1f5b80e42cc9b16b1318df37dcb,phase1_ofat,0,4,16,1047,1001,2048,0,0.9247164347915846,0.8452965550024331,0.07941987978915155,False,False,True
9cbc3ab69fdb4603bc081c0d0fe537c0,phase1_ofat,0,4,16,8210,8174,16384,0,0.654591549802706,0.6107401661749834,0.04385138362772256,False,False,False
9d800c403ca94e9f9987fc079374a83f,phase1_ofat,0,4,16,35,29,64,0,0.8555885426041854,0.7732373208621796,0.08235122174200582,False,False,False
9dbf74e671d74e0fa34ef97c80bbfbf9,phase1_ofat,0,4,16,32,32,64,0,0.5000000000000006,0.5000000000000013,-7.771561172376096e-16,False,False,True
9dc491f7826f4aa9867dca3038380282,phase1_ofat,0,4,16,1035,1013,2048,0,0.7541138183271805,0.6865592369216487,0.06755458140553183,False,False,True
9e505d01de0f4bb1a4b530659f3a07eb,phase1_ofat,0,4,16,1048,1000,2048,0,0.9331977333710608,0.8555790372035914,0.07761869616746941,False,False,True
9e5626a588eb413d8452ee47a1dabe85,phase1_ofat,0,4,16,357,345,2048,1346,0.6905884892049196,0.674678090539127,0.01591039866579258,False,False,False
9e5626a588eb413d8452ee47a1dabe85,phase1_ofat,2,4,16,715,469,2048,864,0.9999999999999992,0.9999999999996381,3.611555499105634e-13,False,False,True
9e5626a588eb413d8452ee47a1dabe85,phase1_ofat,4,4,16,715,469,2048,864,0.9999999999999992,0.9999999999996381,3.611555499105634e-13,False,False,True
9ef90e6f27784a03902eba217ef80b56,phase1_ofat,0,4,16,1030,1018,2048,0,0.6461673234378108,0.6045549720767537,0.04161235136105712,False,False,False
9f37d869c23a42ebbc47d63c36db836b,phase1_ofat,0,4,16,1033,1015,2048,0,0.7131096267795382,0.6545868376948085,0.05852278908472963,False,False,True
9f8e4f92556240c8ba43615690c5e7d6,phase1_ofat,0,3,8,388,382,2048,1278,0.5948099947173281,0.585585102321061,0.009224892396267115,False,False,False
9f8e4f92556240c8ba43615690c5e7d6,phase1_ofat,1,3,8,696,514,2048,838,0.999999999783886,0.9999999204543973,7.932948864475264e-08,False,False,True
9f8e4f92556240c8ba43615690c5e7d6,phase1_ofat,2,3,8,701,500,2048,847,0.999999999997593,0.9999999969359546,3.0616383872583697e-09,False,False,True
9f8e4f92556240c8ba43615690c5e7d6,phase1_ofat,3,3,8,696,514,2048,838,0.999999999783886,0.9999999204543973,7.932948864475264e-08,False,False,True
9f8e4f92556240c8ba43615690c5e7d6,phase1_ofat,4,3,8,701,500,2048,847,0.999999999997593,0.9999999969359546,3.0616383872583697e-09,False,False,True
9f8e4f92556240c8ba43615690c5e7d6,phase1_ofat,5,3,8,696,514,2048,838,0.999999999783886,0.9999999204543973,7.932948864475264e-08,False,False,True
9fe19b5deb2648ee83dd14524ab84fd4,phase1_ofat,0,4,16,1059,989,2048,0,0.9856531192307236,0.9390543579553966,0.04659876127532703,True,False,True
a1766b222e804c9eadfe8dca48f79d3a,phase1_ofat,0,4,16,1046,1002,2048,0,0.9154381326995944,0.8345417870486505,0.08089634565094395,False,False,True
a1af3867d00e4e9cb7c6803172387e88,phase1_ofat,0,4,16,36,28,64,0,0.9214785604707096,0.8413382817264511,0.08014027874425855,False,False,False
a1eb162264ee401e8e95b7837ac579b5,phase1_ofat,0,3,8,417,380,2048,1251,0.9279206965450276,0.9050213531140253,0.022899343431002306,False,False,False
a1eb162264ee401e8e95b7837ac579b5,phase1_ofat,1,3,8,716,485,2048,847,0.9999999999999982,0.9999999999885307,1.1467493621353242e-11,False,False,True
a1eb162264ee401e8e95b7837ac579b5,phase1_ofat,2,3,8,689,475,2048,884,0.9999999999999444,0.9999999998411476,1.5879675352437062e-10,False,False,True
a1eb162264ee401e8e95b7837ac579b5,phase1_ofat,3,3,8,716,485,2048,847,0.9999999999999982,0.9999999999885307,1.1467493621353242e-11,False,False,True
a1eb162264ee401e8e95b7837ac579b5,phase1_ofat,4,3,8,689,475,2048,884,0.9999999999999444,0.9999999998411476,1.5879675352437062e-10,False,False,True
a1eb162264ee401e8e95b7837ac579b5,phase1_ofat,5,3,8,716,485,2048,847,0.9999999999999982,0.9999999999885307,1.1467493621353242e-11,False,False,True
a21ad97a75a04f1c84173d923a8589a2,phase1_ofat,0,4,16,2805,2796,16384,10783,0.5525361712480508,0.5478594480292643,0.004676723218786427,False,False,True
a21ad97a75a04f1c84173d923a8589a2,phase1_ofat,2,4,16,5500,3823,16384,7061,1.0,1.0,0.0,False,False,True
a21ad97a75a04f1c84173d923a8589a2,phase1_ofat,4,4,16,5500,3823,16384,7061,1.0,1.0,0.0,False,False,True
a3141e52a3124a468fc5cdecee261f9c,phase1_ofat,0,4,16,1039,1009,2048,0,0.8257486855574822,0.7463018882521036,0.07944679730537851,False,False,False
a316cd7ed92449e4af1fde156ed130e7,phase1_ofat,0,4,16,1037,1011,2048,0,0.7917459870248361,0.7171881525791832,0.07455783444565289,False,False,False
a35f626d474c42179a2d2446b14add3b,phase1_ofat,0,4,16,1029,1019,2048,0,0.6226675344369023,0.5874391102610403,0.03522842417586192,False,False,False
a398ce491faa4722bf83d2b64e3809da,phase1_ofat,0,4,16,1043,1005,2048,0,0.8824867166787485,0.799455861029213,0.0830308556495355,False,False,False
a3a5ae8a58094dfeb4542119c20724e1,phase1_ofat,0,4,16,356,339,2048,1353,0.7604169077394063,0.740472060824167,0.019944846915239234,False,False,True
a3a5ae8a58094dfeb4542119c20724e1,phase1_ofat,3,4,16,690,463,2048,895,0.9999999999999986,0.9999999999900369,9.961698133054142e-12,False,False,True
a3a5ae8a58094dfeb4542119c20724e1,phase1_ofat,6,2,4,757,522,2048,769,0.9999999999999992,0.9999999999779046,2.2094659435367703e-11,False,False,True
a45fd1061aa4494b9beb26062f56174d,phase1_ofat,0,4,16,1034,1014,2048,0,0.7340119205550315,0.6707290763478901,0.06328284420714136,False,False,True
a4a809e44130462b825231b27516f534,phase1_ofat,0,4,16,1038,1010,2048,0,0.8092119033012374,0.7319439429629453,0.07726796033829209,False,False,False
a4bbe3cfc981424db399dfad24e0998a,phase1_ofat,0,2,4,1075,973,2048,0,0.99928393129659,0.9879106374255974,0.011373293870992618,False,False,False
a56b0d609bea42f3bd6047ff44bba819,phase1_ofat,0,4,16,56,43,256,157,0.9272530658789908,0.904447627719494,0.02280543815949676,False,False,True
a56b0d609bea42f3bd6047ff44bba819,phase1_ofat,2,4,16,75,62,256,119,0.9028704097570605,0.8666764273226731,0.03619398243438732,False,False,True
a56b0d609bea42f3bd6047ff44bba819,phase1_ofat,4,4,16,75,62,256,119,0.9028704097570605,0.8666764273226731,0.03619398243438732,False,False,True
a60e71bd9c6e49bb947a3e67c882aac0,phase1_ofat,0,4,16,177,160,1024,687,0.8445067447942769,0.8227810284311812,0.021725716363095726,False,False,False
a60e71bd9c6e49bb947a3e67c882aac0,phase1_ofat,2,4,16,320,252,1024,452,0.999598687895232,0.9977875843058694,0.0018111035893625393,False,False,True
a60e71bd9c6e49bb947a3e67c882aac0,phase1_ofat,4,4,16,320,252,1024,452,0.999598687895232,0.9977875843058694,0.0018111035893625393,False,False,True
a62e7cbbb3854d538e4116e97b02ace6,phase1_ofat,0,4,16,16,9,64,39,0.9412644413633446,0.9198962078050933,0.02136823355825135,False,False,True
a62e7cbbb3854d538e4116e97b02ace6,phase1_ofat,2,4,16,22,16,64,26,0.8772102513638776,0.8347583030570445,0.04245194830683319,False,False,True
a62e7cbbb3854d538e4116e97b02ace6,phase1_ofat,4,4,16,22,16,64,26,0.8772102513638776,0.8347583030570445,0.04245194830683319,False,False,True
a6dbd5e5f02c40ab8e45bfa578751bd3,phase1_ofat,0,4,16,1057,991,2048,0,0.9804264123412696,0.9276451148872553,0.052781297454014275,True,False,True
a77bcf3f3ef14a04b8565438d55a9bb5,phase1_ofat,0,4,16,351,343,2048,1354,0.6305042084727401,0.6192999301273365,0.011204278345403607,False,False,False
a77bcf3f3ef14a04b8565438d55a9bb5,phase1_ofat,2,4,16,718,463,2048,867,0.9999999999999992,0.9999999999999529,4.629630012686903e-14,False,False,True
a77bcf3f3ef14a04b8565438d55a9bb5,phase1_ofat,4,4,16,718,463,2048,867,0.9999999999999992,0.9999999999999529,4.629630012686903e-14,False,False,True
a924942aadd3458c92ca42ea6567801e,phase1_ofat,0,3,8,1050,998,2048,0,0.9479244942219338,0.8747350950608674,0.07318939916106637,False,False,False
a965156c2a174533a360926e28aa1ea2,phase1_ofat,0,4,16,8271,8113,16384,0,0.9595666229761376,0.891469012060693,0.06809761091544464,True,False,False
aa3b288a4cfa4eac9f1f0de299dc724c,phase1_ofat,0,3,8,1028,1020,2048,0,0.5987044783336715,0.5701553635820054,0.028549114751666105,False,False,False
aa93e1b669d545b19397bc9b362539c2,phase1_ofat,0,4,16,371,356,2048,1321,0.7301886618382728,0.7109885779406411,0.019200083897631726,False,False,True
aa93e1b669d545b19397bc9b362539c2,phase1_ofat,2,4,16,711,463,2048,874,0.9999999999999982,0.9999999999998133,1.8496315590255108e-13,False,False,True
aa93e1b669d545b19397bc9b362539c2,phase1_ofat,4,4,16,711,463,2048,874,0.9999999999999982,0.9999999999998133,1.8496315590255108e-13,False,False,True
ac2f4bcd7dfc4fd5853270e1d162a713,phase1_ofat,0,4,16,370,349,2048,1329,0.8057944683937276,0.783225366730066,0.02256910166366155,False,False,False
ac2f4bcd7dfc4fd5853270e1d162a713,phase1_ofat,3,4,16,698,461,2048,889,1.0,0.9999999999985827,1.4173107132364748e-12,False,False,True
ac2f4bcd7dfc4fd5853270e1d162a713,phase1_ofat,6,2,4,762,523,2048,763,0.9999999999999986,0.9999999999885535,1.1445067116255814e-11,False,False,True
acc2fae13bb844a98f9526fd0d2ac4a8,phase1_ofat,0,4,16,1024,1024,2048,0,0.4999999999999994,0.5000000000000002,-8.326672684688674e-16,False,False,False
ad554de511b543989abe9a74234003ab,phase1_ofat,0,4,16,1048,1000,2048,0,0.9331977333710608,0.8555790372035914,0.07761869616746941,False,False,True
ae192e9670ac4691affe9be4f61a21a6,phase1_ofat,0,4,16,1037,1011,2048,0,0.7917459870248361,0.7171881525791832,0.07455783444565289,False,False,True
ae5c54f9c6df4badb555a453904e2c3a,phase1_ofat,0,2,4,1052,996,2048,0,0.9599471747390904,0.8920424888034514,0.06790468593563903,True,False,False
aeab79d9aa0b44b7bf9cb853bbda08ac,phase1_ofat,0,4,16,1051,997,2048,0,0.954252464125098,0.8836168542215926,0.07063560990350537,True,False,True
aff19dc2114441cf9f0c0bee46739d03,phase1_ofat,0,4,16,515,509,1024,0,0.6045549599058306,0.5743599087564883,0.03019505114934229,False,False,False
b065e1cca84f4dbabd1f2a6a53f2b2ca,phase1_ofat,0,4,16,1038,1010,2048,0,0.8092119033012374,0.7319439429629453,0.07726796033829209,False,False,True
b06ff3157fd5470fa645e60914fb946e,phase1_ofat,0,4,16,1029,1019,2048,0,0.6226675344369023,0.5874391102610403,0.03522842417586192,False,False,True
b0bc846ead394ca697bae75ebb8d7bfb,phase1_ofat,0,4,16,1027,1021,2048,0,0.5743642426858293,0.5527361245233202,0.02162811816250909,False,False,False
b121d5bc63874ee29e0afc2107476f3a,phase1_ofat,0,6,64,1040,1008,2048,0,0.8413447372942667,0.7602454628258489,0.0810992744684178,False,False,False
b14f96b42e5a404da4680fd8553a74f5,phase1_ofat,0,4,16,1050,998,2048,0,0.9479244942219338,0.8747350950608674,0.07318939916106637,False,False,True
b1ff841e748044b3a3cf148473b51e50,phase1_ofat,0,4,16,1024,1024,2048,0,0.4999999999999994,0.5000000000000002,-8.326672684688674e-16,False,False,True
b29192a5f4fd43deaf138ffa1c1b9617,phase1_ofat,0,4,16,1037,1011,2048,0,0.7917459870248361,0.7171881525791832,0.07455783444565289,False,False,False
b4305bdb3b114372b0102b6363d462de,phase1_ofat,0,4,16,372,339,2048,1337,0.9133181781822436,0.8920814469505725,0.021236731231671135,False,False,True
b4305bdb3b114372b0102b6363d462de,phase1_ofat,2,4,16,723,468,2048,857,1.0,0.9999999999999402,5.984102102729594e-14,False,False,True
b4305bdb3b114372b0102b6363d462de,phase1_ofat,4,4,16,723,468,2048,857,1.0,0.9999999999999402,5.984102102729594e-14,False,False,True
b489300b8a43496da52e599efe6db839,phase1_ofat,0,4,16,368,337,2048,1343,0.9002950687925361,0.8785113739286002,0.021783694863935832,False,False,False
b4d109fecd2a4cbfadc6d81d32faa089,phase1_ofat,0,4,16,1036,1012,2048,0,0.7733706289595478,0.7020530734658338,0.07131755549371399,False,False,True
b6947b9bca8e43dfa98826cce2ddae13,phase1_ofat,0,4,16,369,360,2048,1319,0.643424425496468,0.6305458491906697,0.012878576305798362,False,False,True
b6947b9bca8e43dfa98826cce2ddae13,phase1_ofat,2,4,16,701,478,2048,869,0.9999999999999938,0.9999999999633353,3.6658454050098044e-11,False,False,True
b6947b9bca8e43dfa98826cce2ddae13,phase1_ofat,4,4,16,701,478,2048,869,0.9999999999999938,0.9999999999633353,3.6658454050098044e-11,False,False,True
b69780b582c849d1b02c6611aa9a455c,phase1_ofat,0,4,16,1025,1023,2048,0,0.5249171637976707,0.5176244711308152,0.007292692666855505,False,False,False
b6f11d85bbfd446d802305586090ab82,phase1_ofat,0,4,16,1070,978,2048,0,0.9979825813113145,0.9789833998366593,0.01899918147465518,False,False,False
b730f41d67ea49b7b3e83840f08abd7c,phase1_ofat,0,4,16,1035,1013,2048,0,0.7541138183271805,0.6865592369216487,0.06755458140553183,False,False,True
b73925c7dd204c64a4d9d67494579f6c,phase1_ofat,0,4,16,1040,1008,2048,0,0.8413447372942667,0.7602454628258489,0.0810992744684178,False,False,True
b74492e056244fb38ba36907c47eea19,phase1_ofat,0,4,16,2817,2757,16384,10810,0.8111591527658187,0.7891996388891168,0.02195951387670192,False,False,False
b74492e056244fb38ba36907c47eea19,phase1_ofat,2,4,16,5552,3834,16384,6998,1.0,1.0,0.0,False,False,True
b74492e056244fb38ba36907c47eea19,phase1_ofat,4,4,16,5552,3834,16384,6998,1.0,1.0,0.0,False,False,True
b7896476e42d4fa18f140036bba87ef3,phase1_ofat,0,4,16,1056,992,2048,0,0.9772564565321858,0.9213588396219684,0.05589761691021744,True,False,True
b9bcb69acc2c48c69ddb2c9fc93efbe0,phase1_ofat,0,4,16,327,326,2048,1395,0.5170213358756974,0.5156058420244185,0.0014154938512789261,False,False,False
b9bcb69acc2c48c69ddb2c9fc93efbe0,phase1_ofat,2,4,16,698,494,2048,856,0.9999999999989692,0.9999999984180525,1.5809166198366142e-09,False,False,True
b9bcb69acc2c48c69ddb2c9fc93efbe0,phase1_ofat,4,4,16,698,494,2048,856,0.9999999999989692,0.9999999984180525,1.5809166198366142e-09,False,False,True
ba4884e6ccd042c7b420b7a38506eca5,phase1_ofat,0,4,16,1027,1021,2048,0,0.5743642426858293,0.5527361245233202,0.02162811816250909,False,False,False
bb50fae9834b4b0489f41f300c057b70,phase1_ofat,0,4,16,1032,1016,2048,0,0.6914597687007419,0.6381584736889361,0.053301295011805805,False,False,True
bbd973d879b0451a87f596be425e7307,phase1_ofat,0,4,16,2089,2007,4096,0,0.9650071490915978,0.899950000839316,0.06505714825228182,True,False,True
bc33df76ee9343cc923ca41a1a7f31ba,phase1_ofat,0,4,16,1027,1021,2048,0,0.5743642426858293,0.5527361245233202,0.02162811816250909,False,False,True
bc7e0e4031a043539941a363da2460a2,phase1_ofat,0,4,16,1045,1003,2048,0,0.9053275028450606,0.8233149893791909,0.08201251346586969,False,False,True
bd1fdf24ecd64f4ab064fa2e4281774c,phase1_ofat,0,4,16,1054,994,2048,0,0.9696102361646572,0.907557969556849,0.06205226660780827,True,False,False
bdb7a88171a64892bdc0ffb7e91da1d4,phase1_ofat,0,4,16,1063,985,2048,0,0.9926104042616448,0.9576199881362489,0.034990416125395885,False,False,False
be312fcc69614a62808352396feb6f35,phase1_ofat,0,4,16,140,116,256,0,0.9831032855047428,0.9332717789132815,0.049831506591461294,True,False,False
be67ef7d6507421cb6c1f2608973e27c,phase1_ofat,0,4,16,2896,2879,16384,10609,0.5973417138889616,0.5885048250625593,0.008836888826402323,False,False,False
be67ef7d6507421cb6c1f2608973e27c,phase1_ofat,2,4,16,5442,3877,16384,7065,1.0,1.0,0.0,False,False,True
be67ef7d6507421cb6c1f2608973e27c,phase1_ofat,4,4,16,5442,3877,16384,7065,1.0,1.0,0.0,False,False,True
bebeea79df7c406f9fdae0c666361441,phase1_ofat,0,4,16,1033,1015,2048,0,0.7131096267795382,0.6545868376948085,0.05852278908472963,False,False,False
bf42f797423c4c48b74043d0da566aad,phase1_ofat,0,4,16,1030,1018,2048,0,0.6461673234378108,0.6045549720767537,0.04161235136105712,False,False,True
bfb660fb7d134e2d96db8dbd2763f81e,phase1_ofat,0,4,16,1089,959,2048,0,0.9999758581592466,0.997970052877347,0.002005805281899642,False,False,True
c1518a286a3d40618e711ef0568a0e5c,phase1_ofat,0,4,16,1067,981,2048,0,0.9964042116075438,0.971319607521823,0.025084604085720774,False,False,True
c23fc18299684c7fb40c5e51d1359fda,phase1_ofat,0,4,16,374,345,2048,1329,0.8832004571726279,0.8602711916382305,0.022929265534397336,False,False,True
c23fc18299684c7fb40c5e51d1359fda,phase1_ofat,4,4,16,698,476,2048,874,0.9999999999999928,0.9999999999593722,4.06206179803803e-11,False,False,True
c2c4e16f3c9a45d6beaa807296b83d6a,phase1_ofat,0,4,16,1064,984,2048,0,0.9937950147858708,0.961462848318309,0.032332166467561874,False,False,False
c2f89d93482a4ce4ba0ffdf1cd9799dc,phase1_ofat,0,4,16,357,342,2048,1349,0.7333458366171673,0.7147468825756206,0.018598954041546767,False,False,True
c2f89d93482a4ce4ba0ffdf1cd9799dc,phase1_ofat,2,4,16,727,463,2048,858,0.9999999999999992,0.9999999999999923,6.8833827526759706e-15,False,False,True
c2f89d93482a4ce4ba0ffdf1cd9799dc,phase1_ofat,4,4,16,727,463,2048,858,0.9999999999999992,0.9999999999999923,6.8833827526759706e-15,False,False,True
c2f89d93482a4ce4ba0ffdf1cd9799dc,phase1_ofat,6,4,16,727,463,2048,858,0.9999999999999992,0.9999999999999923,6.8833827526759706e-15,False,False,True
c35cf64f8a7d42589fc231ce55eeae33,phase1_ofat,0,2,4,543,520,2048,985,0.7938298935171794,0.7597236723784901,0.03410622113868922,False,False,False
c35cf64f8a7d42589fc231ce55eeae33,phase1_ofat,1,2,4,774,530,2048,744,1.0,0.9999999999938433,6.1567417830588056e-12,False,False,True
c35cf64f8a7d42589fc231ce55eeae33,phase1_ofat,2,2,4,749,522,2048,777,0.9999999999999912,0.9999999999137215,8.626976910619533e-11,False,False,True
c35cf64f8a7d42589fc231ce55eeae33,phase1_ofat,3,2,4,774,530,2048,744,1.0,0.9999999999938433,6.1567417830588056e-12,False,False,True
c35cf64f8a7d42589fc231ce55eeae33,phase1_ofat,4,2,4,749,522,2048,777,0.9999999999999912,0.9999999999137215,8.626976910619533e-11,False,False,True
c35cf64f8a7d42589fc231ce55eeae33,phase1_ofat,5,2,4,774,530,2048,744,1.0,0.9999999999938433,6.1567417830588056e-12,False,False,True
c35cf64f8a7d42589fc231ce55eeae33,phase1_ofat,6,2,4,749,522,2048,777,0.9999999999999912,0.9999999999137215,8.626976910619533e-11,False,False,True
c3b2d056cd3b4b618d388855967d5c97,phase1_ofat,0,4,16,527,497,1024,0,0.9075579433653044,0.8257468871423257,0.08181105622297868,False,False,False
c3fa8dbc85a1454db297f91a9b29d946,phase1_ofat,0,4,16,1037,1011,2048,0,0.7917459870248361,0.7171881525791832,0.07455783444565289,False,False,True
c452e7544f674b3ab966d46e74f5d1b5,phase1_ofat,0,3,8,1043,1005,2048,0,0.8824867166787485,0.799455861029213,0.0830308556495355,False,False,True
c5163abce4d44511bd2e6af3e826d2af,phase1_ofat,0,4,16,1055,993,2048,0,0.9736644991115404,0.914667202525971,0.0589972965855694,True,False,True
c53dadce698d4657bc919088da8aaf46,phase1_ofat,0,4,16,1030,1018,2048,0,0.6461673234378108,0.6045549720767537,0.04161235136105712,False,False,True
c5907897b33b47c9baed0a5deed08bef,phase1_ofat,0,4,16,136,120,256,0,0.9213837455043606,0.8413443450645136,0.08003940043984703,False,False,False
c64739f9413f40b1bcafb768932e12ac,phase1_ofat,0,4,16,1070,978,2048,0,0.9979825813113145,0.9789833998366593,0.01899918147465518,False,False,False
c6622a10e54540e1a76b3f9364e308d3,phase1_ofat,0,4,16,380,354,2048,1314,0.8552636827721918,0.8313890104324151,0.023874672339776692,False,False,True
c6622a10e54540e1a76b3f9364e308d3,phase1_ofat,2,4,16,706,490,2048,852,0.9999999999999484,0.9999999998106225,1.893258883001181e-10,False,False,True
c6622a10e54540e1a76b3f9364e308d3,phase1_ofat,4,4,16,706,490,2048,852,0.9999999999999484,0.9999999998106225,1.893258883001181e-10,False,False,True
c71268e9e728491a99e8c926c652e62e,phase1_ofat,0,3,8,424,392,2048,1232,0.8946940283378069,0.8686970319985046,0.025996996339302303,False,False,False
c71268e9e728491a99e8c926c652e62e,phase1_ofat,1,3,8,687,498,2048,863,0.9999999999655488,0.9999999811969643,1.8768584464368132e-08,False,False,True
c71268e9e728491a99e8c926c652e62e,phase1_ofat,2,3,8,695,506,2048,847,0.9999999999590344,0.9999999768106819,2.3148352568114205e-08,False,False,True
c71268e9e728491a99e8c926c652e62e,phase1_ofat,3,3,8,687,498,2048,863,0.9999999999655488,0.9999999811969643,1.8768584464368132e-08,False,False,True
c71268e9e728491a99e8c926c652e62e,phase1_ofat,4,3,8,695,506,2048,847,0.9999999999590344,0.9999999768106819,2.3148352568114205e-08,False,False,True
c71268e9e728491a99e8c926c652e62e,phase1_ofat,5,3,8,687,498,2048,863,0.9999999999655488,0.9999999811969643,1.8768584464368132e-08,False,False,True
c75f80e14b4e46dabcbd40a98fd041ce,phase1_ofat,0,4,16,9,7,16,0,0.7598319019579303,0.690692049005356,0.0691398529525743,False,False,False
c796a99ceefe4ebea8305bfc02b9e0c4,phase1_ofat,0,4,16,1046,1002,2048,0,0.9154381326995944,0.8345417870486505,0.08089634565094395,False,False,False
c897ef3877894dd69dcc60846a59a194,phase1_ofat,0,4,16,1061,987,2048,0,0.9896305561007916,0.9490064750493844,0.040624081051407246,True,False,False
c8ae2740e58f4c5388be191095f62528,phase1_ofat,0,4,16,368,335,2048,1345,0.9142794555300456,0.8933788641919734,0.020900591338072205,False,False,False
c8ae2740e58f4c5388be191095f62528,phase1_ofat,2,4,16,688,495,2048,865,0.9999999999867596,0.9999999906429461,9.343813500706233e-09,False,False,True
c8ae2740e58f4c5388be191095f62528,phase1_ofat,4,4,16,688,495,2048,865,0.9999999999867596,0.9999999906429461,9.343813500706233e-09,False,False,True
ca4ae538c5bf4c87a2121f7e8b3cf0b0,phase1_ofat,0,4,16,1053,995,2048,0,0.9650520138225074,0.9000198235880797,0.06503219023442763,True,False,False
cb86bfca8e6949e2a3aa29e5ade0df5d,phase1_ofat,0,4,16,358,358,2048,1332,0.4999999999999993,0.4999999999999998,-4.996003610813204e-16,False,False,False
cb86bfca8e6949e2a3aa29e5ade0df5d,phase1_ofat,2,4,16,696,472,2048,880,0.9999999999999948,0.9999999999755408,2.4453994384998623e-11,False,False,True
cb86bfca8e6949e2a3aa29e5ade0df5d,phase1_ofat,4,4,16,696,472,2048,880,0.9999999999999948,0.9999999999755408,2.4453994384998623e-11,False,False,True
cb87dd2530f9469188f9bee091f1cfc4,phase1_ofat,0,4,16,357,328,2048,1363,0.8876744782062852,0.8660828059969304,0.021591672209354762,False,False,True
cb87dd2530f9469188f9bee091f1cfc4,phase1_ofat,2,4,16,704,475,2048,869,0.999999999999998,0.9999999999888456,1.1152412326964622e-11,False,False,True
cb87dd2530f9469188f9bee091f1cfc4,phase1_ofat,4,4,16,704,475,2048,869,0.999999999999998,0.9999999999888456,1.1152412326964622e-11,False,False,True
cc2cd7760305450ca318c22b8350fc0c,phase1_ofat,0,4,16,355,340,2048,1353,0.7338130209666607,0.7153002645997106,0.018512756366950045,False,False,False
cc2cd7760305450ca318c22b8350fc0c,phase1_ofat,2,4,16,674,502,2048,872,0.9999999986448028,0.9999997473304179,2.5131438496917013e-07,False,False,True
cc2cd7760305450ca318c22b8350fc0c,phase1_ofat,4,4,16,674,502,2048,872,0.9999999986448028,0.9999997473304179,2.5131438496917013e-07,False,False,True
ccc4d68ca4794d73a71eed030161b153,phase1_ofat,0,4,16,40,24,64,0,0.9977550299490648,0.9776758351836353,0.02007919476542952,False,False,True
ce010e138b8f407199563d28ee2cc339,phase1_ofat,0,4,16,1034,1014,2048,0,0.7340119205550315,0.6707290763478901,0.06328284420714136,False,False,False
ce8f4737028549b5ac4fe94475cb4710,phase1_ofat,0,4,16,3,3,16,10,0.5000000000000001,0.4999999999999999,2.220446049250313e-16,False,False,True
ce8f4737028549b5ac4fe94475cb4710,phase1_ofat,2,4,16,6,4,16,6,0.7765484257488472,0.7351726720434357,0.04137575370541147,False,False,True
ce8f4737028549b5ac4fe94475cb4710,phase1_ofat,4,4,16,6,4,16,6,0.7765484257488472,0.7351726720434357,0.04137575370541147,False,False,True
ceadfe33df16415bb0101dee9f3db8cb,phase1_ofat,0,2,4,1037,1011,2048,0,0.7917459870248361,0.7171881525791832,0.07455783444565289,False,False,True
cfa79c6b247744519a2c3d215f37ce2f,phase1_ofat,0,4,16,1030,1018,2048,0,0.6461673234378108,0.6045549720767537,0.04161235136105712,False,False,True
d057798fc27746f6b19fdeb15b3ab604,phase1_ofat,0,4,16,130,126,256,0,0.6381440112396669,0.5986766484689652,0.03946736277070173,False,False,True
d0c95641ba684d349e8bc63fd9d7aace,phase1_ofat,0,4,16,1045,1003,2048,0,0.9053275028450606,0.8233149893791909,0.08201251346586969,False,False,True
d0ca4ce5a0fc4194a5bda0a13252cb56,phase1_ofat,0,4,16,1040,1008,2048,0,0.8413447372942667,0.7602454628258489,0.0810992744684178,False,False,False
d16ad6a77019452dbad3a95c3ab034cf,phase1_ofat,0,4,16,1059,989,2048,0,0.9856531192307236,0.9390543579553966,0.04659876127532703,True,False,True
d2b3156a7e414fcda79934a57da81025,phase1_ofat,0,4,16,1029,1019,2048,0,0.6226675344369023,0.5874391102610403,0.03522842417586192,False,False,True
d3d83521aae54a1091b1c8954b2523fc,phase1_ofat,0,4,16,8227,8157,16384,0,0.780356341833829,0.7077670240331686,0.07258931780066036,False,False,False
d6a86cec38b24324a44197dd33a81085,phase1_ofat,0,4,16,1042,1006,2048,0,0.8697067625377641,0.7868337662243936,0.08287299631337053,False,False,True
d6bc259b010847cc94324bcbd57a4da3,phase1_ofat,0,4,16,1063,985,2048,0,0.9926104042616448,0.9576199881362489,0.034990416125395885,False,False,False
d731c6c593294349b1f30762d1556e40,phase1_ofat,0,4,16,1026,1022,2048,0,0.5497372320664393,0.5352145698167151,0.014522662249724205,False,False,True
d773cb2af45d44de8241963d99be5273,phase1_ofat,0,4,16,359,340,2048,1349,0.7849740265713379,0.7638076476105636,0.021166378960774224,False,False,True
d773cb2af45d44de8241963d99be5273,phase1_ofat,3,4,16,713,482,2048,853,0.9999999999999994,0.9999999999897876,1.021183138050219e-11,False,False,True
d773cb2af45d44de8241963d99be5273,phase1_ofat,6,2,4,759,541,2048,748,0.9999999999998852,0.9999999993200483,6.798368534788324e-10,False,False,True
d7a695cc874d439082180ebfdda409e5,phase1_ofat,0,4,16,1028,1020,2048,0,0.5987044783336715,0.5701553635820054,0.028549114751666105,False,False,True
d7d134216dd049e8b081169f519149cc,phase1_ofat,0,4,16,1066,982,2048,0,0.995671554250486,0.968297448951992,0.027374105298494045,False,False,True
d8197701fd53490cbec0b1a60f7708bf,phase1_ofat,0,4,16,1045,1003,2048,0,0.9053275028450606,0.8233149893791909,0.08201251346586969,False,False,False
d91316812aac4a22b8e70abb0f65fa5a,phase1_ofat,0,4,16,1036,1012,2048,0,0.7733706289595478,0.7020530734658338,0.07131755549371399,False,False,False
d933cde0fdfc47d4ba1d0f2872bcc558,phase1_ofat,0,4,16,376,367,2048,1305,0.6424097165071058,0.6293547648166191,0.01305495169048665,False,False,True
d933cde0fdfc47d4ba1d0f2872bcc558,phase1_ofat,2,4,16,687,481,2048,880,0.999999999999544,0.9999999992435661,7.559779469090699e-10,False,False,True
d933cde0fdfc47d4ba1d0f2872bcc558,phase1_ofat,4,4,16,687,481,2048,880,0.999999999999544,0.9999999992435661,7.559779469090699e-10,False,False,True
da3ebfb58e8041b197f32587d7f19049,phase1_ofat,0,6,64,1059,989,2048,0,0.9856531192307236,0.9390543579553966,0.04659876127532703,True,False,True
da5c88c8880747228eb02b15f3847cb4,phase1_ofat,0,4,16,1078,970,2048,0,0.999631878057012,0.9915054086088084,0.00812646944820361,False,False,False
db35a3f02d264180a35707402171f412,phase1_ofat,0,4,16,1054,994,2048,0,0.9696102361646572,0.907557969556849,0.06205226660780827,True,False,True
dbc4db1ef7fe497b8080fb0c5cd2ad2d,phase1_ofat,0,4,16,1071,977,2048,0,0.9983480814264004,0.9811179705628548,0.017230110863545645,False,False,True
dc0478082f8342c19a8f6e7bb7718501,phase1_ofat,0,4,16,1055,993,2048,0,0.9736644991115404,0.914667202525971,0.0589972965855694,True,False,True
dc551f33e3bc424dbaed82e36d311d74,phase1_ofat,0,4,16,1034,1014,2048,0,0.7340119205550315,0.6707290763478901,0.06328284420714136,False,False,True
dda233dc1bb644e3b6b04fd62c949616,phase1_ofat,0,4,16,330,323,2048,1395,0.6174369544777659,0.6079187862533895,0.009518168224376455,False,False,False
dda233dc1bb644e3b6b04fd62c949616,phase1_ofat,2,4,16,670,495,2048,883,0.9999999993586092,0.9999998600410505,1.3931755871166018e-07,False,False,True
dda233dc1bb644e3b6b04fd62c949616,phase1_ofat,4,4,16,670,495,2048,883,0.9999999993586092,0.9999998600410505,1.3931755871166018e-07,False,False,True
de1f9983bca34d2da22b2cff7e93a8ad,phase1_ofat,0,4,16,1026,1022,2048,0,0.5497372320664393,0.5352145698167151,0.014522662249724205,False,False,True
dff2abfdec1d4f52aa750d1f0b1f21fe,phase1_ofat,0,4,16,379,365,2048,1304,0.7147600452242732,0.6961021365387883,0.018657908685484892,False,False,False
dff2abfdec1d4f52aa750d1f0b1f21fe,phase1_ofat,2,4,16,691,507,2048,850,0.99999999987686,0.9999999498616724,5.0015187547103324e-08,False,False,True
dff2abfdec1d4f52aa750d1f0b1f21fe,phase1_ofat,4,4,16,691,507,2048,850,0.99999999987686,0.9999999498616724,5.0015187547103324e-08,False,False,True
dff2abfdec1d4f52aa750d1f0b1f21fe,phase1_ofat,6,4,16,691,507,2048,850,0.99999999987686,0.9999999498616724,5.0015187547103324e-08,False,False,True
e073631f80204c4e9540a4545f2ea10c,phase1_ofat,0,6,64,349,302,2048,1397,0.9777395385380958,0.9673092237365144,0.010430314801581408,False,False,True
e073631f80204c4e9540a4545f2ea10c,phase1_ofat,4,4,16,696,499,2048,853,0.9999999999941148,0.9999999943980732,5.596041630084869e-09,False,False,True
e11b78acbfd443f79ad99510efcda247,phase1_ofat,0,4,16,368,319,2048,1361,0.979805838741621,0.9692603873385516,0.010545451403069395,False,False,True
e11b78acbfd443f79ad99510efcda247,phase1_ofat,2,4,16,647,488,2048,913,0.999999986325289,0.9999988604657051,1.1258595838947727e-06,False,False,True
e11b78acbfd443f79ad99510efcda247,phase1_ofat,4,4,16,647,488,2048,913,0.999999986325289,0.9999988604657051,1.1258595838947727e-06,False,False,True
e15c0c2e396d42dab511f9597fa233c6,phase1_ofat,0,4,16,372,349,2048,1327,0.8273193401575604,0.8041499249292732,0.023169415228287193,False,False,True
e15c0c2e396d42dab511f9597fa233c6,phase1_ofat,2,4,16,696,488,2048,864,0.999999999999658,0.9999999993201079,6.795501938938742e-10,False,False,True
e15c0c2e396d42dab511f9597fa233c6,phase1_ofat,4,4,16,696,488,2048,864,0.999999999999658,0.9999999993201079,6.795501938938742e-10,False,False,True
e1a27c9dbff843bab70213753fadc002,phase1_ofat,0,4,16,1066,982,2048,0,0.995671554250486,0.968297448951992,0.027374105298494045,False,False,False
e2099830053e4dfba4110b874e13cf3b,phase1_ofat,0,4,16,1034,1014,2048,0,0.7340119205550315,0.6707290763478901,0.06328284420714136,False,False,True
e26eff65048a4cf6ae764f7d1c40968e,phase1_ofat,0,4,16,129,127,256,0,0.5701469911886523,0.5497222800651013,0.020424711123551043,False,False,True
e2cdb6a6a2504973bd127c180c659a43,phase1_ofat,0,4,16,1025,1023,2048,0,0.5249171637976707,0.5176244711308152,0.007292692666855505,False,False,False
e372ef7a38944dd2ad0f3ff7557659c6,phase1_ofat,0,4,16,366,360,2048,1322,0.5969575450424711,0.5880985867923816,0.008858958250089533,False,False,True
e372ef7a38944dd2ad0f3ff7557659c6,phase1_ofat,2,4,16,691,486,2048,871,0.9999999999993384,0.9999999989522596,1.0470788680549958e-09,False,False,True
e372ef7a38944dd2ad0f3ff7557659c6,phase1_ofat,4,4,16,691,486,2048,871,0.9999999999993384,0.9999999989522596,1.0470788680549958e-09,False,False,True
e38fcdcb9cb0453889414c388e5e4e18,phase1_ofat,0,4,16,1043,1005,2048,0,0.8824867166787485,0.799455861029213,0.0830308556495355,False,False,False
e7207c37ec4c4276b39c27511b90f911,phase1_ofat,0,4,16,1034,1014,2048,0,0.7340119205550315,0.6707290763478901,0.06328284420714136,False,False,True
e7ca9091fe8242d1adec66731d9f1e97,phase1_ofat,0,4,16,356,338,2048,1354,0.7732833844147728,0.7527682116417252,0.020515172773047596,False,False,True
e7d1d65e1ba541b18102c3e98918e70a,phase1_ofat,0,4,16,1047,1001,2048,0,0.9247164347915846,0.8452965550024331,0.07941987978915155,False,False,True
e856aa7099fd44adb7bacfbaec2af534,phase1_ofat,0,4,16,372,346,2048,1330,0.8573478090320729,0.834052654016113,0.023295155015959912,False,False,True
e856aa7099fd44adb7bacfbaec2af534,phase1_ofat,2,4,16,660,507,2048,881,0.9999999427111446,0.99999635216887,3.590542274611863e-06,False,False,True
e856aa7099fd44adb7bacfbaec2af534,phase1_ofat,4,4,16,660,507,2048,881,0.9999999427111446,0.99999635216887,3.590542274611863e-06,False,False,True
e87c495d3700458584093a9e4382e654,phase1_ofat,0,4,16,389,350,2048,1309,0.9435034162281488,0.924329275897456,0.019174140330692868,False,False,False
e87c495d3700458584093a9e4382e654,phase1_ofat,2,4,16,674,473,2048,901,0.9999999999987914,0.9999999986579414,1.3408499865974477e-09,False,False,True
e87c495d3700458584093a9e4382e654,phase1_ofat,4,4,16,674,473,2048,901,0.9999999999987914,0.9999999986579414,1.3408499865974477e-09,False,False,True
e8c1e55953f94378bb56c81e8a31c516,phase1_ofat,0,4,16,1048,1000,2048,0,0.9331977333710608,0.8555790372035914,0.07761869616746941,False,False,True
e8ffde9828524788a178c17c9e93dfc9,phase1_ofat,0,4,16,360,306,2048,1382,0.988915297592119,0.9818407607040112,0.007074536888107885,False,False,False
e8ffde9828524788a178c17c9e93dfc9,phase1_ofat,2,4,16,646,501,2048,901,0.999999779944235,0.9999909378313665,8.842112868445717e-06,False,False,True
e8ffde9828524788a178c17c9e93dfc9,phase1_ofat,4,4,16,646,501,2048,901,0.999999779944235,0.9999909378313665,8.842112868445717e-06,False,False,True
e9b13d9abdb74ed28bcb4a17b2f7738c,phase1_ofat,0,2,4,1030,1018,2048,0,0.6461673234378108,0.6045549720767537,0.04161235136105712,False,False,False
eaf8fd66ad70413aa92c12948c831191,phase1_ofat,0,4,16,1070,978,2048,0,0.9979825813113145,0.9789833998366593,0.01899918147465518,False,False,True
eb5c9201391045d6893869a65db03ac0,phase1_ofat,0,4,16,1031,1017,2048,0,0.6691229968417161,0.6214715225467233,0.047651474294992724,False,False,False
eb5c96708b104622988a95e3f00cc81f,phase1_ofat,0,6,64,1028,1020,2048,0,0.5987044783336715,0.5701553635820054,0.028549114751666105,False,False,False
ec6fd77b370c49e2ab91346de4bc2737,phase1_ofat,0,4,16,727,715,4096,2654,0.6361242400678151,0.6239956852037436,0.012128554864071495,False,False,True
ec6fd77b370c49e2ab91346de4bc2737,phase1_ofat,2,4,16,1362,939,4096,1795,1.0,1.0,0.0,False,False,True
ec6fd77b370c49e2ab91346de4bc2737,phase1_ofat,4,4,16,1362,939,4096,1795,1.0,1.0,0.0,False,False,True
ecb035da4913440fae3cc476c71f888c,phase1_ofat,0,4,16,12,4,16,0,0.9980329172978988,0.979005460790178,0.019027456507720752,False,False,False
ecb284bb0cc8463584d72cef38597e83,phase1_ofat,0,4,16,362,318,2048,1368,0.9677011052218348,0.954266079368388,0.013435025853446803,False,False,True
ecb284bb0cc8463584d72cef38597e83,phase1_ofat,2,4,16,704,499,2048,845,0.9999999999990754,0.9999999984337339,1.5653415230687528e-09,False,False,True
ecb284bb0cc8463584d72cef38597e83,phase1_ofat,4,4,16,704,499,2048,845,0.9999999999990754,0.9999999984337339,1.5653415230687528e-09,False,False,True
edc2929065944ac0b65bd3bfc53c8ef2,phase1_ofat,0,4,16,1040,1008,2048,0,0.8413447372942667,0.7602454628258489,0.0810992744684178,False,False,False
edc69a5d26a145d482b3d02b726543e0,phase1_ofat,0,4,16,1041,1007,2048,0,0.855996244506425,0.7737602105025619,0.08223603400386303,False,False,True
eee17ef76ef54a60849a1f8f25e67e7b,phase1_ofat,0,4,16,1029,1019,2048,0,0.6226675344369023,0.5874391102610403,0.03522842417586192,False,False,False
f05a3b8df6634a618ddd37da673d859e,phase1_ofat,0,4,16,374,359,2048,1315,0.7295369001711144,0.7102084770264634,0.019328423144650997,False,False,False
f05a3b8df6634a618ddd37da673d859e,phase1_ofat,2,4,16,684,471,2048,893,0.999999999999938,0.9999999998360136,1.6392442958590436e-10,False,False,True
f05a3b8df6634a618ddd37da673d859e,phase1_ofat,4,4,16,684,471,2048,893,0.999999999999938,0.9999999998360136,1.6392442958590436e-10,False,False,True
f102a1534a7e435da673ed2bcf0606f7,phase1_ofat,0,4,16,8284,8100,16384,0,0.9789711212867914,0.9247131204998189,0.054258000786972516,True,False,True
f110f6f2955e442aaa6fa9da309c9260,phase1_ofat,0,4,16,1027,1021,2048,0,0.5743642426858293,0.5527361245233202,0.02162811816250909,False,False,True
f1b5f70786cf4517a2fe89709c1dcbdd,phase1_ofat,0,4,16,383,336,2048,1329,0.97324742834458,0.9602183530378585,0.013029075306721483,False,False,True
f1b5f70786cf4517a2fe89709c1dcbdd,phase1_ofat,2,4,16,707,493,2048,848,0.9999999999999094,0.9999999997063034,2.936060283786901e-10,False,False,True
f1b5f70786cf4517a2fe89709c1dcbdd,phase1_ofat,4,4,16,707,493,2048,848,0.9999999999999094,0.9999999997063034,2.936060283786901e-10,False,False,True
f2598d632b2b407daf89c6b692b618cc,phase1_ofat,0,4,16,1031,1017,2048,0,0.6691229968417161,0.6214715225467233,0.047651474294992724,False,False,False
f27109ffce5547a88a1c4c674b3bea60,phase1_ofat,0,4,16,38,26,64,0,0.9832541924589696,0.9335078013619315,0.049746391097038156,True,False,False
f290416bc27f4d608b9dd0b68db8c136,phase1_ofat,0,4,16,1038,1010,2048,0,0.8092119033012374,0.7319439429629453,0.07726796033829209,False,False,True
f2c059c89f9d46d0b1deaa69d2f7f2d0,phase1_ofat,0,2,4,1027,1021,2048,0,0.5743642426858293,0.5527361245233202,0.02162811816250909,False,False,True
f306e722b3a34894b0b0039e76c7a4ce,phase1_ofat,0,4,16,1036,1012,2048,0,0.7733706289595478,0.7020530734658338,0.07131755549371399,False,False,True
f35d54320b624067aff3877a787e7241,phase1_ofat,0,4,16,538,486,1024,0,0.9892332532491368,0.9479418374291622,0.04129141581997464,True,False,True
f4bba82f269e4c7498b5c68a2c453998,phase1_ofat,0,4,16,354,336,2048,1358,0.7738035966275518,0.7533924680201723,0.02041112860737948,False,False,True
f4bba82f269e4c7498b5c68a2c453998,phase1_ofat,2,4,16,694,469,2048,885,0.9999999999999968,0.9999999999818058,1.819100425848319e-11,False,False,True
f4bba82f269e4c7498b5c68a2c453998,phase1_ofat,4,4,16,694,469,2048,885,0.9999999999999968,0.9999999999818058,1.819100425848319e-11,False,False,True
f4cca2923b614af799fc34f470b1c4a8,phase1_ofat,0,4,16,189,177,1024,658,0.7555569179532045,0.7347237543742053,0.020833163578999114,False,False,True
f4cca2923b614af799fc34f470b1c4a8,phase1_ofat,2,4,16,349,248,1024,427,0.9999995662688064,0.9999828629778739,1.670329093250711e-05,False,False,True
f4cca2923b614af799fc34f470b1c4a8,phase1_ofat,4,4,16,349,248,1024,427,0.9999995662688064,0.9999828629778739,1.670329093250711e-05,False,False,True
f4f8ff87b803402c92dd2157f3bf2eea,phase1_ofat,0,4,16,532,492,1024,0,0.9614628306826752,0.8943606606026675,0.06710217008000774,True,False,False
f52042877ff5452783b2a6baa807da92,phase1_ofat,0,4,16,45,37,256,174,0.8324647174779285,0.8114466522569368,0.0210180652209917,False,False,True
f52042877ff5452783b2a6baa807da92,phase1_ofat,2,4,16,78,73,256,105,0.6859722953551122,0.6578875538773938,0.028084741477718334,False,False,True
f52042877ff5452783b2a6baa807da92,phase1_ofat,4,4,16,78,73,256,105,0.6859722953551122,0.6578875538773938,0.028084741477718334,False,False,True
f555be52ef14467296d54adead922744,phase1_ofat,0,4,16,4,3,16,9,0.6642697648948153,0.6455130908268756,0.018756674067939683,False,False,True
f555be52ef14467296d54adead922744,phase1_ofat,2,4,16,5,5,16,6,0.5000000000000002,0.5000000000000003,-1.1102230246251565e-16,False,False,True
f555be52ef14467296d54adead922744,phase1_ofat,4,4,16,5,5,16,6,0.5000000000000002,0.5000000000000003,-1.1102230246251565e-16,False,False,True
f5ef794e97904438b24145ced1008906,phase1_ofat,0,4,16,1092,956,2048,0,0.999989381760486,0.9986772706328552,0.001312111127630855,False,False,True
f61b1c0ecfc04974bbf90d0d0d00b00f,phase1_ofat,0,4,16,1054,994,2048,0,0.9696102361646572,0.907557969556849,0.06205226660780827,True,False,True
f6c20faa3dbf49aa98e8e22e66eb9b87,phase1_ofat,0,4,16,11,10,64,43,0.5940543359489875,0.5860264882730924,0.008027847675895039,False,False,True
f6c20faa3dbf49aa98e8e22e66eb9b87,phase1_ofat,2,4,16,21,15,64,28,0.8810065083448596,0.8413241605707861,0.039682347774073534,False,False,True
f6c20faa3dbf49aa98e8e22e66eb9b87,phase1_ofat,4,4,16,21,15,64,28,0.8810065083448596,0.8413241605707861,0.039682347774073534,False,False,True
f73d52bf93014b4895bf87048d9f4555,phase1_ofat,0,4,16,1036,1012,2048,0,0.7733706289595478,0.7020530734658338,0.07131755549371399,False,False,False
f7c3ae97970244489922d56f43e18c59,phase1_ofat,0,4,16,344,336,2048,1368,0.6315307597973547,0.6204838727705578,0.011046887026796903,False,False,True
f7c3ae97970244489922d56f43e18c59,phase1_ofat,2,4,16,668,477,2048,903,0.9999999999864628,0.9999999923146808,7.671781987461657e-09,False,False,True
f7c3ae97970244489922d56f43e18c59,phase1_ofat,4,4,16,668,477,2048,903,0.9999999999864628,0.9999999923146808,7.671781987461657e-09,False,False,True
f7d8c6c6ed1c4444b6766456ed9aa72e,phase1_ofat,0,2,4,1074,974,2048,0,0.9991126586967672,0.986449433819963,0.012663224876804269,False,False,False
fa206a3ee90f4d35abc42c63f04540c6,phase1_ofat,0,4,16,1027,1021,2048,0,0.5743642426858293,0.5527361245233202,0.02162811816250909,False,False,True
fb1db12955ad4b96b156da80cca2dedc,phase1_ofat,0,4,16,3,2,16,11,0.684549982783064,0.6697652726313549,0.014784710151709124,False,False,False
fb1db12955ad4b96b156da80cca2dedc,phase1_ofat,2,4,16,6,5,16,5,0.6445594043687155,0.6175863360217179,0.026973068346997642,False,False,True
fb1db12955ad4b96b156da80cca2dedc,phase1_ofat,4,4,16,6,5,16,5,0.6445594043687155,0.6175863360217179,0.026973068346997642,False,False,True
fc3abd93258f45a5b9e43cd6cfb3b943,phase1_ofat,0,4,16,1056,992,2048,0,0.9772564565321858,0.9213588396219684,0.05589761691021744,True,False,True
fd7579771ca54e52a72a586f47dc741c,phase1_ofat,0,4,16,1055,993,2048,0,0.9736644991115404,0.914667202525971,0.0589972965855694,True,False,True
fdbc0fa062de434c89c46d49754256d0,phase1_ofat,0,4,16,1033,1015,2048,0,0.7131096267795382,0.6545868376948085,0.05852278908472963,False,False,True
fdfe0e5e10244c2b9b3214688d3c980f,phase1_ofat,0,4,16,1026,1022,2048,0,0.5497372320664393,0.5352145698167151,0.014522662249724205,False,False,True
ff1e4ab2d32c4b448e20234e82dd08cd,phase1_ofat,0,2,4,530,514,2048,1004,0.7168963119264613,0.6897555891533893,0.027140722773072,False,False,False
ff1e4ab2d32c4b448e20234e82dd08cd,phase1_ofat,1,2,4,783,507,2048,758,0.9999999999999996,0.9999999999999939,5.662137425588298e-15,False,False,True
ff1e4ab2d32c4b448e20234e82dd08cd,phase1_ofat,2,2,4,792,500,2048,756,1.0,0.9999999999999998,2.220446049250313e-16,False,False,True
ff1e4ab2d32c4b448e20234e82dd08cd,phase1_ofat,3,2,4,783,507,2048,758,0.9999999999999996,0.9999999999999939,5.662137425588298e-15,False,False,True
ff1e4ab2d32c4b448e20234e82dd08cd,phase1_ofat,4,2,4,792,500,2048,756,1.0,0.9999999999999998,2.220446049250313e-16,False,False,True
ff1e4ab2d32c4b448e20234e82dd08cd,phase1_ofat,5,2,4,783,507,2048,758,0.9999999999999996,0.9999999999999939,5.662137425588298e-15,False,False,True
ff1e4ab2d32c4b448e20234e82dd08cd,phase1_ofat,6,2,4,792,500,2048,756,1.0,0.9999999999999998,2.220446049250313e-16,False,False,True
ffd4e844ea7048cbb3a5d81b30876f52,phase1_ofat,0,4,16,351,339,2048,1358,0.6917937913024041,0.676088434117139,0.015705357185265112,False,False,False
ffd4e844ea7048cbb3a5d81b30876f52,phase1_ofat,2,4,16,681,488,2048,879,0.999999999988761,0.9999999923141746,7.67458641082186e-09,False,False,True
ffd4e844ea7048cbb3a5d81b30876f52,phase1_ofat,4,4,16,681,488,2048,879,0.999999999988761,0.9999999923141746,7.67458641082186e-09,False,False,True
ffd4e844ea7048cbb3a5d81b30876f52,phase1_ofat,6,4,16,681,488,2048,879,0.999999999988761,0.9999999923141746,7.67458641082186e-09,False,False,True
