trial_id,phase,window_start,window_width,n1,n2,s_w,c_w,correct
062ef97a1dee4f78b4ab7c514e1f959c,phase1b_combined_stress,0,4,2,1,4,0.7634994083736772,False
062ef97a1dee4f78b4ab7c514e1f959c,phase1b_combined_stress,4,4,2,1,4,0.7634994083736772,True
062ef97a1dee4f78b4ab7c514e1f959c,phase1b_combined_stress,8,4,2,1,4,0.7634994083736772,True
062ef97a1dee4f78b4ab7c514e1f959c,phase1b_combined_stress,12,4,2,1,4,0.7634994083736772,True
06a3440c920f4e98b36268109c40b0ad,phase1b_combined_stress,0,4,2,1,4,0.7634994083736772,True
06a3440c920f4e98b36268109c40b0ad,phase1b_combined_stress,1,4,2,1,4,0.7634994083736772,False
06a3440c920f4e98b36268109c40b0ad,phase1b_combined_stress,2,4,3,1,4,0.9215990534084937,True
06a3440c920f4e98b36268109c40b0ad,phase1b_combined_stress,3,4,2,1,4,0.7634994083736772,False
06a3440c920f4e98b36268109c40b0ad,phase1b_combined_stress,4,4,3,1,4,0.9215990534084937,True
06a3440c920f4e98b36268109c40b0ad,phase1b_combined_stress,5,4,2,1,4,0.7634994083736772,False
06a3440c920f4e98b36268109c40b0ad,phase1b_combined_stress,6,4,3,1,4,0.9215990534084937,True
06a3440c920f4e98b36268109c40b0ad,phase1b_combined_stress,7,4,2,1,4,0.7634994083736772,False
06a3440c920f4e98b36268109c40b0ad,phase1b_combined_stress,8,4,3,1,4,0.9215990534084937,True
06a3440c920f4e98b36268109c40b0ad,phase1b_combined_stress,9,4,2,1,4,0.7634994083736772,False
06a3440c920f4e98b36268109c40b0ad,phase1b_combined_stress,10,4,3,1,4,0.9215990534084937,True
06a3440c920f4e98b36268109c40b0ad,phase1b_combined_stress,11,4,2,1,4,0.7634994083736772,False
06a3440c920f4e98b36268109c40b0ad,phase1b_combined_stress,12,4,3,1,4,0.9215990534084937,True
06a3440c920f4e98b36268109c40b0ad,phase1b_combined_stress,13,4,2,1,4,0.7634994083736772,False
06a3440c920f4e98b36268109c40b0ad,phase1b_combined_stress,14,4,3,1,4,0.9215990534084937,True
06a3440c920f4e98b36268109c40b0ad,phase1b_combined_stress,15,4,2,1,4,0.7634994083736772,False
06a3440c920f4e98b36268109c40b0ad,phase1b_combined_stress,16,4,3,1,4,0.9215990534084937,True
06a3440c920f4e98b36268109c40b0ad,phase1b_combined_stress,17,4,2,1,4,0.7634994083736772,False
06a3440c920f4e98b36268109c40b0ad,phase1b_combined_stress,18,4,3,1,4,0.9215990534084937,True
06a3440c920f4e98b36268109c40b0ad,phase1b_combined_stress,19,4,2,1,4,0.7634994083736772,False
06a3440c920f4e98b36268109c40b0ad,phase1b_combined_stress,20,4,3,1,4,0.9215990534084937,True
088c674334e94539832a64bfb2bdcef3,phase1b_combined_stress,0,4,2,1,4,0.7634994083736772,True
088c674334e94539832a64bfb2bdcef3,phase1b_combined_stress,1,4,1,1,4,0.4999999999917221,True
088c674334e94539832a64bfb2bdcef3,phase1b_combined_stress,2,4,1,1,4,0.4999999999917221,False
088c674334e94539832a64bfb2bdcef3,phase1b_combined_stress,3,4,1,1,4,0.4999999999917221,True
088c674334e94539832a64bfb2bdcef3,phase1b_combined_stress,4,4,1,1,4,0.4999999999917221,False
088c674334e94539832a64bfb2bdcef3,phase1b_combined_stress,5,4,1,1,4,0.4999999999917221,True
088c674334e94539832a64bfb2bdcef3,phase1b_combined_stress,6,4,1,1,4,0.4999999999917221,False
088c674334e94539832a64bfb2bdcef3,phase1b_combined_stress,7,4,1,1,4,0.4999999999917221,True
088c674334e94539832a64bfb2bdcef3,phase1b_combined_stress,8,4,1,1,4,0.4999999999917221,False
088c674334e94539832a64bfb2bdcef3,phase1b_combined_stress,9,4,1,1,4,0.4999999999917221,True
088c674334e94539832a64bfb2bdcef3,phase1b_combined_stress,10,4,1,1,4,0.4999999999917221,False
088c674334e94539832a64bfb2bdcef3,phase1b_combined_stress,11,4,1,1,4,0.4999999999917221,True
088c674334e94539832a64bfb2bdcef3,phase1b_combined_stress,12,4,1,1,4,0.4999999999917221,False
088c674334e94539832a64bfb2bdcef3,phase1b_combined_stress,13,4,1,1,4,0.4999999999917221,True
088c674334e94539832a64bfb2bdcef3,phase1b_combined_stress,14,4,1,1,4,0.4999999999917221,False
088c674334e94539832a64bfb2bdcef3,phase1b_combined_stress,15,4,1,1,4,0.4999999999917221,True
088c674334e94539832a64bfb2bdcef3,phase1b_combined_stress,16,4,1,1,4,0.4999999999917221,False
088c674334e94539832a64bfb2bdcef3,phase1b_combined_stress,17,4,1,1,4,0.4999999999917221,True
088c674334e94539832a64bfb2bdcef3,phase1b_combined_stress,18,4,1,1,4,0.4999999999917221,False
088c674334e94539832a64bfb2bdcef3,phase1b_combined_stress,19,4,1,1,4,0.4999999999917221,True
088c674334e94539832a64bfb2bdcef3,phase1b_combined_stress,20,4,1,1,4,0.4999999999917221,False
0c676861b8544a0c89bcaed84ad7a119,phase1b_combined_stress,0,4,3,2,8,0.7032998661141543,False
0c676861b8544a0c89bcaed84ad7a119,phase1b_combined_stress,4,4,4,1,8,0.9490469570291831,True
0c676861b8544a0c89bcaed84ad7a119,phase1b_combined_stress,8,4,4,1,8,0.9490469570291831,True
0c676861b8544a0c89bcaed84ad7a119,phase1b_combined_stress,12,4,4,1,8,0.9490469570291831,True
0fe7f348a5204ec1acfd612342670150,phase1b_combined_stress,0,4,1,1,4,0.4999999999917221,True
0fe7f348a5204ec1acfd612342670150,phase1b_combined_stress,1,4,2,2,4,0.49999999999334993,False
0fe7f348a5204ec1acfd612342670150,phase1b_combined_stress,2,4,2,1,4,0.7634994083736772,True
0fe7f348a5204ec1acfd612342670150,phase1b_combined_stress,3,4,2,2,4,0.49999999999334993,False
0fe7f348a5204ec1acfd612342670150,phase1b_combined_stress,4,4,2,1,4,0.7634994083736772,True
0fe7f348a5204ec1acfd612342670150,phase1b_combined_stress,5,4,2,2,4,0.49999999999334993,False
0fe7f348a5204ec1acfd612342670150,phase1b_combined_stress,6,4,2,1,4,0.7634994083736772,True
0fe7f348a5204ec1acfd612342670150,phase1b_combined_stress,7,4,2,2,4,0.49999999999334993,False
0fe7f348a5204ec1acfd612342670150,phase1b_combined_stress,8,4,2,1,4,0.7634994083736772,True
0fe7f348a5204ec1acfd612342670150,phase1b_combined_stress,9,4,2,2,4,0.49999999999334993,False
0fe7f348a5204ec1acfd612342670150,phase1b_combined_stress,10,4,2,1,4,0.7634994083736772,True
0fe7f348a5204ec1acfd612342670150,phase1b_combined_stress,11,4,2,2,4,0.49999999999334993,False
0fe7f348a5204ec1acfd612342670150,phase1b_combined_stress,12,4,2,1,4,0.7634994083736772,True
0fe7f348a5204ec1acfd612342670150,phase1b_combined_stress,13,4,2,2,4,0.49999999999334993,False
0fe7f348a5204ec1acfd612342670150,phase1b_combined_stress,14,4,2,1,4,0.7634994083736772,True
0fe7f348a5204ec1acfd612342670150,phase1b_combined_stress,15,4,2,2,4,0.49999999999334993,False
0fe7f348a5204ec1acfd612342670150,phase1b_combined_stress,16,4,2,1,4,0.7634994083736772,True
0fe7f348a5204ec1acfd612342670150,phase1b_combined_stress,17,4,2,2,4,0.49999999999334993,False
0fe7f348a5204ec1acfd612342670150,phase1b_combined_stress,18,4,2,1,4,0.7634994083736772,True
0fe7f348a5204ec1acfd612342670150,phase1b_combined_stress,19,4,2,2,4,0.49999999999334993,False
0fe7f348a5204ec1acfd612342670150,phase1b_combined_stress,20,4,2,1,4,0.7634994083736772,True
115c8d4397a54041ad2e61705b2d1cdd,phase1b_combined_stress,0,4,2,2,4,0.49999999999334993,True
115c8d4397a54041ad2e61705b2d1cdd,phase1b_combined_stress,4,4,1,1,4,0.4999999999917221,True
115c8d4397a54041ad2e61705b2d1cdd,phase1b_combined_stress,8,4,1,1,4,0.4999999999917221,True
115c8d4397a54041ad2e61705b2d1cdd,phase1b_combined_stress,12,4,1,1,4,0.4999999999917221,True
11a6a320f0694fb1ae5bdf334a3e769f,phase1b_combined_stress,0,4,1,1,4,0.4999999999917221,True
11a6a320f0694fb1ae5bdf334a3e769f,phase1b_combined_stress,4,4,1,1,4,0.4999999999917221,False
11a6a320f0694fb1ae5bdf334a3e769f,phase1b_combined_stress,8,4,1,1,4,0.4999999999917221,False
11a6a320f0694fb1ae5bdf334a3e769f,phase1b_combined_stress,12,4,1,1,4,0.4999999999917221,False
11a6a320f0694fb1ae5bdf334a3e769f,phase1b_combined_stress,16,4,1,1,4,0.4999999999917221,False
11a6a320f0694fb1ae5bdf334a3e769f,phase1b_combined_stress,20,4,1,1,4,0.4999999999917221,False
11a6a320f0694fb1ae5bdf334a3e769f,phase1b_combined_stress,24,4,1,1,4,0.4999999999917221,False
11a6a320f0694fb1ae5bdf334a3e769f,phase1b_combined_stress,28,4,1,1,4,0.4999999999917221,False
16f3eb1fe8244d14a104db4f2a0ec1f6,phase1b_combined_stress,0,4,6,3,16,0.881083730681911,True
16f3eb1fe8244d14a104db4f2a0ec1f6,phase1b_combined_stress,4,4,6,4,16,0.7765484257488472,True
16f3eb1fe8244d14a104db4f2a0ec1f6,phase1b_combined_stress,8,4,6,4,16,0.7765484257488472,True
16f3eb1fe8244d14a104db4f2a0ec1f6,phase1b_combined_stress,12,4,6,4,16,0.7765484257488472,True
18baf459c0b0433f96f067b9e1003180,phase1b_combined_stress,0,4,3,2,8,0.7032998661141543,False
18baf459c0b0433f96f067b9e1003180,phase1b_combined_stress,4,4,4,3,8,0.6916827309132849,True
18baf459c0b0433f96f067b9e1003180,phase1b_combined_stress,8,4,4,3,8,0.6916827309132849,True
18baf459c0b0433f96f067b9e1003180,phase1b_combined_stress,12,4,4,3,8,0.6916827309132849,True
1b8f2c0e2841492da562a973de26642a,phase1b_combined_stress,0,4,3,1,4,0.9215990534084937,False
1b8f2c0e2841492da562a973de26642a,phase1b_combined_stress,4,4,1,1,4,0.4999999999917221,True
1b8f2c0e2841492da562a973de26642a,phase1b_combined_stress,8,4,1,1,4,0.4999999999917221,True
1b8f2c0e2841492da562a973de26642a,phase1b_combined_stress,12,4,1,1,4,0.4999999999917221,True
1b8f2c0e2841492da562a973de26642a,phase1b_combined_stress,16,4,1,1,4,0.4999999999917221,True
1b8f2c0e2841492da562a973de26642a,phase1b_combined_stress,20,4,1,1,4,0.4999999999917221,True
1cb5b513575b482a8c298698416b8328,phase1b_combined_stress,0,4,2,2,8,0.5000000000000222,True
1cb5b513575b482a8c298698416b8328,phase1b_combined_stress,4,4,3,3,8,0.49999999999829725,True
1cb5b513575b482a8c298698416b8328,phase1b_combined_stress,8,4,3,3,8,0.49999999999829725,True
1cb5b513575b482a8c298698416b8328,phase1b_combined_stress,12,4,3,3,8,0.49999999999829725,True
1ded4af45f89426f9bfa83a329988ce9,phase1b_combined_stress,0,4,3,1,4,0.9215990534084937,False
1e0e286f7bc94aa28d1cc30b0c5afb12,phase1b_combined_stress,0,4,6,4,16,0.7765484257488472,True
1e0e286f7bc94aa28d1cc30b0c5afb12,phase1b_combined_stress,4,4,6,6,16,0.5,True
1e0e286f7bc94aa28d1cc30b0c5afb12,phase1b_combined_stress,8,4,6,6,16,0.5,True
1e0e286f7bc94aa28d1cc30b0c5afb12,phase1b_combined_stress,12,4,6,6,16,0.5,True
1e70a5fdeda64b6ab9d20ec58be654cc,phase1b_combined_stress,0,4,3,3,8,0.49999999999829725,True
1e70a5fdeda64b6ab9d20ec58be654cc,phase1b_combined_stress,4,4,3,3,8,0.49999999999829725,False
1e70a5fdeda64b6ab9d20ec58be654cc,phase1b_combined_stress,8,4,3,3,8,0.49999999999829725,False
1e70a5fdeda64b6ab9d20ec58be654cc,phase1b_combined_stress,12,4,3,3,8,0.49999999999829725,False
1e70a5fdeda64b6ab9d20ec58be654cc,phase1b_combined_stress,16,4,3,3,8,0.49999999999829725,False
1e70a5fdeda64b6ab9d20ec58be654cc,phase1b_combined_stress,20,4,3,3,8,0.49999999999829725,False
1e70a5fdeda64b6ab9d20ec58be654cc,phase1b_combined_stress,24,4,3,3,8,0.49999999999829725,False
1e70a5fdeda64b6ab9d20ec58be654cc,phase1b_combined_stress,28,4,3,3,8,0.49999999999829725,False
1f4a44c8905645b59a51d8fb50ce2bc6,phase1b_combined_stress,0,4,4,3,16,0.6642697648948153,True
1f4a44c8905645b59a51d8fb50ce2bc6,phase1b_combined_stress,1,4,5,4,16,0.6521016341618664,True
1f4a44c8905645b59a51d8fb50ce2bc6,phase1b_combined_stress,2,4,6,4,16,0.7765484257488472,True
1f4a44c8905645b59a51d8fb50ce2bc6,phase1b_combined_stress,3,4,5,4,16,0.6521016341618664,True
1f4a44c8905645b59a51d8fb50ce2bc6,phase1b_combined_stress,4,4,6,4,16,0.7765484257488472,True
1f4a44c8905645b59a51d8fb50ce2bc6,phase1b_combined_stress,5,4,5,4,16,0.6521016341618664,True
1f4a44c8905645b59a51d8fb50ce2bc6,phase1b_combined_stress,6,4,6,4,16,0.7765484257488472,True
1f4a44c8905645b59a51d8fb50ce2bc6,phase1b_combined_stress,7,4,5,4,16,0.6521016341618664,True
1f4a44c8905645b59a51d8fb50ce2bc6,phase1b_combined_stress,8,4,6,4,16,0.7765484257488472,True
1f4a44c8905645b59a51d8fb50ce2bc6,phase1b_combined_stress,9,4,5,4,16,0.6521016341618664,True
1f4a44c8905645b59a51d8fb50ce2bc6,phase1b_combined_stress,10,4,6,4,16,0.7765484257488472,True
1f4a44c8905645b59a51d8fb50ce2bc6,phase1b_combined_stress,11,4,5,4,16,0.6521016341618664,True
1f4a44c8905645b59a51d8fb50ce2bc6,phase1b_combined_stress,12,4,6,4,16,0.7765484257488472,True
2242c46c1b9447fea4f7bbf7b0b86519,phase1b_combined_stress,0,4,2,1,4,0.7634994083736772,True
2242c46c1b9447fea4f7bbf7b0b86519,phase1b_combined_stress,4,4,2,1,4,0.7634994083736772,True
2242c46c1b9447fea4f7bbf7b0b86519,phase1b_combined_stress,8,4,2,1,4,0.7634994083736772,True
2242c46c1b9447fea4f7bbf7b0b86519,phase1b_combined_stress,12,4,2,1,4,0.7634994083736772,True
2242c46c1b9447fea4f7bbf7b0b86519,phase1b_combined_stress,16,4,2,1,4,0.7634994083736772,True
2242c46c1b9447fea4f7bbf7b0b86519,phase1b_combined_stress,20,4,2,1,4,0.7634994083736772,True
2242c46c1b9447fea4f7bbf7b0b86519,phase1b_combined_stress,24,4,2,1,4,0.7634994083736772,True
2242c46c1b9447fea4f7bbf7b0b86519,phase1b_combined_stress,28,4,2,1,4,0.7634994083736772,True
22ec3b91512e4e8a9dd1a1ea1a88b8f5,phase1b_combined_stress,0,4,2,2,8,0.5000000000000222,True
22ec3b91512e4e8a9dd1a1ea1a88b8f5,phase1b_combined_stress,1,4,2,2,8,0.5000000000000222,False
22ec3b91512e4e8a9dd1a1ea1a88b8f5,phase1b_combined_stress,2,4,3,2,8,0.7032998661141543,True
22ec3b91512e4e8a9dd1a1ea1a88b8f5,phase1b_combined_stress,3,4,2,2,8,0.5000000000000222,False
22ec3b91512e4e8a9dd1a1ea1a88b8f5,phase1b_combined_stress,4,4,3,2,8,0.7032998661141543,True
22ec3b91512e4e8a9dd1a1ea1a88b8f5,phase1b_combined_stress,5,4,2,2,8,0.5000000000000222,False
22ec3b91512e4e8a9dd1a1ea1a88b8f5,phase1b_combined_stress,6,4,3,2,8,0.7032998661141543,True
22ec3b91512e4e8a9dd1a1ea1a88b8f5,phase1b_combined_stress,7,4,2,2,8,0.5000000000000222,False
22ec3b91512e4e8a9dd1a1ea1a88b8f5,phase1b_combined_stress,8,4,3,2,8,0.7032998661141543,True
22ec3b91512e4e8a9dd1a1ea1a88b8f5,phase1b_combined_stress,9,4,2,2,8,0.5000000000000222,False
22ec3b91512e4e8a9dd1a1ea1a88b8f5,phase1b_combined_stress,10,4,3,2,8,0.7032998661141543,True
22ec3b91512e4e8a9dd1a1ea1a88b8f5,phase1b_combined_stress,11,4,2,2,8,0.5000000000000222,False
22ec3b91512e4e8a9dd1a1ea1a88b8f5,phase1b_combined_stress,12,4,3,2,8,0.7032998661141543,True
22ec3b91512e4e8a9dd1a1ea1a88b8f5,phase1b_combined_stress,13,4,2,2,8,0.5000000000000222,False
22ec3b91512e4e8a9dd1a1ea1a88b8f5,phase1b_combined_stress,14,4,3,2,8,0.7032998661141543,True
22ec3b91512e4e8a9dd1a1ea1a88b8f5,phase1b_combined_stress,15,4,2,2,8,0.5000000000000222,False
22ec3b91512e4e8a9dd1a1ea1a88b8f5,phase1b_combined_stress,16,4,3,2,8,0.7032998661141543,True
22ec3b91512e4e8a9dd1a1ea1a88b8f5,phase1b_combined_stress,17,4,2,2,8,0.5000000000000222,False
22ec3b91512e4e8a9dd1a1ea1a88b8f5,phase1b_combined_stress,18,4,3,2,8,0.7032998661141543,True
22ec3b91512e4e8a9dd1a1ea1a88b8f5,phase1b_combined_stress,19,4,2,2,8,0.5000000000000222,False
22ec3b91512e4e8a9dd1a1ea1a88b8f5,phase1b_combined_stress,20,4,3,2,8,0.7032998661141543,True
27dd33f831744e8c829ad3da7cb0d392,phase1b_combined_stress,0,4,3,1,8,0.8753228297506488,False
27dd33f831744e8c829ad3da7cb0d392,phase1b_combined_stress,4,4,4,2,8,0.8485140562026603,False
27dd33f831744e8c829ad3da7cb0d392,phase1b_combined_stress,8,4,4,2,8,0.8485140562026603,False
27dd33f831744e8c829ad3da7cb0d392,phase1b_combined_stress,12,4,4,2,8,0.8485140562026603,False
27dd33f831744e8c829ad3da7cb0d392,phase1b_combined_stress,16,4,4,2,8,0.8485140562026603,False
27dd33f831744e8c829ad3da7cb0d392,phase1b_combined_stress,20,4,4,2,8,0.8485140562026603,False
27dd33f831744e8c829ad3da7cb0d392,phase1b_combined_stress,24,4,4,2,8,0.8485140562026603,False
27dd33f831744e8c829ad3da7cb0d392,phase1b_combined_stress,28,4,4,2,8,0.8485140562026603,False
2a441261624a47b2a55f588efd44f8ee,phase1b_combined_stress,0,4,3,1,8,0.8753228297506488,True
2a441261624a47b2a55f588efd44f8ee,phase1b_combined_stress,1,4,3,2,8,0.7032998661141543,True
2a441261624a47b2a55f588efd44f8ee,phase1b_combined_stress,2,4,3,3,8,0.49999999999829725,True
2a441261624a47b2a55f588efd44f8ee,phase1b_combined_stress,3,4,3,2,8,0.7032998661141543,True
2a441261624a47b2a55f588efd44f8ee,phase1b_combined_stress,4,4,3,3,8,0.49999999999829725,True
2a441261624a47b2a55f588efd44f8ee,phase1b_combined_stress,5,4,3,2,8,0.7032998661141543,True
2a441261624a47b2a55f588efd44f8ee,phase1b_combined_stress,6,4,3,3,8,0.49999999999829725,True
2a441261624a47b2a55f588efd44f8ee,phase1b_combined_stress,7,4,3,2,8,0.7032998661141543,True
2a441261624a47b2a55f588efd44f8ee,phase1b_combined_stress,8,4,3,3,8,0.49999999999829725,True
2a441261624a47b2a55f588efd44f8ee,phase1b_combined_stress,9,4,3,2,8,0.7032998661141543,True
2a441261624a47b2a55f588efd44f8ee,phase1b_combined_stress,10,4,3,3,8,0.49999999999829725,True
2a441261624a47b2a55f588efd44f8ee,phase1b_combined_stress,11,4,3,2,8,0.7032998661141543,True
2a441261624a47b2a55f588efd44f8ee,phase1b_combined_stress,12,4,3,3,8,0.49999999999829725,True
2aac2b1074a843038ba6ac5668e2ee33,phase1b_combined_stress,0,4,2,2,8,0.5000000000000222,True
2aac2b1074a843038ba6ac5668e2ee33,phase1b_combined_stress,1,4,5,2,8,0.9356425702464107,True
2aac2b1074a843038ba6ac5668e2ee33,phase1b_combined_stress,2,4,4,2,8,0.8485140562026603,False
2aac2b1074a843038ba6ac5668e2ee33,phase1b_combined_stress,3,4,5,2,8,0.9356425702464107,True
2aac2b1074a843038ba6ac5668e2ee33,phase1b_combined_stress,4,4,4,2,8,0.8485140562026603,False
2aac2b1074a843038ba6ac5668e2ee33,phase1b_combined_stress,5,4,5,2,8,0.9356425702464107,True
2aac2b1074a843038ba6ac5668e2ee33,phase1b_combined_stress,6,4,4,2,8,0.8485140562026603,False
2aac2b1074a843038ba6ac5668e2ee33,phase1b_combined_stress,7,4,5,2,8,0.9356425702464107,True
2aac2b1074a843038ba6ac5668e2ee33,phase1b_combined_stress,8,4,4,2,8,0.8485140562026603,False
2aac2b1074a843038ba6ac5668e2ee33,phase1b_combined_stress,9,4,5,2,8,0.9356425702464107,True
2aac2b1074a843038ba6ac5668e2ee33,phase1b_combined_stress,10,4,4,2,8,0.8485140562026603,False
2aac2b1074a843038ba6ac5668e2ee33,phase1b_combined_stress,11,4,5,2,8,0.9356425702464107,True
2aac2b1074a843038ba6ac5668e2ee33,phase1b_combined_stress,12,4,4,2,8,0.8485140562026603,False
2b9788a0b3ec4fe4b80fe6ced1287854,phase1b_combined_stress,0,4,1,1,4,0.4999999999917221,True
2b9788a0b3ec4fe4b80fe6ced1287854,phase1b_combined_stress,4,4,1,1,4,0.4999999999917221,False
2b9788a0b3ec4fe4b80fe6ced1287854,phase1b_combined_stress,8,4,1,1,4,0.4999999999917221,False
2b9788a0b3ec4fe4b80fe6ced1287854,phase1b_combined_stress,12,4,1,1,4,0.4999999999917221,False
2beb40801441442cbce046e5cfea32a3,phase1b_combined_stress,0,4,3,2,8,0.7032998661141543,True
2beb40801441442cbce046e5cfea32a3,phase1b_combined_stress,1,4,5,2,8,0.9356425702464107,True
2beb40801441442cbce046e5cfea32a3,phase1b_combined_stress,2,4,3,2,8,0.7032998661141543,False
2beb40801441442cbce046e5cfea32a3,phase1b_combined_stress,3,4,5,2,8,0.9356425702464107,True
2beb40801441442cbce046e5cfea32a3,phase1b_combined_stress,4,4,3,2,8,0.7032998661141543,False
2beb40801441442cbce046e5cfea32a3,phase1b_combined_stress,5,4,5,2,8,0.9356425702464107,True
2beb40801441442cbce046e5cfea32a3,phase1b_combined_stress,6,4,3,2,8,0.7032998661141543,False
2beb40801441442cbce046e5cfea32a3,phase1b_combined_stress,7,4,5,2,8,0.9356425702464107,True
2beb40801441442cbce046e5cfea32a3,phase1b_combined_stress,8,4,3,2,8,0.7032998661141543,False
2beb40801441442cbce046e5cfea32a3,phase1b_combined_stress,9,4,5,2,8,0.9356425702464107,True
2beb40801441442cbce046e5cfea32a3,phase1b_combined_stress,10,4,3,2,8,0.7032998661141543,False
2beb40801441442cbce046e5cfea32a3,phase1b_combined_stress,11,4,5,2,8,0.9356425702464107,True
2beb40801441442cbce046e5cfea32a3,phase1b_combined_stress,12,4,3,2,8,0.7032998661141543,False
2beb40801441442cbce046e5cfea32a3,phase1b_combined_stress,13,4,5,2,8,0.9356425702464107,True
2beb40801441442cbce046e5cfea32a3,phase1b_combined_stress,14,4,3,2,8,0.7032998661141543,False
2beb40801441442cbce046e5cfea32a3,phase1b_combined_stress,15,4,5,2,8,0.9356425702464107,True
2beb40801441442cbce046e5cfea32a3,phase1b_combined_stress,16,4,3,2,8,0.7032998661141543,False
2beb40801441442cbce046e5cfea32a3,phase1b_combined_stress,17,4,5,2,8,0.9356425702464107,True
2beb40801441442cbce046e5cfea32a3,phase1b_combined_stress,18,4,3,2,8,0.7032998661141543,False
2beb40801441442cbce046e5cfea32a3,phase1b_combined_stress,19,4,5,2,8,0.9356425702464107,True
2beb40801441442cbce046e5cfea32a3,phase1b_combined_stress,20,4,3,2,8,0.7032998661141543,False
2da4b3605d4946818d96d14f5e35af76,phase1b_combined_stress,0,4,3,3,16,0.5000000000000001,True
2da4b3605d4946818d96d14f5e35af76,phase1b_combined_stress,4,4,9,4,16,0.964930119120837,True
2da4b3605d4946818d96d14f5e35af76,phase1b_combined_stress,8,4,9,4,16,0.964930119120837,True
2da4b3605d4946818d96d14f5e35af76,phase1b_combined_stress,12,4,9,4,16,0.964930119120837,True
2da4b3605d4946818d96d14f5e35af76,phase1b_combined_stress,16,4,9,4,16,0.964930119120837,True
2da4b3605d4946818d96d14f5e35af76,phase1b_combined_stress,20,4,9,4,16,0.964930119120837,True
2da4b3605d4946818d96d14f5e35af76,phase1b_combined_stress,24,4,9,4,16,0.964930119120837,True
2da4b3605d4946818d96d14f5e35af76,phase1b_combined_stress,28,4,9,4,16,0.964930119120837,True
2ff0426967174b018c6702bccd0a0c26,phase1b_combined_stress,0,4,6,4,16,0.7765484257488472,True
2ff0426967174b018c6702bccd0a0c26,phase1b_combined_stress,1,4,7,4,16,0.8679254405504773,True
2ff0426967174b018c6702bccd0a0c26,phase1b_combined_stress,2,4,6,4,16,0.7765484257488472,True
2ff0426967174b018c6702bccd0a0c26,phase1b_combined_stress,3,4,7,4,16,0.8679254405504773,True
2ff0426967174b018c6702bccd0a0c26,phase1b_combined_stress,4,4,6,4,16,0.7765484257488472,True
2ff0426967174b018c6702bccd0a0c26,phase1b_combined_stress,5,4,7,4,16,0.8679254405504773,True
2ff0426967174b018c6702bccd0a0c26,phase1b_combined_stress,6,4,6,4,16,0.7765484257488472,True
2ff0426967174b018c6702bccd0a0c26,phase1b_combined_stress,7,4,7,4,16,0.8679254405504773,True
2ff0426967174b018c6702bccd0a0c26,phase1b_combined_stress,8,4,6,4,16,0.7765484257488472,True
2ff0426967174b018c6702bccd0a0c26,phase1b_combined_stress,9,4,7,4,16,0.8679254405504773,True
2ff0426967174b018c6702bccd0a0c26,phase1b_combined_stress,10,4,6,4,16,0.7765484257488472,True
2ff0426967174b018c6702bccd0a0c26,phase1b_combined_stress,11,4,7,4,16,0.8679254405504773,True
2ff0426967174b018c6702bccd0a0c26,phase1b_combined_stress,12,4,6,4,16,0.7765484257488472,True
2ff0426967174b018c6702bccd0a0c26,phase1b_combined_stress,13,4,7,4,16,0.8679254405504773,True
2ff0426967174b018c6702bccd0a0c26,phase1b_combined_stress,14,4,6,4,16,0.7765484257488472,True
2ff0426967174b018c6702bccd0a0c26,phase1b_combined_stress,15,4,7,4,16,0.8679254405504773,True
2ff0426967174b018c6702bccd0a0c26,phase1b_combined_stress,16,4,6,4,16,0.7765484257488472,True
2ff0426967174b018c6702bccd0a0c26,phase1b_combined_stress,17,4,7,4,16,0.8679254405504773,True
2ff0426967174b018c6702bccd0a0c26,phase1b_combined_stress,18,4,6,4,16,0.7765484257488472,True
2ff0426967174b018c6702bccd0a0c26,phase1b_combined_stress,19,4,7,4,16,0.8679254405504773,True
2ff0426967174b018c6702bccd0a0c26,phase1b_combined_stress,20,4,6,4,16,0.7765484257488472,True
2ff0426967174b018c6702bccd0a0c26,phase1b_combined_stress,21,4,7,4,16,0.8679254405504773,True
2ff0426967174b018c6702bccd0a0c26,phase1b_combined_stress,22,4,6,4,16,0.7765484257488472,True
2ff0426967174b018c6702bccd0a0c26,phase1b_combined_stress,23,4,7,4,16,0.8679254405504773,True
2ff0426967174b018c6702bccd0a0c26,phase1b_combined_stress,24,4,6,4,16,0.7765484257488472,True
2ff0426967174b018c6702bccd0a0c26,phase1b_combined_stress,25,4,7,4,16,0.8679254405504773,True
2ff0426967174b018c6702bccd0a0c26,phase1b_combined_stress,26,4,6,4,16,0.7765484257488472,True
2ff0426967174b018c6702bccd0a0c26,phase1b_combined_stress,27,4,7,4,16,0.8679254405504773,True
2ff0426967174b018c6702bccd0a0c26,phase1b_combined_stress,28,4,6,4,16,0.7765484257488472,True
31edb04a99d54a228cd891b5b3a953d4,phase1b_combined_stress,0,4,4,3,16,0.6642697648948153,True
31edb04a99d54a228cd891b5b3a953d4,phase1b_combined_stress,1,4,6,4,16,0.7765484257488472,True
31edb04a99d54a228cd891b5b3a953d4,phase1b_combined_stress,2,4,6,5,16,0.6445594043687155,False
31edb04a99d54a228cd891b5b3a953d4,phase1b_combined_stress,3,4,6,4,16,0.7765484257488472,True
31edb04a99d54a228cd891b5b3a953d4,phase1b_combined_stress,4,4,6,5,16,0.6445594043687155,False
31edb04a99d54a228cd891b5b3a953d4,phase1b_combined_stress,5,4,6,4,16,0.7765484257488472,True
31edb04a99d54a228cd891b5b3a953d4,phase1b_combined_stress,6,4,6,5,16,0.6445594043687155,False
31edb04a99d54a228cd891b5b3a953d4,phase1b_combined_stress,7,4,6,4,16,0.7765484257488472,True
31edb04a99d54a228cd891b5b3a953d4,phase1b_combined_stress,8,4,6,5,16,0.6445594043687155,False
31edb04a99d54a228cd891b5b3a953d4,phase1b_combined_stress,9,4,6,4,16,0.7765484257488472,True
31edb04a99d54a228cd891b5b3a953d4,phase1b_combined_stress,10,4,6,5,16,0.6445594043687155,False
31edb04a99d54a228cd891b5b3a953d4,phase1b_combined_stress,11,4,6,4,16,0.7765484257488472,True
31edb04a99d54a228cd891b5b3a953d4,phase1b_combined_stress,12,4,6,5,16,0.6445594043687155,False
31f7943298104f7ca228d2e84f6095bc,phase1b_combined_stress,0,4,4,3,16,0.6642697648948153,True
31f7943298104f7ca228d2e84f6095bc,phase1b_combined_stress,4,4,7,6,16,0.6401114226958324,False
31f7943298104f7ca228d2e84f6095bc,phase1b_combined_stress,8,4,7,6,16,0.6401114226958324,False
31f7943298104f7ca228d2e84f6095bc,phase1b_combined_stress,12,4,7,6,16,0.6401114226958324,False
337f269bfa614fccb3b774e79baddc39,phase1b_combined_stress,0,4,1,1,4,0.4999999999917221,False
337f269bfa614fccb3b774e79baddc39,phase1b_combined_stress,4,4,2,1,4,0.7634994083736772,True
337f269bfa614fccb3b774e79baddc39,phase1b_combined_stress,8,4,2,1,4,0.7634994083736772,True
337f269bfa614fccb3b774e79baddc39,phase1b_combined_stress,12,4,2,1,4,0.7634994083736772,True
33c02724a7464bd8a68a2e0828ac2c91,phase1b_combined_stress,0,4,5,1,8,0.9825579239654547,True
33c02724a7464bd8a68a2e0828ac2c91,phase1b_combined_stress,4,4,3,2,8,0.7032998661141543,False
33c02724a7464bd8a68a2e0828ac2c91,phase1b_combined_stress,8,4,3,2,8,0.7032998661141543,False
33c02724a7464bd8a68a2e0828ac2c91,phase1b_combined_stress,12,4,3,2,8,0.7032998661141543,False
36e6abf0f9ad44fa8a2fe532e846cfff,phase1b_combined_stress,0,4,1,1,4,0.4999999999917221,False
36e6abf0f9ad44fa8a2fe532e846cfff,phase1b_combined_stress,4,4,3,1,4,0.9215990534084937,True
36e6abf0f9ad44fa8a2fe532e846cfff,phase1b_combined_stress,8,4,3,1,4,0.9215990534084937,True
36e6abf0f9ad44fa8a2fe532e846cfff,phase1b_combined_stress,12,4,3,1,4,0.9215990534084937,True
36e6abf0f9ad44fa8a2fe532e846cfff,phase1b_combined_stress,16,4,3,1,4,0.9215990534084937,True
36e6abf0f9ad44fa8a2fe532e846cfff,phase1b_combined_stress,20,4,3,1,4,0.9215990534084937,True
36e6abf0f9ad44fa8a2fe532e846cfff,phase1b_combined_stress,24,4,3,1,4,0.9215990534084937,True
36e6abf0f9ad44fa8a2fe532e846cfff,phase1b_combined_stress,28,4,3,1,4,0.9215990534084937,True
379252f59da04b70a2dfeda0e442d507,phase1b_combined_stress,0,4,3,3,16,0.5000000000000001,True
379252f59da04b70a2dfeda0e442d507,phase1b_combined_stress,1,4,5,5,16,0.5000000000000002,True
379252f59da04b70a2dfeda0e442d507,phase1b_combined_stress,2,4,7,5,16,0.7668789003730136,True
379252f59da04b70a2dfeda0e442d507,phase1b_combined_stress,3,4,5,5,16,0.5000000000000002,True
379252f59da04b70a2dfeda0e442d507,phase1b_combined_stress,4,4,7,5,16,0.7668789003730136,True
379252f59da04b70a2dfeda0e442d507,phase1b_combined_stress,5,4,5,5,16,0.5000000000000002,True
379252f59da04b70a2dfeda0e442d507,phase1b_combined_stress,6,4,7,5,16,0.7668789003730136,True
379252f59da04b70a2dfeda0e442d507,phase1b_combined_stress,7,4,5,5,16,0.5000000000000002,True
379252f59da04b70a2dfeda0e442d507,phase1b_combined_stress,8,4,7,5,16,0.7668789003730136,True
379252f59da04b70a2dfeda0e442d507,phase1b_combined_stress,9,4,5,5,16,0.5000000000000002,True
379252f59da04b70a2dfeda0e442d507,phase1b_combined_stress,10,4,7,5,16,0.7668789003730136,True
379252f59da04b70a2dfeda0e442d507,phase1b_combined_stress,11,4,5,5,16,0.5000000000000002,True
379252f59da04b70a2dfeda0e442d507,phase1b_combined_stress,12,4,7,5,16,0.7668789003730136,True
379252f59da04b70a2dfeda0e442d507,phase1b_combined_stress,13,4,5,5,16,0.5000000000000002,True
379252f59da04b70a2dfeda0e442d507,phase1b_combined_stress,14,4,7,5,16,0.7668789003730136,True
379252f59da04b70a2dfeda0e442d507,phase1b_combined_stress,15,4,5,5,16,0.5000000000000002,True
379252f59da04b70a2dfeda0e442d507,phase1b_combined_stress,16,4,7,5,16,0.7668789003730136,True
379252f59da04b70a2dfeda0e442d507,phase1b_combined_stress,17,4,5,5,16,0.5000000000000002,True
379252f59da04b70a2dfeda0e442d507,phase1b_combined_stress,18,4,7,5,16,0.7668789003730136,True
379252f59da04b70a2dfeda0e442d507,phase1b_combined_stress,19,4,5,5,16,0.5000000000000002,True
379252f59da04b70a2dfeda0e442d507,phase1b_combined_stress,20,4,7,5,16,0.7668789003730136,True
3b2bb1a055d04356acded9e4e3731594,phase1b_combined_stress,0,4,2,1,4,0.7634994083736772,False
3b2bb1a055d04356acded9e4e3731594,phase1b_combined_stress,4,4,3,1,4,0.9215990534084937,True
3b2bb1a055d04356acded9e4e3731594,phase1b_combined_stress,8,4,3,1,4,0.9215990534084937,True
3b2bb1a055d04356acded9e4e3731594,phase1b_combined_stress,12,4,3,1,4,0.9215990534084937,True
3b2bb1a055d04356acded9e4e3731594,phase1b_combined_stress,16,4,3,1,4,0.9215990534084937,True
3b2bb1a055d04356acded9e4e3731594,phase1b_combined_stress,20,4,3,1,4,0.9215990534084937,True
3c51d7cdb9d0412ea227ac3bd0b1aee7,phase1b_combined_stress,0,4,2,1,4,0.7634994083736772,False
3c51d7cdb9d0412ea227ac3bd0b1aee7,phase1b_combined_stress,4,4,1,1,4,0.4999999999917221,False
3c51d7cdb9d0412ea227ac3bd0b1aee7,phase1b_combined_stress,8,4,1,1,4,0.4999999999917221,False
3c51d7cdb9d0412ea227ac3bd0b1aee7,phase1b_combined_stress,12,4,1,1,4,0.4999999999917221,False
3c51d7cdb9d0412ea227ac3bd0b1aee7,phase1b_combined_stress,16,4,1,1,4,0.4999999999917221,False
3c51d7cdb9d0412ea227ac3bd0b1aee7,phase1b_combined_stress,20,4,1,1,4,0.4999999999917221,False
3c51d7cdb9d0412ea227ac3bd0b1aee7,phase1b_combined_stress,24,4,1,1,4,0.4999999999917221,False
3c51d7cdb9d0412ea227ac3bd0b1aee7,phase1b_combined_stress,28,4,1,1,4,0.4999999999917221,False
3e3f871503664d3583f2900b98116db9,phase1b_combined_stress,0,4,2,2,8,0.5000000000000222,False
3e3f871503664d3583f2900b98116db9,phase1b_combined_stress,1,4,5,2,8,0.9356425702464107,True
3e3f871503664d3583f2900b98116db9,phase1b_combined_stress,2,4,5,2,8,0.9356425702464107,True
3e3f871503664d3583f2900b98116db9,phase1b_combined_stress,3,4,5,2,8,0.9356425702464107,True
3e3f871503664d3583f2900b98116db9,phase1b_combined_stress,4,4,5,2,8,0.9356425702464107,True
3e3f871503664d3583f2900b98116db9,phase1b_combined_stress,5,4,5,2,8,0.9356425702464107,True
3e3f871503664d3583f2900b98116db9,phase1b_combined_stress,6,4,5,2,8,0.9356425702464107,True
3e3f871503664d3583f2900b98116db9,phase1b_combined_stress,7,4,5,2,8,0.9356425702464107,True
3e3f871503664d3583f2900b98116db9,phase1b_combined_stress,8,4,5,2,8,0.9356425702464107,True
3e3f871503664d3583f2900b98116db9,phase1b_combined_stress,9,4,5,2,8,0.9356425702464107,True
3e3f871503664d3583f2900b98116db9,phase1b_combined_stress,10,4,5,2,8,0.9356425702464107,True
3e3f871503664d3583f2900b98116db9,phase1b_combined_stress,11,4,5,2,8,0.9356425702464107,True
3e3f871503664d3583f2900b98116db9,phase1b_combined_stress,12,4,5,2,8,0.9356425702464107,True
3e3f871503664d3583f2900b98116db9,phase1b_combined_stress,13,4,5,2,8,0.9356425702464107,True
3e3f871503664d3583f2900b98116db9,phase1b_combined_stress,14,4,5,2,8,0.9356425702464107,True
3e3f871503664d3583f2900b98116db9,phase1b_combined_stress,15,4,5,2,8,0.9356425702464107,True
3e3f871503664d3583f2900b98116db9,phase1b_combined_stress,16,4,5,2,8,0.9356425702464107,True
3e3f871503664d3583f2900b98116db9,phase1b_combined_stress,17,4,5,2,8,0.9356425702464107,True
3e3f871503664d3583f2900b98116db9,phase1b_combined_stress,18,4,5,2,8,0.9356425702464107,True
3e3f871503664d3583f2900b98116db9,phase1b_combined_stress,19,4,5,2,8,0.9356425702464107,True
3e3f871503664d3583f2900b98116db9,phase1b_combined_stress,20,4,5,2,8,0.9356425702464107,True
3e3f871503664d3583f2900b98116db9,phase1b_combined_stress,21,4,5,2,8,0.9356425702464107,True
3e3f871503664d3583f2900b98116db9,phase1b_combined_stress,22,4,5,2,8,0.9356425702464107,True
3e3f871503664d3583f2900b98116db9,phase1b_combined_stress,23,4,5,2,8,0.9356425702464107,True
3e3f871503664d3583f2900b98116db9,phase1b_combined_stress,24,4,5,2,8,0.9356425702464107,True
3e3f871503664d3583f2900b98116db9,phase1b_combined_stress,25,4,5,2,8,0.9356425702464107,True
3e3f871503664d3583f2900b98116db9,phase1b_combined_stress,26,4,5,2,8,0.9356425702464107,True
3e3f871503664d3583f2900b98116db9,phase1b_combined_stress,27,4,5,2,8,0.9356425702464107,True
3e3f871503664d3583f2900b98116db9,phase1b_combined_stress,28,4,5,2,8,0.9356425702464107,True
3f2273b1d95844679f8092389fedc637,phase1b_combined_stress,0,4,4,3,16,0.6642697648948153,True
3f2273b1d95844679f8092389fedc637,phase1b_combined_stress,4,4,9,4,16,0.964930119120837,True
3f2273b1d95844679f8092389fedc637,phase1b_combined_stress,8,4,9,4,16,0.964930119120837,True
3f2273b1d95844679f8092389fedc637,phase1b_combined_stress,12,4,9,4,16,0.964930119120837,True
408c0f7e064b4f0bab26d9409bdc9dcf,phase1b_combined_stress,0,4,2,2,8,0.5000000000000222,True
408c0f7e064b4f0bab26d9409bdc9dcf,phase1b_combined_stress,4,4,6,1,8,0.9953530204361403,True
408c0f7e064b4f0bab26d9409bdc9dcf,phase1b_combined_stress,8,4,6,1,8,0.9953530204361403,True
408c0f7e064b4f0bab26d9409bdc9dcf,phase1b_combined_stress,12,4,6,1,8,0.9953530204361403,True
408c0f7e064b4f0bab26d9409bdc9dcf,phase1b_combined_stress,16,4,6,1,8,0.9953530204361403,True
408c0f7e064b4f0bab26d9409bdc9dcf,phase1b_combined_stress,20,4,6,1,8,0.9953530204361403,True
408c0f7e064b4f0bab26d9409bdc9dcf,phase1b_combined_stress,24,4,6,1,8,0.9953530204361403,True
408c0f7e064b4f0bab26d9409bdc9dcf,phase1b_combined_stress,28,4,6,1,8,0.9953530204361403,True
437300fff9e24346bbfd73dc8d9a0574,phase1b_combined_stress,0,4,1,1,4,0.4999999999917221,True
437300fff9e24346bbfd73dc8d9a0574,phase1b_combined_stress,1,4,2,1,4,0.7634994083736772,True
437300fff9e24346bbfd73dc8d9a0574,phase1b_combined_stress,2,4,2,1,4,0.7634994083736772,True
437300fff9e24346bbfd73dc8d9a0574,phase1b_combined_stress,3,4,2,1,4,0.7634994083736772,True
437300fff9e24346bbfd73dc8d9a0574,phase1b_combined_stress,4,4,2,1,4,0.7634994083736772,True
437300fff9e24346bbfd73dc8d9a0574,phase1b_combined_stress,5,4,2,1,4,0.7634994083736772,True
437300fff9e24346bbfd73dc8d9a0574,phase1b_combined_stress,6,4,2,1,4,0.7634994083736772,True
437300fff9e24346bbfd73dc8d9a0574,phase1b_combined_stress,7,4,2,1,4,0.7634994083736772,True
437300fff9e24346bbfd73dc8d9a0574,phase1b_combined_stress,8,4,2,1,4,0.7634994083736772,True
437300fff9e24346bbfd73dc8d9a0574,phase1b_combined_stress,9,4,2,1,4,0.7634994083736772,True
437300fff9e24346bbfd73dc8d9a0574,phase1b_combined_stress,10,4,2,1,4,0.7634994083736772,True
437300fff9e24346bbfd73dc8d9a0574,phase1b_combined_stress,11,4,2,1,4,0.7634994083736772,True
437300fff9e24346bbfd73dc8d9a0574,phase1b_combined_stress,12,4,2,1,4,0.7634994083736772,True
46879e6a07e54af68367256a08b6732f,phase1b_combined_stress,0,4,4,2,16,0.8163713990566811,True
46879e6a07e54af68367256a08b6732f,phase1b_combined_stress,1,4,7,3,16,0.9373719717997155,True
46879e6a07e54af68367256a08b6732f,phase1b_combined_stress,2,4,4,3,16,0.6642697648948153,False
46879e6a07e54af68367256a08b6732f,phase1b_combined_stress,3,4,7,3,16,0.9373719717997155,True
46879e6a07e54af68367256a08b6732f,phase1b_combined_stress,4,4,4,3,16,0.6642697648948153,False
46879e6a07e54af68367256a08b6732f,phase1b_combined_stress,5,4,7,3,16,0.9373719717997155,True
46879e6a07e54af68367256a08b6732f,phase1b_combined_stress,6,4,4,3,16,0.6642697648948153,False
46879e6a07e54af68367256a08b6732f,phase1b_combined_stress,7,4,7,3,16,0.9373719717997155,True
46879e6a07e54af68367256a08b6732f,phase1b_combined_stress,8,4,4,3,16,0.6642697648948153,False
46879e6a07e54af68367256a08b6732f,phase1b_combined_stress,9,4,7,3,16,0.9373719717997155,True
46879e6a07e54af68367256a08b6732f,phase1b_combined_stress,10,4,4,3,16,0.6642697648948153,False
46879e6a07e54af68367256a08b6732f,phase1b_combined_stress,11,4,7,3,16,0.9373719717997155,True
46879e6a07e54af68367256a08b6732f,phase1b_combined_stress,12,4,4,3,16,0.6642697648948153,False
46879e6a07e54af68367256a08b6732f,phase1b_combined_stress,13,4,7,3,16,0.9373719717997155,True
46879e6a07e54af68367256a08b6732f,phase1b_combined_stress,14,4,4,3,16,0.6642697648948153,False
46879e6a07e54af68367256a08b6732f,phase1b_combined_stress,15,4,7,3,16,0.9373719717997155,True
46879e6a07e54af68367256a08b6732f,phase1b_combined_stress,16,4,4,3,16,0.6642697648948153,False
46879e6a07e54af68367256a08b6732f,phase1b_combined_stress,17,4,7,3,16,0.9373719717997155,True
46879e6a07e54af68367256a08b6732f,phase1b_combined_stress,18,4,4,3,16,0.6642697648948153,False
46879e6a07e54af68367256a08b6732f,phase1b_combined_stress,19,4,7,3,16,0.9373719717997155,True
46879e6a07e54af68367256a08b6732f,phase1b_combined_stress,20,4,4,3,16,0.6642697648948153,False
4761e3e5d8384729b52c7ba9ea7dc098,phase1b_combined_stress,0,4,5,3,16,0.7920351375907829,True
4761e3e5d8384729b52c7ba9ea7dc098,phase1b_combined_stress,4,4,11,4,16,0.9940404797258625,True
4761e3e5d8384729b52c7ba9ea7dc098,phase1b_combined_stress,8,4,11,4,16,0.9940404797258625,True
4761e3e5d8384729b52c7ba9ea7dc098,phase1b_combined_stress,12,4,11,4,16,0.9940404797258625,True
4761e3e5d8384729b52c7ba9ea7dc098,phase1b_combined_stress,16,4,11,4,16,0.9940404797258625,True
4761e3e5d8384729b52c7ba9ea7dc098,phase1b_combined_stress,20,4,11,4,16,0.9940404797258625,True
47789c1cf82749b58b1fe4ba81ba8e28,phase1b_combined_stress,0,4,2,2,8,0.5000000000000222,True
47789c1cf82749b58b1fe4ba81ba8e28,phase1b_combined_stress,1,4,3,2,8,0.7032998661141543,True
47789c1cf82749b58b1fe4ba81ba8e28,phase1b_combined_stress,2,4,3,1,8,0.8753228297506488,True
47789c1cf82749b58b1fe4ba81ba8e28,phase1b_combined_stress,3,4,3,2,8,0.7032998661141543,True
47789c1cf82749b58b1fe4ba81ba8e28,phase1b_combined_stress,4,4,3,1,8,0.8753228297506488,True
47789c1cf82749b58b1fe4ba81ba8e28,phase1b_combined_stress,5,4,3,2,8,0.7032998661141543,True
47789c1cf82749b58b1fe4ba81ba8e28,phase1b_combined_stress,6,4,3,1,8,0.8753228297506488,True
47789c1cf82749b58b1fe4ba81ba8e28,phase1b_combined_stress,7,4,3,2,8,0.7032998661141543,True
47789c1cf82749b58b1fe4ba81ba8e28,phase1b_combined_stress,8,4,3,1,8,0.8753228297506488,True
47789c1cf82749b58b1fe4ba81ba8e28,phase1b_combined_stress,9,4,3,2,8,0.7032998661141543,True
47789c1cf82749b58b1fe4ba81ba8e28,phase1b_combined_stress,10,4,3,1,8,0.8753228297506488,True
47789c1cf82749b58b1fe4ba81ba8e28,phase1b_combined_stress,11,4,3,2,8,0.7032998661141543,True
47789c1cf82749b58b1fe4ba81ba8e28,phase1b_combined_stress,12,4,3,1,8,0.8753228297506488,True
47789c1cf82749b58b1fe4ba81ba8e28,phase1b_combined_stress,13,4,3,2,8,0.7032998661141543,True
47789c1cf82749b58b1fe4ba81ba8e28,phase1b_combined_stress,14,4,3,1,8,0.8753228297506488,True
47789c1cf82749b58b1fe4ba81ba8e28,phase1b_combined_stress,15,4,3,2,8,0.7032998661141543,True
47789c1cf82749b58b1fe4ba81ba8e28,phase1b_combined_stress,16,4,3,1,8,0.8753228297506488,True
47789c1cf82749b58b1fe4ba81ba8e28,phase1b_combined_stress,17,4,3,2,8,0.7032998661141543,True
47789c1cf82749b58b1fe4ba81ba8e28,phase1b_combined_stress,18,4,3,1,8,0.8753228297506488,True
47789c1cf82749b58b1fe4ba81ba8e28,phase1b_combined_stress,19,4,3,2,8,0.7032998661141543,True
47789c1cf82749b58b1fe4ba81ba8e28,phase1b_combined_stress,20,4,3,1,8,0.8753228297506488,True
4883c5cec34646edadd4a7fb46e2c9bb,phase1b_combined_stress,0,4,1,1,4,0.4999999999917221,False
4883c5cec34646edadd4a7fb46e2c9bb,phase1b_combined_stress,1,4,2,2,4,0.49999999999334993,False
4883c5cec34646edadd4a7fb46e2c9bb,phase1b_combined_stress,2,4,2,1,4,0.7634994083736772,True
4883c5cec34646edadd4a7fb46e2c9bb,phase1b_combined_stress,3,4,2,2,4,0.49999999999334993,False
4883c5cec34646edadd4a7fb46e2c9bb,phase1b_combined_stress,4,4,2,1,4,0.7634994083736772,True
4883c5cec34646edadd4a7fb46e2c9bb,phase1b_combined_stress,5,4,2,2,4,0.49999999999334993,False
4883c5cec34646edadd4a7fb46e2c9bb,phase1b_combined_stress,6,4,2,1,4,0.7634994083736772,True
4883c5cec34646edadd4a7fb46e2c9bb,phase1b_combined_stress,7,4,2,2,4,0.49999999999334993,False
4883c5cec34646edadd4a7fb46e2c9bb,phase1b_combined_stress,8,4,2,1,4,0.7634994083736772,True
4883c5cec34646edadd4a7fb46e2c9bb,phase1b_combined_stress,9,4,2,2,4,0.49999999999334993,False
4883c5cec34646edadd4a7fb46e2c9bb,phase1b_combined_stress,10,4,2,1,4,0.7634994083736772,True
4883c5cec34646edadd4a7fb46e2c9bb,phase1b_combined_stress,11,4,2,2,4,0.49999999999334993,False
4883c5cec34646edadd4a7fb46e2c9bb,phase1b_combined_stress,12,4,2,1,4,0.7634994083736772,True
4883c5cec34646edadd4a7fb46e2c9bb,phase1b_combined_stress,13,4,2,2,4,0.49999999999334993,False
4883c5cec34646edadd4a7fb46e2c9bb,phase1b_combined_stress,14,4,2,1,4,0.7634994083736772,True
4883c5cec34646edadd4a7fb46e2c9bb,phase1b_combined_stress,15,4,2,2,4,0.49999999999334993,False
4883c5cec34646edadd4a7fb46e2c9bb,phase1b_combined_stress,16,4,2,1,4,0.7634994083736772,True
4883c5cec34646edadd4a7fb46e2c9bb,phase1b_combined_stress,17,4,2,2,4,0.49999999999334993,False
4883c5cec34646edadd4a7fb46e2c9bb,phase1b_combined_stress,18,4,2,1,4,0.7634994083736772,True
4883c5cec34646edadd4a7fb46e2c9bb,phase1b_combined_stress,19,4,2,2,4,0.49999999999334993,False
4883c5cec34646edadd4a7fb46e2c9bb,phase1b_combined_stress,20,4,2,1,4,0.7634994083736772,True
491734747b5b486abf9719e4e497d3f8,phase1b_combined_stress,0,4,4,3,16,0.6642697648948153,False
491734747b5b486abf9719e4e497d3f8,phase1b_combined_stress,1,4,7,3,16,0.9373719717997155,True
491734747b5b486abf9719e4e497d3f8,phase1b_combined_stress,2,4,7,5,16,0.7668789003730136,False
491734747b5b486abf9719e4e497d3f8,phase1b_combined_stress,3,4,7,3,16,0.9373719717997155,True
491734747b5b486abf9719e4e497d3f8,phase1b_combined_stress,4,4,7,5,16,0.7668789003730136,False
491734747b5b486abf9719e4e497d3f8,phase1b_combined_stress,5,4,7,3,16,0.9373719717997155,True
491734747b5b486abf9719e4e497d3f8,phase1b_combined_stress,6,4,7,5,16,0.7668789003730136,False
491734747b5b486abf9719e4e497d3f8,phase1b_combined_stress,7,4,7,3,16,0.9373719717997155,True
491734747b5b486abf9719e4e497d3f8,phase1b_combined_stress,8,4,7,5,16,0.7668789003730136,False
491734747b5b486abf9719e4e497d3f8,phase1b_combined_stress,9,4,7,3,16,0.9373719717997155,True
491734747b5b486abf9719e4e497d3f8,phase1b_combined_stress,10,4,7,5,16,0.7668789003730136,False
491734747b5b486abf9719e4e497d3f8,phase1b_combined_stress,11,4,7,3,16,0.9373719717997155,True
491734747b5b486abf9719e4e497d3f8,phase1b_combined_stress,12,4,7,5,16,0.7668789003730136,False
4bc8b152f5f94e2fb73c766128beff51,phase1b_combined_stress,0,4,2,1,4,0.7634994083736772,False
4bc8b152f5f94e2fb73c766128beff51,phase1b_combined_stress,1,4,2,1,4,0.7634994083736772,True
4bc8b152f5f94e2fb73c766128beff51,phase1b_combined_stress,2,4,2,2,4,0.49999999999334993,False
4bc8b152f5f94e2fb73c766128beff51,phase1b_combined_stress,3,4,2,1,4,0.7634994083736772,True
4bc8b152f5f94e2fb73c766128beff51,phase1b_combined_stress,4,4,2,2,4,0.49999999999334993,False
4bc8b152f5f94e2fb73c766128beff51,phase1b_combined_stress,5,4,2,1,4,0.7634994083736772,True
4bc8b152f5f94e2fb73c766128beff51,phase1b_combined_stress,6,4,2,2,4,0.49999999999334993,False
4bc8b152f5f94e2fb73c766128beff51,phase1b_combined_stress,7,4,2,1,4,0.7634994083736772,True
4bc8b152f5f94e2fb73c766128beff51,phase1b_combined_stress,8,4,2,2,4,0.49999999999334993,False
4bc8b152f5f94e2fb73c766128beff51,phase1b_combined_stress,9,4,2,1,4,0.7634994083736772,True
4bc8b152f5f94e2fb73c766128beff51,phase1b_combined_stress,10,4,2,2,4,0.49999999999334993,False
4bc8b152f5f94e2fb73c766128beff51,phase1b_combined_stress,11,4,2,1,4,0.7634994083736772,True
4bc8b152f5f94e2fb73c766128beff51,phase1b_combined_stress,12,4,2,2,4,0.49999999999334993,False
4c085f27b3c8493a8c4695207ea04783,phase1b_combined_stress,0,4,4,2,8,0.8485140562026603,False
4c085f27b3c8493a8c4695207ea04783,phase1b_combined_stress,4,4,6,2,8,0.9787667842728419,True
4c085f27b3c8493a8c4695207ea04783,phase1b_combined_stress,8,4,6,2,8,0.9787667842728419,True
4c085f27b3c8493a8c4695207ea04783,phase1b_combined_stress,12,4,6,2,8,0.9787667842728419,True
4c085f27b3c8493a8c4695207ea04783,phase1b_combined_stress,16,4,6,2,8,0.9787667842728419,True
4c085f27b3c8493a8c4695207ea04783,phase1b_combined_stress,20,4,6,2,8,0.9787667842728419,True
4f6501ac3f4048c08be157aff612b756,phase1b_combined_stress,0,4,4,3,16,0.6642697648948153,False
4f6501ac3f4048c08be157aff612b756,phase1b_combined_stress,1,4,5,5,16,0.5000000000000002,True
4f6501ac3f4048c08be157aff612b756,phase1b_combined_stress,2,4,6,4,16,0.7765484257488472,True
4f6501ac3f4048c08be157aff612b756,phase1b_combined_stress,3,4,5,5,16,0.5000000000000002,True
4f6501ac3f4048c08be157aff612b756,phase1b_combined_stress,4,4,6,4,16,0.7765484257488472,True
4f6501ac3f4048c08be157aff612b756,phase1b_combined_stress,5,4,5,5,16,0.5000000000000002,True
4f6501ac3f4048c08be157aff612b756,phase1b_combined_stress,6,4,6,4,16,0.7765484257488472,True
4f6501ac3f4048c08be157aff612b756,phase1b_combined_stress,7,4,5,5,16,0.5000000000000002,True
4f6501ac3f4048c08be157aff612b756,phase1b_combined_stress,8,4,6,4,16,0.7765484257488472,True
4f6501ac3f4048c08be157aff612b756,phase1b_combined_stress,9,4,5,5,16,0.5000000000000002,True
4f6501ac3f4048c08be157aff612b756,phase1b_combined_stress,10,4,6,4,16,0.7765484257488472,True
4f6501ac3f4048c08be157aff612b756,phase1b_combined_stress,11,4,5,5,16,0.5000000000000002,True
4f6501ac3f4048c08be157aff612b756,phase1b_combined_stress,12,4,6,4,16,0.7765484257488472,True
4f6501ac3f4048c08be157aff612b756,phase1b_combined_stress,13,4,5,5,16,0.5000000000000002,True
4f6501ac3f4048c08be157aff612b756,phase1b_combined_stress,14,4,6,4,16,0.7765484257488472,True
4f6501ac3f4048c08be157aff612b756,phase1b_combined_stress,15,4,5,5,16,0.5000000000000002,True
4f6501ac3f4048c08be157aff612b756,phase1b_combined_stress,16,4,6,4,16,0.7765484257488472,True
4f6501ac3f4048c08be157aff612b756,phase1b_combined_stress,17,4,5,5,16,0.5000000000000002,True
4f6501ac3f4048c08be157aff612b756,phase1b_combined_stress,18,4,6,4,16,0.7765484257488472,True
4f6501ac3f4048c08be157aff612b756,phase1b_combined_stress,19,4,5,5,16,0.5000000000000002,True
4f6501ac3f4048c08be157aff612b756,phase1b_combined_stress,20,4,6,4,16,0.7765484257488472,True
4f756357263844feb2828526078e9c3b,phase1b_combined_stress,0,4,2,1,4,0.7634994083736772,False
4f756357263844feb2828526078e9c3b,phase1b_combined_stress,4,4,3,1,4,0.9215990534084937,False
4f756357263844feb2828526078e9c3b,phase1b_combined_stress,8,4,3,1,4,0.9215990534084937,False
4f756357263844feb2828526078e9c3b,phase1b_combined_stress,12,4,3,1,4,0.9215990534084937,False
514758103f774977bc6a12480c5c0d5d,phase1b_combined_stress,0,4,3,3,16,0.5000000000000001,False
514758103f774977bc6a12480c5c0d5d,phase1b_combined_stress,4,4,7,6,16,0.6401114226958324,True
514758103f774977bc6a12480c5c0d5d,phase1b_combined_stress,8,4,7,6,16,0.6401114226958324,True
514758103f774977bc6a12480c5c0d5d,phase1b_combined_stress,12,4,7,6,16,0.6401114226958324,True
514758103f774977bc6a12480c5c0d5d,phase1b_combined_stress,16,4,7,6,16,0.6401114226958324,True
514758103f774977bc6a12480c5c0d5d,phase1b_combined_stress,20,4,7,6,16,0.6401114226958324,True
514758103f774977bc6a12480c5c0d5d,phase1b_combined_stress,24,4,7,6,16,0.6401114226958324,True
514758103f774977bc6a12480c5c0d5d,phase1b_combined_stress,28,4,7,6,16,0.6401114226958324,True
5194fd1d4b074b369c6f3d5ff8c3cdf2,phase1b_combined_stress,0,4,6,3,16,0.881083730681911,False
5194fd1d4b074b369c6f3d5ff8c3cdf2,phase1b_combined_stress,1,4,7,4,16,0.8679254405504773,False
5194fd1d4b074b369c6f3d5ff8c3cdf2,phase1b_combined_stress,2,4,7,4,16,0.8679254405504773,False
5194fd1d4b074b369c6f3d5ff8c3cdf2,phase1b_combined_stress,3,4,7,4,16,0.8679254405504773,False
5194fd1d4b074b369c6f3d5ff8c3cdf2,phase1b_combined_stress,4,4,7,4,16,0.8679254405504773,False
5194fd1d4b074b369c6f3d5ff8c3cdf2,phase1b_combined_stress,5,4,7,4,16,0.8679254405504773,False
5194fd1d4b074b369c6f3d5ff8c3cdf2,phase1b_combined_stress,6,4,7,4,16,0.8679254405504773,False
5194fd1d4b074b369c6f3d5ff8c3cdf2,phase1b_combined_stress,7,4,7,4,16,0.8679254405504773,False
5194fd1d4b074b369c6f3d5ff8c3cdf2,phase1b_combined_stress,8,4,7,4,16,0.8679254405504773,False
5194fd1d4b074b369c6f3d5ff8c3cdf2,phase1b_combined_stress,9,4,7,4,16,0.8679254405504773,False
5194fd1d4b074b369c6f3d5ff8c3cdf2,phase1b_combined_stress,10,4,7,4,16,0.8679254405504773,False
5194fd1d4b074b369c6f3d5ff8c3cdf2,phase1b_combined_stress,11,4,7,4,16,0.8679254405504773,False
5194fd1d4b074b369c6f3d5ff8c3cdf2,phase1b_combined_stress,12,4,7,4,16,0.8679254405504773,False
5194fd1d4b074b369c6f3d5ff8c3cdf2,phase1b_combined_stress,13,4,7,4,16,0.8679254405504773,False
5194fd1d4b074b369c6f3d5ff8c3cdf2,phase1b_combined_stress,14,4,7,4,16,0.8679254405504773,False
5194fd1d4b074b369c6f3d5ff8c3cdf2,phase1b_combined_stress,15,4,7,4,16,0.8679254405504773,False
5194fd1d4b074b369c6f3d5ff8c3cdf2,phase1b_combined_stress,16,4,7,4,16,0.8679254405504773,False
5194fd1d4b074b369c6f3d5ff8c3cdf2,phase1b_combined_stress,17,4,7,4,16,0.8679254405504773,False
5194fd1d4b074b369c6f3d5ff8c3cdf2,phase1b_combined_stress,18,4,7,4,16,0.8679254405504773,False
5194fd1d4b074b369c6f3d5ff8c3cdf2,phase1b_combined_stress,19,4,7,4,16,0.8679254405504773,False
5194fd1d4b074b369c6f3d5ff8c3cdf2,phase1b_combined_stress,20,4,7,4,16,0.8679254405504773,False
51da16d8e3f14c0f97ce5483d88faa51,phase1b_combined_stress,0,4,1,1,4,0.4999999999917221,False
51da16d8e3f14c0f97ce5483d88faa51,phase1b_combined_stress,4,4,3,1,4,0.9215990534084937,True
51da16d8e3f14c0f97ce5483d88faa51,phase1b_combined_stress,8,4,3,1,4,0.9215990534084937,True
51da16d8e3f14c0f97ce5483d88faa51,phase1b_combined_stress,12,4,3,1,4,0.9215990534084937,True
51da16d8e3f14c0f97ce5483d88faa51,phase1b_combined_stress,16,4,3,1,4,0.9215990534084937,True
51da16d8e3f14c0f97ce5483d88faa51,phase1b_combined_stress,20,4,3,1,4,0.9215990534084937,True
538933d47935494dbf59e45f18ce24fc,phase1b_combined_stress,0,4,6,4,16,0.7765484257488472,False
538933d47935494dbf59e45f18ce24fc,phase1b_combined_stress,4,4,8,5,16,0.8598417173362801,True
538933d47935494dbf59e45f18ce24fc,phase1b_combined_stress,8,4,8,5,16,0.8598417173362801,True
538933d47935494dbf59e45f18ce24fc,phase1b_combined_stress,12,4,8,5,16,0.8598417173362801,True
55a46184bd6d4e65be9870be4ebcda2e,phase1b_combined_stress,0,4,1,1,4,0.4999999999917221,False
55a46184bd6d4e65be9870be4ebcda2e,phase1b_combined_stress,4,4,1,1,4,0.4999999999917221,True
55a46184bd6d4e65be9870be4ebcda2e,phase1b_combined_stress,8,4,1,1,4,0.4999999999917221,True
55a46184bd6d4e65be9870be4ebcda2e,phase1b_combined_stress,12,4,1,1,4,0.4999999999917221,True
55b6a18c86dd4569b89846c0a8b2c77b,phase1b_combined_stress,0,4,5,4,16,0.6521016341618664,False
55b6a18c86dd4569b89846c0a8b2c77b,phase1b_combined_stress,1,4,5,4,16,0.6521016341618664,True
55b6a18c86dd4569b89846c0a8b2c77b,phase1b_combined_stress,2,4,7,3,16,0.9373719717997155,True
55b6a18c86dd4569b89846c0a8b2c77b,phase1b_combined_stress,3,4,5,4,16,0.6521016341618664,True
55b6a18c86dd4569b89846c0a8b2c77b,phase1b_combined_stress,4,4,7,3,16,0.9373719717997155,True
55b6a18c86dd4569b89846c0a8b2c77b,phase1b_combined_stress,5,4,5,4,16,0.6521016341618664,True
55b6a18c86dd4569b89846c0a8b2c77b,phase1b_combined_stress,6,4,7,3,16,0.9373719717997155,True
55b6a18c86dd4569b89846c0a8b2c77b,phase1b_combined_stress,7,4,5,4,16,0.6521016341618664,True
55b6a18c86dd4569b89846c0a8b2c77b,phase1b_combined_stress,8,4,7,3,16,0.9373719717997155,True
55b6a18c86dd4569b89846c0a8b2c77b,phase1b_combined_stress,9,4,5,4,16,0.6521016341618664,True
55b6a18c86dd4569b89846c0a8b2c77b,phase1b_combined_stress,10,4,7,3,16,0.9373719717997155,True
55b6a18c86dd4569b89846c0a8b2c77b,phase1b_combined_stress,11,4,5,4,16,0.6521016341618664,True
55b6a18c86dd4569b89846c0a8b2c77b,phase1b_combined_stress,12,4,7,3,16,0.9373719717997155,True
56e33dc288494d49b2c9bd81d8a5940a,phase1b_combined_stress,0,4,4,2,8,0.8485140562026603,True
56e33dc288494d49b2c9bd81d8a5940a,phase1b_combined_stress,1,4,4,2,8,0.8485140562026603,True
56e33dc288494d49b2c9bd81d8a5940a,phase1b_combined_stress,2,4,3,2,8,0.7032998661141543,True
56e33dc288494d49b2c9bd81d8a5940a,phase1b_combined_stress,3,4,4,2,8,0.8485140562026603,True
56e33dc288494d49b2c9bd81d8a5940a,phase1b_combined_stress,4,4,3,2,8,0.7032998661141543,True
56e33dc288494d49b2c9bd81d8a5940a,phase1b_combined_stress,5,4,4,2,8,0.8485140562026603,True
56e33dc288494d49b2c9bd81d8a5940a,phase1b_combined_stress,6,4,3,2,8,0.7032998661141543,True
56e33dc288494d49b2c9bd81d8a5940a,phase1b_combined_stress,7,4,4,2,8,0.8485140562026603,True
56e33dc288494d49b2c9bd81d8a5940a,phase1b_combined_stress,8,4,3,2,8,0.7032998661141543,True
56e33dc288494d49b2c9bd81d8a5940a,phase1b_combined_stress,9,4,4,2,8,0.8485140562026603,True
56e33dc288494d49b2c9bd81d8a5940a,phase1b_combined_stress,10,4,3,2,8,0.7032998661141543,True
56e33dc288494d49b2c9bd81d8a5940a,phase1b_combined_stress,11,4,4,2,8,0.8485140562026603,True
56e33dc288494d49b2c9bd81d8a5940a,phase1b_combined_stress,12,4,3,2,8,0.7032998661141543,True
579b6d84bbe3499aa0c1f2c23e5dc36c,phase1b_combined_stress,0,4,3,2,8,0.7032998661141543,True
579b6d84bbe3499aa0c1f2c23e5dc36c,phase1b_combined_stress,4,4,3,2,8,0.7032998661141543,True
579b6d84bbe3499aa0c1f2c23e5dc36c,phase1b_combined_stress,8,4,3,2,8,0.7032998661141543,True
579b6d84bbe3499aa0c1f2c23e5dc36c,phase1b_combined_stress,12,4,3,2,8,0.7032998661141543,True
579b6d84bbe3499aa0c1f2c23e5dc36c,phase1b_combined_stress,16,4,3,2,8,0.7032998661141543,True
579b6d84bbe3499aa0c1f2c23e5dc36c,phase1b_combined_stress,20,4,3,2,8,0.7032998661141543,True
579b6d84bbe3499aa0c1f2c23e5dc36c,phase1b_combined_stress,24,4,3,2,8,0.7032998661141543,True
579b6d84bbe3499aa0c1f2c23e5dc36c,phase1b_combined_stress,28,4,3,2,8,0.7032998661141543,True
57a865047a7e432dbe4d3712c3547c8f,phase1b_combined_stress,0,4,2,2,8,0.5000000000000222,True
57a865047a7e432dbe4d3712c3547c8f,phase1b_combined_stress,4,4,3,2,8,0.7032998661141543,True
57a865047a7e432dbe4d3712c3547c8f,phase1b_combined_stress,8,4,3,2,8,0.7032998661141543,True
57a865047a7e432dbe4d3712c3547c8f,phase1b_combined_stress,12,4,3,2,8,0.7032998661141543,True
57a865047a7e432dbe4d3712c3547c8f,phase1b_combined_stress,16,4,3,2,8,0.7032998661141543,True
57a865047a7e432dbe4d3712c3547c8f,phase1b_combined_stress,20,4,3,2,8,0.7032998661141543,True
5be92ea757694bbabb6f1253466354b6,phase1b_combined_stress,0,4,6,3,16,0.881083730681911,True
5be92ea757694bbabb6f1253466354b6,phase1b_combined_stress,1,4,4,4,16,0.5000000000000001,True
5be92ea757694bbabb6f1253466354b6,phase1b_combined_stress,2,4,6,3,16,0.881083730681911,True
5be92ea757694bbabb6f1253466354b6,phase1b_combined_stress,3,4,4,4,16,0.5000000000000001,True
5be92ea757694bbabb6f1253466354b6,phase1b_combined_stress,4,4,6,3,16,0.881083730681911,True
5be92ea757694bbabb6f1253466354b6,phase1b_combined_stress,5,4,4,4,16,0.5000000000000001,True
5be92ea757694bbabb6f1253466354b6,phase1b_combined_stress,6,4,6,3,16,0.881083730681911,True
5be92ea757694bbabb6f1253466354b6,phase1b_combined_stress,7,4,4,4,16,0.5000000000000001,True
5be92ea757694bbabb6f1253466354b6,phase1b_combined_stress,8,4,6,3,16,0.881083730681911,True
5be92ea757694bbabb6f1253466354b6,phase1b_combined_stress,9,4,4,4,16,0.5000000000000001,True
5be92ea757694bbabb6f1253466354b6,phase1b_combined_stress,10,4,6,3,16,0.881083730681911,True
5be92ea757694bbabb6f1253466354b6,phase1b_combined_stress,11,4,4,4,16,0.5000000000000001,True
5be92ea757694bbabb6f1253466354b6,phase1b_combined_stress,12,4,6,3,16,0.881083730681911,True
60b1e04852764841a937d998807f1d5d,phase1b_combined_stress,0,4,1,1,4,0.4999999999917221,True
60b1e04852764841a937d998807f1d5d,phase1b_combined_stress,1,4,2,1,4,0.7634994083736772,False
60b1e04852764841a937d998807f1d5d,phase1b_combined_stress,2,4,1,1,4,0.4999999999917221,False
60b1e04852764841a937d998807f1d5d,phase1b_combined_stress,3,4,2,1,4,0.7634994083736772,False
60b1e04852764841a937d998807f1d5d,phase1b_combined_stress,4,4,1,1,4,0.4999999999917221,False
60b1e04852764841a937d998807f1d5d,phase1b_combined_stress,5,4,2,1,4,0.7634994083736772,False
60b1e04852764841a937d998807f1d5d,phase1b_combined_stress,6,4,1,1,4,0.4999999999917221,False
60b1e04852764841a937d998807f1d5d,phase1b_combined_stress,7,4,2,1,4,0.7634994083736772,False
60b1e04852764841a937d998807f1d5d,phase1b_combined_stress,8,4,1,1,4,0.4999999999917221,False
60b1e04852764841a937d998807f1d5d,phase1b_combined_stress,9,4,2,1,4,0.7634994083736772,False
60b1e04852764841a937d998807f1d5d,phase1b_combined_stress,10,4,1,1,4,0.4999999999917221,False
60b1e04852764841a937d998807f1d5d,phase1b_combined_stress,11,4,2,1,4,0.7634994083736772,False
60b1e04852764841a937d998807f1d5d,phase1b_combined_stress,12,4,1,1,4,0.4999999999917221,False
60b1e04852764841a937d998807f1d5d,phase1b_combined_stress,13,4,2,1,4,0.7634994083736772,False
60b1e04852764841a937d998807f1d5d,phase1b_combined_stress,14,4,1,1,4,0.4999999999917221,False
60b1e04852764841a937d998807f1d5d,phase1b_combined_stress,15,4,2,1,4,0.7634994083736772,False
60b1e04852764841a937d998807f1d5d,phase1b_combined_stress,16,4,1,1,4,0.4999999999917221,False
60b1e04852764841a937d998807f1d5d,phase1b_combined_stress,17,4,2,1,4,0.7634994083736772,False
60b1e04852764841a937d998807f1d5d,phase1b_combined_stress,18,4,1,1,4,0.4999999999917221,False
60b1e04852764841a937d998807f1d5d,phase1b_combined_stress,19,4,2,1,4,0.7634994083736772,False
60b1e04852764841a937d998807f1d5d,phase1b_combined_stress,20,4,1,1,4,0.4999999999917221,False
616ef0c369e34a43b5dd7e0a495a1683,phase1b_combined_stress,0,4,2,2,8,0.5000000000000222,False
616ef0c369e34a43b5dd7e0a495a1683,phase1b_combined_stress,4,4,3,2,8,0.7032998661141543,False
616ef0c369e34a43b5dd7e0a495a1683,phase1b_combined_stress,8,4,3,2,8,0.7032998661141543,False
616ef0c369e34a43b5dd7e0a495a1683,phase1b_combined_stress,12,4,3,2,8,0.7032998661141543,False
619949ee761a41ac8699d830b2155a3c,phase1b_combined_stress,0,4,5,4,16,0.6521016341618664,True
619949ee761a41ac8699d830b2155a3c,phase1b_combined_stress,4,4,8,5,16,0.8598417173362801,True
619949ee761a41ac8699d830b2155a3c,phase1b_combined_stress,8,4,8,5,16,0.8598417173362801,True
619949ee761a41ac8699d830b2155a3c,phase1b_combined_stress,12,4,8,5,16,0.8598417173362801,True
619949ee761a41ac8699d830b2155a3c,phase1b_combined_stress,16,4,8,5,16,0.8598417173362801,True
619949ee761a41ac8699d830b2155a3c,phase1b_combined_stress,20,4,8,5,16,0.8598417173362801,True
619949ee761a41ac8699d830b2155a3c,phase1b_combined_stress,24,4,8,5,16,0.8598417173362801,True
619949ee761a41ac8699d830b2155a3c,phase1b_combined_stress,28,4,8,5,16,0.8598417173362801,True
62cc5ba4f82247419c30ba75a8d86726,phase1b_combined_stress,0,4,4,3,16,0.6642697648948153,True
62cc5ba4f82247419c30ba75a8d86726,phase1b_combined_stress,4,4,6,6,16,0.5,False
62cc5ba4f82247419c30ba75a8d86726,phase1b_combined_stress,8,4,6,6,16,0.5,False
62cc5ba4f82247419c30ba75a8d86726,phase1b_combined_stress,12,4,6,6,16,0.5,False
62cc5ba4f82247419c30ba75a8d86726,phase1b_combined_stress,16,4,6,6,16,0.5,False
62cc5ba4f82247419c30ba75a8d86726,phase1b_combined_stress,20,4,6,6,16,0.5,False
62cc5ba4f82247419c30ba75a8d86726,phase1b_combined_stress,24,4,6,6,16,0.5,False
62cc5ba4f82247419c30ba75a8d86726,phase1b_combined_stress,28,4,6,6,16,0.5,False
62e0d333445b47739ba981f5dff270c1,phase1b_combined_stress,0,4,3,1,8,0.8753228297506488,True
62e0d333445b47739ba981f5dff270c1,phase1b_combined_stress,4,4,2,2,8,0.5000000000000222,False
62e0d333445b47739ba981f5dff270c1,phase1b_combined_stress,8,4,2,2,8,0.5000000000000222,False
62e0d333445b47739ba981f5dff270c1,phase1b_combined_stress,12,4,2,2,8,0.5000000000000222,False
6a5099f3f51a43a98b45fbb356fd2000,phase1b_combined_stress,0,4,5,3,16,0.7920351375907829,False
6a5099f3f51a43a98b45fbb356fd2000,phase1b_combined_stress,1,4,6,4,16,0.7765484257488472,False
6a5099f3f51a43a98b45fbb356fd2000,phase1b_combined_stress,2,4,9,3,16,0.9867561717991691,True
6a5099f3f51a43a98b45fbb356fd2000,phase1b_combined_stress,3,4,6,4,16,0.7765484257488472,False
6a5099f3f51a43a98b45fbb356fd2000,phase1b_combined_stress,4,4,9,3,16,0.9867561717991691,True
6a5099f3f51a43a98b45fbb356fd2000,phase1b_combined_stress,5,4,6,4,16,0.7765484257488472,False
6a5099f3f51a43a98b45fbb356fd2000,phase1b_combined_stress,6,4,9,3,16,0.9867561717991691,True
6a5099f3f51a43a98b45fbb356fd2000,phase1b_combined_stress,7,4,6,4,16,0.7765484257488472,False
6a5099f3f51a43a98b45fbb356fd2000,phase1b_combined_stress,8,4,9,3,16,0.9867561717991691,True
6a5099f3f51a43a98b45fbb356fd2000,phase1b_combined_stress,9,4,6,4,16,0.7765484257488472,False
6a5099f3f51a43a98b45fbb356fd2000,phase1b_combined_stress,10,4,9,3,16,0.9867561717991691,True
6a5099f3f51a43a98b45fbb356fd2000,phase1b_combined_stress,11,4,6,4,16,0.7765484257488472,False
6a5099f3f51a43a98b45fbb356fd2000,phase1b_combined_stress,12,4,9,3,16,0.9867561717991691,True
6a5099f3f51a43a98b45fbb356fd2000,phase1b_combined_stress,13,4,6,4,16,0.7765484257488472,False
6a5099f3f51a43a98b45fbb356fd2000,phase1b_combined_stress,14,4,9,3,16,0.9867561717991691,True
6a5099f3f51a43a98b45fbb356fd2000,phase1b_combined_stress,15,4,6,4,16,0.7765484257488472,False
6a5099f3f51a43a98b45fbb356fd2000,phase1b_combined_stress,16,4,9,3,16,0.9867561717991691,True
6a5099f3f51a43a98b45fbb356fd2000,phase1b_combined_stress,17,4,6,4,16,0.7765484257488472,False
6a5099f3f51a43a98b45fbb356fd2000,phase1b_combined_stress,18,4,9,3,16,0.9867561717991691,True
6a5099f3f51a43a98b45fbb356fd2000,phase1b_combined_stress,19,4,6,4,16,0.7765484257488472,False
6a5099f3f51a43a98b45fbb356fd2000,phase1b_combined_stress,20,4,9,3,16,0.9867561717991691,True
6bddf70f73194270b4e11e6a32c77e8f,phase1b_combined_stress,0,4,3,1,4,0.9215990534084937,False
6bddf70f73194270b4e11e6a32c77e8f,phase1b_combined_stress,1,4,2,1,4,0.7634994083736772,True
6bddf70f73194270b4e11e6a32c77e8f,phase1b_combined_stress,2,4,1,1,4,0.4999999999917221,True
6bddf70f73194270b4e11e6a32c77e8f,phase1b_combined_stress,3,4,2,1,4,0.7634994083736772,True
6bddf70f73194270b4e11e6a32c77e8f,phase1b_combined_stress,4,4,1,1,4,0.4999999999917221,True
6bddf70f73194270b4e11e6a32c77e8f,phase1b_combined_stress,5,4,2,1,4,0.7634994083736772,True
6bddf70f73194270b4e11e6a32c77e8f,phase1b_combined_stress,6,4,1,1,4,0.4999999999917221,True
6bddf70f73194270b4e11e6a32c77e8f,phase1b_combined_stress,7,4,2,1,4,0.7634994083736772,True
6bddf70f73194270b4e11e6a32c77e8f,phase1b_combined_stress,8,4,1,1,4,0.4999999999917221,True
6bddf70f73194270b4e11e6a32c77e8f,phase1b_combined_stress,9,4,2,1,4,0.7634994083736772,True
6bddf70f73194270b4e11e6a32c77e8f,phase1b_combined_stress,10,4,1,1,4,0.4999999999917221,True
6bddf70f73194270b4e11e6a32c77e8f,phase1b_combined_stress,11,4,2,1,4,0.7634994083736772,True
6bddf70f73194270b4e11e6a32c77e8f,phase1b_combined_stress,12,4,1,1,4,0.4999999999917221,True
6bddf70f73194270b4e11e6a32c77e8f,phase1b_combined_stress,13,4,2,1,4,0.7634994083736772,True
6bddf70f73194270b4e11e6a32c77e8f,phase1b_combined_stress,14,4,1,1,4,0.4999999999917221,True
6bddf70f73194270b4e11e6a32c77e8f,phase1b_combined_stress,15,4,2,1,4,0.7634994083736772,True
6bddf70f73194270b4e11e6a32c77e8f,phase1b_combined_stress,16,4,1,1,4,0.4999999999917221,True
6bddf70f73194270b4e11e6a32c77e8f,phase1b_combined_stress,17,4,2,1,4,0.7634994083736772,True
6bddf70f73194270b4e11e6a32c77e8f,phase1b_combined_stress,18,4,1,1,4,0.4999999999917221,True
6bddf70f73194270b4e11e6a32c77e8f,phase1b_combined_stress,19,4,2,1,4,0.7634994083736772,True
6bddf70f73194270b4e11e6a32c77e8f,phase1b_combined_stress,20,4,1,1,4,0.4999999999917221,True
6bddf70f73194270b4e11e6a32c77e8f,phase1b_combined_stress,21,4,2,1,4,0.7634994083736772,True
6bddf70f73194270b4e11e6a32c77e8f,phase1b_combined_stress,22,4,1,1,4,0.4999999999917221,True
6bddf70f73194270b4e11e6a32c77e8f,phase1b_combined_stress,23,4,2,1,4,0.7634994083736772,True
6bddf70f73194270b4e11e6a32c77e8f,phase1b_combined_stress,24,4,1,1,4,0.4999999999917221,True
6bddf70f73194270b4e11e6a32c77e8f,phase1b_combined_stress,25,4,2,1,4,0.7634994083736772,True
6bddf70f73194270b4e11e6a32c77e8f,phase1b_combined_stress,26,4,1,1,4,0.4999999999917221,True
6bddf70f73194270b4e11e6a32c77e8f,phase1b_combined_stress,27,4,2,1,4,0.7634994083736772,True
6bddf70f73194270b4e11e6a32c77e8f,phase1b_combined_stress,28,4,1,1,4,0.4999999999917221,True
6e000b743f794197b96c8b034434fc5e,phase1b_combined_stress,0,4,2,2,8,0.5000000000000222,True
6e000b743f794197b96c8b034434fc5e,phase1b_combined_stress,4,4,4,2,8,0.8485140562026603,True
6e000b743f794197b96c8b034434fc5e,phase1b_combined_stress,8,4,4,2,8,0.8485140562026603,True
6e000b743f794197b96c8b034434fc5e,phase1b_combined_stress,12,4,4,2,8,0.8485140562026603,True
6ffc30d0c3cc4c3e989a56dcdc5b9eb6,phase1b_combined_stress,0,4,4,3,16,0.6642697648948153,False
6ffc30d0c3cc4c3e989a56dcdc5b9eb6,phase1b_combined_stress,1,4,7,4,16,0.8679254405504773,True
6ffc30d0c3cc4c3e989a56dcdc5b9eb6,phase1b_combined_stress,2,4,6,5,16,0.6445594043687155,False
6ffc30d0c3cc4c3e989a56dcdc5b9eb6,phase1b_combined_stress,3,4,7,4,16,0.8679254405504773,True
6ffc30d0c3cc4c3e989a56dcdc5b9eb6,phase1b_combined_stress,4,4,6,5,16,0.6445594043687155,False
6ffc30d0c3cc4c3e989a56dcdc5b9eb6,phase1b_combined_stress,5,4,7,4,16,0.8679254405504773,True
6ffc30d0c3cc4c3e989a56dcdc5b9eb6,phase1b_combined_stress,6,4,6,5,16,0.6445594043687155,False
6ffc30d0c3cc4c3e989a56dcdc5b9eb6,phase1b_combined_stress,7,4,7,4,16,0.8679254405504773,True
6ffc30d0c3cc4c3e989a56dcdc5b9eb6,phase1b_combined_stress,8,4,6,5,16,0.6445594043687155,False
6ffc30d0c3cc4c3e989a56dcdc5b9eb6,phase1b_combined_stress,9,4,7,4,16,0.8679254405504773,True
6ffc30d0c3cc4c3e989a56dcdc5b9eb6,phase1b_combined_stress,10,4,6,5,16,0.6445594043687155,False
6ffc30d0c3cc4c3e989a56dcdc5b9eb6,phase1b_combined_stress,11,4,7,4,16,0.8679254405504773,True
6ffc30d0c3cc4c3e989a56dcdc5b9eb6,phase1b_combined_stress,12,4,6,5,16,0.6445594043687155,False
713eaa5e7d8f4d9ea0078c599e1fad89,phase1b_combined_stress,0,4,1,1,4,0.4999999999917221,False
713eaa5e7d8f4d9ea0078c599e1fad89,phase1b_combined_stress,1,4,1,1,4,0.4999999999917221,True
713eaa5e7d8f4d9ea0078c599e1fad89,phase1b_combined_stress,2,4,1,1,4,0.4999999999917221,False
713eaa5e7d8f4d9ea0078c599e1fad89,phase1b_combined_stress,3,4,1,1,4,0.4999999999917221,True
713eaa5e7d8f4d9ea0078c599e1fad89,phase1b_combined_stress,4,4,1,1,4,0.4999999999917221,False
713eaa5e7d8f4d9ea0078c599e1fad89,phase1b_combined_stress,5,4,1,1,4,0.4999999999917221,True
713eaa5e7d8f4d9ea0078c599e1fad89,phase1b_combined_stress,6,4,1,1,4,0.4999999999917221,False
713eaa5e7d8f4d9ea0078c599e1fad89,phase1b_combined_stress,7,4,1,1,4,0.4999999999917221,True
713eaa5e7d8f4d9ea0078c599e1fad89,phase1b_combined_stress,8,4,1,1,4,0.4999999999917221,False
713eaa5e7d8f4d9ea0078c599e1fad89,phase1b_combined_stress,9,4,1,1,4,0.4999999999917221,True
713eaa5e7d8f4d9ea0078c599e1fad89,phase1b_combined_stress,10,4,1,1,4,0.4999999999917221,False
713eaa5e7d8f4d9ea0078c599e1fad89,phase1b_combined_stress,11,4,1,1,4,0.4999999999917221,True
713eaa5e7d8f4d9ea0078c599e1fad89,phase1b_combined_stress,12,4,1,1,4,0.4999999999917221,False
713eaa5e7d8f4d9ea0078c599e1fad89,phase1b_combined_stress,13,4,1,1,4,0.4999999999917221,True
713eaa5e7d8f4d9ea0078c599e1fad89,phase1b_combined_stress,14,4,1,1,4,0.4999999999917221,False
713eaa5e7d8f4d9ea0078c599e1fad89,phase1b_combined_stress,15,4,1,1,4,0.4999999999917221,True
713eaa5e7d8f4d9ea0078c599e1fad89,phase1b_combined_stress,16,4,1,1,4,0.4999999999917221,False
713eaa5e7d8f4d9ea0078c599e1fad89,phase1b_combined_stress,17,4,1,1,4,0.4999999999917221,True
713eaa5e7d8f4d9ea0078c599e1fad89,phase1b_combined_stress,18,4,1,1,4,0.4999999999917221,False
713eaa5e7d8f4d9ea0078c599e1fad89,phase1b_combined_stress,19,4,1,1,4,0.4999999999917221,True
713eaa5e7d8f4d9ea0078c599e1fad89,phase1b_combined_stress,20,4,1,1,4,0.4999999999917221,False
713eaa5e7d8f4d9ea0078c599e1fad89,phase1b_combined_stress,21,4,1,1,4,0.4999999999917221,True
713eaa5e7d8f4d9ea0078c599e1fad89,phase1b_combined_stress,22,4,1,1,4,0.4999999999917221,False
713eaa5e7d8f4d9ea0078c599e1fad89,phase1b_combined_stress,23,4,1,1,4,0.4999999999917221,True
713eaa5e7d8f4d9ea0078c599e1fad89,phase1b_combined_stress,24,4,1,1,4,0.4999999999917221,False
713eaa5e7d8f4d9ea0078c599e1fad89,phase1b_combined_stress,25,4,1,1,4,0.4999999999917221,True
713eaa5e7d8f4d9ea0078c599e1fad89,phase1b_combined_stress,26,4,1,1,4,0.4999999999917221,False
713eaa5e7d8f4d9ea0078c599e1fad89,phase1b_combined_stress,27,4,1,1,4,0.4999999999917221,True
713eaa5e7d8f4d9ea0078c599e1fad89,phase1b_combined_stress,28,4,1,1,4,0.4999999999917221,False
71a9e749a9284268b515ba3f3f357a6e,phase1b_combined_stress,0,4,1,1,4,0.4999999999917221,False
71a9e749a9284268b515ba3f3f357a6e,phase1b_combined_stress,1,4,2,1,4,0.7634994083736772,False
71a9e749a9284268b515ba3f3f357a6e,phase1b_combined_stress,2,4,2,1,4,0.7634994083736772,True
71a9e749a9284268b515ba3f3f357a6e,phase1b_combined_stress,3,4,2,1,4,0.7634994083736772,False
71a9e749a9284268b515ba3f3f357a6e,phase1b_combined_stress,4,4,2,1,4,0.7634994083736772,True
71a9e749a9284268b515ba3f3f357a6e,phase1b_combined_stress,5,4,2,1,4,0.7634994083736772,False
71a9e749a9284268b515ba3f3f357a6e,phase1b_combined_stress,6,4,2,1,4,0.7634994083736772,True
71a9e749a9284268b515ba3f3f357a6e,phase1b_combined_stress,7,4,2,1,4,0.7634994083736772,False
71a9e749a9284268b515ba3f3f357a6e,phase1b_combined_stress,8,4,2,1,4,0.7634994083736772,True
71a9e749a9284268b515ba3f3f357a6e,phase1b_combined_stress,9,4,2,1,4,0.7634994083736772,False
71a9e749a9284268b515ba3f3f357a6e,phase1b_combined_stress,10,4,2,1,4,0.7634994083736772,True
71a9e749a9284268b515ba3f3f357a6e,phase1b_combined_stress,11,4,2,1,4,0.7634994083736772,False
71a9e749a9284268b515ba3f3f357a6e,phase1b_combined_stress,12,4,2,1,4,0.7634994083736772,True
71a9e749a9284268b515ba3f3f357a6e,phase1b_combined_stress,13,4,2,1,4,0.7634994083736772,False
71a9e749a9284268b515ba3f3f357a6e,phase1b_combined_stress,14,4,2,1,4,0.7634994083736772,True
71a9e749a9284268b515ba3f3f357a6e,phase1b_combined_stress,15,4,2,1,4,0.7634994083736772,False
71a9e749a9284268b515ba3f3f357a6e,phase1b_combined_stress,16,4,2,1,4,0.7634994083736772,True
71a9e749a9284268b515ba3f3f357a6e,phase1b_combined_stress,17,4,2,1,4,0.7634994083736772,False
71a9e749a9284268b515ba3f3f357a6e,phase1b_combined_stress,18,4,2,1,4,0.7634994083736772,True
71a9e749a9284268b515ba3f3f357a6e,phase1b_combined_stress,19,4,2,1,4,0.7634994083736772,False
71a9e749a9284268b515ba3f3f357a6e,phase1b_combined_stress,20,4,2,1,4,0.7634994083736772,True
77b85188a7444c7fb3f0963e78ae02a1,phase1b_combined_stress,0,4,6,4,16,0.7765484257488472,True
77b85188a7444c7fb3f0963e78ae02a1,phase1b_combined_stress,1,4,6,5,16,0.6445594043687155,False
77b85188a7444c7fb3f0963e78ae02a1,phase1b_combined_stress,2,4,6,6,16,0.5,True
77b85188a7444c7fb3f0963e78ae02a1,phase1b_combined_stress,3,4,6,5,16,0.6445594043687155,False
77b85188a7444c7fb3f0963e78ae02a1,phase1b_combined_stress,4,4,6,6,16,0.5,True
77b85188a7444c7fb3f0963e78ae02a1,phase1b_combined_stress,5,4,6,5,16,0.6445594043687155,False
77b85188a7444c7fb3f0963e78ae02a1,phase1b_combined_stress,6,4,6,6,16,0.5,True
77b85188a7444c7fb3f0963e78ae02a1,phase1b_combined_stress,7,4,6,5,16,0.6445594043687155,False
77b85188a7444c7fb3f0963e78ae02a1,phase1b_combined_stress,8,4,6,6,16,0.5,True
77b85188a7444c7fb3f0963e78ae02a1,phase1b_combined_stress,9,4,6,5,16,0.6445594043687155,False
77b85188a7444c7fb3f0963e78ae02a1,phase1b_combined_stress,10,4,6,6,16,0.5,True
77b85188a7444c7fb3f0963e78ae02a1,phase1b_combined_stress,11,4,6,5,16,0.6445594043687155,False
77b85188a7444c7fb3f0963e78ae02a1,phase1b_combined_stress,12,4,6,6,16,0.5,True
77b85188a7444c7fb3f0963e78ae02a1,phase1b_combined_stress,13,4,6,5,16,0.6445594043687155,False
77b85188a7444c7fb3f0963e78ae02a1,phase1b_combined_stress,14,4,6,6,16,0.5,True
77b85188a7444c7fb3f0963e78ae02a1,phase1b_combined_stress,15,4,6,5,16,0.6445594043687155,False
77b85188a7444c7fb3f0963e78ae02a1,phase1b_combined_stress,16,4,6,6,16,0.5,True
77b85188a7444c7fb3f0963e78ae02a1,phase1b_combined_stress,17,4,6,5,16,0.6445594043687155,False
77b85188a7444c7fb3f0963e78ae02a1,phase1b_combined_stress,18,4,6,6,16,0.5,True
77b85188a7444c7fb3f0963e78ae02a1,phase1b_combined_stress,19,4,6,5,16,0.6445594043687155,False
77b85188a7444c7fb3f0963e78ae02a1,phase1b_combined_stress,20,4,6,6,16,0.5,True
77b85188a7444c7fb3f0963e78ae02a1,phase1b_combined_stress,21,4,6,5,16,0.6445594043687155,False
77b85188a7444c7fb3f0963e78ae02a1,phase1b_combined_stress,22,4,6,6,16,0.5,True
77b85188a7444c7fb3f0963e78ae02a1,phase1b_combined_stress,23,4,6,5,16,0.6445594043687155,False
77b85188a7444c7fb3f0963e78ae02a1,phase1b_combined_stress,24,4,6,6,16,0.5,True
77b85188a7444c7fb3f0963e78ae02a1,phase1b_combined_stress,25,4,6,5,16,0.6445594043687155,False
77b85188a7444c7fb3f0963e78ae02a1,phase1b_combined_stress,26,4,6,6,16,0.5,True
77b85188a7444c7fb3f0963e78ae02a1,phase1b_combined_stress,27,4,6,5,16,0.6445594043687155,False
77b85188a7444c7fb3f0963e78ae02a1,phase1b_combined_stress,28,4,6,6,16,0.5,True
781c30a67d314b898899efdd45dbc001,phase1b_combined_stress,0,4,3,1,4,0.9215990534084937,False
781c30a67d314b898899efdd45dbc001,phase1b_combined_stress,1,4,2,1,4,0.7634994083736772,False
781c30a67d314b898899efdd45dbc001,phase1b_combined_stress,2,4,2,1,4,0.7634994083736772,False
781c30a67d314b898899efdd45dbc001,phase1b_combined_stress,3,4,2,1,4,0.7634994083736772,False
781c30a67d314b898899efdd45dbc001,phase1b_combined_stress,4,4,2,1,4,0.7634994083736772,False
781c30a67d314b898899efdd45dbc001,phase1b_combined_stress,5,4,2,1,4,0.7634994083736772,False
781c30a67d314b898899efdd45dbc001,phase1b_combined_stress,6,4,2,1,4,0.7634994083736772,False
781c30a67d314b898899efdd45dbc001,phase1b_combined_stress,7,4,2,1,4,0.7634994083736772,False
781c30a67d314b898899efdd45dbc001,phase1b_combined_stress,8,4,2,1,4,0.7634994083736772,False
781c30a67d314b898899efdd45dbc001,phase1b_combined_stress,9,4,2,1,4,0.7634994083736772,False
781c30a67d314b898899efdd45dbc001,phase1b_combined_stress,10,4,2,1,4,0.7634994083736772,False
781c30a67d314b898899efdd45dbc001,phase1b_combined_stress,11,4,2,1,4,0.7634994083736772,False
781c30a67d314b898899efdd45dbc001,phase1b_combined_stress,12,4,2,1,4,0.7634994083736772,False
7821ceb80bc24d6b874f1c4ccef37ae0,phase1b_combined_stress,0,4,2,2,8,0.5000000000000222,False
7821ceb80bc24d6b874f1c4ccef37ae0,phase1b_combined_stress,1,4,3,2,8,0.7032998661141543,True
7821ceb80bc24d6b874f1c4ccef37ae0,phase1b_combined_stress,2,4,3,3,8,0.49999999999829725,True
7821ceb80bc24d6b874f1c4ccef37ae0,phase1b_combined_stress,3,4,3,2,8,0.7032998661141543,True
7821ceb80bc24d6b874f1c4ccef37ae0,phase1b_combined_stress,4,4,3,3,8,0.49999999999829725,True
7821ceb80bc24d6b874f1c4ccef37ae0,phase1b_combined_stress,5,4,3,2,8,0.7032998661141543,True
7821ceb80bc24d6b874f1c4ccef37ae0,phase1b_combined_stress,6,4,3,3,8,0.49999999999829725,True
7821ceb80bc24d6b874f1c4ccef37ae0,phase1b_combined_stress,7,4,3,2,8,0.7032998661141543,True
7821ceb80bc24d6b874f1c4ccef37ae0,phase1b_combined_stress,8,4,3,3,8,0.49999999999829725,True
7821ceb80bc24d6b874f1c4ccef37ae0,phase1b_combined_stress,9,4,3,2,8,0.7032998661141543,True
7821ceb80bc24d6b874f1c4ccef37ae0,phase1b_combined_stress,10,4,3,3,8,0.49999999999829725,True
7821ceb80bc24d6b874f1c4ccef37ae0,phase1b_combined_stress,11,4,3,2,8,0.7032998661141543,True
7821ceb80bc24d6b874f1c4ccef37ae0,phase1b_combined_stress,12,4,3,3,8,0.49999999999829725,True
7821ceb80bc24d6b874f1c4ccef37ae0,phase1b_combined_stress,13,4,3,2,8,0.7032998661141543,True
7821ceb80bc24d6b874f1c4ccef37ae0,phase1b_combined_stress,14,4,3,3,8,0.49999999999829725,True
7821ceb80bc24d6b874f1c4ccef37ae0,phase1b_combined_stress,15,4,3,2,8,0.7032998661141543,True
7821ceb80bc24d6b874f1c4ccef37ae0,phase1b_combined_stress,16,4,3,3,8,0.49999999999829725,True
7821ceb80bc24d6b874f1c4ccef37ae0,phase1b_combined_stress,17,4,3,2,8,0.7032998661141543,True
7821ceb80bc24d6b874f1c4ccef37ae0,phase1b_combined_stress,18,4,3,3,8,0.49999999999829725,True
7821ceb80bc24d6b874f1c4ccef37ae0,phase1b_combined_stress,19,4,3,2,8,0.7032998661141543,True
7821ceb80bc24d6b874f1c4ccef37ae0,phase1b_combined_stress,20,4,3,3,8,0.49999999999829725,True
7afc09a024ce49acbf27accd86b5d815,phase1b_combined_stress,0,4,2,2,8,0.5000000000000222,True
7afc09a024ce49acbf27accd86b5d815,phase1b_combined_stress,4,4,3,2,8,0.7032998661141543,True
7afc09a024ce49acbf27accd86b5d815,phase1b_combined_stress,8,4,3,2,8,0.7032998661141543,True
7afc09a024ce49acbf27accd86b5d815,phase1b_combined_stress,12,4,3,2,8,0.7032998661141543,True
7afc09a024ce49acbf27accd86b5d815,phase1b_combined_stress,16,4,3,2,8,0.7032998661141543,True
7afc09a024ce49acbf27accd86b5d815,phase1b_combined_stress,20,4,3,2,8,0.7032998661141543,True
7e69c86386ed4ba0a51e26ed203a72a4,phase1b_combined_stress,0,4,4,1,8,0.9490469570291831,False
7e69c86386ed4ba0a51e26ed203a72a4,phase1b_combined_stress,1,4,3,2,8,0.7032998661141543,True
7e69c86386ed4ba0a51e26ed203a72a4,phase1b_combined_stress,2,4,3,3,8,0.49999999999829725,True
7e69c86386ed4ba0a51e26ed203a72a4,phase1b_combined_stress,3,4,3,2,8,0.7032998661141543,True
7e69c86386ed4ba0a51e26ed203a72a4,phase1b_combined_stress,4,4,3,3,8,0.49999999999829725,True
7e69c86386ed4ba0a51e26ed203a72a4,phase1b_combined_stress,5,4,3,2,8,0.7032998661141543,True
7e69c86386ed4ba0a51e26ed203a72a4,phase1b_combined_stress,6,4,3,3,8,0.49999999999829725,True
7e69c86386ed4ba0a51e26ed203a72a4,phase1b_combined_stress,7,4,3,2,8,0.7032998661141543,True
7e69c86386ed4ba0a51e26ed203a72a4,phase1b_combined_stress,8,4,3,3,8,0.49999999999829725,True
7e69c86386ed4ba0a51e26ed203a72a4,phase1b_combined_stress,9,4,3,2,8,0.7032998661141543,True
7e69c86386ed4ba0a51e26ed203a72a4,phase1b_combined_stress,10,4,3,3,8,0.49999999999829725,True
7e69c86386ed4ba0a51e26ed203a72a4,phase1b_combined_stress,11,4,3,2,8,0.7032998661141543,True
7e69c86386ed4ba0a51e26ed203a72a4,phase1b_combined_stress,12,4,3,3,8,0.49999999999829725,True
7e69c86386ed4ba0a51e26ed203a72a4,phase1b_combined_stress,13,4,3,2,8,0.7032998661141543,True
7e69c86386ed4ba0a51e26ed203a72a4,phase1b_combined_stress,14,4,3,3,8,0.49999999999829725,True
7e69c86386ed4ba0a51e26ed203a72a4,phase1b_combined_stress,15,4,3,2,8,0.7032998661141543,True
7e69c86386ed4ba0a51e26ed203a72a4,phase1b_combined_stress,16,4,3,3,8,0.49999999999829725,True
7e69c86386ed4ba0a51e26ed203a72a4,phase1b_combined_stress,17,4,3,2,8,0.7032998661141543,True
7e69c86386ed4ba0a51e26ed203a72a4,phase1b_combined_stress,18,4,3,3,8,0.49999999999829725,True
7e69c86386ed4ba0a51e26ed203a72a4,phase1b_combined_stress,19,4,3,2,8,0.7032998661141543,True
7e69c86386ed4ba0a51e26ed203a72a4,phase1b_combined_stress,20,4,3,3,8,0.49999999999829725,True
7e69c86386ed4ba0a51e26ed203a72a4,phase1b_combined_stress,21,4,3,2,8,0.7032998661141543,True
7e69c86386ed4ba0a51e26ed203a72a4,phase1b_combined_stress,22,4,3,3,8,0.49999999999829725,True
7e69c86386ed4ba0a51e26ed203a72a4,phase1b_combined_stress,23,4,3,2,8,0.7032998661141543,True
7e69c86386ed4ba0a51e26ed203a72a4,phase1b_combined_stress,24,4,3,3,8,0.49999999999829725,True
7e69c86386ed4ba0a51e26ed203a72a4,phase1b_combined_stress,25,4,3,2,8,0.7032998661141543,True
7e69c86386ed4ba0a51e26ed203a72a4,phase1b_combined_stress,26,4,3,3,8,0.49999999999829725,True
7e69c86386ed4ba0a51e26ed203a72a4,phase1b_combined_stress,27,4,3,2,8,0.7032998661141543,True
7e69c86386ed4ba0a51e26ed203a72a4,phase1b_combined_stress,28,4,3,3,8,0.49999999999829725,True
7e7d9ebc3ed440058c803e28ed655a92,phase1b_combined_stress,0,4,2,1,4,0.7634994083736772,True
7e7d9ebc3ed440058c803e28ed655a92,phase1b_combined_stress,4,4,2,1,4,0.7634994083736772,True
7e7d9ebc3ed440058c803e28ed655a92,phase1b_combined_stress,8,4,2,1,4,0.7634994083736772,True
7e7d9ebc3ed440058c803e28ed655a92,phase1b_combined_stress,12,4,2,1,4,0.7634994083736772,True
808be7de271144d1af2b2ae1fc4a2959,phase1b_combined_stress,0,4,2,2,8,0.5000000000000222,True
808be7de271144d1af2b2ae1fc4a2959,phase1b_combined_stress,4,4,3,2,8,0.7032998661141543,False
808be7de271144d1af2b2ae1fc4a2959,phase1b_combined_stress,8,4,3,2,8,0.7032998661141543,False
808be7de271144d1af2b2ae1fc4a2959,phase1b_combined_stress,12,4,3,2,8,0.7032998661141543,False
808be7de271144d1af2b2ae1fc4a2959,phase1b_combined_stress,16,4,3,2,8,0.7032998661141543,False
808be7de271144d1af2b2ae1fc4a2959,phase1b_combined_stress,20,4,3,2,8,0.7032998661141543,False
819c5c7db1ba410197824d126f761783,phase1b_combined_stress,0,4,2,2,8,0.5000000000000222,False
819c5c7db1ba410197824d126f761783,phase1b_combined_stress,1,4,2,2,8,0.5000000000000222,False
819c5c7db1ba410197824d126f761783,phase1b_combined_stress,2,4,3,2,8,0.7032998661141543,True
819c5c7db1ba410197824d126f761783,phase1b_combined_stress,3,4,2,2,8,0.5000000000000222,False
819c5c7db1ba410197824d126f761783,phase1b_combined_stress,4,4,3,2,8,0.7032998661141543,True
819c5c7db1ba410197824d126f761783,phase1b_combined_stress,5,4,2,2,8,0.5000000000000222,False
819c5c7db1ba410197824d126f761783,phase1b_combined_stress,6,4,3,2,8,0.7032998661141543,True
819c5c7db1ba410197824d126f761783,phase1b_combined_stress,7,4,2,2,8,0.5000000000000222,False
819c5c7db1ba410197824d126f761783,phase1b_combined_stress,8,4,3,2,8,0.7032998661141543,True
819c5c7db1ba410197824d126f761783,phase1b_combined_stress,9,4,2,2,8,0.5000000000000222,False
819c5c7db1ba410197824d126f761783,phase1b_combined_stress,10,4,3,2,8,0.7032998661141543,True
819c5c7db1ba410197824d126f761783,phase1b_combined_stress,11,4,2,2,8,0.5000000000000222,False
819c5c7db1ba410197824d126f761783,phase1b_combined_stress,12,4,3,2,8,0.7032998661141543,True
819c5c7db1ba410197824d126f761783,phase1b_combined_stress,13,4,2,2,8,0.5000000000000222,False
819c5c7db1ba410197824d126f761783,phase1b_combined_stress,14,4,3,2,8,0.7032998661141543,True
819c5c7db1ba410197824d126f761783,phase1b_combined_stress,15,4,2,2,8,0.5000000000000222,False
819c5c7db1ba410197824d126f761783,phase1b_combined_stress,16,4,3,2,8,0.7032998661141543,True
819c5c7db1ba410197824d126f761783,phase1b_combined_stress,17,4,2,2,8,0.5000000000000222,False
819c5c7db1ba410197824d126f761783,phase1b_combined_stress,18,4,3,2,8,0.7032998661141543,True
819c5c7db1ba410197824d126f761783,phase1b_combined_stress,19,4,2,2,8,0.5000000000000222,False
819c5c7db1ba410197824d126f761783,phase1b_combined_stress,20,4,3,2,8,0.7032998661141543,True
819c5c7db1ba410197824d126f761783,phase1b_combined_stress,21,4,2,2,8,0.5000000000000222,False
819c5c7db1ba410197824d126f761783,phase1b_combined_stress,22,4,3,2,8,0.7032998661141543,True
819c5c7db1ba410197824d126f761783,phase1b_combined_stress,23,4,2,2,8,0.5000000000000222,False
819c5c7db1ba410197824d126f761783,phase1b_combined_stress,24,4,3,2,8,0.7032998661141543,True
819c5c7db1ba410197824d126f761783,phase1b_combined_stress,25,4,2,2,8,0.5000000000000222,False
819c5c7db1ba410197824d126f761783,phase1b_combined_stress,26,4,3,2,8,0.7032998661141543,True
819c5c7db1ba410197824d126f761783,phase1b_combined_stress,27,4,2,2,8,0.5000000000000222,False
819c5c7db1ba410197824d126f761783,phase1b_combined_stress,28,4,3,2,8,0.7032998661141543,True
84d8eaac106445e1b069487c73f2aad1,phase1b_combined_stress,0,4,2,1,4,0.7634994083736772,True
84d8eaac106445e1b069487c73f2aad1,phase1b_combined_stress,1,4,2,1,4,0.7634994083736772,True
84d8eaac106445e1b069487c73f2aad1,phase1b_combined_stress,2,4,2,2,4,0.49999999999334993,False
84d8eaac106445e1b069487c73f2aad1,phase1b_combined_stress,3,4,2,1,4,0.7634994083736772,True
84d8eaac106445e1b069487c73f2aad1,phase1b_combined_stress,4,4,2,2,4,0.49999999999334993,False
84d8eaac106445e1b069487c73f2aad1,phase1b_combined_stress,5,4,2,1,4,0.7634994083736772,True
84d8eaac106445e1b069487c73f2aad1,phase1b_combined_stress,6,4,2,2,4,0.49999999999334993,False
84d8eaac106445e1b069487c73f2aad1,phase1b_combined_stress,7,4,2,1,4,0.7634994083736772,True
84d8eaac106445e1b069487c73f2aad1,phase1b_combined_stress,8,4,2,2,4,0.49999999999334993,False
84d8eaac106445e1b069487c73f2aad1,phase1b_combined_stress,9,4,2,1,4,0.7634994083736772,True
84d8eaac106445e1b069487c73f2aad1,phase1b_combined_stress,10,4,2,2,4,0.49999999999334993,False
84d8eaac106445e1b069487c73f2aad1,phase1b_combined_stress,11,4,2,1,4,0.7634994083736772,True
84d8eaac106445e1b069487c73f2aad1,phase1b_combined_stress,12,4,2,2,4,0.49999999999334993,False
84f2b0e8952c410b9d12538e2082e6f6,phase1b_combined_stress,0,4,3,2,8,0.7032998661141543,True
84f2b0e8952c410b9d12538e2082e6f6,phase1b_combined_stress,1,4,3,3,8,0.49999999999829725,False
84f2b0e8952c410b9d12538e2082e6f6,phase1b_combined_stress,2,4,3,3,8,0.49999999999829725,True
84f2b0e8952c410b9d12538e2082e6f6,phase1b_combined_stress,3,4,3,3,8,0.49999999999829725,False
84f2b0e8952c410b9d12538e2082e6f6,phase1b_combined_stress,4,4,3,3,8,0.49999999999829725,True
84f2b0e8952c410b9d12538e2082e6f6,phase1b_combined_stress,5,4,3,3,8,0.49999999999829725,False
84f2b0e8952c410b9d12538e2082e6f6,phase1b_combined_stress,6,4,3,3,8,0.49999999999829725,True
84f2b0e8952c410b9d12538e2082e6f6,phase1b_combined_stress,7,4,3,3,8,0.49999999999829725,False
84f2b0e8952c410b9d12538e2082e6f6,phase1b_combined_stress,8,4,3,3,8,0.49999999999829725,True
84f2b0e8952c410b9d12538e2082e6f6,phase1b_combined_stress,9,4,3,3,8,0.49999999999829725,False
84f2b0e8952c410b9d12538e2082e6f6,phase1b_combined_stress,10,4,3,3,8,0.49999999999829725,True
84f2b0e8952c410b9d12538e2082e6f6,phase1b_combined_stress,11,4,3,3,8,0.49999999999829725,False
84f2b0e8952c410b9d12538e2082e6f6,phase1b_combined_stress,12,4,3,3,8,0.49999999999829725,True
84f2b0e8952c410b9d12538e2082e6f6,phase1b_combined_stress,13,4,3,3,8,0.49999999999829725,False
84f2b0e8952c410b9d12538e2082e6f6,phase1b_combined_stress,14,4,3,3,8,0.49999999999829725,True
84f2b0e8952c410b9d12538e2082e6f6,phase1b_combined_stress,15,4,3,3,8,0.49999999999829725,False
84f2b0e8952c410b9d12538e2082e6f6,phase1b_combined_stress,16,4,3,3,8,0.49999999999829725,True
84f2b0e8952c410b9d12538e2082e6f6,phase1b_combined_stress,17,4,3,3,8,0.49999999999829725,False
84f2b0e8952c410b9d12538e2082e6f6,phase1b_combined_stress,18,4,3,3,8,0.49999999999829725,True
84f2b0e8952c410b9d12538e2082e6f6,phase1b_combined_stress,19,4,3,3,8,0.49999999999829725,False
84f2b0e8952c410b9d12538e2082e6f6,phase1b_combined_stress,20,4,3,3,8,0.49999999999829725,True
86707df0102a4c36a275f159de403a2c,phase1b_combined_stress,0,4,1,1,4,0.4999999999917221,False
86707df0102a4c36a275f159de403a2c,phase1b_combined_stress,4,4,2,1,4,0.7634994083736772,True
86707df0102a4c36a275f159de403a2c,phase1b_combined_stress,8,4,2,1,4,0.7634994083736772,True
86707df0102a4c36a275f159de403a2c,phase1b_combined_stress,12,4,2,1,4,0.7634994083736772,True
86707df0102a4c36a275f159de403a2c,phase1b_combined_stress,16,4,2,1,4,0.7634994083736772,True
86707df0102a4c36a275f159de403a2c,phase1b_combined_stress,20,4,2,1,4,0.7634994083736772,True
86707df0102a4c36a275f159de403a2c,phase1b_combined_stress,24,4,2,1,4,0.7634994083736772,True
86707df0102a4c36a275f159de403a2c,phase1b_combined_stress,28,4,2,1,4,0.7634994083736772,True
8681d24c80024fc89ec3da3ae680a124,phase1b_combined_stress,0,4,3,3,16,0.5000000000000001,True
8681d24c80024fc89ec3da3ae680a124,phase1b_combined_stress,1,4,7,4,16,0.8679254405504773,True
8681d24c80024fc89ec3da3ae680a124,phase1b_combined_stress,2,4,5,5,16,0.5000000000000002,True
8681d24c80024fc89ec3da3ae680a124,phase1b_combined_stress,3,4,7,4,16,0.8679254405504773,True
8681d24c80024fc89ec3da3ae680a124,phase1b_combined_stress,4,4,5,5,16,0.5000000000000002,True
8681d24c80024fc89ec3da3ae680a124,phase1b_combined_stress,5,4,7,4,16,0.8679254405504773,True
8681d24c80024fc89ec3da3ae680a124,phase1b_combined_stress,6,4,5,5,16,0.5000000000000002,True
8681d24c80024fc89ec3da3ae680a124,phase1b_combined_stress,7,4,7,4,16,0.8679254405504773,True
8681d24c80024fc89ec3da3ae680a124,phase1b_combined_stress,8,4,5,5,16,0.5000000000000002,True
8681d24c80024fc89ec3da3ae680a124,phase1b_combined_stress,9,4,7,4,16,0.8679254405504773,True
8681d24c80024fc89ec3da3ae680a124,phase1b_combined_stress,10,4,5,5,16,0.5000000000000002,True
8681d24c80024fc89ec3da3ae680a124,phase1b_combined_stress,11,4,7,4,16,0.8679254405504773,True
8681d24c80024fc89ec3da3ae680a124,phase1b_combined_stress,12,4,5,5,16,0.5000000000000002,True
8681d24c80024fc89ec3da3ae680a124,phase1b_combined_stress,13,4,7,4,16,0.8679254405504773,True
8681d24c80024fc89ec3da3ae680a124,phase1b_combined_stress,14,4,5,5,16,0.5000000000000002,True
8681d24c80024fc89ec3da3ae680a124,phase1b_combined_stress,15,4,7,4,16,0.8679254405504773,True
8681d24c80024fc89ec3da3ae680a124,phase1b_combined_stress,16,4,5,5,16,0.5000000000000002,True
8681d24c80024fc89ec3da3ae680a124,phase1b_combined_stress,17,4,7,4,16,0.8679254405504773,True
8681d24c80024fc89ec3da3ae680a124,phase1b_combined_stress,18,4,5,5,16,0.5000000000000002,True
8681d24c80024fc89ec3da3ae680a124,phase1b_combined_stress,19,4,7,4,16,0.8679254405504773,True
8681d24c80024fc89ec3da3ae680a124,phase1b_combined_stress,20,4,5,5,16,0.5000000000000002,True
8681d24c80024fc89ec3da3ae680a124,phase1b_combined_stress,21,4,7,4,16,0.8679254405504773,True
8681d24c80024fc89ec3da3ae680a124,phase1b_combined_stress,22,4,5,5,16,0.5000000000000002,True
8681d24c80024fc89ec3da3ae680a124,phase1b_combined_stress,23,4,7,4,16,0.8679254405504773,True
8681d24c80024fc89ec3da3ae680a124,phase1b_combined_stress,24,4,5,5,16,0.5000000000000002,True
8681d24c80024fc89ec3da3ae680a124,phase1b_combined_stress,25,4,7,4,16,0.8679254405504773,True
8681d24c80024fc89ec3da3ae680a124,phase1b_combined_stress,26,4,5,5,16,0.5000000000000002,True
8681d24c80024fc89ec3da3ae680a124,phase1b_combined_stress,27,4,7,4,16,0.8679254405504773,True
8681d24c80024fc89ec3da3ae680a124,phase1b_combined_stress,28,4,5,5,16,0.5000000000000002,True
90065684b58449da971430a5b1feaa75,phase1b_combined_stress,0,4,3,2,8,0.7032998661141543,True
90065684b58449da971430a5b1feaa75,phase1b_combined_stress,1,4,3,2,8,0.7032998661141543,False
90065684b58449da971430a5b1feaa75,phase1b_combined_stress,2,4,3,3,8,0.49999999999829725,True
90065684b58449da971430a5b1feaa75,phase1b_combined_stress,3,4,3,2,8,0.7032998661141543,False
90065684b58449da971430a5b1feaa75,phase1b_combined_stress,4,4,3,3,8,0.49999999999829725,True
90065684b58449da971430a5b1feaa75,phase1b_combined_stress,5,4,3,2,8,0.7032998661141543,False
90065684b58449da971430a5b1feaa75,phase1b_combined_stress,6,4,3,3,8,0.49999999999829725,True
90065684b58449da971430a5b1feaa75,phase1b_combined_stress,7,4,3,2,8,0.7032998661141543,False
90065684b58449da971430a5b1feaa75,phase1b_combined_stress,8,4,3,3,8,0.49999999999829725,True
90065684b58449da971430a5b1feaa75,phase1b_combined_stress,9,4,3,2,8,0.7032998661141543,False
90065684b58449da971430a5b1feaa75,phase1b_combined_stress,10,4,3,3,8,0.49999999999829725,True
90065684b58449da971430a5b1feaa75,phase1b_combined_stress,11,4,3,2,8,0.7032998661141543,False
90065684b58449da971430a5b1feaa75,phase1b_combined_stress,12,4,3,3,8,0.49999999999829725,True
90065684b58449da971430a5b1feaa75,phase1b_combined_stress,13,4,3,2,8,0.7032998661141543,False
90065684b58449da971430a5b1feaa75,phase1b_combined_stress,14,4,3,3,8,0.49999999999829725,True
90065684b58449da971430a5b1feaa75,phase1b_combined_stress,15,4,3,2,8,0.7032998661141543,False
90065684b58449da971430a5b1feaa75,phase1b_combined_stress,16,4,3,3,8,0.49999999999829725,True
90065684b58449da971430a5b1feaa75,phase1b_combined_stress,17,4,3,2,8,0.7032998661141543,False
90065684b58449da971430a5b1feaa75,phase1b_combined_stress,18,4,3,3,8,0.49999999999829725,True
90065684b58449da971430a5b1feaa75,phase1b_combined_stress,19,4,3,2,8,0.7032998661141543,False
90065684b58449da971430a5b1feaa75,phase1b_combined_stress,20,4,3,3,8,0.49999999999829725,True
90065684b58449da971430a5b1feaa75,phase1b_combined_stress,21,4,3,2,8,0.7032998661141543,False
90065684b58449da971430a5b1feaa75,phase1b_combined_stress,22,4,3,3,8,0.49999999999829725,True
90065684b58449da971430a5b1feaa75,phase1b_combined_stress,23,4,3,2,8,0.7032998661141543,False
90065684b58449da971430a5b1feaa75,phase1b_combined_stress,24,4,3,3,8,0.49999999999829725,True
90065684b58449da971430a5b1feaa75,phase1b_combined_stress,25,4,3,2,8,0.7032998661141543,False
90065684b58449da971430a5b1feaa75,phase1b_combined_stress,26,4,3,3,8,0.49999999999829725,True
90065684b58449da971430a5b1feaa75,phase1b_combined_stress,27,4,3,2,8,0.7032998661141543,False
90065684b58449da971430a5b1feaa75,phase1b_combined_stress,28,4,3,3,8,0.49999999999829725,True
91ced5fe8eac4ef88cc737196f04fdca,phase1b_combined_stress,0,4,1,1,4,0.4999999999917221,False
91ced5fe8eac4ef88cc737196f04fdca,phase1b_combined_stress,4,4,2,1,4,0.7634994083736772,True
91ced5fe8eac4ef88cc737196f04fdca,phase1b_combined_stress,8,4,2,1,4,0.7634994083736772,True
91ced5fe8eac4ef88cc737196f04fdca,phase1b_combined_stress,12,4,2,1,4,0.7634994083736772,True
91ced5fe8eac4ef88cc737196f04fdca,phase1b_combined_stress,16,4,2,1,4,0.7634994083736772,True
91ced5fe8eac4ef88cc737196f04fdca,phase1b_combined_stress,20,4,2,1,4,0.7634994083736772,True
91ced5fe8eac4ef88cc737196f04fdca,phase1b_combined_stress,24,4,2,1,4,0.7634994083736772,True
91ced5fe8eac4ef88cc737196f04fdca,phase1b_combined_stress,28,4,2,1,4,0.7634994083736772,True
93aa68f0ca4f438e878e0780575a9ccf,phase1b_combined_stress,0,4,4,3,8,0.6916827309132849,False
93aa68f0ca4f438e878e0780575a9ccf,phase1b_combined_stress,4,4,4,2,8,0.8485140562026603,True
93aa68f0ca4f438e878e0780575a9ccf,phase1b_combined_stress,8,4,4,2,8,0.8485140562026603,True
93aa68f0ca4f438e878e0780575a9ccf,phase1b_combined_stress,12,4,4,2,8,0.8485140562026603,True
93aa68f0ca4f438e878e0780575a9ccf,phase1b_combined_stress,16,4,4,2,8,0.8485140562026603,True
93aa68f0ca4f438e878e0780575a9ccf,phase1b_combined_stress,20,4,4,2,8,0.8485140562026603,True
93aa68f0ca4f438e878e0780575a9ccf,phase1b_combined_stress,24,4,4,2,8,0.8485140562026603,True
93aa68f0ca4f438e878e0780575a9ccf,phase1b_combined_stress,28,4,4,2,8,0.8485140562026603,True
99bddc372fd4406e98d00983b3d0b970,phase1b_combined_stress,0,4,4,4,16,0.5000000000000001,True
99bddc372fd4406e98d00983b3d0b970,phase1b_combined_stress,4,4,6,6,16,0.5,True
99bddc372fd4406e98d00983b3d0b970,phase1b_combined_stress,8,4,6,6,16,0.5,True
99bddc372fd4406e98d00983b3d0b970,phase1b_combined_stress,12,4,6,6,16,0.5,True
99bddc372fd4406e98d00983b3d0b970,phase1b_combined_stress,16,4,6,6,16,0.5,True
99bddc372fd4406e98d00983b3d0b970,phase1b_combined_stress,20,4,6,6,16,0.5,True
99c86bf06ce143cba102e974e8fb9a92,phase1b_combined_stress,0,4,3,3,16,0.5000000000000001,True
99c86bf06ce143cba102e974e8fb9a92,phase1b_combined_stress,1,4,5,5,16,0.5000000000000002,False
99c86bf06ce143cba102e974e8fb9a92,phase1b_combined_stress,2,4,7,5,16,0.7668789003730136,True
99c86bf06ce143cba102e974e8fb9a92,phase1b_combined_stress,3,4,5,5,16,0.5000000000000002,False
99c86bf06ce143cba102e974e8fb9a92,phase1b_combined_stress,4,4,7,5,16,0.7668789003730136,True
99c86bf06ce143cba102e974e8fb9a92,phase1b_combined_stress,5,4,5,5,16,0.5000000000000002,False
99c86bf06ce143cba102e974e8fb9a92,phase1b_combined_stress,6,4,7,5,16,0.7668789003730136,True
99c86bf06ce143cba102e974e8fb9a92,phase1b_combined_stress,7,4,5,5,16,0.5000000000000002,False
99c86bf06ce143cba102e974e8fb9a92,phase1b_combined_stress,8,4,7,5,16,0.7668789003730136,True
99c86bf06ce143cba102e974e8fb9a92,phase1b_combined_stress,9,4,5,5,16,0.5000000000000002,False
99c86bf06ce143cba102e974e8fb9a92,phase1b_combined_stress,10,4,7,5,16,0.7668789003730136,True
99c86bf06ce143cba102e974e8fb9a92,phase1b_combined_stress,11,4,5,5,16,0.5000000000000002,False
99c86bf06ce143cba102e974e8fb9a92,phase1b_combined_stress,12,4,7,5,16,0.7668789003730136,True
99ecf77d2e2144b1b0d3f720ee5cc92b,phase1b_combined_stress,0,4,2,1,4,0.7634994083736772,False
99ecf77d2e2144b1b0d3f720ee5cc92b,phase1b_combined_stress,1,4,2,1,4,0.7634994083736772,True
99ecf77d2e2144b1b0d3f720ee5cc92b,phase1b_combined_stress,2,4,2,1,4,0.7634994083736772,True
99ecf77d2e2144b1b0d3f720ee5cc92b,phase1b_combined_stress,3,4,2,1,4,0.7634994083736772,True
99ecf77d2e2144b1b0d3f720ee5cc92b,phase1b_combined_stress,4,4,2,1,4,0.7634994083736772,True
99ecf77d2e2144b1b0d3f720ee5cc92b,phase1b_combined_stress,5,4,2,1,4,0.7634994083736772,True
99ecf77d2e2144b1b0d3f720ee5cc92b,phase1b_combined_stress,6,4,2,1,4,0.7634994083736772,True
99ecf77d2e2144b1b0d3f720ee5cc92b,phase1b_combined_stress,7,4,2,1,4,0.7634994083736772,True
99ecf77d2e2144b1b0d3f720ee5cc92b,phase1b_combined_stress,8,4,2,1,4,0.7634994083736772,True
99ecf77d2e2144b1b0d3f720ee5cc92b,phase1b_combined_stress,9,4,2,1,4,0.7634994083736772,True
99ecf77d2e2144b1b0d3f720ee5cc92b,phase1b_combined_stress,10,4,2,1,4,0.7634994083736772,True
99ecf77d2e2144b1b0d3f720ee5cc92b,phase1b_combined_stress,11,4,2,1,4,0.7634994083736772,True
99ecf77d2e2144b1b0d3f720ee5cc92b,phase1b_combined_stress,12,4,2,1,4,0.7634994083736772,True
99ecf77d2e2144b1b0d3f720ee5cc92b,phase1b_combined_stress,13,4,2,1,4,0.7634994083736772,True
99ecf77d2e2144b1b0d3f720ee5cc92b,phase1b_combined_stress,14,4,2,1,4,0.7634994083736772,True
99ecf77d2e2144b1b0d3f720ee5cc92b,phase1b_combined_stress,15,4,2,1,4,0.7634994083736772,True
99ecf77d2e2144b1b0d3f720ee5cc92b,phase1b_combined_stress,16,4,2,1,4,0.7634994083736772,True
99ecf77d2e2144b1b0d3f720ee5cc92b,phase1b_combined_stress,17,4,2,1,4,0.7634994083736772,True
99ecf77d2e2144b1b0d3f720ee5cc92b,phase1b_combined_stress,18,4,2,1,4,0.7634994083736772,True
99ecf77d2e2144b1b0d3f720ee5cc92b,phase1b_combined_stress,19,4,2,1,4,0.7634994083736772,True
99ecf77d2e2144b1b0d3f720ee5cc92b,phase1b_combined_stress,20,4,2,1,4,0.7634994083736772,True
99ecf77d2e2144b1b0d3f720ee5cc92b,phase1b_combined_stress,21,4,2,1,4,0.7634994083736772,True
99ecf77d2e2144b1b0d3f720ee5cc92b,phase1b_combined_stress,22,4,2,1,4,0.7634994083736772,True
99ecf77d2e2144b1b0d3f720ee5cc92b,phase1b_combined_stress,23,4,2,1,4,0.7634994083736772,True
99ecf77d2e2144b1b0d3f720ee5cc92b,phase1b_combined_stress,24,4,2,1,4,0.7634994083736772,True
99ecf77d2e2144b1b0d3f720ee5cc92b,phase1b_combined_stress,25,4,2,1,4,0.7634994083736772,True
99ecf77d2e2144b1b0d3f720ee5cc92b,phase1b_combined_stress,26,4,2,1,4,0.7634994083736772,True
99ecf77d2e2144b1b0d3f720ee5cc92b,phase1b_combined_stress,27,4,2,1,4,0.7634994083736772,True
99ecf77d2e2144b1b0d3f720ee5cc92b,phase1b_combined_stress,28,4,2,1,4,0.7634994083736772,True
9a6445f9a1e24a729de3f3ddad47fc4d,phase1b_combined_stress,0,4,4,3,16,0.6642697648948153,False
9a6445f9a1e24a729de3f3ddad47fc4d,phase1b_combined_stress,4,4,8,4,16,0.9285533646569553,True
9a6445f9a1e24a729de3f3ddad47fc4d,phase1b_combined_stress,8,4,8,4,16,0.9285533646569553,True
9a6445f9a1e24a729de3f3ddad47fc4d,phase1b_combined_stress,12,4,8,4,16,0.9285533646569553,True
9a6445f9a1e24a729de3f3ddad47fc4d,phase1b_combined_stress,16,4,8,4,16,0.9285533646569553,True
9a6445f9a1e24a729de3f3ddad47fc4d,phase1b_combined_stress,20,4,8,4,16,0.9285533646569553,True
9a6445f9a1e24a729de3f3ddad47fc4d,phase1b_combined_stress,24,4,8,4,16,0.9285533646569553,True
9a6445f9a1e24a729de3f3ddad47fc4d,phase1b_combined_stress,28,4,8,4,16,0.9285533646569553,True
9c4399674fd84fb8bc5fc6c409e269f7,phase1b_combined_stress,0,4,2,2,8,0.5000000000000222,True
9c4399674fd84fb8bc5fc6c409e269f7,phase1b_combined_stress,4,4,3,2,8,0.7032998661141543,True
9c4399674fd84fb8bc5fc6c409e269f7,phase1b_combined_stress,8,4,3,2,8,0.7032998661141543,True
9c4399674fd84fb8bc5fc6c409e269f7,phase1b_combined_stress,12,4,3,2,8,0.7032998661141543,True
9c4399674fd84fb8bc5fc6c409e269f7,phase1b_combined_stress,16,4,3,2,8,0.7032998661141543,True
9c4399674fd84fb8bc5fc6c409e269f7,phase1b_combined_stress,20,4,3,2,8,0.7032998661141543,True
a0866fc54d814c949f3c91744c4e2853,phase1b_combined_stress,0,4,1,1,4,0.4999999999917221,False
a0866fc54d814c949f3c91744c4e2853,phase1b_combined_stress,1,4,2,1,4,0.7634994083736772,True
a0866fc54d814c949f3c91744c4e2853,phase1b_combined_stress,2,4,2,1,4,0.7634994083736772,True
a0866fc54d814c949f3c91744c4e2853,phase1b_combined_stress,3,4,2,1,4,0.7634994083736772,True
a0866fc54d814c949f3c91744c4e2853,phase1b_combined_stress,4,4,2,1,4,0.7634994083736772,True
a0866fc54d814c949f3c91744c4e2853,phase1b_combined_stress,5,4,2,1,4,0.7634994083736772,True
a0866fc54d814c949f3c91744c4e2853,phase1b_combined_stress,6,4,2,1,4,0.7634994083736772,True
a0866fc54d814c949f3c91744c4e2853,phase1b_combined_stress,7,4,2,1,4,0.7634994083736772,True
a0866fc54d814c949f3c91744c4e2853,phase1b_combined_stress,8,4,2,1,4,0.7634994083736772,True
a0866fc54d814c949f3c91744c4e2853,phase1b_combined_stress,9,4,2,1,4,0.7634994083736772,True
a0866fc54d814c949f3c91744c4e2853,phase1b_combined_stress,10,4,2,1,4,0.7634994083736772,True
a0866fc54d814c949f3c91744c4e2853,phase1b_combined_stress,11,4,2,1,4,0.7634994083736772,True
a0866fc54d814c949f3c91744c4e2853,phase1b_combined_stress,12,4,2,1,4,0.7634994083736772,True
a269fbf4ddc044fba35c1a69afbf3479,phase1b_combined_stress,0,4,2,2,8,0.5000000000000222,False
a269fbf4ddc044fba35c1a69afbf3479,phase1b_combined_stress,1,4,2,2,8,0.5000000000000222,False
a269fbf4ddc044fba35c1a69afbf3479,phase1b_combined_stress,2,4,3,2,8,0.7032998661141543,True
a269fbf4ddc044fba35c1a69afbf3479,phase1b_combined_stress,3,4,2,2,8,0.5000000000000222,False
a269fbf4ddc044fba35c1a69afbf3479,phase1b_combined_stress,4,4,3,2,8,0.7032998661141543,True
a269fbf4ddc044fba35c1a69afbf3479,phase1b_combined_stress,5,4,2,2,8,0.5000000000000222,False
a269fbf4ddc044fba35c1a69afbf3479,phase1b_combined_stress,6,4,3,2,8,0.7032998661141543,True
a269fbf4ddc044fba35c1a69afbf3479,phase1b_combined_stress,7,4,2,2,8,0.5000000000000222,False
a269fbf4ddc044fba35c1a69afbf3479,phase1b_combined_stress,8,4,3,2,8,0.7032998661141543,True
a269fbf4ddc044fba35c1a69afbf3479,phase1b_combined_stress,9,4,2,2,8,0.5000000000000222,False
a269fbf4ddc044fba35c1a69afbf3479,phase1b_combined_stress,10,4,3,2,8,0.7032998661141543,True
a269fbf4ddc044fba35c1a69afbf3479,phase1b_combined_stress,11,4,2,2,8,0.5000000000000222,False
a269fbf4ddc044fba35c1a69afbf3479,phase1b_combined_stress,12,4,3,2,8,0.7032998661141543,True
a2e63f54c891486fa58b5c8c85441bbc,phase1b_combined_stress,0,4,2,1,4,0.7634994083736772,False
a2e63f54c891486fa58b5c8c85441bbc,phase1b_combined_stress,4,4,3,1,4,0.9215990534084937,True
a2e63f54c891486fa58b5c8c85441bbc,phase1b_combined_stress,8,4,3,1,4,0.9215990534084937,True
a2e63f54c891486fa58b5c8c85441bbc,phase1b_combined_stress,12,4,3,1,4,0.9215990534084937,True
a2e63f54c891486fa58b5c8c85441bbc,phase1b_combined_stress,16,4,3,1,4,0.9215990534084937,True
a2e63f54c891486fa58b5c8c85441bbc,phase1b_combined_stress,20,4,3,1,4,0.9215990534084937,True
a2e63f54c891486fa58b5c8c85441bbc,phase1b_combined_stress,24,4,3,1,4,0.9215990534084937,True
a2e63f54c891486fa58b5c8c85441bbc,phase1b_combined_stress,28,4,3,1,4,0.9215990534084937,True
a3dcb42faf9b45169381f98977fb7a30,phase1b_combined_stress,0,4,2,1,4,0.7634994083736772,True
a3dcb42faf9b45169381f98977fb7a30,phase1b_combined_stress,1,4,3,1,4,0.9215990534084937,False
a3dcb42faf9b45169381f98977fb7a30,phase1b_combined_stress,2,4,3,1,4,0.9215990534084937,True
a3dcb42faf9b45169381f98977fb7a30,phase1b_combined_stress,3,4,3,1,4,0.9215990534084937,False
a3dcb42faf9b45169381f98977fb7a30,phase1b_combined_stress,4,4,3,1,4,0.9215990534084937,True
a3dcb42faf9b45169381f98977fb7a30,phase1b_combined_stress,5,4,3,1,4,0.9215990534084937,False
a3dcb42faf9b45169381f98977fb7a30,phase1b_combined_stress,6,4,3,1,4,0.9215990534084937,True
a3dcb42faf9b45169381f98977fb7a30,phase1b_combined_stress,7,4,3,1,4,0.9215990534084937,False
a3dcb42faf9b45169381f98977fb7a30,phase1b_combined_stress,8,4,3,1,4,0.9215990534084937,True
a3dcb42faf9b45169381f98977fb7a30,phase1b_combined_stress,9,4,3,1,4,0.9215990534084937,False
a3dcb42faf9b45169381f98977fb7a30,phase1b_combined_stress,10,4,3,1,4,0.9215990534084937,True
a3dcb42faf9b45169381f98977fb7a30,phase1b_combined_stress,11,4,3,1,4,0.9215990534084937,False
a3dcb42faf9b45169381f98977fb7a30,phase1b_combined_stress,12,4,3,1,4,0.9215990534084937,True
a3dcb42faf9b45169381f98977fb7a30,phase1b_combined_stress,13,4,3,1,4,0.9215990534084937,False
a3dcb42faf9b45169381f98977fb7a30,phase1b_combined_stress,14,4,3,1,4,0.9215990534084937,True
a3dcb42faf9b45169381f98977fb7a30,phase1b_combined_stress,15,4,3,1,4,0.9215990534084937,False
a3dcb42faf9b45169381f98977fb7a30,phase1b_combined_stress,16,4,3,1,4,0.9215990534084937,True
a3dcb42faf9b45169381f98977fb7a30,phase1b_combined_stress,17,4,3,1,4,0.9215990534084937,False
a3dcb42faf9b45169381f98977fb7a30,phase1b_combined_stress,18,4,3,1,4,0.9215990534084937,True
a3dcb42faf9b45169381f98977fb7a30,phase1b_combined_stress,19,4,3,1,4,0.9215990534084937,False
a3dcb42faf9b45169381f98977fb7a30,phase1b_combined_stress,20,4,3,1,4,0.9215990534084937,True
a3dcb42faf9b45169381f98977fb7a30,phase1b_combined_stress,21,4,3,1,4,0.9215990534084937,False
a3dcb42faf9b45169381f98977fb7a30,phase1b_combined_stress,22,4,3,1,4,0.9215990534084937,True
a3dcb42faf9b45169381f98977fb7a30,phase1b_combined_stress,23,4,3,1,4,0.9215990534084937,False
a3dcb42faf9b45169381f98977fb7a30,phase1b_combined_stress,24,4,3,1,4,0.9215990534084937,True
a3dcb42faf9b45169381f98977fb7a30,phase1b_combined_stress,25,4,3,1,4,0.9215990534084937,False
a3dcb42faf9b45169381f98977fb7a30,phase1b_combined_stress,26,4,3,1,4,0.9215990534084937,True
a3dcb42faf9b45169381f98977fb7a30,phase1b_combined_stress,27,4,3,1,4,0.9215990534084937,False
a3dcb42faf9b45169381f98977fb7a30,phase1b_combined_stress,28,4,3,1,4,0.9215990534084937,True
a586fdac037c4c8cb68d272e90331c35,phase1b_combined_stress,0,4,4,3,16,0.6642697648948153,False
a586fdac037c4c8cb68d272e90331c35,phase1b_combined_stress,1,4,8,4,16,0.9285533646569553,True
a586fdac037c4c8cb68d272e90331c35,phase1b_combined_stress,2,4,5,3,16,0.7920351375907829,True
a586fdac037c4c8cb68d272e90331c35,phase1b_combined_stress,3,4,8,4,16,0.9285533646569553,True
a586fdac037c4c8cb68d272e90331c35,phase1b_combined_stress,4,4,5,3,16,0.7920351375907829,True
a586fdac037c4c8cb68d272e90331c35,phase1b_combined_stress,5,4,8,4,16,0.9285533646569553,True
a586fdac037c4c8cb68d272e90331c35,phase1b_combined_stress,6,4,5,3,16,0.7920351375907829,True
a586fdac037c4c8cb68d272e90331c35,phase1b_combined_stress,7,4,8,4,16,0.9285533646569553,True
a586fdac037c4c8cb68d272e90331c35,phase1b_combined_stress,8,4,5,3,16,0.7920351375907829,True
a586fdac037c4c8cb68d272e90331c35,phase1b_combined_stress,9,4,8,4,16,0.9285533646569553,True
a586fdac037c4c8cb68d272e90331c35,phase1b_combined_stress,10,4,5,3,16,0.7920351375907829,True
a586fdac037c4c8cb68d272e90331c35,phase1b_combined_stress,11,4,8,4,16,0.9285533646569553,True
a586fdac037c4c8cb68d272e90331c35,phase1b_combined_stress,12,4,5,3,16,0.7920351375907829,True
a586fdac037c4c8cb68d272e90331c35,phase1b_combined_stress,13,4,8,4,16,0.9285533646569553,True
a586fdac037c4c8cb68d272e90331c35,phase1b_combined_stress,14,4,5,3,16,0.7920351375907829,True
a586fdac037c4c8cb68d272e90331c35,phase1b_combined_stress,15,4,8,4,16,0.9285533646569553,True
a586fdac037c4c8cb68d272e90331c35,phase1b_combined_stress,16,4,5,3,16,0.7920351375907829,True
a586fdac037c4c8cb68d272e90331c35,phase1b_combined_stress,17,4,8,4,16,0.9285533646569553,True
a586fdac037c4c8cb68d272e90331c35,phase1b_combined_stress,18,4,5,3,16,0.7920351375907829,True
a586fdac037c4c8cb68d272e90331c35,phase1b_combined_stress,19,4,8,4,16,0.9285533646569553,True
a586fdac037c4c8cb68d272e90331c35,phase1b_combined_stress,20,4,5,3,16,0.7920351375907829,True
a586fdac037c4c8cb68d272e90331c35,phase1b_combined_stress,21,4,8,4,16,0.9285533646569553,True
a586fdac037c4c8cb68d272e90331c35,phase1b_combined_stress,22,4,5,3,16,0.7920351375907829,True
a586fdac037c4c8cb68d272e90331c35,phase1b_combined_stress,23,4,8,4,16,0.9285533646569553,True
a586fdac037c4c8cb68d272e90331c35,phase1b_combined_stress,24,4,5,3,16,0.7920351375907829,True
a586fdac037c4c8cb68d272e90331c35,phase1b_combined_stress,25,4,8,4,16,0.9285533646569553,True
a586fdac037c4c8cb68d272e90331c35,phase1b_combined_stress,26,4,5,3,16,0.7920351375907829,True
a586fdac037c4c8cb68d272e90331c35,phase1b_combined_stress,27,4,8,4,16,0.9285533646569553,True
a586fdac037c4c8cb68d272e90331c35,phase1b_combined_stress,28,4,5,3,16,0.7920351375907829,True
a7310de7897944bb8f8334f4a42f2413,phase1b_combined_stress,0,4,3,1,4,0.9215990534084937,True
a7310de7897944bb8f8334f4a42f2413,phase1b_combined_stress,1,4,2,1,4,0.7634994083736772,True
a7310de7897944bb8f8334f4a42f2413,phase1b_combined_stress,2,4,2,1,4,0.7634994083736772,False
a7310de7897944bb8f8334f4a42f2413,phase1b_combined_stress,3,4,2,1,4,0.7634994083736772,True
a7310de7897944bb8f8334f4a42f2413,phase1b_combined_stress,4,4,2,1,4,0.7634994083736772,False
a7310de7897944bb8f8334f4a42f2413,phase1b_combined_stress,5,4,2,1,4,0.7634994083736772,True
a7310de7897944bb8f8334f4a42f2413,phase1b_combined_stress,6,4,2,1,4,0.7634994083736772,False
a7310de7897944bb8f8334f4a42f2413,phase1b_combined_stress,7,4,2,1,4,0.7634994083736772,True
a7310de7897944bb8f8334f4a42f2413,phase1b_combined_stress,8,4,2,1,4,0.7634994083736772,False
a7310de7897944bb8f8334f4a42f2413,phase1b_combined_stress,9,4,2,1,4,0.7634994083736772,True
a7310de7897944bb8f8334f4a42f2413,phase1b_combined_stress,10,4,2,1,4,0.7634994083736772,False
a7310de7897944bb8f8334f4a42f2413,phase1b_combined_stress,11,4,2,1,4,0.7634994083736772,True
a7310de7897944bb8f8334f4a42f2413,phase1b_combined_stress,12,4,2,1,4,0.7634994083736772,False
a9d818544d744e1db38c420ac4eb84b2,phase1b_combined_stress,0,4,3,2,8,0.7032998661141543,False
a9d818544d744e1db38c420ac4eb84b2,phase1b_combined_stress,1,4,5,2,8,0.9356425702464107,True
a9d818544d744e1db38c420ac4eb84b2,phase1b_combined_stress,2,4,4,2,8,0.8485140562026603,True
a9d818544d744e1db38c420ac4eb84b2,phase1b_combined_stress,3,4,5,2,8,0.9356425702464107,True
a9d818544d744e1db38c420ac4eb84b2,phase1b_combined_stress,4,4,4,2,8,0.8485140562026603,True
a9d818544d744e1db38c420ac4eb84b2,phase1b_combined_stress,5,4,5,2,8,0.9356425702464107,True
a9d818544d744e1db38c420ac4eb84b2,phase1b_combined_stress,6,4,4,2,8,0.8485140562026603,True
a9d818544d744e1db38c420ac4eb84b2,phase1b_combined_stress,7,4,5,2,8,0.9356425702464107,True
a9d818544d744e1db38c420ac4eb84b2,phase1b_combined_stress,8,4,4,2,8,0.8485140562026603,True
a9d818544d744e1db38c420ac4eb84b2,phase1b_combined_stress,9,4,5,2,8,0.9356425702464107,True
a9d818544d744e1db38c420ac4eb84b2,phase1b_combined_stress,10,4,4,2,8,0.8485140562026603,True
a9d818544d744e1db38c420ac4eb84b2,phase1b_combined_stress,11,4,5,2,8,0.9356425702464107,True
a9d818544d744e1db38c420ac4eb84b2,phase1b_combined_stress,12,4,4,2,8,0.8485140562026603,True
ab6cc7935ae54e7bb1a1c89ae3739c9c,phase1b_combined_stress,0,4,5,3,16,0.7920351375907829,True
ab6cc7935ae54e7bb1a1c89ae3739c9c,phase1b_combined_stress,4,4,7,4,16,0.8679254405504773,True
ab6cc7935ae54e7bb1a1c89ae3739c9c,phase1b_combined_stress,8,4,7,4,16,0.8679254405504773,True
ab6cc7935ae54e7bb1a1c89ae3739c9c,phase1b_combined_stress,12,4,7,4,16,0.8679254405504773,True
b491105b6509421fa1d8ade4155d4fa1,phase1b_combined_stress,0,4,2,2,8,0.5000000000000222,False
b491105b6509421fa1d8ade4155d4fa1,phase1b_combined_stress,4,4,4,3,8,0.6916827309132849,True
b491105b6509421fa1d8ade4155d4fa1,phase1b_combined_stress,8,4,4,3,8,0.6916827309132849,True
b491105b6509421fa1d8ade4155d4fa1,phase1b_combined_stress,12,4,4,3,8,0.6916827309132849,True
b568cd96b808452c81b7be9f5186f7fc,phase1b_combined_stress,0,4,3,3,16,0.5000000000000001,False
b568cd96b808452c81b7be9f5186f7fc,phase1b_combined_stress,1,4,7,3,16,0.9373719717997155,True
b568cd96b808452c81b7be9f5186f7fc,phase1b_combined_stress,2,4,7,3,16,0.9373719717997155,True
b568cd96b808452c81b7be9f5186f7fc,phase1b_combined_stress,3,4,7,3,16,0.9373719717997155,True
b568cd96b808452c81b7be9f5186f7fc,phase1b_combined_stress,4,4,7,3,16,0.9373719717997155,True
b568cd96b808452c81b7be9f5186f7fc,phase1b_combined_stress,5,4,7,3,16,0.9373719717997155,True
b568cd96b808452c81b7be9f5186f7fc,phase1b_combined_stress,6,4,7,3,16,0.9373719717997155,True
b568cd96b808452c81b7be9f5186f7fc,phase1b_combined_stress,7,4,7,3,16,0.9373719717997155,True
b568cd96b808452c81b7be9f5186f7fc,phase1b_combined_stress,8,4,7,3,16,0.9373719717997155,True
b568cd96b808452c81b7be9f5186f7fc,phase1b_combined_stress,9,4,7,3,16,0.9373719717997155,True
b568cd96b808452c81b7be9f5186f7fc,phase1b_combined_stress,10,4,7,3,16,0.9373719717997155,True
b568cd96b808452c81b7be9f5186f7fc,phase1b_combined_stress,11,4,7,3,16,0.9373719717997155,True
b568cd96b808452c81b7be9f5186f7fc,phase1b_combined_stress,12,4,7,3,16,0.9373719717997155,True
b568cd96b808452c81b7be9f5186f7fc,phase1b_combined_stress,13,4,7,3,16,0.9373719717997155,True
b568cd96b808452c81b7be9f5186f7fc,phase1b_combined_stress,14,4,7,3,16,0.9373719717997155,True
b568cd96b808452c81b7be9f5186f7fc,phase1b_combined_stress,15,4,7,3,16,0.9373719717997155,True
b568cd96b808452c81b7be9f5186f7fc,phase1b_combined_stress,16,4,7,3,16,0.9373719717997155,True
b568cd96b808452c81b7be9f5186f7fc,phase1b_combined_stress,17,4,7,3,16,0.9373719717997155,True
b568cd96b808452c81b7be9f5186f7fc,phase1b_combined_stress,18,4,7,3,16,0.9373719717997155,True
b568cd96b808452c81b7be9f5186f7fc,phase1b_combined_stress,19,4,7,3,16,0.9373719717997155,True
b568cd96b808452c81b7be9f5186f7fc,phase1b_combined_stress,20,4,7,3,16,0.9373719717997155,True
b6bd88ef26654d02bb5fd88776618df3,phase1b_combined_stress,0,4,6,2,16,0.9503437475305669,True
b6bd88ef26654d02bb5fd88776618df3,phase1b_combined_stress,1,4,7,3,16,0.9373719717997155,True
b6bd88ef26654d02bb5fd88776618df3,phase1b_combined_stress,2,4,6,4,16,0.7765484257488472,False
b6bd88ef26654d02bb5fd88776618df3,phase1b_combined_stress,3,4,7,3,16,0.9373719717997155,True
b6bd88ef26654d02bb5fd88776618df3,phase1b_combined_stress,4,4,6,4,16,0.7765484257488472,False
b6bd88ef26654d02bb5fd88776618df3,phase1b_combined_stress,5,4,7,3,16,0.9373719717997155,True
b6bd88ef26654d02bb5fd88776618df3,phase1b_combined_stress,6,4,6,4,16,0.7765484257488472,False
b6bd88ef26654d02bb5fd88776618df3,phase1b_combined_stress,7,4,7,3,16,0.9373719717997155,True
b6bd88ef26654d02bb5fd88776618df3,phase1b_combined_stress,8,4,6,4,16,0.7765484257488472,False
b6bd88ef26654d02bb5fd88776618df3,phase1b_combined_stress,9,4,7,3,16,0.9373719717997155,True
b6bd88ef26654d02bb5fd88776618df3,phase1b_combined_stress,10,4,6,4,16,0.7765484257488472,False
b6bd88ef26654d02bb5fd88776618df3,phase1b_combined_stress,11,4,7,3,16,0.9373719717997155,True
b6bd88ef26654d02bb5fd88776618df3,phase1b_combined_stress,12,4,6,4,16,0.7765484257488472,False
b6bd88ef26654d02bb5fd88776618df3,phase1b_combined_stress,13,4,7,3,16,0.9373719717997155,True
b6bd88ef26654d02bb5fd88776618df3,phase1b_combined_stress,14,4,6,4,16,0.7765484257488472,False
b6bd88ef26654d02bb5fd88776618df3,phase1b_combined_stress,15,4,7,3,16,0.9373719717997155,True
b6bd88ef26654d02bb5fd88776618df3,phase1b_combined_stress,16,4,6,4,16,0.7765484257488472,False
b6bd88ef26654d02bb5fd88776618df3,phase1b_combined_stress,17,4,7,3,16,0.9373719717997155,True
b6bd88ef26654d02bb5fd88776618df3,phase1b_combined_stress,18,4,6,4,16,0.7765484257488472,False
b6bd88ef26654d02bb5fd88776618df3,phase1b_combined_stress,19,4,7,3,16,0.9373719717997155,True
b6bd88ef26654d02bb5fd88776618df3,phase1b_combined_stress,20,4,6,4,16,0.7765484257488472,False
b6bd88ef26654d02bb5fd88776618df3,phase1b_combined_stress,21,4,7,3,16,0.9373719717997155,True
b6bd88ef26654d02bb5fd88776618df3,phase1b_combined_stress,22,4,6,4,16,0.7765484257488472,False
b6bd88ef26654d02bb5fd88776618df3,phase1b_combined_stress,23,4,7,3,16,0.9373719717997155,True
b6bd88ef26654d02bb5fd88776618df3,phase1b_combined_stress,24,4,6,4,16,0.7765484257488472,False
b6bd88ef26654d02bb5fd88776618df3,phase1b_combined_stress,25,4,7,3,16,0.9373719717997155,True
b6bd88ef26654d02bb5fd88776618df3,phase1b_combined_stress,26,4,6,4,16,0.7765484257488472,False
b6bd88ef26654d02bb5fd88776618df3,phase1b_combined_stress,27,4,7,3,16,0.9373719717997155,True
b6bd88ef26654d02bb5fd88776618df3,phase1b_combined_stress,28,4,6,4,16,0.7765484257488472,False
b834a4af04de49a4a98daed8ae5c389b,phase1b_combined_stress,0,4,2,1,4,0.7634994083736772,False
b834a4af04de49a4a98daed8ae5c389b,phase1b_combined_stress,4,4,2,1,4,0.7634994083736772,True
b834a4af04de49a4a98daed8ae5c389b,phase1b_combined_stress,8,4,2,1,4,0.7634994083736772,True
b834a4af04de49a4a98daed8ae5c389b,phase1b_combined_stress,12,4,2,1,4,0.7634994083736772,True
b834a4af04de49a4a98daed8ae5c389b,phase1b_combined_stress,16,4,2,1,4,0.7634994083736772,True
b834a4af04de49a4a98daed8ae5c389b,phase1b_combined_stress,20,4,2,1,4,0.7634994083736772,True
b87c7fcb7ada40e09ad1ac33057bf213,phase1b_combined_stress,0,4,4,3,8,0.6916827309132849,False
b87c7fcb7ada40e09ad1ac33057bf213,phase1b_combined_stress,1,4,4,1,8,0.9490469570291831,True
b87c7fcb7ada40e09ad1ac33057bf213,phase1b_combined_stress,2,4,4,2,8,0.8485140562026603,False
b87c7fcb7ada40e09ad1ac33057bf213,phase1b_combined_stress,3,4,4,1,8,0.9490469570291831,True
b87c7fcb7ada40e09ad1ac33057bf213,phase1b_combined_stress,4,4,4,2,8,0.8485140562026603,False
b87c7fcb7ada40e09ad1ac33057bf213,phase1b_combined_stress,5,4,4,1,8,0.9490469570291831,True
b87c7fcb7ada40e09ad1ac33057bf213,phase1b_combined_stress,6,4,4,2,8,0.8485140562026603,False
b87c7fcb7ada40e09ad1ac33057bf213,phase1b_combined_stress,7,4,4,1,8,0.9490469570291831,True
b87c7fcb7ada40e09ad1ac33057bf213,phase1b_combined_stress,8,4,4,2,8,0.8485140562026603,False
b87c7fcb7ada40e09ad1ac33057bf213,phase1b_combined_stress,9,4,4,1,8,0.9490469570291831,True
b87c7fcb7ada40e09ad1ac33057bf213,phase1b_combined_stress,10,4,4,2,8,0.8485140562026603,False
b87c7fcb7ada40e09ad1ac33057bf213,phase1b_combined_stress,11,4,4,1,8,0.9490469570291831,True
b87c7fcb7ada40e09ad1ac33057bf213,phase1b_combined_stress,12,4,4,2,8,0.8485140562026603,False
bda67b94a05c410281e3188e6b7154d0,phase1b_combined_stress,0,4,4,3,16,0.6642697648948153,False
bda67b94a05c410281e3188e6b7154d0,phase1b_combined_stress,4,4,5,5,16,0.5000000000000002,False
bda67b94a05c410281e3188e6b7154d0,phase1b_combined_stress,8,4,5,5,16,0.5000000000000002,False
bda67b94a05c410281e3188e6b7154d0,phase1b_combined_stress,12,4,5,5,16,0.5000000000000002,False
bda67b94a05c410281e3188e6b7154d0,phase1b_combined_stress,16,4,5,5,16,0.5000000000000002,False
bda67b94a05c410281e3188e6b7154d0,phase1b_combined_stress,20,4,5,5,16,0.5000000000000002,False
bfe36b5cb42541f99a1da678008997fe,phase1b_combined_stress,0,4,3,2,8,0.7032998661141543,False
bfe36b5cb42541f99a1da678008997fe,phase1b_combined_stress,1,4,5,2,8,0.9356425702464107,False
bfe36b5cb42541f99a1da678008997fe,phase1b_combined_stress,2,4,5,2,8,0.9356425702464107,True
bfe36b5cb42541f99a1da678008997fe,phase1b_combined_stress,3,4,5,2,8,0.9356425702464107,False
bfe36b5cb42541f99a1da678008997fe,phase1b_combined_stress,4,4,5,2,8,0.9356425702464107,True
bfe36b5cb42541f99a1da678008997fe,phase1b_combined_stress,5,4,5,2,8,0.9356425702464107,False
bfe36b5cb42541f99a1da678008997fe,phase1b_combined_stress,6,4,5,2,8,0.9356425702464107,True
bfe36b5cb42541f99a1da678008997fe,phase1b_combined_stress,7,4,5,2,8,0.9356425702464107,False
bfe36b5cb42541f99a1da678008997fe,phase1b_combined_stress,8,4,5,2,8,0.9356425702464107,True
bfe36b5cb42541f99a1da678008997fe,phase1b_combined_stress,9,4,5,2,8,0.9356425702464107,False
bfe36b5cb42541f99a1da678008997fe,phase1b_combined_stress,10,4,5,2,8,0.9356425702464107,True
bfe36b5cb42541f99a1da678008997fe,phase1b_combined_stress,11,4,5,2,8,0.9356425702464107,False
bfe36b5cb42541f99a1da678008997fe,phase1b_combined_stress,12,4,5,2,8,0.9356425702464107,True
bfe36b5cb42541f99a1da678008997fe,phase1b_combined_stress,13,4,5,2,8,0.9356425702464107,False
bfe36b5cb42541f99a1da678008997fe,phase1b_combined_stress,14,4,5,2,8,0.9356425702464107,True
bfe36b5cb42541f99a1da678008997fe,phase1b_combined_stress,15,4,5,2,8,0.9356425702464107,False
bfe36b5cb42541f99a1da678008997fe,phase1b_combined_stress,16,4,5,2,8,0.9356425702464107,True
bfe36b5cb42541f99a1da678008997fe,phase1b_combined_stress,17,4,5,2,8,0.9356425702464107,False
bfe36b5cb42541f99a1da678008997fe,phase1b_combined_stress,18,4,5,2,8,0.9356425702464107,True
bfe36b5cb42541f99a1da678008997fe,phase1b_combined_stress,19,4,5,2,8,0.9356425702464107,False
bfe36b5cb42541f99a1da678008997fe,phase1b_combined_stress,20,4,5,2,8,0.9356425702464107,True
bfe36b5cb42541f99a1da678008997fe,phase1b_combined_stress,21,4,5,2,8,0.9356425702464107,False
bfe36b5cb42541f99a1da678008997fe,phase1b_combined_stress,22,4,5,2,8,0.9356425702464107,True
bfe36b5cb42541f99a1da678008997fe,phase1b_combined_stress,23,4,5,2,8,0.9356425702464107,False
bfe36b5cb42541f99a1da678008997fe,phase1b_combined_stress,24,4,5,2,8,0.9356425702464107,True
bfe36b5cb42541f99a1da678008997fe,phase1b_combined_stress,25,4,5,2,8,0.9356425702464107,False
bfe36b5cb42541f99a1da678008997fe,phase1b_combined_stress,26,4,5,2,8,0.9356425702464107,True
bfe36b5cb42541f99a1da678008997fe,phase1b_combined_stress,27,4,5,2,8,0.9356425702464107,False
bfe36b5cb42541f99a1da678008997fe,phase1b_combined_stress,28,4,5,2,8,0.9356425702464107,True
c2400ac01e014245b40d7787a8f791bc,phase1b_combined_stress,0,4,3,3,16,0.5000000000000001,True
c2400ac01e014245b40d7787a8f791bc,phase1b_combined_stress,1,4,9,3,16,0.9867561717991691,True
c2400ac01e014245b40d7787a8f791bc,phase1b_combined_stress,2,4,7,3,16,0.9373719717997155,False
c2400ac01e014245b40d7787a8f791bc,phase1b_combined_stress,3,4,9,3,16,0.9867561717991691,True
c2400ac01e014245b40d7787a8f791bc,phase1b_combined_stress,4,4,7,3,16,0.9373719717997155,False
c2400ac01e014245b40d7787a8f791bc,phase1b_combined_stress,5,4,9,3,16,0.9867561717991691,True
c2400ac01e014245b40d7787a8f791bc,phase1b_combined_stress,6,4,7,3,16,0.9373719717997155,False
c2400ac01e014245b40d7787a8f791bc,phase1b_combined_stress,7,4,9,3,16,0.9867561717991691,True
c2400ac01e014245b40d7787a8f791bc,phase1b_combined_stress,8,4,7,3,16,0.9373719717997155,False
c2400ac01e014245b40d7787a8f791bc,phase1b_combined_stress,9,4,9,3,16,0.9867561717991691,True
c2400ac01e014245b40d7787a8f791bc,phase1b_combined_stress,10,4,7,3,16,0.9373719717997155,False
c2400ac01e014245b40d7787a8f791bc,phase1b_combined_stress,11,4,9,3,16,0.9867561717991691,True
c2400ac01e014245b40d7787a8f791bc,phase1b_combined_stress,12,4,7,3,16,0.9373719717997155,False
c2400ac01e014245b40d7787a8f791bc,phase1b_combined_stress,13,4,9,3,16,0.9867561717991691,True
c2400ac01e014245b40d7787a8f791bc,phase1b_combined_stress,14,4,7,3,16,0.9373719717997155,False
c2400ac01e014245b40d7787a8f791bc,phase1b_combined_stress,15,4,9,3,16,0.9867561717991691,True
c2400ac01e014245b40d7787a8f791bc,phase1b_combined_stress,16,4,7,3,16,0.9373719717997155,False
c2400ac01e014245b40d7787a8f791bc,phase1b_combined_stress,17,4,9,3,16,0.9867561717991691,True
c2400ac01e014245b40d7787a8f791bc,phase1b_combined_stress,18,4,7,3,16,0.9373719717997155,False
c2400ac01e014245b40d7787a8f791bc,phase1b_combined_stress,19,4,9,3,16,0.9867561717991691,True
c2400ac01e014245b40d7787a8f791bc,phase1b_combined_stress,20,4,7,3,16,0.9373719717997155,False
c25d68ab139f4b5694fb9e8bb8713960,phase1b_combined_stress,0,4,3,3,16,0.5000000000000001,False
c25d68ab139f4b5694fb9e8bb8713960,phase1b_combined_stress,1,4,5,4,16,0.6521016341618664,True
c25d68ab139f4b5694fb9e8bb8713960,phase1b_combined_stress,2,4,4,2,16,0.8163713990566811,False
c25d68ab139f4b5694fb9e8bb8713960,phase1b_combined_stress,3,4,5,4,16,0.6521016341618664,True
c25d68ab139f4b5694fb9e8bb8713960,phase1b_combined_stress,4,4,4,2,16,0.8163713990566811,False
c25d68ab139f4b5694fb9e8bb8713960,phase1b_combined_stress,5,4,5,4,16,0.6521016341618664,True
c25d68ab139f4b5694fb9e8bb8713960,phase1b_combined_stress,6,4,4,2,16,0.8163713990566811,False
c25d68ab139f4b5694fb9e8bb8713960,phase1b_combined_stress,7,4,5,4,16,0.6521016341618664,True
c25d68ab139f4b5694fb9e8bb8713960,phase1b_combined_stress,8,4,4,2,16,0.8163713990566811,False
c25d68ab139f4b5694fb9e8bb8713960,phase1b_combined_stress,9,4,5,4,16,0.6521016341618664,True
c25d68ab139f4b5694fb9e8bb8713960,phase1b_combined_stress,10,4,4,2,16,0.8163713990566811,False
c25d68ab139f4b5694fb9e8bb8713960,phase1b_combined_stress,11,4,5,4,16,0.6521016341618664,True
c25d68ab139f4b5694fb9e8bb8713960,phase1b_combined_stress,12,4,4,2,16,0.8163713990566811,False
c26e5fc6a6794f92bd8adab47b9bda10,phase1b_combined_stress,0,4,1,1,4,0.4999999999917221,True
c26e5fc6a6794f92bd8adab47b9bda10,phase1b_combined_stress,4,4,3,1,4,0.9215990534084937,True
c26e5fc6a6794f92bd8adab47b9bda10,phase1b_combined_stress,8,4,3,1,4,0.9215990534084937,True
c26e5fc6a6794f92bd8adab47b9bda10,phase1b_combined_stress,12,4,3,1,4,0.9215990534084937,True
c26e5fc6a6794f92bd8adab47b9bda10,phase1b_combined_stress,16,4,3,1,4,0.9215990534084937,True
c26e5fc6a6794f92bd8adab47b9bda10,phase1b_combined_stress,20,4,3,1,4,0.9215990534084937,True
c3d0280f5a5f4324867194c378f624c8,phase1b_combined_stress,0,4,4,3,16,0.6642697648948153,False
c3d0280f5a5f4324867194c378f624c8,phase1b_combined_stress,1,4,7,5,16,0.7668789003730136,True
c3d0280f5a5f4324867194c378f624c8,phase1b_combined_stress,2,4,6,5,16,0.6445594043687155,True
c3d0280f5a5f4324867194c378f624c8,phase1b_combined_stress,3,4,7,5,16,0.7668789003730136,True
c3d0280f5a5f4324867194c378f624c8,phase1b_combined_stress,4,4,6,5,16,0.6445594043687155,True
c3d0280f5a5f4324867194c378f624c8,phase1b_combined_stress,5,4,7,5,16,0.7668789003730136,True
c3d0280f5a5f4324867194c378f624c8,phase1b_combined_stress,6,4,6,5,16,0.6445594043687155,True
c3d0280f5a5f4324867194c378f624c8,phase1b_combined_stress,7,4,7,5,16,0.7668789003730136,True
c3d0280f5a5f4324867194c378f624c8,phase1b_combined_stress,8,4,6,5,16,0.6445594043687155,True
c3d0280f5a5f4324867194c378f624c8,phase1b_combined_stress,9,4,7,5,16,0.7668789003730136,True
c3d0280f5a5f4324867194c378f624c8,phase1b_combined_stress,10,4,6,5,16,0.6445594043687155,True
c3d0280f5a5f4324867194c378f624c8,phase1b_combined_stress,11,4,7,5,16,0.7668789003730136,True
c3d0280f5a5f4324867194c378f624c8,phase1b_combined_stress,12,4,6,5,16,0.6445594043687155,True
c3d0280f5a5f4324867194c378f624c8,phase1b_combined_stress,13,4,7,5,16,0.7668789003730136,True
c3d0280f5a5f4324867194c378f624c8,phase1b_combined_stress,14,4,6,5,16,0.6445594043687155,True
c3d0280f5a5f4324867194c378f624c8,phase1b_combined_stress,15,4,7,5,16,0.7668789003730136,True
c3d0280f5a5f4324867194c378f624c8,phase1b_combined_stress,16,4,6,5,16,0.6445594043687155,True
c3d0280f5a5f4324867194c378f624c8,phase1b_combined_stress,17,4,7,5,16,0.7668789003730136,True
c3d0280f5a5f4324867194c378f624c8,phase1b_combined_stress,18,4,6,5,16,0.6445594043687155,True
c3d0280f5a5f4324867194c378f624c8,phase1b_combined_stress,19,4,7,5,16,0.7668789003730136,True
c3d0280f5a5f4324867194c378f624c8,phase1b_combined_stress,20,4,6,5,16,0.6445594043687155,True
c3d0280f5a5f4324867194c378f624c8,phase1b_combined_stress,21,4,7,5,16,0.7668789003730136,True
c3d0280f5a5f4324867194c378f624c8,phase1b_combined_stress,22,4,6,5,16,0.6445594043687155,True
c3d0280f5a5f4324867194c378f624c8,phase1b_combined_stress,23,4,7,5,16,0.7668789003730136,True
c3d0280f5a5f4324867194c378f624c8,phase1b_combined_stress,24,4,6,5,16,0.6445594043687155,True
c3d0280f5a5f4324867194c378f624c8,phase1b_combined_stress,25,4,7,5,16,0.7668789003730136,True
c3d0280f5a5f4324867194c378f624c8,phase1b_combined_stress,26,4,6,5,16,0.6445594043687155,True
c3d0280f5a5f4324867194c378f624c8,phase1b_combined_stress,27,4,7,5,16,0.7668789003730136,True
c3d0280f5a5f4324867194c378f624c8,phase1b_combined_stress,28,4,6,5,16,0.6445594043687155,True
c3ec5cca404d47d38c9b06f0aa86bd58,phase1b_combined_stress,0,4,4,2,16,0.8163713990566811,True
c3ec5cca404d47d38c9b06f0aa86bd58,phase1b_combined_stress,4,4,7,3,16,0.9373719717997155,True
c3ec5cca404d47d38c9b06f0aa86bd58,phase1b_combined_stress,8,4,7,3,16,0.9373719717997155,True
c3ec5cca404d47d38c9b06f0aa86bd58,phase1b_combined_stress,12,4,7,3,16,0.9373719717997155,True
c3ec5cca404d47d38c9b06f0aa86bd58,phase1b_combined_stress,16,4,7,3,16,0.9373719717997155,True
c3ec5cca404d47d38c9b06f0aa86bd58,phase1b_combined_stress,20,4,7,3,16,0.9373719717997155,True
c4caeb3a6c7e4296a9c280a2b473ac8b,phase1b_combined_stress,0,4,4,3,16,0.6642697648948153,False
c4caeb3a6c7e4296a9c280a2b473ac8b,phase1b_combined_stress,4,4,5,4,16,0.6521016341618664,False
c4caeb3a6c7e4296a9c280a2b473ac8b,phase1b_combined_stress,8,4,5,4,16,0.6521016341618664,False
c4caeb3a6c7e4296a9c280a2b473ac8b,phase1b_combined_stress,12,4,5,4,16,0.6521016341618664,False
c4caeb3a6c7e4296a9c280a2b473ac8b,phase1b_combined_stress,16,4,5,4,16,0.6521016341618664,False
c4caeb3a6c7e4296a9c280a2b473ac8b,phase1b_combined_stress,20,4,5,4,16,0.6521016341618664,False
c9c2ed32fd294fc192c1bf0d6f0b1a73,phase1b_combined_stress,0,4,2,1,4,0.7634994083736772,True
c9c2ed32fd294fc192c1bf0d6f0b1a73,phase1b_combined_stress,4,4,2,1,4,0.7634994083736772,True
c9c2ed32fd294fc192c1bf0d6f0b1a73,phase1b_combined_stress,8,4,2,1,4,0.7634994083736772,True
c9c2ed32fd294fc192c1bf0d6f0b1a73,phase1b_combined_stress,12,4,2,1,4,0.7634994083736772,True
c9c2ed32fd294fc192c1bf0d6f0b1a73,phase1b_combined_stress,16,4,2,1,4,0.7634994083736772,True
c9c2ed32fd294fc192c1bf0d6f0b1a73,phase1b_combined_stress,20,4,2,1,4,0.7634994083736772,True
c9c2ed32fd294fc192c1bf0d6f0b1a73,phase1b_combined_stress,24,4,2,1,4,0.7634994083736772,True
c9c2ed32fd294fc192c1bf0d6f0b1a73,phase1b_combined_stress,28,4,2,1,4,0.7634994083736772,True
cb27f4a296b84cb79ae0685223e373f1,phase1b_combined_stress,0,4,2,2,8,0.5000000000000222,False
cb27f4a296b84cb79ae0685223e373f1,phase1b_combined_stress,1,4,5,2,8,0.9356425702464107,False
cb27f4a296b84cb79ae0685223e373f1,phase1b_combined_stress,2,4,5,2,8,0.9356425702464107,True
cb27f4a296b84cb79ae0685223e373f1,phase1b_combined_stress,3,4,5,2,8,0.9356425702464107,False
cb27f4a296b84cb79ae0685223e373f1,phase1b_combined_stress,4,4,5,2,8,0.9356425702464107,True
cb27f4a296b84cb79ae0685223e373f1,phase1b_combined_stress,5,4,5,2,8,0.9356425702464107,False
cb27f4a296b84cb79ae0685223e373f1,phase1b_combined_stress,6,4,5,2,8,0.9356425702464107,True
cb27f4a296b84cb79ae0685223e373f1,phase1b_combined_stress,7,4,5,2,8,0.9356425702464107,False
cb27f4a296b84cb79ae0685223e373f1,phase1b_combined_stress,8,4,5,2,8,0.9356425702464107,True
cb27f4a296b84cb79ae0685223e373f1,phase1b_combined_stress,9,4,5,2,8,0.9356425702464107,False
cb27f4a296b84cb79ae0685223e373f1,phase1b_combined_stress,10,4,5,2,8,0.9356425702464107,True
cb27f4a296b84cb79ae0685223e373f1,phase1b_combined_stress,11,4,5,2,8,0.9356425702464107,False
cb27f4a296b84cb79ae0685223e373f1,phase1b_combined_stress,12,4,5,2,8,0.9356425702464107,True
cb27f4a296b84cb79ae0685223e373f1,phase1b_combined_stress,13,4,5,2,8,0.9356425702464107,False
cb27f4a296b84cb79ae0685223e373f1,phase1b_combined_stress,14,4,5,2,8,0.9356425702464107,True
cb27f4a296b84cb79ae0685223e373f1,phase1b_combined_stress,15,4,5,2,8,0.9356425702464107,False
cb27f4a296b84cb79ae0685223e373f1,phase1b_combined_stress,16,4,5,2,8,0.9356425702464107,True
cb27f4a296b84cb79ae0685223e373f1,phase1b_combined_stress,17,4,5,2,8,0.9356425702464107,False
cb27f4a296b84cb79ae0685223e373f1,phase1b_combined_stress,18,4,5,2,8,0.9356425702464107,True
cb27f4a296b84cb79ae0685223e373f1,phase1b_combined_stress,19,4,5,2,8,0.9356425702464107,False
cb27f4a296b84cb79ae0685223e373f1,phase1b_combined_stress,20,4,5,2,8,0.9356425702464107,True
cc803cfb0b9b49269b916f6e2be327ff,phase1b_combined_stress,0,4,2,1,4,0.7634994083736772,True
cc803cfb0b9b49269b916f6e2be327ff,phase1b_combined_stress,1,4,3,1,4,0.9215990534084937,False
cc803cfb0b9b49269b916f6e2be327ff,phase1b_combined_stress,2,4,3,1,4,0.9215990534084937,False
cc803cfb0b9b49269b916f6e2be327ff,phase1b_combined_stress,3,4,3,1,4,0.9215990534084937,False
cc803cfb0b9b49269b916f6e2be327ff,phase1b_combined_stress,4,4,3,1,4,0.9215990534084937,False
cc803cfb0b9b49269b916f6e2be327ff,phase1b_combined_stress,5,4,3,1,4,0.9215990534084937,False
cc803cfb0b9b49269b916f6e2be327ff,phase1b_combined_stress,6,4,3,1,4,0.9215990534084937,False
cc803cfb0b9b49269b916f6e2be327ff,phase1b_combined_stress,7,4,3,1,4,0.9215990534084937,False
cc803cfb0b9b49269b916f6e2be327ff,phase1b_combined_stress,8,4,3,1,4,0.9215990534084937,False
cc803cfb0b9b49269b916f6e2be327ff,phase1b_combined_stress,9,4,3,1,4,0.9215990534084937,False
cc803cfb0b9b49269b916f6e2be327ff,phase1b_combined_stress,10,4,3,1,4,0.9215990534084937,False
cc803cfb0b9b49269b916f6e2be327ff,phase1b_combined_stress,11,4,3,1,4,0.9215990534084937,False
cc803cfb0b9b49269b916f6e2be327ff,phase1b_combined_stress,12,4,3,1,4,0.9215990534084937,False
cc803cfb0b9b49269b916f6e2be327ff,phase1b_combined_stress,13,4,3,1,4,0.9215990534084937,False
cc803cfb0b9b49269b916f6e2be327ff,phase1b_combined_stress,14,4,3,1,4,0.9215990534084937,False
cc803cfb0b9b49269b916f6e2be327ff,phase1b_combined_stress,15,4,3,1,4,0.9215990534084937,False
cc803cfb0b9b49269b916f6e2be327ff,phase1b_combined_stress,16,4,3,1,4,0.9215990534084937,False
cc803cfb0b9b49269b916f6e2be327ff,phase1b_combined_stress,17,4,3,1,4,0.9215990534084937,False
cc803cfb0b9b49269b916f6e2be327ff,phase1b_combined_stress,18,4,3,1,4,0.9215990534084937,False
cc803cfb0b9b49269b916f6e2be327ff,phase1b_combined_stress,19,4,3,1,4,0.9215990534084937,False
cc803cfb0b9b49269b916f6e2be327ff,phase1b_combined_stress,20,4,3,1,4,0.9215990534084937,False
cc803cfb0b9b49269b916f6e2be327ff,phase1b_combined_stress,21,4,3,1,4,0.9215990534084937,False
cc803cfb0b9b49269b916f6e2be327ff,phase1b_combined_stress,22,4,3,1,4,0.9215990534084937,False
cc803cfb0b9b49269b916f6e2be327ff,phase1b_combined_stress,23,4,3,1,4,0.9215990534084937,False
cc803cfb0b9b49269b916f6e2be327ff,phase1b_combined_stress,24,4,3,1,4,0.9215990534084937,False
cc803cfb0b9b49269b916f6e2be327ff,phase1b_combined_stress,25,4,3,1,4,0.9215990534084937,False
cc803cfb0b9b49269b916f6e2be327ff,phase1b_combined_stress,26,4,3,1,4,0.9215990534084937,False
cc803cfb0b9b49269b916f6e2be327ff,phase1b_combined_stress,27,4,3,1,4,0.9215990534084937,False
cc803cfb0b9b49269b916f6e2be327ff,phase1b_combined_stress,28,4,3,1,4,0.9215990534084937,False
ce7510f034b945c6942970fb3448ded6,phase1b_combined_stress,0,4,2,1,4,0.7634994083736772,True
ce7510f034b945c6942970fb3448ded6,phase1b_combined_stress,1,4,2,1,4,0.7634994083736772,True
ce7510f034b945c6942970fb3448ded6,phase1b_combined_stress,2,4,2,1,4,0.7634994083736772,False
ce7510f034b945c6942970fb3448ded6,phase1b_combined_stress,3,4,2,1,4,0.7634994083736772,True
ce7510f034b945c6942970fb3448ded6,phase1b_combined_stress,4,4,2,1,4,0.7634994083736772,False
ce7510f034b945c6942970fb3448ded6,phase1b_combined_stress,5,4,2,1,4,0.7634994083736772,True
ce7510f034b945c6942970fb3448ded6,phase1b_combined_stress,6,4,2,1,4,0.7634994083736772,False
ce7510f034b945c6942970fb3448ded6,phase1b_combined_stress,7,4,2,1,4,0.7634994083736772,True
ce7510f034b945c6942970fb3448ded6,phase1b_combined_stress,8,4,2,1,4,0.7634994083736772,False
ce7510f034b945c6942970fb3448ded6,phase1b_combined_stress,9,4,2,1,4,0.7634994083736772,True
ce7510f034b945c6942970fb3448ded6,phase1b_combined_stress,10,4,2,1,4,0.7634994083736772,False
ce7510f034b945c6942970fb3448ded6,phase1b_combined_stress,11,4,2,1,4,0.7634994083736772,True
ce7510f034b945c6942970fb3448ded6,phase1b_combined_stress,12,4,2,1,4,0.7634994083736772,False
cfb7bff29e1a4018a38f0964bfe02df2,phase1b_combined_stress,0,4,1,1,4,0.4999999999917221,True
cfb7bff29e1a4018a38f0964bfe02df2,phase1b_combined_stress,1,4,1,1,4,0.4999999999917221,True
cfb7bff29e1a4018a38f0964bfe02df2,phase1b_combined_stress,2,4,1,1,4,0.4999999999917221,False
cfb7bff29e1a4018a38f0964bfe02df2,phase1b_combined_stress,3,4,1,1,4,0.4999999999917221,True
cfb7bff29e1a4018a38f0964bfe02df2,phase1b_combined_stress,4,4,1,1,4,0.4999999999917221,False
cfb7bff29e1a4018a38f0964bfe02df2,phase1b_combined_stress,5,4,1,1,4,0.4999999999917221,True
cfb7bff29e1a4018a38f0964bfe02df2,phase1b_combined_stress,6,4,1,1,4,0.4999999999917221,False
cfb7bff29e1a4018a38f0964bfe02df2,phase1b_combined_stress,7,4,1,1,4,0.4999999999917221,True
cfb7bff29e1a4018a38f0964bfe02df2,phase1b_combined_stress,8,4,1,1,4,0.4999999999917221,False
cfb7bff29e1a4018a38f0964bfe02df2,phase1b_combined_stress,9,4,1,1,4,0.4999999999917221,True
cfb7bff29e1a4018a38f0964bfe02df2,phase1b_combined_stress,10,4,1,1,4,0.4999999999917221,False
cfb7bff29e1a4018a38f0964bfe02df2,phase1b_combined_stress,11,4,1,1,4,0.4999999999917221,True
cfb7bff29e1a4018a38f0964bfe02df2,phase1b_combined_stress,12,4,1,1,4,0.4999999999917221,False
cfb7bff29e1a4018a38f0964bfe02df2,phase1b_combined_stress,13,4,1,1,4,0.4999999999917221,True
cfb7bff29e1a4018a38f0964bfe02df2,phase1b_combined_stress,14,4,1,1,4,0.4999999999917221,False
cfb7bff29e1a4018a38f0964bfe02df2,phase1b_combined_stress,15,4,1,1,4,0.4999999999917221,True
cfb7bff29e1a4018a38f0964bfe02df2,phase1b_combined_stress,16,4,1,1,4,0.4999999999917221,False
cfb7bff29e1a4018a38f0964bfe02df2,phase1b_combined_stress,17,4,1,1,4,0.4999999999917221,True
cfb7bff29e1a4018a38f0964bfe02df2,phase1b_combined_stress,18,4,1,1,4,0.4999999999917221,False
cfb7bff29e1a4018a38f0964bfe02df2,phase1b_combined_stress,19,4,1,1,4,0.4999999999917221,True
cfb7bff29e1a4018a38f0964bfe02df2,phase1b_combined_stress,20,4,1,1,4,0.4999999999917221,False
cfb7bff29e1a4018a38f0964bfe02df2,phase1b_combined_stress,21,4,1,1,4,0.4999999999917221,True
cfb7bff29e1a4018a38f0964bfe02df2,phase1b_combined_stress,22,4,1,1,4,0.4999999999917221,False
cfb7bff29e1a4018a38f0964bfe02df2,phase1b_combined_stress,23,4,1,1,4,0.4999999999917221,True
cfb7bff29e1a4018a38f0964bfe02df2,phase1b_combined_stress,24,4,1,1,4,0.4999999999917221,False
cfb7bff29e1a4018a38f0964bfe02df2,phase1b_combined_stress,25,4,1,1,4,0.4999999999917221,True
cfb7bff29e1a4018a38f0964bfe02df2,phase1b_combined_stress,26,4,1,1,4,0.4999999999917221,False
cfb7bff29e1a4018a38f0964bfe02df2,phase1b_combined_stress,27,4,1,1,4,0.4999999999917221,True
cfb7bff29e1a4018a38f0964bfe02df2,phase1b_combined_stress,28,4,1,1,4,0.4999999999917221,False
d4fcc1836c8a470ab38284949de115ff,phase1b_combined_stress,0,4,3,3,16,0.5000000000000001,True
d4fcc1836c8a470ab38284949de115ff,phase1b_combined_stress,4,4,5,4,16,0.6521016341618664,True
d4fcc1836c8a470ab38284949de115ff,phase1b_combined_stress,8,4,5,4,16,0.6521016341618664,True
d4fcc1836c8a470ab38284949de115ff,phase1b_combined_stress,12,4,5,4,16,0.6521016341618664,True
d4fcc1836c8a470ab38284949de115ff,phase1b_combined_stress,16,4,5,4,16,0.6521016341618664,True
d4fcc1836c8a470ab38284949de115ff,phase1b_combined_stress,20,4,5,4,16,0.6521016341618664,True
d56ec734551043e5b02cae74affb2937,phase1b_combined_stress,0,4,3,3,16,0.5000000000000001,False
d56ec734551043e5b02cae74affb2937,phase1b_combined_stress,1,4,6,3,16,0.881083730681911,True
d56ec734551043e5b02cae74affb2937,phase1b_combined_stress,2,4,6,4,16,0.7765484257488472,True
d56ec734551043e5b02cae74affb2937,phase1b_combined_stress,3,4,6,3,16,0.881083730681911,True
d56ec734551043e5b02cae74affb2937,phase1b_combined_stress,4,4,6,4,16,0.7765484257488472,True
d56ec734551043e5b02cae74affb2937,phase1b_combined_stress,5,4,6,3,16,0.881083730681911,True
d56ec734551043e5b02cae74affb2937,phase1b_combined_stress,6,4,6,4,16,0.7765484257488472,True
d56ec734551043e5b02cae74affb2937,phase1b_combined_stress,7,4,6,3,16,0.881083730681911,True
d56ec734551043e5b02cae74affb2937,phase1b_combined_stress,8,4,6,4,16,0.7765484257488472,True
d56ec734551043e5b02cae74affb2937,phase1b_combined_stress,9,4,6,3,16,0.881083730681911,True
d56ec734551043e5b02cae74affb2937,phase1b_combined_stress,10,4,6,4,16,0.7765484257488472,True
d56ec734551043e5b02cae74affb2937,phase1b_combined_stress,11,4,6,3,16,0.881083730681911,True
d56ec734551043e5b02cae74affb2937,phase1b_combined_stress,12,4,6,4,16,0.7765484257488472,True
d56ec734551043e5b02cae74affb2937,phase1b_combined_stress,13,4,6,3,16,0.881083730681911,True
d56ec734551043e5b02cae74affb2937,phase1b_combined_stress,14,4,6,4,16,0.7765484257488472,True
d56ec734551043e5b02cae74affb2937,phase1b_combined_stress,15,4,6,3,16,0.881083730681911,True
d56ec734551043e5b02cae74affb2937,phase1b_combined_stress,16,4,6,4,16,0.7765484257488472,True
d56ec734551043e5b02cae74affb2937,phase1b_combined_stress,17,4,6,3,16,0.881083730681911,True
d56ec734551043e5b02cae74affb2937,phase1b_combined_stress,18,4,6,4,16,0.7765484257488472,True
d56ec734551043e5b02cae74affb2937,phase1b_combined_stress,19,4,6,3,16,0.881083730681911,True
d56ec734551043e5b02cae74affb2937,phase1b_combined_stress,20,4,6,4,16,0.7765484257488472,True
d56ec734551043e5b02cae74affb2937,phase1b_combined_stress,21,4,6,3,16,0.881083730681911,True
d56ec734551043e5b02cae74affb2937,phase1b_combined_stress,22,4,6,4,16,0.7765484257488472,True
d56ec734551043e5b02cae74affb2937,phase1b_combined_stress,23,4,6,3,16,0.881083730681911,True
d56ec734551043e5b02cae74affb2937,phase1b_combined_stress,24,4,6,4,16,0.7765484257488472,True
d56ec734551043e5b02cae74affb2937,phase1b_combined_stress,25,4,6,3,16,0.881083730681911,True
d56ec734551043e5b02cae74affb2937,phase1b_combined_stress,26,4,6,4,16,0.7765484257488472,True
d56ec734551043e5b02cae74affb2937,phase1b_combined_stress,27,4,6,3,16,0.881083730681911,True
d56ec734551043e5b02cae74affb2937,phase1b_combined_stress,28,4,6,4,16,0.7765484257488472,True
d7958d5073b04568a77b389acf428b3c,phase1b_combined_stress,0,4,2,2,8,0.5000000000000222,False
d7958d5073b04568a77b389acf428b3c,phase1b_combined_stress,1,4,4,1,8,0.9490469570291831,True
d7958d5073b04568a77b389acf428b3c,phase1b_combined_stress,2,4,3,2,8,0.7032998661141543,False
d7958d5073b04568a77b389acf428b3c,phase1b_combined_stress,3,4,4,1,8,0.9490469570291831,True
d7958d5073b04568a77b389acf428b3c,phase1b_combined_stress,4,4,3,2,8,0.7032998661141543,False
d7958d5073b04568a77b389acf428b3c,phase1b_combined_stress,5,4,4,1,8,0.9490469570291831,True
d7958d5073b04568a77b389acf428b3c,phase1b_combined_stress,6,4,3,2,8,0.7032998661141543,False
d7958d5073b04568a77b389acf428b3c,phase1b_combined_stress,7,4,4,1,8,0.9490469570291831,True
d7958d5073b04568a77b389acf428b3c,phase1b_combined_stress,8,4,3,2,8,0.7032998661141543,False
d7958d5073b04568a77b389acf428b3c,phase1b_combined_stress,9,4,4,1,8,0.9490469570291831,True
d7958d5073b04568a77b389acf428b3c,phase1b_combined_stress,10,4,3,2,8,0.7032998661141543,False
d7958d5073b04568a77b389acf428b3c,phase1b_combined_stress,11,4,4,1,8,0.9490469570291831,True
d7958d5073b04568a77b389acf428b3c,phase1b_combined_stress,12,4,3,2,8,0.7032998661141543,False
d7958d5073b04568a77b389acf428b3c,phase1b_combined_stress,13,4,4,1,8,0.9490469570291831,True
d7958d5073b04568a77b389acf428b3c,phase1b_combined_stress,14,4,3,2,8,0.7032998661141543,False
d7958d5073b04568a77b389acf428b3c,phase1b_combined_stress,15,4,4,1,8,0.9490469570291831,True
d7958d5073b04568a77b389acf428b3c,phase1b_combined_stress,16,4,3,2,8,0.7032998661141543,False
d7958d5073b04568a77b389acf428b3c,phase1b_combined_stress,17,4,4,1,8,0.9490469570291831,True
d7958d5073b04568a77b389acf428b3c,phase1b_combined_stress,18,4,3,2,8,0.7032998661141543,False
d7958d5073b04568a77b389acf428b3c,phase1b_combined_stress,19,4,4,1,8,0.9490469570291831,True
d7958d5073b04568a77b389acf428b3c,phase1b_combined_stress,20,4,3,2,8,0.7032998661141543,False
d7958d5073b04568a77b389acf428b3c,phase1b_combined_stress,21,4,4,1,8,0.9490469570291831,True
d7958d5073b04568a77b389acf428b3c,phase1b_combined_stress,22,4,3,2,8,0.7032998661141543,False
d7958d5073b04568a77b389acf428b3c,phase1b_combined_stress,23,4,4,1,8,0.9490469570291831,True
d7958d5073b04568a77b389acf428b3c,phase1b_combined_stress,24,4,3,2,8,0.7032998661141543,False
d7958d5073b04568a77b389acf428b3c,phase1b_combined_stress,25,4,4,1,8,0.9490469570291831,True
d7958d5073b04568a77b389acf428b3c,phase1b_combined_stress,26,4,3,2,8,0.7032998661141543,False
d7958d5073b04568a77b389acf428b3c,phase1b_combined_stress,27,4,4,1,8,0.9490469570291831,True
d7958d5073b04568a77b389acf428b3c,phase1b_combined_stress,28,4,3,2,8,0.7032998661141543,False
d902506757d34aaab55e564d03b84dbe,phase1b_combined_stress,0,4,4,1,8,0.9490469570291831,True
d902506757d34aaab55e564d03b84dbe,phase1b_combined_stress,4,4,3,2,8,0.7032998661141543,True
d902506757d34aaab55e564d03b84dbe,phase1b_combined_stress,8,4,3,2,8,0.7032998661141543,True
d902506757d34aaab55e564d03b84dbe,phase1b_combined_stress,12,4,3,2,8,0.7032998661141543,True
d902506757d34aaab55e564d03b84dbe,phase1b_combined_stress,16,4,3,2,8,0.7032998661141543,True
d902506757d34aaab55e564d03b84dbe,phase1b_combined_stress,20,4,3,2,8,0.7032998661141543,True
dacd536a79e64242b638009163c5709e,phase1b_combined_stress,0,4,5,3,16,0.7920351375907829,False
dacd536a79e64242b638009163c5709e,phase1b_combined_stress,1,4,7,5,16,0.7668789003730136,False
dacd536a79e64242b638009163c5709e,phase1b_combined_stress,2,4,7,4,16,0.8679254405504773,False
dacd536a79e64242b638009163c5709e,phase1b_combined_stress,3,4,7,5,16,0.7668789003730136,False
dacd536a79e64242b638009163c5709e,phase1b_combined_stress,4,4,7,4,16,0.8679254405504773,False
dacd536a79e64242b638009163c5709e,phase1b_combined_stress,5,4,7,5,16,0.7668789003730136,False
dacd536a79e64242b638009163c5709e,phase1b_combined_stress,6,4,7,4,16,0.8679254405504773,False
dacd536a79e64242b638009163c5709e,phase1b_combined_stress,7,4,7,5,16,0.7668789003730136,False
dacd536a79e64242b638009163c5709e,phase1b_combined_stress,8,4,7,4,16,0.8679254405504773,False
dacd536a79e64242b638009163c5709e,phase1b_combined_stress,9,4,7,5,16,0.7668789003730136,False
dacd536a79e64242b638009163c5709e,phase1b_combined_stress,10,4,7,4,16,0.8679254405504773,False
dacd536a79e64242b638009163c5709e,phase1b_combined_stress,11,4,7,5,16,0.7668789003730136,False
dacd536a79e64242b638009163c5709e,phase1b_combined_stress,12,4,7,4,16,0.8679254405504773,False
dacd536a79e64242b638009163c5709e,phase1b_combined_stress,13,4,7,5,16,0.7668789003730136,False
dacd536a79e64242b638009163c5709e,phase1b_combined_stress,14,4,7,4,16,0.8679254405504773,False
dacd536a79e64242b638009163c5709e,phase1b_combined_stress,15,4,7,5,16,0.7668789003730136,False
dacd536a79e64242b638009163c5709e,phase1b_combined_stress,16,4,7,4,16,0.8679254405504773,False
dacd536a79e64242b638009163c5709e,phase1b_combined_stress,17,4,7,5,16,0.7668789003730136,False
dacd536a79e64242b638009163c5709e,phase1b_combined_stress,18,4,7,4,16,0.8679254405504773,False
dacd536a79e64242b638009163c5709e,phase1b_combined_stress,19,4,7,5,16,0.7668789003730136,False
dacd536a79e64242b638009163c5709e,phase1b_combined_stress,20,4,7,4,16,0.8679254405504773,False
dacd536a79e64242b638009163c5709e,phase1b_combined_stress,21,4,7,5,16,0.7668789003730136,False
dacd536a79e64242b638009163c5709e,phase1b_combined_stress,22,4,7,4,16,0.8679254405504773,False
dacd536a79e64242b638009163c5709e,phase1b_combined_stress,23,4,7,5,16,0.7668789003730136,False
dacd536a79e64242b638009163c5709e,phase1b_combined_stress,24,4,7,4,16,0.8679254405504773,False
dacd536a79e64242b638009163c5709e,phase1b_combined_stress,25,4,7,5,16,0.7668789003730136,False
dacd536a79e64242b638009163c5709e,phase1b_combined_stress,26,4,7,4,16,0.8679254405504773,False
dacd536a79e64242b638009163c5709e,phase1b_combined_stress,27,4,7,5,16,0.7668789003730136,False
dacd536a79e64242b638009163c5709e,phase1b_combined_stress,28,4,7,4,16,0.8679254405504773,False
dbaa6fa0c21945488d37a6393f144f59,phase1b_combined_stress,0,4,2,1,4,0.7634994083736772,False
dbaa6fa0c21945488d37a6393f144f59,phase1b_combined_stress,1,4,2,1,4,0.7634994083736772,False
dbaa6fa0c21945488d37a6393f144f59,phase1b_combined_stress,2,4,2,1,4,0.7634994083736772,True
dbaa6fa0c21945488d37a6393f144f59,phase1b_combined_stress,3,4,2,1,4,0.7634994083736772,False
dbaa6fa0c21945488d37a6393f144f59,phase1b_combined_stress,4,4,2,1,4,0.7634994083736772,True
dbaa6fa0c21945488d37a6393f144f59,phase1b_combined_stress,5,4,2,1,4,0.7634994083736772,False
dbaa6fa0c21945488d37a6393f144f59,phase1b_combined_stress,6,4,2,1,4,0.7634994083736772,True
dbaa6fa0c21945488d37a6393f144f59,phase1b_combined_stress,7,4,2,1,4,0.7634994083736772,False
dbaa6fa0c21945488d37a6393f144f59,phase1b_combined_stress,8,4,2,1,4,0.7634994083736772,True
dbaa6fa0c21945488d37a6393f144f59,phase1b_combined_stress,9,4,2,1,4,0.7634994083736772,False
dbaa6fa0c21945488d37a6393f144f59,phase1b_combined_stress,10,4,2,1,4,0.7634994083736772,True
dbaa6fa0c21945488d37a6393f144f59,phase1b_combined_stress,11,4,2,1,4,0.7634994083736772,False
dbaa6fa0c21945488d37a6393f144f59,phase1b_combined_stress,12,4,2,1,4,0.7634994083736772,True
dbaa6fa0c21945488d37a6393f144f59,phase1b_combined_stress,13,4,2,1,4,0.7634994083736772,False
dbaa6fa0c21945488d37a6393f144f59,phase1b_combined_stress,14,4,2,1,4,0.7634994083736772,True
dbaa6fa0c21945488d37a6393f144f59,phase1b_combined_stress,15,4,2,1,4,0.7634994083736772,False
dbaa6fa0c21945488d37a6393f144f59,phase1b_combined_stress,16,4,2,1,4,0.7634994083736772,True
dbaa6fa0c21945488d37a6393f144f59,phase1b_combined_stress,17,4,2,1,4,0.7634994083736772,False
dbaa6fa0c21945488d37a6393f144f59,phase1b_combined_stress,18,4,2,1,4,0.7634994083736772,True
dbaa6fa0c21945488d37a6393f144f59,phase1b_combined_stress,19,4,2,1,4,0.7634994083736772,False
dbaa6fa0c21945488d37a6393f144f59,phase1b_combined_stress,20,4,2,1,4,0.7634994083736772,True
dc33255a43364446ab15bb8369a64a8d,phase1b_combined_stress,0,4,2,2,8,0.5000000000000222,True
dc33255a43364446ab15bb8369a64a8d,phase1b_combined_stress,4,4,3,2,8,0.7032998661141543,True
dc33255a43364446ab15bb8369a64a8d,phase1b_combined_stress,8,4,3,2,8,0.7032998661141543,True
dc33255a43364446ab15bb8369a64a8d,phase1b_combined_stress,12,4,3,2,8,0.7032998661141543,True
dc33255a43364446ab15bb8369a64a8d,phase1b_combined_stress,16,4,3,2,8,0.7032998661141543,True
dc33255a43364446ab15bb8369a64a8d,phase1b_combined_stress,20,4,3,2,8,0.7032998661141543,True
dc33255a43364446ab15bb8369a64a8d,phase1b_combined_stress,24,4,3,2,8,0.7032998661141543,True
dc33255a43364446ab15bb8369a64a8d,phase1b_combined_stress,28,4,3,2,8,0.7032998661141543,True
dd3080c7208b4dbe9832bd4af2cfc50a,phase1b_combined_stress,0,4,3,1,8,0.8753228297506488,True
dd3080c7208b4dbe9832bd4af2cfc50a,phase1b_combined_stress,1,4,3,3,8,0.49999999999829725,True
dd3080c7208b4dbe9832bd4af2cfc50a,phase1b_combined_stress,2,4,3,3,8,0.49999999999829725,True
dd3080c7208b4dbe9832bd4af2cfc50a,phase1b_combined_stress,3,4,3,3,8,0.49999999999829725,True
dd3080c7208b4dbe9832bd4af2cfc50a,phase1b_combined_stress,4,4,3,3,8,0.49999999999829725,True
dd3080c7208b4dbe9832bd4af2cfc50a,phase1b_combined_stress,5,4,3,3,8,0.49999999999829725,True
dd3080c7208b4dbe9832bd4af2cfc50a,phase1b_combined_stress,6,4,3,3,8,0.49999999999829725,True
dd3080c7208b4dbe9832bd4af2cfc50a,phase1b_combined_stress,7,4,3,3,8,0.49999999999829725,True
dd3080c7208b4dbe9832bd4af2cfc50a,phase1b_combined_stress,8,4,3,3,8,0.49999999999829725,True
dd3080c7208b4dbe9832bd4af2cfc50a,phase1b_combined_stress,9,4,3,3,8,0.49999999999829725,True
dd3080c7208b4dbe9832bd4af2cfc50a,phase1b_combined_stress,10,4,3,3,8,0.49999999999829725,True
dd3080c7208b4dbe9832bd4af2cfc50a,phase1b_combined_stress,11,4,3,3,8,0.49999999999829725,True
dd3080c7208b4dbe9832bd4af2cfc50a,phase1b_combined_stress,12,4,3,3,8,0.49999999999829725,True
dd3080c7208b4dbe9832bd4af2cfc50a,phase1b_combined_stress,13,4,3,3,8,0.49999999999829725,True
dd3080c7208b4dbe9832bd4af2cfc50a,phase1b_combined_stress,14,4,3,3,8,0.49999999999829725,True
dd3080c7208b4dbe9832bd4af2cfc50a,phase1b_combined_stress,15,4,3,3,8,0.49999999999829725,True
dd3080c7208b4dbe9832bd4af2cfc50a,phase1b_combined_stress,16,4,3,3,8,0.49999999999829725,True
dd3080c7208b4dbe9832bd4af2cfc50a,phase1b_combined_stress,17,4,3,3,8,0.49999999999829725,True
dd3080c7208b4dbe9832bd4af2cfc50a,phase1b_combined_stress,18,4,3,3,8,0.49999999999829725,True
dd3080c7208b4dbe9832bd4af2cfc50a,phase1b_combined_stress,19,4,3,3,8,0.49999999999829725,True
dd3080c7208b4dbe9832bd4af2cfc50a,phase1b_combined_stress,20,4,3,3,8,0.49999999999829725,True
dff77ddc34cc4a8fa39f176d6815f4c0,phase1b_combined_stress,0,4,1,1,4,0.4999999999917221,False
dff77ddc34cc4a8fa39f176d6815f4c0,phase1b_combined_stress,4,4,2,1,4,0.7634994083736772,False
dff77ddc34cc4a8fa39f176d6815f4c0,phase1b_combined_stress,8,4,2,1,4,0.7634994083736772,False
dff77ddc34cc4a8fa39f176d6815f4c0,phase1b_combined_stress,12,4,2,1,4,0.7634994083736772,False
dff77ddc34cc4a8fa39f176d6815f4c0,phase1b_combined_stress,16,4,2,1,4,0.7634994083736772,False
dff77ddc34cc4a8fa39f176d6815f4c0,phase1b_combined_stress,20,4,2,1,4,0.7634994083736772,False
e027da464f1f423c8a30b6b9e9efffce,phase1b_combined_stress,0,4,2,2,8,0.5000000000000222,True
e027da464f1f423c8a30b6b9e9efffce,phase1b_combined_stress,1,4,4,3,8,0.6916827309132849,True
e027da464f1f423c8a30b6b9e9efffce,phase1b_combined_stress,2,4,3,3,8,0.49999999999829725,False
e027da464f1f423c8a30b6b9e9efffce,phase1b_combined_stress,3,4,4,3,8,0.6916827309132849,True
e027da464f1f423c8a30b6b9e9efffce,phase1b_combined_stress,4,4,3,3,8,0.49999999999829725,False
e027da464f1f423c8a30b6b9e9efffce,phase1b_combined_stress,5,4,4,3,8,0.6916827309132849,True
e027da464f1f423c8a30b6b9e9efffce,phase1b_combined_stress,6,4,3,3,8,0.49999999999829725,False
e027da464f1f423c8a30b6b9e9efffce,phase1b_combined_stress,7,4,4,3,8,0.6916827309132849,True
e027da464f1f423c8a30b6b9e9efffce,phase1b_combined_stress,8,4,3,3,8,0.49999999999829725,False
e027da464f1f423c8a30b6b9e9efffce,phase1b_combined_stress,9,4,4,3,8,0.6916827309132849,True
e027da464f1f423c8a30b6b9e9efffce,phase1b_combined_stress,10,4,3,3,8,0.49999999999829725,False
e027da464f1f423c8a30b6b9e9efffce,phase1b_combined_stress,11,4,4,3,8,0.6916827309132849,True
e027da464f1f423c8a30b6b9e9efffce,phase1b_combined_stress,12,4,3,3,8,0.49999999999829725,False
e027da464f1f423c8a30b6b9e9efffce,phase1b_combined_stress,13,4,4,3,8,0.6916827309132849,True
e027da464f1f423c8a30b6b9e9efffce,phase1b_combined_stress,14,4,3,3,8,0.49999999999829725,False
e027da464f1f423c8a30b6b9e9efffce,phase1b_combined_stress,15,4,4,3,8,0.6916827309132849,True
e027da464f1f423c8a30b6b9e9efffce,phase1b_combined_stress,16,4,3,3,8,0.49999999999829725,False
e027da464f1f423c8a30b6b9e9efffce,phase1b_combined_stress,17,4,4,3,8,0.6916827309132849,True
e027da464f1f423c8a30b6b9e9efffce,phase1b_combined_stress,18,4,3,3,8,0.49999999999829725,False
e027da464f1f423c8a30b6b9e9efffce,phase1b_combined_stress,19,4,4,3,8,0.6916827309132849,True
e027da464f1f423c8a30b6b9e9efffce,phase1b_combined_stress,20,4,3,3,8,0.49999999999829725,False
e027da464f1f423c8a30b6b9e9efffce,phase1b_combined_stress,21,4,4,3,8,0.6916827309132849,True
e027da464f1f423c8a30b6b9e9efffce,phase1b_combined_stress,22,4,3,3,8,0.49999999999829725,False
e027da464f1f423c8a30b6b9e9efffce,phase1b_combined_stress,23,4,4,3,8,0.6916827309132849,True
e027da464f1f423c8a30b6b9e9efffce,phase1b_combined_stress,24,4,3,3,8,0.49999999999829725,False
e027da464f1f423c8a30b6b9e9efffce,phase1b_combined_stress,25,4,4,3,8,0.6916827309132849,True
e027da464f1f423c8a30b6b9e9efffce,phase1b_combined_stress,26,4,3,3,8,0.49999999999829725,False
e027da464f1f423c8a30b6b9e9efffce,phase1b_combined_stress,27,4,4,3,8,0.6916827309132849,True
e027da464f1f423c8a30b6b9e9efffce,phase1b_combined_stress,28,4,3,3,8,0.49999999999829725,False
e0d017040e7c417b9d289e682b6cb7f5,phase1b_combined_stress,0,4,4,3,16,0.6642697648948153,False
e0d017040e7c417b9d289e682b6cb7f5,phase1b_combined_stress,4,4,9,3,16,0.9867561717991691,True
e0d017040e7c417b9d289e682b6cb7f5,phase1b_combined_stress,8,4,9,3,16,0.9867561717991691,True
e0d017040e7c417b9d289e682b6cb7f5,phase1b_combined_stress,12,4,9,3,16,0.9867561717991691,True
e0d44b1beca849728664aa6a9440c431,phase1b_combined_stress,0,4,4,3,16,0.6642697648948153,False
e0d44b1beca849728664aa6a9440c431,phase1b_combined_stress,4,4,7,4,16,0.8679254405504773,True
e0d44b1beca849728664aa6a9440c431,phase1b_combined_stress,8,4,7,4,16,0.8679254405504773,True
e0d44b1beca849728664aa6a9440c431,phase1b_combined_stress,12,4,7,4,16,0.8679254405504773,True
e0d44b1beca849728664aa6a9440c431,phase1b_combined_stress,16,4,7,4,16,0.8679254405504773,True
e0d44b1beca849728664aa6a9440c431,phase1b_combined_stress,20,4,7,4,16,0.8679254405504773,True
e0d44b1beca849728664aa6a9440c431,phase1b_combined_stress,24,4,7,4,16,0.8679254405504773,True
e0d44b1beca849728664aa6a9440c431,phase1b_combined_stress,28,4,7,4,16,0.8679254405504773,True
e127f7c196014303835ec415e2bdf561,phase1b_combined_stress,0,4,1,1,4,0.4999999999917221,False
e127f7c196014303835ec415e2bdf561,phase1b_combined_stress,1,4,2,1,4,0.7634994083736772,True
e127f7c196014303835ec415e2bdf561,phase1b_combined_stress,2,4,2,1,4,0.7634994083736772,True
e127f7c196014303835ec415e2bdf561,phase1b_combined_stress,3,4,2,1,4,0.7634994083736772,True
e127f7c196014303835ec415e2bdf561,phase1b_combined_stress,4,4,2,1,4,0.7634994083736772,True
e127f7c196014303835ec415e2bdf561,phase1b_combined_stress,5,4,2,1,4,0.7634994083736772,True
e127f7c196014303835ec415e2bdf561,phase1b_combined_stress,6,4,2,1,4,0.7634994083736772,True
e127f7c196014303835ec415e2bdf561,phase1b_combined_stress,7,4,2,1,4,0.7634994083736772,True
e127f7c196014303835ec415e2bdf561,phase1b_combined_stress,8,4,2,1,4,0.7634994083736772,True
e127f7c196014303835ec415e2bdf561,phase1b_combined_stress,9,4,2,1,4,0.7634994083736772,True
e127f7c196014303835ec415e2bdf561,phase1b_combined_stress,10,4,2,1,4,0.7634994083736772,True
e127f7c196014303835ec415e2bdf561,phase1b_combined_stress,11,4,2,1,4,0.7634994083736772,True
e127f7c196014303835ec415e2bdf561,phase1b_combined_stress,12,4,2,1,4,0.7634994083736772,True
e3bbfcc3339e4f888fde47f3d2ea34fe,phase1b_combined_stress,0,4,1,1,4,0.4999999999917221,False
e3bbfcc3339e4f888fde47f3d2ea34fe,phase1b_combined_stress,4,4,2,1,4,0.7634994083736772,True
e3bbfcc3339e4f888fde47f3d2ea34fe,phase1b_combined_stress,8,4,2,1,4,0.7634994083736772,True
e3bbfcc3339e4f888fde47f3d2ea34fe,phase1b_combined_stress,12,4,2,1,4,0.7634994083736772,True
e3bbfcc3339e4f888fde47f3d2ea34fe,phase1b_combined_stress,16,4,2,1,4,0.7634994083736772,True
e3bbfcc3339e4f888fde47f3d2ea34fe,phase1b_combined_stress,20,4,2,1,4,0.7634994083736772,True
e484dbde8a50407a99c8d38b4679ee88,phase1b_combined_stress,0,4,3,1,8,0.8753228297506488,True
e484dbde8a50407a99c8d38b4679ee88,phase1b_combined_stress,4,4,3,2,8,0.7032998661141543,True
e484dbde8a50407a99c8d38b4679ee88,phase1b_combined_stress,8,4,3,2,8,0.7032998661141543,True
e484dbde8a50407a99c8d38b4679ee88,phase1b_combined_stress,12,4,3,2,8,0.7032998661141543,True
e484dbde8a50407a99c8d38b4679ee88,phase1b_combined_stress,16,4,3,2,8,0.7032998661141543,True
e484dbde8a50407a99c8d38b4679ee88,phase1b_combined_stress,20,4,3,2,8,0.7032998661141543,True
e484dbde8a50407a99c8d38b4679ee88,phase1b_combined_stress,24,4,3,2,8,0.7032998661141543,True
e484dbde8a50407a99c8d38b4679ee88,phase1b_combined_stress,28,4,3,2,8,0.7032998661141543,True
e787960b39754fe4b7ea1c5ca9244b86,phase1b_combined_stress,0,4,3,2,8,0.7032998661141543,True
e787960b39754fe4b7ea1c5ca9244b86,phase1b_combined_stress,1,4,3,3,8,0.49999999999829725,False
e787960b39754fe4b7ea1c5ca9244b86,phase1b_combined_stress,2,4,3,2,8,0.7032998661141543,True
e787960b39754fe4b7ea1c5ca9244b86,phase1b_combined_stress,3,4,3,3,8,0.49999999999829725,False
e787960b39754fe4b7ea1c5ca9244b86,phase1b_combined_stress,4,4,3,2,8,0.7032998661141543,True
e787960b39754fe4b7ea1c5ca9244b86,phase1b_combined_stress,5,4,3,3,8,0.49999999999829725,False
e787960b39754fe4b7ea1c5ca9244b86,phase1b_combined_stress,6,4,3,2,8,0.7032998661141543,True
e787960b39754fe4b7ea1c5ca9244b86,phase1b_combined_stress,7,4,3,3,8,0.49999999999829725,False
e787960b39754fe4b7ea1c5ca9244b86,phase1b_combined_stress,8,4,3,2,8,0.7032998661141543,True
e787960b39754fe4b7ea1c5ca9244b86,phase1b_combined_stress,9,4,3,3,8,0.49999999999829725,False
e787960b39754fe4b7ea1c5ca9244b86,phase1b_combined_stress,10,4,3,2,8,0.7032998661141543,True
e787960b39754fe4b7ea1c5ca9244b86,phase1b_combined_stress,11,4,3,3,8,0.49999999999829725,False
e787960b39754fe4b7ea1c5ca9244b86,phase1b_combined_stress,12,4,3,2,8,0.7032998661141543,True
e787960b39754fe4b7ea1c5ca9244b86,phase1b_combined_stress,13,4,3,3,8,0.49999999999829725,False
e787960b39754fe4b7ea1c5ca9244b86,phase1b_combined_stress,14,4,3,2,8,0.7032998661141543,True
e787960b39754fe4b7ea1c5ca9244b86,phase1b_combined_stress,15,4,3,3,8,0.49999999999829725,False
e787960b39754fe4b7ea1c5ca9244b86,phase1b_combined_stress,16,4,3,2,8,0.7032998661141543,True
e787960b39754fe4b7ea1c5ca9244b86,phase1b_combined_stress,17,4,3,3,8,0.49999999999829725,False
e787960b39754fe4b7ea1c5ca9244b86,phase1b_combined_stress,18,4,3,2,8,0.7032998661141543,True
e787960b39754fe4b7ea1c5ca9244b86,phase1b_combined_stress,19,4,3,3,8,0.49999999999829725,False
e787960b39754fe4b7ea1c5ca9244b86,phase1b_combined_stress,20,4,3,2,8,0.7032998661141543,True
e787960b39754fe4b7ea1c5ca9244b86,phase1b_combined_stress,21,4,3,3,8,0.49999999999829725,False
e787960b39754fe4b7ea1c5ca9244b86,phase1b_combined_stress,22,4,3,2,8,0.7032998661141543,True
e787960b39754fe4b7ea1c5ca9244b86,phase1b_combined_stress,23,4,3,3,8,0.49999999999829725,False
e787960b39754fe4b7ea1c5ca9244b86,phase1b_combined_stress,24,4,3,2,8,0.7032998661141543,True
e787960b39754fe4b7ea1c5ca9244b86,phase1b_combined_stress,25,4,3,3,8,0.49999999999829725,False
e787960b39754fe4b7ea1c5ca9244b86,phase1b_combined_stress,26,4,3,2,8,0.7032998661141543,True
e787960b39754fe4b7ea1c5ca9244b86,phase1b_combined_stress,27,4,3,3,8,0.49999999999829725,False
e787960b39754fe4b7ea1c5ca9244b86,phase1b_combined_stress,28,4,3,2,8,0.7032998661141543,True
e7a349d426b541c1adeca29e13a45844,phase1b_combined_stress,0,4,4,4,16,0.5000000000000001,False
e7a349d426b541c1adeca29e13a45844,phase1b_combined_stress,4,4,8,3,16,0.9697803530493604,True
e7a349d426b541c1adeca29e13a45844,phase1b_combined_stress,8,4,8,3,16,0.9697803530493604,True
e7a349d426b541c1adeca29e13a45844,phase1b_combined_stress,12,4,8,3,16,0.9697803530493604,True
e7a349d426b541c1adeca29e13a45844,phase1b_combined_stress,16,4,8,3,16,0.9697803530493604,True
e7a349d426b541c1adeca29e13a45844,phase1b_combined_stress,20,4,8,3,16,0.9697803530493604,True
e7a349d426b541c1adeca29e13a45844,phase1b_combined_stress,24,4,8,3,16,0.9697803530493604,True
e7a349d426b541c1adeca29e13a45844,phase1b_combined_stress,28,4,8,3,16,0.9697803530493604,True
e8a865463b934ee7b40a40c02cf55433,phase1b_combined_stress,0,4,1,1,4,0.4999999999917221,False
e8a865463b934ee7b40a40c02cf55433,phase1b_combined_stress,4,4,2,1,4,0.7634994083736772,True
e8a865463b934ee7b40a40c02cf55433,phase1b_combined_stress,8,4,2,1,4,0.7634994083736772,True
e8a865463b934ee7b40a40c02cf55433,phase1b_combined_stress,12,4,2,1,4,0.7634994083736772,True
e8a865463b934ee7b40a40c02cf55433,phase1b_combined_stress,16,4,2,1,4,0.7634994083736772,True
e8a865463b934ee7b40a40c02cf55433,phase1b_combined_stress,20,4,2,1,4,0.7634994083736772,True
ee1dc983467f49a3aa2fcb75fa7ab91f,phase1b_combined_stress,0,4,2,2,8,0.5000000000000222,True
ee1dc983467f49a3aa2fcb75fa7ab91f,phase1b_combined_stress,4,4,4,3,8,0.6916827309132849,False
ee1dc983467f49a3aa2fcb75fa7ab91f,phase1b_combined_stress,8,4,4,3,8,0.6916827309132849,False
ee1dc983467f49a3aa2fcb75fa7ab91f,phase1b_combined_stress,12,4,4,3,8,0.6916827309132849,False
ee1dc983467f49a3aa2fcb75fa7ab91f,phase1b_combined_stress,16,4,4,3,8,0.6916827309132849,False
ee1dc983467f49a3aa2fcb75fa7ab91f,phase1b_combined_stress,20,4,4,3,8,0.6916827309132849,False
f265063681ed4737b7486d60f63b90c4,phase1b_combined_stress,0,4,1,1,4,0.4999999999917221,True
f265063681ed4737b7486d60f63b90c4,phase1b_combined_stress,2,4,2,1,4,0.7634994083736772,True
f265063681ed4737b7486d60f63b90c4,phase1b_combined_stress,4,4,2,1,4,0.7634994083736772,True
f265063681ed4737b7486d60f63b90c4,phase1b_combined_stress,6,4,2,1,4,0.7634994083736772,True
f265063681ed4737b7486d60f63b90c4,phase1b_combined_stress,8,4,2,1,4,0.7634994083736772,True
f265063681ed4737b7486d60f63b90c4,phase1b_combined_stress,10,4,2,1,4,0.7634994083736772,True
f265063681ed4737b7486d60f63b90c4,phase1b_combined_stress,12,4,2,1,4,0.7634994083736772,True
f265063681ed4737b7486d60f63b90c4,phase1b_combined_stress,14,4,2,1,4,0.7634994083736772,True
f265063681ed4737b7486d60f63b90c4,phase1b_combined_stress,16,4,2,1,4,0.7634994083736772,True
f265063681ed4737b7486d60f63b90c4,phase1b_combined_stress,18,4,2,1,4,0.7634994083736772,True
f265063681ed4737b7486d60f63b90c4,phase1b_combined_stress,20,4,2,1,4,0.7634994083736772,True
f265063681ed4737b7486d60f63b90c4,phase1b_combined_stress,22,4,2,1,4,0.7634994083736772,True
f265063681ed4737b7486d60f63b90c4,phase1b_combined_stress,24,4,2,1,4,0.7634994083736772,True
f265063681ed4737b7486d60f63b90c4,phase1b_combined_stress,26,4,2,1,4,0.7634994083736772,True
f265063681ed4737b7486d60f63b90c4,phase1b_combined_stress,28,4,2,1,4,0.7634994083736772,True
f3bbe2be11834c2ea961c28960766e44,phase1b_combined_stress,0,4,3,1,8,0.8753228297506488,False
f3bbe2be11834c2ea961c28960766e44,phase1b_combined_stress,1,4,2,2,8,0.5000000000000222,True
f3bbe2be11834c2ea961c28960766e44,phase1b_combined_stress,2,4,2,2,8,0.5000000000000222,True
f3bbe2be11834c2ea961c28960766e44,phase1b_combined_stress,3,4,2,2,8,0.5000000000000222,True
f3bbe2be11834c2ea961c28960766e44,phase1b_combined_stress,4,4,2,2,8,0.5000000000000222,True
f3bbe2be11834c2ea961c28960766e44,phase1b_combined_stress,5,4,2,2,8,0.5000000000000222,True
f3bbe2be11834c2ea961c28960766e44,phase1b_combined_stress,6,4,2,2,8,0.5000000000000222,True
f3bbe2be11834c2ea961c28960766e44,phase1b_combined_stress,7,4,2,2,8,0.5000000000000222,True
f3bbe2be11834c2ea961c28960766e44,phase1b_combined_stress,8,4,2,2,8,0.5000000000000222,True
f3bbe2be11834c2ea961c28960766e44,phase1b_combined_stress,9,4,2,2,8,0.5000000000000222,True
f3bbe2be11834c2ea961c28960766e44,phase1b_combined_stress,10,4,2,2,8,0.5000000000000222,True
f3bbe2be11834c2ea961c28960766e44,phase1b_combined_stress,11,4,2,2,8,0.5000000000000222,True
f3bbe2be11834c2ea961c28960766e44,phase1b_combined_stress,12,4,2,2,8,0.5000000000000222,True
f3bbe2be11834c2ea961c28960766e44,phase1b_combined_stress,13,4,2,2,8,0.5000000000000222,True
f3bbe2be11834c2ea961c28960766e44,phase1b_combined_stress,14,4,2,2,8,0.5000000000000222,True
f3bbe2be11834c2ea961c28960766e44,phase1b_combined_stress,15,4,2,2,8,0.5000000000000222,True
f3bbe2be11834c2ea961c28960766e44,phase1b_combined_stress,16,4,2,2,8,0.5000000000000222,True
f3bbe2be11834c2ea961c28960766e44,phase1b_combined_stress,17,4,2,2,8,0.5000000000000222,True
f3bbe2be11834c2ea961c28960766e44,phase1b_combined_stress,18,4,2,2,8,0.5000000000000222,True
f3bbe2be11834c2ea961c28960766e44,phase1b_combined_stress,19,4,2,2,8,0.5000000000000222,True
f3bbe2be11834c2ea961c28960766e44,phase1b_combined_stress,20,4,2,2,8,0.5000000000000222,True
f4b55f3e1b4749b99b70e8ca3d3aa011,phase1b_combined_stress,0,4,5,3,16,0.7920351375907829,False
f4b55f3e1b4749b99b70e8ca3d3aa011,phase1b_combined_stress,4,4,6,5,16,0.6445594043687155,True
f4b55f3e1b4749b99b70e8ca3d3aa011,phase1b_combined_stress,8,4,6,5,16,0.6445594043687155,True
f4b55f3e1b4749b99b70e8ca3d3aa011,phase1b_combined_stress,12,4,6,5,16,0.6445594043687155,True
f4fd242869f641f586f0d32d0a5a3690,phase1b_combined_stress,0,4,5,1,8,0.9825579239654547,True
f4fd242869f641f586f0d32d0a5a3690,phase1b_combined_stress,1,4,4,2,8,0.8485140562026603,True
f4fd242869f641f586f0d32d0a5a3690,phase1b_combined_stress,2,4,4,3,8,0.6916827309132849,False
f4fd242869f641f586f0d32d0a5a3690,phase1b_combined_stress,3,4,4,2,8,0.8485140562026603,True
f4fd242869f641f586f0d32d0a5a3690,phase1b_combined_stress,4,4,4,3,8,0.6916827309132849,False
f4fd242869f641f586f0d32d0a5a3690,phase1b_combined_stress,5,4,4,2,8,0.8485140562026603,True
f4fd242869f641f586f0d32d0a5a3690,phase1b_combined_stress,6,4,4,3,8,0.6916827309132849,False
f4fd242869f641f586f0d32d0a5a3690,phase1b_combined_stress,7,4,4,2,8,0.8485140562026603,True
f4fd242869f641f586f0d32d0a5a3690,phase1b_combined_stress,8,4,4,3,8,0.6916827309132849,False
f4fd242869f641f586f0d32d0a5a3690,phase1b_combined_stress,9,4,4,2,8,0.8485140562026603,True
f4fd242869f641f586f0d32d0a5a3690,phase1b_combined_stress,10,4,4,3,8,0.6916827309132849,False
f4fd242869f641f586f0d32d0a5a3690,phase1b_combined_stress,11,4,4,2,8,0.8485140562026603,True
f4fd242869f641f586f0d32d0a5a3690,phase1b_combined_stress,12,4,4,3,8,0.6916827309132849,False
f5abddaae6be4811bd265286a61fc4e9,phase1b_combined_stress,0,4,5,1,8,0.9825579239654547,True
f5abddaae6be4811bd265286a61fc4e9,phase1b_combined_stress,4,4,5,2,8,0.9356425702464107,False
f5abddaae6be4811bd265286a61fc4e9,phase1b_combined_stress,8,4,5,2,8,0.9356425702464107,False
f5abddaae6be4811bd265286a61fc4e9,phase1b_combined_stress,12,4,5,2,8,0.9356425702464107,False
f5abddaae6be4811bd265286a61fc4e9,phase1b_combined_stress,16,4,5,2,8,0.9356425702464107,False
f5abddaae6be4811bd265286a61fc4e9,phase1b_combined_stress,20,4,5,2,8,0.9356425702464107,False
f5abddaae6be4811bd265286a61fc4e9,phase1b_combined_stress,24,4,5,2,8,0.9356425702464107,False
f5abddaae6be4811bd265286a61fc4e9,phase1b_combined_stress,28,4,5,2,8,0.9356425702464107,False
f5df4dd2426a490f9d3b97da06920a8e,phase1b_combined_stress,0,4,2,1,8,0.7345767685952418,True
f5df4dd2426a490f9d3b97da06920a8e,phase1b_combined_stress,4,4,4,2,8,0.8485140562026603,True
f5df4dd2426a490f9d3b97da06920a8e,phase1b_combined_stress,8,4,4,2,8,0.8485140562026603,True
f5df4dd2426a490f9d3b97da06920a8e,phase1b_combined_stress,12,4,4,2,8,0.8485140562026603,True
f5df4dd2426a490f9d3b97da06920a8e,phase1b_combined_stress,16,4,4,2,8,0.8485140562026603,True
f5df4dd2426a490f9d3b97da06920a8e,phase1b_combined_stress,20,4,4,2,8,0.8485140562026603,True
f6c474c9752c48bd97c0db4026375f95,phase1b_combined_stress,0,4,5,4,16,0.6521016341618664,False
f6c474c9752c48bd97c0db4026375f95,phase1b_combined_stress,1,4,4,4,16,0.5000000000000001,True
f6c474c9752c48bd97c0db4026375f95,phase1b_combined_stress,2,4,5,4,16,0.6521016341618664,True
f6c474c9752c48bd97c0db4026375f95,phase1b_combined_stress,3,4,4,4,16,0.5000000000000001,True
f6c474c9752c48bd97c0db4026375f95,phase1b_combined_stress,4,4,5,4,16,0.6521016341618664,True
f6c474c9752c48bd97c0db4026375f95,phase1b_combined_stress,5,4,4,4,16,0.5000000000000001,True
f6c474c9752c48bd97c0db4026375f95,phase1b_combined_stress,6,4,5,4,16,0.6521016341618664,True
f6c474c9752c48bd97c0db4026375f95,phase1b_combined_stress,7,4,4,4,16,0.5000000000000001,True
f6c474c9752c48bd97c0db4026375f95,phase1b_combined_stress,8,4,5,4,16,0.6521016341618664,True
f6c474c9752c48bd97c0db4026375f95,phase1b_combined_stress,9,4,4,4,16,0.5000000000000001,True
f6c474c9752c48bd97c0db4026375f95,phase1b_combined_stress,10,4,5,4,16,0.6521016341618664,True
f6c474c9752c48bd97c0db4026375f95,phase1b_combined_stress,11,4,4,4,16,0.5000000000000001,True
f6c474c9752c48bd97c0db4026375f95,phase1b_combined_stress,12,4,5,4,16,0.6521016341618664,True
f6c474c9752c48bd97c0db4026375f95,phase1b_combined_stress,13,4,4,4,16,0.5000000000000001,True
f6c474c9752c48bd97c0db4026375f95,phase1b_combined_stress,14,4,5,4,16,0.6521016341618664,True
f6c474c9752c48bd97c0db4026375f95,phase1b_combined_stress,15,4,4,4,16,0.5000000000000001,True
f6c474c9752c48bd97c0db4026375f95,phase1b_combined_stress,16,4,5,4,16,0.6521016341618664,True
f6c474c9752c48bd97c0db4026375f95,phase1b_combined_stress,17,4,4,4,16,0.5000000000000001,True
f6c474c9752c48bd97c0db4026375f95,phase1b_combined_stress,18,4,5,4,16,0.6521016341618664,True
f6c474c9752c48bd97c0db4026375f95,phase1b_combined_stress,19,4,4,4,16,0.5000000000000001,True
f6c474c9752c48bd97c0db4026375f95,phase1b_combined_stress,20,4,5,4,16,0.6521016341618664,True
f8f0acc437ef4b65917e43ab40e18b08,phase1b_combined_stress,0,4,1,1,8,0.4999999999999998,False
f8f0acc437ef4b65917e43ab40e18b08,phase1b_combined_stress,1,4,4,2,8,0.8485140562026603,False
f8f0acc437ef4b65917e43ab40e18b08,phase1b_combined_stress,2,4,4,1,8,0.9490469570291831,True
f8f0acc437ef4b65917e43ab40e18b08,phase1b_combined_stress,3,4,4,2,8,0.8485140562026603,False
f8f0acc437ef4b65917e43ab40e18b08,phase1b_combined_stress,4,4,4,1,8,0.9490469570291831,True
f8f0acc437ef4b65917e43ab40e18b08,phase1b_combined_stress,5,4,4,2,8,0.8485140562026603,False
f8f0acc437ef4b65917e43ab40e18b08,phase1b_combined_stress,6,4,4,1,8,0.9490469570291831,True
f8f0acc437ef4b65917e43ab40e18b08,phase1b_combined_stress,7,4,4,2,8,0.8485140562026603,False
f8f0acc437ef4b65917e43ab40e18b08,phase1b_combined_stress,8,4,4,1,8,0.9490469570291831,True
f8f0acc437ef4b65917e43ab40e18b08,phase1b_combined_stress,9,4,4,2,8,0.8485140562026603,False
f8f0acc437ef4b65917e43ab40e18b08,phase1b_combined_stress,10,4,4,1,8,0.9490469570291831,True
f8f0acc437ef4b65917e43ab40e18b08,phase1b_combined_stress,11,4,4,2,8,0.8485140562026603,False
f8f0acc437ef4b65917e43ab40e18b08,phase1b_combined_stress,12,4,4,1,8,0.9490469570291831,True
faa93c9f029b40c79cbf015183ad66ec,phase1b_combined_stress,0,4,3,3,16,0.5000000000000001,True
faa93c9f029b40c79cbf015183ad66ec,phase1b_combined_stress,4,4,7,4,16,0.8679254405504773,True
faa93c9f029b40c79cbf015183ad66ec,phase1b_combined_stress,8,4,7,4,16,0.8679254405504773,True
faa93c9f029b40c79cbf015183ad66ec,phase1b_combined_stress,12,4,7,4,16,0.8679254405504773,True
faa93c9f029b40c79cbf015183ad66ec,phase1b_combined_stress,16,4,7,4,16,0.8679254405504773,True
faa93c9f029b40c79cbf015183ad66ec,phase1b_combined_stress,20,4,7,4,16,0.8679254405504773,True
fab666bf4dd24313839042a7d3453bba,phase1b_combined_stress,0,4,2,1,4,0.7634994083736772,True
fab666bf4dd24313839042a7d3453bba,phase1b_combined_stress,1,4,2,1,4,0.7634994083736772,False
fab666bf4dd24313839042a7d3453bba,phase1b_combined_stress,2,4,2,1,4,0.7634994083736772,True
fab666bf4dd24313839042a7d3453bba,phase1b_combined_stress,3,4,2,1,4,0.7634994083736772,False
fab666bf4dd24313839042a7d3453bba,phase1b_combined_stress,4,4,2,1,4,0.7634994083736772,True
fab666bf4dd24313839042a7d3453bba,phase1b_combined_stress,5,4,2,1,4,0.7634994083736772,False
fab666bf4dd24313839042a7d3453bba,phase1b_combined_stress,6,4,2,1,4,0.7634994083736772,True
fab666bf4dd24313839042a7d3453bba,phase1b_combined_stress,7,4,2,1,4,0.7634994083736772,False
fab666bf4dd24313839042a7d3453bba,phase1b_combined_stress,8,4,2,1,4,0.7634994083736772,True
fab666bf4dd24313839042a7d3453bba,phase1b_combined_stress,9,4,2,1,4,0.7634994083736772,False
fab666bf4dd24313839042a7d3453bba,phase1b_combined_stress,10,4,2,1,4,0.7634994083736772,True
fab666bf4dd24313839042a7d3453bba,phase1b_combined_stress,11,4,2,1,4,0.7634994083736772,False
fab666bf4dd24313839042a7d3453bba,phase1b_combined_stress,12,4,2,1,4,0.7634994083736772,True
fab666bf4dd24313839042a7d3453bba,phase1b_combined_stress,13,4,2,1,4,0.7634994083736772,False
fab666bf4dd24313839042a7d3453bba,phase1b_combined_stress,14,4,2,1,4,0.7634994083736772,True
fab666bf4dd24313839042a7d3453bba,phase1b_combined_stress,15,4,2,1,4,0.7634994083736772,False
fab666bf4dd24313839042a7d3453bba,phase1b_combined_stress,16,4,2,1,4,0.7634994083736772,True
fab666bf4dd24313839042a7d3453bba,phase1b_combined_stress,17,4,2,1,4,0.7634994083736772,False
fab666bf4dd24313839042a7d3453bba,phase1b_combined_stress,18,4,2,1,4,0.7634994083736772,True
fab666bf4dd24313839042a7d3453bba,phase1b_combined_stress,19,4,2,1,4,0.7634994083736772,False
fab666bf4dd24313839042a7d3453bba,phase1b_combined_stress,20,4,2,1,4,0.7634994083736772,True
facd0a764da441a48e2a2140919b2a3c,phase1b_combined_stress,0,4,2,1,4,0.7634994083736772,False
facd0a764da441a48e2a2140919b2a3c,phase1b_combined_stress,1,4,3,1,4,0.9215990534084937,False
facd0a764da441a48e2a2140919b2a3c,phase1b_combined_stress,2,4,3,1,4,0.9215990534084937,True
facd0a764da441a48e2a2140919b2a3c,phase1b_combined_stress,3,4,3,1,4,0.9215990534084937,False
facd0a764da441a48e2a2140919b2a3c,phase1b_combined_stress,4,4,3,1,4,0.9215990534084937,True
facd0a764da441a48e2a2140919b2a3c,phase1b_combined_stress,5,4,3,1,4,0.9215990534084937,False
facd0a764da441a48e2a2140919b2a3c,phase1b_combined_stress,6,4,3,1,4,0.9215990534084937,True
facd0a764da441a48e2a2140919b2a3c,phase1b_combined_stress,7,4,3,1,4,0.9215990534084937,False
facd0a764da441a48e2a2140919b2a3c,phase1b_combined_stress,8,4,3,1,4,0.9215990534084937,True
facd0a764da441a48e2a2140919b2a3c,phase1b_combined_stress,9,4,3,1,4,0.9215990534084937,False
facd0a764da441a48e2a2140919b2a3c,phase1b_combined_stress,10,4,3,1,4,0.9215990534084937,True
facd0a764da441a48e2a2140919b2a3c,phase1b_combined_stress,11,4,3,1,4,0.9215990534084937,False
facd0a764da441a48e2a2140919b2a3c,phase1b_combined_stress,12,4,3,1,4,0.9215990534084937,True
facd0a764da441a48e2a2140919b2a3c,phase1b_combined_stress,13,4,3,1,4,0.9215990534084937,False
facd0a764da441a48e2a2140919b2a3c,phase1b_combined_stress,14,4,3,1,4,0.9215990534084937,True
facd0a764da441a48e2a2140919b2a3c,phase1b_combined_stress,15,4,3,1,4,0.9215990534084937,False
facd0a764da441a48e2a2140919b2a3c,phase1b_combined_stress,16,4,3,1,4,0.9215990534084937,True
facd0a764da441a48e2a2140919b2a3c,phase1b_combined_stress,17,4,3,1,4,0.9215990534084937,False
facd0a764da441a48e2a2140919b2a3c,phase1b_combined_stress,18,4,3,1,4,0.9215990534084937,True
facd0a764da441a48e2a2140919b2a3c,phase1b_combined_stress,19,4,3,1,4,0.9215990534084937,False
facd0a764da441a48e2a2140919b2a3c,phase1b_combined_stress,20,4,3,1,4,0.9215990534084937,True
facd0a764da441a48e2a2140919b2a3c,phase1b_combined_stress,21,4,3,1,4,0.9215990534084937,False
facd0a764da441a48e2a2140919b2a3c,phase1b_combined_stress,22,4,3,1,4,0.9215990534084937,True
facd0a764da441a48e2a2140919b2a3c,phase1b_combined_stress,23,4,3,1,4,0.9215990534084937,False
facd0a764da441a48e2a2140919b2a3c,phase1b_combined_stress,24,4,3,1,4,0.9215990534084937,True
facd0a764da441a48e2a2140919b2a3c,phase1b_combined_stress,25,4,3,1,4,0.9215990534084937,False
facd0a764da441a48e2a2140919b2a3c,phase1b_combined_stress,26,4,3,1,4,0.9215990534084937,True
facd0a764da441a48e2a2140919b2a3c,phase1b_combined_stress,27,4,3,1,4,0.9215990534084937,False
facd0a764da441a48e2a2140919b2a3c,phase1b_combined_stress,28,4,3,1,4,0.9215990534084937,True
fb5ecbd204cd437483fb042942b1509b,phase1b_combined_stress,0,4,3,3,16,0.5000000000000001,True
fb5ecbd204cd437483fb042942b1509b,phase1b_combined_stress,4,4,8,3,16,0.9697803530493604,False
fb5ecbd204cd437483fb042942b1509b,phase1b_combined_stress,8,4,8,3,16,0.9697803530493604,False
fb5ecbd204cd437483fb042942b1509b,phase1b_combined_stress,12,4,8,3,16,0.9697803530493604,False
fb5ecbd204cd437483fb042942b1509b,phase1b_combined_stress,16,4,8,3,16,0.9697803530493604,False
fb5ecbd204cd437483fb042942b1509b,phase1b_combined_stress,20,4,8,3,16,0.9697803530493604,False
fb5ecbd204cd437483fb042942b1509b,phase1b_combined_stress,24,4,8,3,16,0.9697803530493604,False
fb5ecbd204cd437483fb042942b1509b,phase1b_combined_stress,28,4,8,3,16,0.9697803530493604,False
fe34abf043e54e2a982532334eef02d8,phase1b_combined_stress,0,4,4,3,16,0.6642697648948153,True
fe34abf043e54e2a982532334eef02d8,phase1b_combined_stress,4,4,7,4,16,0.8679254405504773,True
fe34abf043e54e2a982532334eef02d8,phase1b_combined_stress,8,4,7,4,16,0.8679254405504773,True
fe34abf043e54e2a982532334eef02d8,phase1b_combined_stress,12,4,7,4,16,0.8679254405504773,True
fe34abf043e54e2a982532334eef02d8,phase1b_combined_stress,16,4,7,4,16,0.8679254405504773,True
fe34abf043e54e2a982532334eef02d8,phase1b_combined_stress,20,4,7,4,16,0.8679254405504773,True
0089024a439f4611924765ef0fa4a8b3,phase1_ofat,0,4,1050,998,2048,0.9479244942219338,True
00fecda936f944d5bc64671d30a2ad05,phase1_ofat,0,4,1041,1007,2048,0.855996244506425,True
01087bb6199c4e80800af335ea4f6d49,phase1_ofat,0,4,374,355,2048,0.7811640003508971,True
01087bb6199c4e80800af335ea4f6d49,phase1_ofat,2,4,713,470,2048,1.0,True
01087bb6199c4e80800af335ea4f6d49,phase1_ofat,4,4,713,470,2048,1.0,True
019e67efc52c4a92a792b8d4b5553f80,phase1_ofat,0,3,1041,1007,2048,0.855996244506425,True
025de058dab742588b429b2c7bee8082,phase1_ofat,0,4,9,7,16,0.7598319019579303,True
03072a54fa60421c99c5f51cc1030768,phase1_ofat,0,4,11,5,16,0.9838375837294524,True
050f8e60933b4d1b95f9e211397f4153,phase1_ofat,0,4,358,345,2048,0.704945086898779,True
050f8e60933b4d1b95f9e211397f4153,phase1_ofat,2,4,696,499,2048,0.9999999999941147,True
050f8e60933b4d1b95f9e211397f4153,phase1_ofat,4,4,696,499,2048,0.9999999999941147,True
0524c77da86d4acf9c65e522501c9810,phase1_ofat,0,6,1054,994,2048,0.9696102361646572,True
059b2c2b366144198ba1122d2367f946,phase1_ofat,0,4,344,341,2048,0.5499744580660715,True
059b2c2b366144198ba1122d2367f946,phase1_ofat,2,4,686,471,2048,0.9999999999999627,True
059b2c2b366144198ba1122d2367f946,phase1_ofat,4,4,686,471,2048,0.9999999999999627,True
05c23ddffbb24ffc8c93fd9f85c22a7a,phase1_ofat,0,4,34,30,64,0.7601701053547897,False
07f9224ce7d642c7aae43287dcd8908c,phase1_ofat,0,4,1035,1013,2048,0.7541138183271805,True
0810db43d21745c0af734a4993c441b7,phase1_ofat,0,4,368,345,2048,0.8283797472288494,True
0810db43d21745c0af734a4993c441b7,phase1_ofat,1,4,716,471,2048,0.9999999999999991,True
0810db43d21745c0af734a4993c441b7,phase1_ofat,2,4,687,498,2048,0.9999999999655487,True
0810db43d21745c0af734a4993c441b7,phase1_ofat,3,4,716,471,2048,0.9999999999999991,True
0810db43d21745c0af734a4993c441b7,phase1_ofat,4,4,687,498,2048,0.9999999999655487,True
089fa9693931459b89877b7f71999fa9,phase1_ofat,0,3,1029,1019,2048,0.6226675344369023,False
08ca013db44c4033b33c0d265d143374,phase1_ofat,0,4,130,126,256,0.6381440112396669,False
096ea94f70794af2b6a25729cec407cc,phase1_ofat,0,4,14,13,64,0.5855904694301253,False
096ea94f70794af2b6a25729cec407cc,phase1_ofat,2,4,18,17,64,0.5784907826187659,True
096ea94f70794af2b6a25729cec407cc,phase1_ofat,4,4,18,17,64,0.5784907826187659,True
0a05b28404ae4c9cbf3b994b3d1d99a3,phase1_ofat,0,4,1029,1019,2048,0.6226675344369023,True
0a1d0fe454614f18883c006a79ea28dd,phase1_ofat,0,4,1040,1008,2048,0.8413447372942667,True
0b5bdcbd8d9042e7ad8b2df98bd3376f,phase1_ofat,0,4,386,351,2048,0.9227452022596392,True
0b5bdcbd8d9042e7ad8b2df98bd3376f,phase1_ofat,1,4,666,502,2048,0.9999999933662193,True
0b5bdcbd8d9042e7ad8b2df98bd3376f,phase1_ofat,2,4,715,479,2048,0.9999999999999989,True
0b5bdcbd8d9042e7ad8b2df98bd3376f,phase1_ofat,3,4,666,502,2048,0.9999999933662193,True
0b5bdcbd8d9042e7ad8b2df98bd3376f,phase1_ofat,4,4,715,479,2048,0.9999999999999989,True
0c064ab7607b487a87f22288056d7aae,phase1_ofat,0,4,1028,1020,2048,0.5987044783336715,True
0db7f279001e4966915b1bc604750079,phase1_ofat,0,4,370,362,2048,0.6278840158818857,False
0db7f279001e4966915b1bc604750079,phase1_ofat,2,4,684,484,2048,0.9999999999979584,True
0db7f279001e4966915b1bc604750079,phase1_ofat,4,4,684,484,2048,0.9999999999979584,True
0ea19f1b6d7344839e06fddcd7b50732,phase1_ofat,0,4,33,31,64,0.6380827149370594,False
0edfc300ca1342e4be4062ebb4ea9ed3,phase1_ofat,0,4,1063,985,2048,0.9926104042616447,True
0f479dbff4c34acca19804bd3c79dfb3,phase1_ofat,0,4,8203,8181,16384,0.5960233975297926,True
108c11935517410fb918e9098fe66786,phase1_ofat,0,4,8262,8122,16384,0.9390444481651162,True
10b9c0ecf9c04cc4b01210777489e4f5,phase1_ofat,0,4,341,336,2048,0.5832890601973677,True
10b9c0ecf9c04cc4b01210777489e4f5,phase1_ofat,2,4,694,471,2048,0.9999999999999944,True
10cf611eb9874050b7f2a62b4d550a26,phase1_ofat,0,4,1037,1011,2048,0.7917459870248361,False
10f9fca545ba4ef2ae11ca75efa96390,phase1_ofat,0,4,1039,1009,2048,0.8257486855574822,False
111b53633a494b32a12935b0fd3367ff,phase1_ofat,0,4,1060,988,2048,0.9877814288258187,True
1121fcf8955a4ea0bb879a19abcc1eb6,phase1_ofat,0,4,361,344,2048,0.7591724635629274,True
1121fcf8955a4ea0bb879a19abcc1eb6,phase1_ofat,3,4,688,507,2048,0.9999999997674236,True
1121fcf8955a4ea0bb879a19abcc1eb6,phase1_ofat,6,2,746,550,2048,0.9999999999786315,True
114719ecbc1b471f8ab980b49bb03e8d,phase1_ofat,0,4,357,351,2048,0.5979014308590443,False
114719ecbc1b471f8ab980b49bb03e8d,phase1_ofat,2,4,687,474,2048,0.9999999999999324,True
114719ecbc1b471f8ab980b49bb03e8d,phase1_ofat,4,4,687,474,2048,0.9999999999999324,True
11f5a7de98d346719938688d3cac4c6a,phase1_ofat,0,4,1047,1001,2048,0.9247164347915846,True
1248c2f6f1904801bd971be9542a430d,phase1_ofat,0,4,1066,982,2048,0.9956715542504859,False
125f346a013b4a9babf5dcea71be0de5,phase1_ofat,0,4,1047,1001,2048,0.9247164347915846,False
13fc6acc95de4026bdc183afe57def2d,phase1_ofat,0,4,389,344,2048,0.9667222797935184,False
13fc6acc95de4026bdc183afe57def2d,phase1_ofat,2,4,681,483,2048,0.9999999999968306,True
145f82fbc8d648ae88171a4d2e30292a,phase1_ofat,0,4,362,332,2048,0.8942790478137651,False
145f82fbc8d648ae88171a4d2e30292a,phase1_ofat,2,4,667,477,2048,0.99999999998304,True
145f82fbc8d648ae88171a4d2e30292a,phase1_ofat,4,4,667,477,2048,0.99999999998304,True
153af39389624a0f8f5b8e01c5ceb898,phase1_ofat,0,4,1077,971,2048,0.9995387798801547,True
15cb2914bfff4db89f5e516a29f99411,phase1_ofat,0,4,1040,1008,2048,0.8413447372942667,True
15fc649accf9472c847302f4d19194ac,phase1_ofat,0,4,375,353,2048,0.8157203351452968,True
15fc649accf9472c847302f4d19194ac,phase1_ofat,2,4,709,460,2048,0.9999999999999996,True
15fc649accf9472c847302f4d19194ac,phase1_ofat,4,4,709,460,2048,0.9999999999999996,True
15ff89e8686641559f9c905db0528dd8,phase1_ofat,0,4,1028,1020,2048,0.5987044783336715,True
1634df271ae34ffca8046462c6152a6c,phase1_ofat,0,4,515,509,1024,0.6045549599058306,True
16b3c3e5ea6c42a1ad0c9555e2020ff6,phase1_ofat,0,4,367,338,2048,0.8850128708101184,False
16b3c3e5ea6c42a1ad0c9555e2020ff6,phase1_ofat,2,4,673,494,2048,0.999999999727295,True
16b3c3e5ea6c42a1ad0c9555e2020ff6,phase1_ofat,4,4,673,494,2048,0.999999999727295,True
16fe0540758542679235854a2a12ac09,phase1_ofat,0,4,1039,1009,2048,0.8257486855574822,True
172158a480b741b29a57c60e5e0c1328,phase1_ofat,0,4,1026,1022,2048,0.5497372320664393,False
175fa695e7cf4ef19985d965e60f80ab,phase1_ofat,0,4,1026,1022,2048,0.5497372320664393,True
180141a71aee4c4681ec8e12532feca3,phase1_ofat,0,6,1041,1007,2048,0.855996244506425,True
1a8c4fc5ac6243beb1f4ad9f0cc4602e,phase1_ofat,0,4,1052,996,2048,0.9599471747390903,True
1acd8751d420436ea9861476d8b47492,phase1_ofat,0,4,362,334,2048,0.8779800904306407,True
1acd8751d420436ea9861476d8b47492,phase1_ofat,2,4,683,508,2048,0.9999999991767976,True
1d0a83045c4245e3a76e4332dc703f53,phase1_ofat,0,4,1027,1021,2048,0.5743642426858293,False
1d9c3072a16042438c3d158609649b0e,phase1_ofat,0,4,1042,1006,2048,0.8697067625377641,True
1e4c1f58c69244f185d33ecb8cca5dd9,phase1_ofat,0,4,361,353,2048,0.6290960373845967,False
1e4c1f58c69244f185d33ecb8cca5dd9,phase1_ofat,2,4,671,482,2048,0.9999999999760811,True
1e4c1f58c69244f185d33ecb8cca5dd9,phase1_ofat,4,4,671,482,2048,0.9999999999760811,True
1e9f7a145f74429798f2d274fa50dceb,phase1_ofat,0,4,1030,1018,2048,0.6461673234378108,True
1eac9ec520ee4a9395eb348e7406ad10,phase1_ofat,0,4,1042,1006,2048,0.8697067625377641,False
1ede872f42d544478f04396c3059caf7,phase1_ofat,0,4,2090,2006,4096,0.9682875761946949,False
1f555454d7ca4a3192f8479ae0d358e8,phase1_ofat,0,4,8217,8167,16384,0.7096718066179406,True
2017c827a610483ea2fb7b87fae1ef67,phase1_ofat,0,4,370,322,2048,0.9773623230896484,False
2017c827a610483ea2fb7b87fae1ef67,phase1_ofat,2,4,699,488,2048,0.999999999999835,True
2017c827a610483ea2fb7b87fae1ef67,phase1_ofat,4,4,699,488,2048,0.999999999999835,True
215a3da5a1f5407da140cca48c86c963,phase1_ofat,0,4,388,370,2048,0.7655289573892663,True
215a3da5a1f5407da140cca48c86c963,phase1_ofat,2,4,695,509,2048,0.999999999916434,True
215a3da5a1f5407da140cca48c86c963,phase1_ofat,4,4,695,509,2048,0.999999999916434,True
216545af85094a66940c840050ed57f1,phase1_ofat,0,4,11,5,16,0.9838375837294524,False
22003344e302441cbd1e8dfc5b5e593c,phase1_ofat,0,4,2890,2860,16384,0.6684708460288895,True
22003344e302441cbd1e8dfc5b5e593c,phase1_ofat,2,4,5506,3770,16384,1.0,True
22003344e302441cbd1e8dfc5b5e593c,phase1_ofat,4,4,5506,3770,16384,1.0,True
237bc8a686e54012b686d4e1b6f3b1e0,phase1_ofat,0,4,514,510,1024,0.57015535530818,False
2389966b7f8f47e5aed3a02d9b3d8d39,phase1_ofat,0,4,1032,1016,2048,0.6914597687007419,False
23e810773b60484e8c38fdccd3aedaa6,phase1_ofat,0,4,359,348,2048,0.6753653613244167,False
23e810773b60484e8c38fdccd3aedaa6,phase1_ofat,2,4,695,470,2048,0.9999999999999962,True
23e810773b60484e8c38fdccd3aedaa6,phase1_ofat,4,4,695,470,2048,0.9999999999999962,True
24152dcd295344899b8f0ba4381a4792,phase1_ofat,0,4,8,8,16,0.500000000000067,False
2449f51ba4ee40fea35221d9f0b6d34e,phase1_ofat,0,4,13,3,16,0.9998726325165832,True
247de75fe2d34855923af213810fd653,phase1_ofat,0,4,142,114,256,0.9933743237117337,True
25cd5c77a4f3496a83cf4a3ea9d06fed,phase1_ofat,0,4,1042,1006,2048,0.8697067625377641,False
264d63bd51e54a9caa3ae48d55ce6a8a,phase1_ofat,0,4,1032,1016,2048,0.6914597687007419,True
2654145a31f74beb95f6afb0ee20d752,phase1_ofat,0,4,1038,1010,2048,0.8092119033012374,False
26aa64d7e50640158bff563ef235d4c9,phase1_ofat,0,4,372,352,2048,0.7936614850616822,False
26aa64d7e50640158bff563ef235d4c9,phase1_ofat,2,4,705,468,2048,0.9999999999999993,True
26aa64d7e50640158bff563ef235d4c9,phase1_ofat,4,4,705,468,2048,0.9999999999999993,True
28361c75b6464cbeb886f559bd587aec,phase1_ofat,0,4,360,346,2048,0.7187520169913044,True
28361c75b6464cbeb886f559bd587aec,phase1_ofat,2,4,690,469,2048,0.9999999999999921,True
28361c75b6464cbeb886f559bd587aec,phase1_ofat,4,4,690,469,2048,0.9999999999999921,True
28361c75b6464cbeb886f559bd587aec,phase1_ofat,6,4,690,469,2048,0.9999999999999921,True
28361c75b6464cbeb886f559bd587aec,phase1_ofat,8,4,690,469,2048,0.9999999999999921,True
292636f15d9c4fd5ae189c8b924e5834,phase1_ofat,0,4,374,327,2048,0.9744292358841146,True
292636f15d9c4fd5ae189c8b924e5834,phase1_ofat,2,4,664,505,2048,0.9999999818004142,True
292636f15d9c4fd5ae189c8b924e5834,phase1_ofat,4,4,664,505,2048,0.9999999818004142,True
29925d82b3384b1fb9c0629d6a35702a,phase1_ofat,0,4,1043,1005,2048,0.8824867166787485,True
29c373a6955f4bfd988b7a100f6a9d87,phase1_ofat,0,4,351,337,2048,0.7207641328510825,True
29c373a6955f4bfd988b7a100f6a9d87,phase1_ofat,2,4,655,498,2048,0.9999999763178722,True
29c373a6955f4bfd988b7a100f6a9d87,phase1_ofat,4,4,655,498,2048,0.9999999763178722,True
29e83e4d8f414b6c924f1ae508df9b65,phase1_ofat,0,4,1043,1005,2048,0.8824867166787485,True
2a4219bd4e87425cbf09df3f22b4a62d,phase1_ofat,0,4,1034,1014,2048,0.7340119205550315,False
2abfe59e739d4890bfb9d4c53b4020c5,phase1_ofat,0,2,529,517,2048,0.6663880243019572,True
2abfe59e739d4890bfb9d4c53b4020c5,phase1_ofat,1,2,806,498,2048,0.9999999999999998,True
2abfe59e739d4890bfb9d4c53b4020c5,phase1_ofat,2,2,731,531,2048,0.9999999999939425,True
2abfe59e739d4890bfb9d4c53b4020c5,phase1_ofat,3,2,806,498,2048,0.9999999999999998,True
2abfe59e739d4890bfb9d4c53b4020c5,phase1_ofat,4,2,731,531,2048,0.9999999999939425,True
2abfe59e739d4890bfb9d4c53b4020c5,phase1_ofat,5,2,806,498,2048,0.9999999999999998,True
2abfe59e739d4890bfb9d4c53b4020c5,phase1_ofat,6,2,731,531,2048,0.9999999999939425,True
2d4fbfec4cf24a1aadf39fdedbcb475d,phase1_ofat,0,6,1037,1011,2048,0.7917459870248361,False
2d598b3dbb2944f3981a5f0044c890ad,phase1_ofat,0,4,193,165,1024,0.9483958478782083,True
2d598b3dbb2944f3981a5f0044c890ad,phase1_ofat,2,4,349,233,1024,0.9999999939134209,True
2d598b3dbb2944f3981a5f0044c890ad,phase1_ofat,4,4,349,233,1024,0.9999999939134209,True
2daee8d9994d4fe8bea304aa43525b2e,phase1_ofat,0,4,349,334,2048,0.735239939713339,True
2daee8d9994d4fe8bea304aa43525b2e,phase1_ofat,3,4,671,485,2048,0.9999999999502107,True
2daee8d9994d4fe8bea304aa43525b2e,phase1_ofat,6,2,798,516,2048,1.0,True
2e7294003eb44ec8b57212edb68afb81,phase1_ofat,0,4,1051,997,2048,0.954252464125098,False
31ec00bfc2a44e268bd32b80799c0d6a,phase1_ofat,0,4,9,7,16,0.7598319019579303,True
324466d6495a4cb2a311ee8fe54e6674,phase1_ofat,0,4,364,341,2048,0.8294565076463957,False
324466d6495a4cb2a311ee8fe54e6674,phase1_ofat,2,4,654,486,2048,0.9999999977548771,True
324466d6495a4cb2a311ee8fe54e6674,phase1_ofat,4,4,654,486,2048,0.9999999977548771,True
326793b9018c46ae982d2e56c6909578,phase1_ofat,0,4,376,322,2048,0.9876098713275275,True
329efa902a584c13adef30094627ebce,phase1_ofat,0,3,1050,998,2048,0.9479244942219338,True
32c6f715859c4ca387bc84b4b82857ae,phase1_ofat,0,4,384,332,2048,0.9838184555209677,False
32c6f715859c4ca387bc84b4b82857ae,phase1_ofat,2,4,690,484,2048,0.9999999999995053,True
32c6f715859c4ca387bc84b4b82857ae,phase1_ofat,4,4,690,484,2048,0.9999999999995053,True
335ac98484ba4c39b1cc2f54c2c479e8,phase1_ofat,0,4,1029,1019,2048,0.6226675344369023,True
33a63d6b04eb4233b3e8f699725101a8,phase1_ofat,0,4,1036,1012,2048,0.7733706289595478,False
33d94e829a8c46da90397872158749a6,phase1_ofat,0,4,357,344,2048,0.7051551552819102,False
33d94e829a8c46da90397872158749a6,phase1_ofat,2,4,672,488,2048,0.9999999999176244,True
33d94e829a8c46da90397872158749a6,phase1_ofat,4,4,672,488,2048,0.9999999999176244,True
33f70645a8344099a9bca129ec2d63f0,phase1_ofat,0,4,1040,1008,2048,0.8413447372942667,True
363c7550275243a58961281c31a8e001,phase1_ofat,0,4,35,29,64,0.8555885426041854,False
365c8ccfcf654c00a9ab2eafd697025e,phase1_ofat,0,4,1025,1023,2048,0.5249171637976707,True
36c269206884488480f9e0e4d3fd1f26,phase1_ofat,0,4,383,358,2048,0.844891092478873,False
36c269206884488480f9e0e4d3fd1f26,phase1_ofat,2,4,744,496,2048,0.9999999999999993,True
36c269206884488480f9e0e4d3fd1f26,phase1_ofat,4,4,744,496,2048,0.9999999999999993,True
37db5c52835a4e9b9b7a40cc873aafc1,phase1_ofat,0,4,1031,1017,2048,0.6691229968417161,False
3897b559e7224d9f8e1b0021b5a39154,phase1_ofat,0,4,1038,1010,2048,0.8092119033012374,True
39379325517a46d79bc93ef559aa33b0,phase1_ofat,0,4,543,481,1024,0.9969351830020743,False
3a197bf449314e8baab615cae4b9e1eb,phase1_ofat,0,4,360,352,2048,0.6292338772221442,False
3a197bf449314e8baab615cae4b9e1eb,phase1_ofat,2,4,674,479,2048,0.9999999999942788,True
3a197bf449314e8baab615cae4b9e1eb,phase1_ofat,4,4,674,479,2048,0.9999999999942788,True
3a1f9dc445e14134a43fdc91e27f254a,phase1_ofat,0,4,371,331,2048,0.9514157769768294,True
3a1f9dc445e14134a43fdc91e27f254a,phase1_ofat,2,4,659,495,2048,0.999999994131928,True
3a6112aa33864106a725e8d387468e06,phase1_ofat,0,4,1065,983,2048,0.9948082626479049,False
3ac7725bf66447e0a423881a74442a5a,phase1_ofat,0,4,136,120,256,0.9213837455043606,False
3d98395424fb4ae9980dd66ed838b8b2,phase1_ofat,0,4,380,372,2048,0.6265950068073594,True
3df851290e174958a175a56e47bd580b,phase1_ofat,0,4,715,697,4096,0.7007397122501574,False
3df851290e174958a175a56e47bd580b,phase1_ofat,2,4,1354,952,4096,1.0,True
3df851290e174958a175a56e47bd580b,phase1_ofat,4,4,1354,952,4096,1.0,True
3e39e393f8494dfdaf179ba4d9aa3ee2,phase1_ofat,0,4,8288,8096,16384,0.983053367158652,True
3ea5979f80e04787b6df84876d954281,phase1_ofat,0,4,1059,989,2048,0.9856531192307236,False
3ed486d454f242a3bec834ff243ff1d9,phase1_ofat,0,4,1039,1009,2048,0.8257486855574822,True
3f93d7df709547ecb619bf85425c9614,phase1_ofat,0,4,1061,987,2048,0.9896305561007916,True
3fb6e053191a4e11ae8d4842f0b163a0,phase1_ofat,0,4,1038,1010,2048,0.8092119033012374,False
3fc4178ec79d48eb8c510eac64265b4d,phase1_ofat,0,4,1058,990,2048,0.9832130332598575,False
4036a7f31409472bb3c277ad4cb65a20,phase1_ofat,0,4,1034,1014,2048,0.7340119205550315,False
4044d9527e3b4a62900561f9763af288,phase1_ofat,0,4,1026,1022,2048,0.5497372320664393,False
4051617a46904fb2b4370f7a57da31ae,phase1_ofat,0,4,1052,996,2048,0.9599471747390903,False
4075da19eabd49b7b8b88aed5bbcb436,phase1_ofat,0,4,1027,1021,2048,0.5743642426858293,True
41cbe183f2ec46e68c3a9a1a137dec96,phase1_ofat,0,4,385,337,2048,0.9755060458511765,False
41cbe183f2ec46e68c3a9a1a137dec96,phase1_ofat,2,4,664,511,2048,0.9999999391784313,True
423ff4fba0e74804998e089ef8f956ed,phase1_ofat,0,2,1029,1019,2048,0.6226675344369023,True
42ceed6a7cb44aeca3f9428b6779d369,phase1_ofat,0,4,526,498,1024,0.8920424614280565,False
42e6c183a0a9402c809a73f7533575d2,phase1_ofat,0,4,1047,1001,2048,0.9247164347915846,True
42f14632e6624688a7c98f4bc216b80e,phase1_ofat,0,4,367,356,2048,0.6739271745557781,True
42f14632e6624688a7c98f4bc216b80e,phase1_ofat,2,4,691,485,2048,0.9999999999994924,True
42f14632e6624688a7c98f4bc216b80e,phase1_ofat,4,4,691,485,2048,0.9999999999994924,True
4586580c03ad4b0b9b4f111b6cab3cb7,phase1_ofat,0,4,1045,1003,2048,0.9053275028450606,False
45fdca32551948ad9d544dc6992a6041,phase1_ofat,0,4,20,10,64,0.9820715795473568,False
45fdca32551948ad9d544dc6992a6041,phase1_ofat,2,4,21,20,64,0.5750439868828073,True
45fdca32551948ad9d544dc6992a6041,phase1_ofat,4,4,21,20,64,0.5750439868828073,True
4654ce1fb6084967b02cc511abf8265a,phase1_ofat,0,4,379,344,2048,0.924288173988892,True
4654ce1fb6084967b02cc511abf8265a,phase1_ofat,2,4,673,483,2048,0.9999999999804121,True
4654ce1fb6084967b02cc511abf8265a,phase1_ofat,4,4,673,483,2048,0.9999999999804121,True
4675a429014c452d8b9f4d50a24f71ac,phase1_ofat,0,4,1037,1011,2048,0.7917459870248361,False
48b238e7c55045f8bc0c0ddc5675b1c6,phase1_ofat,0,4,1034,1014,2048,0.7340119205550315,True
48e69977839d4818830e9491aa2cac16,phase1_ofat,0,4,347,345,2048,0.5332301888109335,True
48e69977839d4818830e9491aa2cac16,phase1_ofat,2,4,703,483,2048,0.9999999999999857,True
48e69977839d4818830e9491aa2cac16,phase1_ofat,4,4,703,483,2048,0.9999999999999857,True
492def05ad9145729710512f0e5b57eb,phase1_ofat,0,4,367,325,2048,0.9600862636961667,False
492def05ad9145729710512f0e5b57eb,phase1_ofat,2,4,706,480,2048,0.9999999999999967,True
492def05ad9145729710512f0e5b57eb,phase1_ofat,4,4,706,480,2048,0.9999999999999967,True
492def05ad9145729710512f0e5b57eb,phase1_ofat,6,4,706,480,2048,0.9999999999999967,True
4941b811842d440f9b8a444af59e2d60,phase1_ofat,0,4,1038,1010,2048,0.8092119033012374,True
499cb3f8bead454fb9565bc7b42713af,phase1_ofat,0,4,360,350,2048,0.6601019657556361,True
499cb3f8bead454fb9565bc7b42713af,phase1_ofat,2,4,672,474,2048,0.9999999999974875,True
499cb3f8bead454fb9565bc7b42713af,phase1_ofat,4,4,672,474,2048,0.9999999999974875,True
4b2f2c90b1ff4320b7c9df95215d06f4,phase1_ofat,0,6,381,361,2048,0.7914213310143207,True
4b2f2c90b1ff4320b7c9df95215d06f4,phase1_ofat,4,4,684,487,2048,0.9999999999955895,True
4b77128ce938480d8bd440b499d876c0,phase1_ofat,0,4,1030,1018,2048,0.6461673234378108,True
4c6a76cddf4645c8b6f7cd47c895adf3,phase1_ofat,0,4,1037,1011,2048,0.7917459870248361,False
4d2e326cbeb6440f89470045ccae07a4,phase1_ofat,0,4,1033,1015,2048,0.7131096267795382,False
4d38c5a754754d778705d1a18dc4bc4f,phase1_ofat,0,4,371,309,2048,0.9954036053046488,False
4d38c5a754754d778705d1a18dc4bc4f,phase1_ofat,2,4,643,490,2048,0.9999999561011402,True
4d38c5a754754d778705d1a18dc4bc4f,phase1_ofat,4,4,643,490,2048,0.9999999561011402,True
4e2b4af549634c6c83a84bcb809dbadb,phase1_ofat,0,4,1045,1003,2048,0.9053275028450606,False
4fd37f36119e48c59f9baa4401bb3312,phase1_ofat,0,4,348,340,2048,0.6309399179308807,True
4fd37f36119e48c59f9baa4401bb3312,phase1_ofat,2,4,686,495,2048,0.9999999999793006,True
4fd37f36119e48c59f9baa4401bb3312,phase1_ofat,4,4,686,495,2048,0.9999999999793006,True
4fd37f36119e48c59f9baa4401bb3312,phase1_ofat,6,4,686,495,2048,0.9999999999793006,True
5004fdb1fff644f3bd397c1850ef7481,phase1_ofat,0,4,349,343,2048,0.5987751603461247,False
5004fdb1fff644f3bd397c1850ef7481,phase1_ofat,4,4,676,482,2048,0.999999999992252,True
501f0afc53d640879339d232bf8b7bb2,phase1_ofat,0,4,1043,1005,2048,0.8824867166787485,False
50649c32245743b68b231c1f4d3255ab,phase1_ofat,0,4,1044,1004,2048,0.8943528312829695,False
50f93b87cfa34b0f91b1f27c7b352169,phase1_ofat,0,3,1028,1020,2048,0.5987044783336715,False
5144f038cb794450b0ad92d632b596f9,phase1_ofat,0,4,1033,1015,2048,0.7131096267795382,False
5150cebcf3434aa39350c049ccc50886,phase1_ofat,0,4,1064,984,2048,0.9937950147858708,False
523cd9d38e874089995075c5b78ead87,phase1_ofat,0,4,369,326,2048,0.9632993793188053,True
523cd9d38e874089995075c5b78ead87,phase1_ofat,2,4,726,463,2048,1.0,True
523cd9d38e874089995075c5b78ead87,phase1_ofat,4,4,726,463,2048,1.0,True
53fe52516d5b4620acc08d500bce09ea,phase1_ofat,0,4,1034,1014,2048,0.7340119205550315,True
54233246d42f461e8b751261327d881f,phase1_ofat,0,4,380,333,2048,0.973640592089342,False
54233246d42f461e8b751261327d881f,phase1_ofat,4,4,731,492,2048,0.9999999999999997,True
544565a8d54e4beba060589d8d074cfc,phase1_ofat,0,4,1059,989,2048,0.9856531192307236,False
55320f845c904d0fbc60ae6de84de702,phase1_ofat,0,4,1027,1021,2048,0.5743642426858293,True
5563caaabb59412d92f700e2b46d09b5,phase1_ofat,0,4,716,694,4096,0.7401800340647477,True
5563caaabb59412d92f700e2b46d09b5,phase1_ofat,2,4,1358,988,4096,1.0,True
5563caaabb59412d92f700e2b46d09b5,phase1_ofat,4,4,1358,988,4096,1.0,True
557b4e5764e1479eb32bc64c42047d8e,phase1_ofat,0,4,1067,981,2048,0.9964042116075438,True
559c54e645f546d1941647676d096948,phase1_ofat,0,4,1036,1012,2048,0.7733706289595478,False
563cf9ba701a47c79ba81e5fee813049,phase1_ofat,0,4,365,351,2048,0.7176688113979913,False
563cf9ba701a47c79ba81e5fee813049,phase1_ofat,4,4,684,489,2048,0.9999999999926843,True
5725196576934a81980dc5f17413fc00,phase1_ofat,0,4,1034,1014,2048,0.7340119205550315,False
5874e6601503408f90cdb5fd77df3691,phase1_ofat,0,4,376,339,2048,0.9361434960367555,True
59e6d52ac91a4044b89d6444b9e69cc5,phase1_ofat,0,4,1026,1022,2048,0.5497372320664393,True
5b80430b5be141bcace64a42960439cc,phase1_ofat,0,4,1044,1004,2048,0.8943528312829695,False
5b9931b98de4477abf62c227a39a99b6,phase1_ofat,0,6,1031,1017,2048,0.6691229968417161,True
5bf30c9efe4d44f2adc256a73e62875b,phase1_ofat,0,4,1053,995,2048,0.9650520138225074,False
5c31b0fa2b624ebc89782eadf29de143,phase1_ofat,0,3,1085,963,2048,0.9999315079048354,True
5cd331b84a3944f8a27c11bd5f3033ca,phase1_ofat,0,4,1034,1014,2048,0.7340119205550315,True
5d1f2d5692614ce6a45b99ec422fb267,phase1_ofat,0,4,378,356,2048,0.8149513448970738,True
5d1f2d5692614ce6a45b99ec422fb267,phase1_ofat,2,4,674,468,2048,0.9999999999996826,True
5d1f2d5692614ce6a45b99ec422fb267,phase1_ofat,4,4,674,468,2048,0.9999999999996826,True
5d56892c038647dc8943d886a5506858,phase1_ofat,0,6,362,333,2048,0.886332872957989,True
5d56892c038647dc8943d886a5506858,phase1_ofat,4,4,690,510,2048,0.9999999996958098,True
5d69dbc5f9e64af0b7cdfe3378b0361e,phase1_ofat,0,4,34,30,64,0.7601701053547897,False
5d85ce7dd4d844289f776aaaf35b59f3,phase1_ofat,0,6,357,334,2048,0.8313811758713121,False
5d85ce7dd4d844289f776aaaf35b59f3,phase1_ofat,4,4,685,478,2048,0.9999999999996697,True
5f1e05fad6234260a3b2a43c2714331e,phase1_ofat,0,4,12,12,64,0.5000000000000002,True
5f1e05fad6234260a3b2a43c2714331e,phase1_ofat,2,4,21,16,64,0.8351585035097291,True
5f1e05fad6234260a3b2a43c2714331e,phase1_ofat,4,4,21,16,64,0.8351585035097291,True
5f8ab0ce047e40f7a5a9e92e6b9693c9,phase1_ofat,0,4,44,40,256,0.6833478941111762,False
5f8ab0ce047e40f7a5a9e92e6b9693c9,phase1_ofat,2,4,98,52,256,0.9999964853230449,True
5f8ab0ce047e40f7a5a9e92e6b9693c9,phase1_ofat,4,4,98,52,256,0.9999964853230449,True
5fd98c0fb8c34ef0a12234b1ca16a295,phase1_ofat,0,4,2058,2038,4096,0.6707330063296408,True
60092a4d5c724cb7baa74de32d5c36cb,phase1_ofat,0,4,345,337,2048,0.6313819742160115,False
60092a4d5c724cb7baa74de32d5c36cb,phase1_ofat,2,4,670,481,2048,0.9999999999766404,True
60092a4d5c724cb7baa74de32d5c36cb,phase1_ofat,4,4,670,481,2048,0.9999999999766404,True
60092a4d5c724cb7baa74de32d5c36cb,phase1_ofat,6,4,670,481,2048,0.9999999999766404,True
60092a4d5c724cb7baa74de32d5c36cb,phase1_ofat,8,4,670,481,2048,0.9999999999766404,True
60e40d21a08147e983433a377204bd95,phase1_ofat,0,4,1063,985,2048,0.9926104042616447,True
611d38a22c1d4ab690356277abb81841,phase1_ofat,0,4,1032,1016,2048,0.6914597687007419,True
61e3769e6032474b8925667f68b8067e,phase1_ofat,0,4,1034,1014,2048,0.7340119205550315,True
62528f856d4e44a8a229d2bf78626312,phase1_ofat,0,4,1059,989,2048,0.9856531192307236,False
62598b8bb8124f289d0ba05585d5397b,phase1_ofat,0,6,1041,1007,2048,0.855996244506425,True
625c4ce9d4b94de0beebd1fc73a5b165,phase1_ofat,0,4,1029,1019,2048,0.6226675344369023,True
6267042b6c464b2f9d79bcd0ededa512,phase1_ofat,0,4,359,342,2048,0.7596670175207071,False
6267042b6c464b2f9d79bcd0ededa512,phase1_ofat,2,4,693,487,2048,0.9999999999994647,True
6267042b6c464b2f9d79bcd0ededa512,phase1_ofat,4,4,693,487,2048,0.9999999999994647,True
62a4de8f679c42ee9a184cf08685b7c9,phase1_ofat,0,4,725,695,4096,0.8093782673326849,True
62a4de8f679c42ee9a184cf08685b7c9,phase1_ofat,2,4,1390,970,4096,1.0,True
62a4de8f679c42ee9a184cf08685b7c9,phase1_ofat,4,4,1390,970,4096,1.0,True
6343243dc2f34706909cc79f6a76c033,phase1_ofat,0,3,1050,998,2048,0.9479244942219338,False
641b9137e62b4aa3be25d8d86bc10d6d,phase1_ofat,0,4,346,344,2048,0.5332684417161365,False
641b9137e62b4aa3be25d8d86bc10d6d,phase1_ofat,1,4,719,474,2048,1.0,True
641b9137e62b4aa3be25d8d86bc10d6d,phase1_ofat,2,4,678,476,2048,0.9999999999989653,True
641b9137e62b4aa3be25d8d86bc10d6d,phase1_ofat,3,4,719,474,2048,1.0,True
641b9137e62b4aa3be25d8d86bc10d6d,phase1_ofat,4,4,678,476,2048,0.9999999999989653,True
65026be65d0f41f98a90fbb03c783e9f,phase1_ofat,0,4,2110,1986,4096,0.9969300983615165,False
659c5674a9b24406a84b36edec26a213,phase1_ofat,0,4,1037,1011,2048,0.7917459870248361,True
65eedc4589c142cfa38f836df361e33a,phase1_ofat,0,4,1050,998,2048,0.9479244942219338,True
668af01b1f944176a8fc3e6cd76405a1,phase1_ofat,0,4,347,342,2048,0.5827144549253828,False
668af01b1f944176a8fc3e6cd76405a1,phase1_ofat,2,4,709,470,2048,0.9999999999999996,True
668af01b1f944176a8fc3e6cd76405a1,phase1_ofat,4,4,709,470,2048,0.9999999999999996,True
66d1ccfc95e941d1bc534914e26c23a3,phase1_ofat,0,4,1029,1019,2048,0.6226675344369023,False
670d6c61c762460891b7b0d62076b440,phase1_ofat,0,4,1047,1001,2048,0.9247164347915846,True
691b1374dd8b48b58142229884fce949,phase1_ofat,0,4,1040,1008,2048,0.8413447372942667,False
6927fa09b0a747f09ab610e86b31f6bf,phase1_ofat,0,4,1052,996,2048,0.9599471747390903,True
6a08811b214744349bd57be07c2bd09d,phase1_ofat,0,2,530,528,2048,0.5284573831464748,True
6a08811b214744349bd57be07c2bd09d,phase1_ofat,1,2,761,540,2048,0.999999999999947,True
6a08811b214744349bd57be07c2bd09d,phase1_ofat,2,2,757,539,2048,0.9999999999998911,True
6a08811b214744349bd57be07c2bd09d,phase1_ofat,3,2,761,540,2048,0.999999999999947,True
6a08811b214744349bd57be07c2bd09d,phase1_ofat,4,2,757,539,2048,0.9999999999998911,True
6a08811b214744349bd57be07c2bd09d,phase1_ofat,5,2,761,540,2048,0.999999999999947,True
6a08811b214744349bd57be07c2bd09d,phase1_ofat,6,2,757,539,2048,0.9999999999998911,True
6a6a327eed7f47e4bb25a424651f5b70,phase1_ofat,0,2,1032,1016,2048,0.6914597687007419,True
6a85bb8112d64e70991e24be7f358079,phase1_ofat,0,3,389,373,2048,0.739700623950717,False
6a85bb8112d64e70991e24be7f358079,phase1_ofat,1,3,679,505,2048,0.9999999990453914,True
6a85bb8112d64e70991e24be7f358079,phase1_ofat,2,3,722,479,2048,1.0,True
6a85bb8112d64e70991e24be7f358079,phase1_ofat,3,3,679,505,2048,0.9999999990453914,True
6a85bb8112d64e70991e24be7f358079,phase1_ofat,4,3,722,479,2048,1.0,True
6a85bb8112d64e70991e24be7f358079,phase1_ofat,5,3,679,505,2048,0.9999999990453914,True
6b05d754539b48eea4b820bbf8270939,phase1_ofat,0,4,336,323,2048,0.7097979275355959,False
6b05d754539b48eea4b820bbf8270939,phase1_ofat,2,4,696,491,2048,0.9999999999992444,True
6b05d754539b48eea4b820bbf8270939,phase1_ofat,4,4,696,491,2048,0.9999999999992444,True
6b5628ed905a410ea0b4ef3d14583836,phase1_ofat,0,4,1035,1013,2048,0.7541138183271805,True
6bee7479e03745c28bb59fb098adda3d,phase1_ofat,0,4,355,346,2048,0.6455549092840849,False
6bee7479e03745c28bb59fb098adda3d,phase1_ofat,2,4,650,502,2048,0.9999998687609131,True
6bee7479e03745c28bb59fb098adda3d,phase1_ofat,4,4,650,502,2048,0.9999998687609131,True
6bee7479e03745c28bb59fb098adda3d,phase1_ofat,6,4,650,502,2048,0.9999998687609131,True
6bee7479e03745c28bb59fb098adda3d,phase1_ofat,8,4,650,502,2048,0.9999998687609131,True
6c8d6b92513d4f1fa8220464808b5751,phase1_ofat,0,4,192,186,1024,0.6337145956699893,False
6c8d6b92513d4f1fa8220464808b5751,phase1_ofat,2,4,344,241,1024,0.9999997769065306,True
6c8d6b92513d4f1fa8220464808b5751,phase1_ofat,4,4,344,241,1024,0.9999997769065306,True
6c9a3f4752ba458298cd6b3a3dc0e15c,phase1_ofat,0,2,1050,998,2048,0.9479244942219338,False
6e387120b98b48dd8a5bbe6a75db2fdb,phase1_ofat,0,4,1042,1006,2048,0.8697067625377641,True
6f16678480024c9c990d1296b20a67ca,phase1_ofat,0,4,1037,1011,2048,0.7917459870248361,True
6f44727b5d934c1da1060bdc16c983b8,phase1_ofat,0,4,372,340,2048,0.9064945583806193,False
6f44727b5d934c1da1060bdc16c983b8,phase1_ofat,1,4,713,457,2048,1.0,True
6f44727b5d934c1da1060bdc16c983b8,phase1_ofat,2,4,682,494,2048,0.999999999960713,True
6f44727b5d934c1da1060bdc16c983b8,phase1_ofat,3,4,713,457,2048,1.0,True
6f44727b5d934c1da1060bdc16c983b8,phase1_ofat,4,4,682,494,2048,0.999999999960713,True
6fd10623eb0741eea3f84f3144bafac2,phase1_ofat,0,4,1057,991,2048,0.9804264123412697,False
703a9b5157bd4753a98b824a24b8979a,phase1_ofat,0,4,55,43,256,0.9112754201860012,False
703a9b5157bd4753a98b824a24b8979a,phase1_ofat,2,4,99,52,256,0.9999977020405837,True
703a9b5157bd4753a98b824a24b8979a,phase1_ofat,4,4,99,52,256,0.9999977020405837,True
71498a04f2aa4da7a3f4db349fad9503,phase1_ofat,0,6,381,332,2048,0.9782930001386234,True
71498a04f2aa4da7a3f4db349fad9503,phase1_ofat,4,4,704,488,2048,0.9999999999999509,True
7177d4b8756945b5a99b2040ec08282a,phase1_ofat,0,4,725,711,4096,0.6579244685829052,False
7177d4b8756945b5a99b2040ec08282a,phase1_ofat,2,4,1367,999,4096,0.9999999999999983,True
7177d4b8756945b5a99b2040ec08282a,phase1_ofat,4,4,1367,999,4096,0.9999999999999983,True
719b748177a040a094870329f66f4b08,phase1_ofat,0,4,344,327,2048,0.7635165622815547,False
719b748177a040a094870329f66f4b08,phase1_ofat,2,4,707,473,2048,0.9999999999999999,True
719b748177a040a094870329f66f4b08,phase1_ofat,4,4,707,473,2048,0.9999999999999999,True
71b6d448469a4c7481822eeab9290a42,phase1_ofat,0,4,1037,1011,2048,0.7917459870248361,False
7226baccaea045f886431c8c5ab6305f,phase1_ofat,0,6,1034,1014,2048,0.7340119205550315,False
72439e86a1e645708e92343aa7b4a42d,phase1_ofat,0,4,372,319,2048,0.9865193628729247,True
72439e86a1e645708e92343aa7b4a42d,phase1_ofat,2,4,672,490,2048,0.9999999998675438,True
72439e86a1e645708e92343aa7b4a42d,phase1_ofat,4,4,672,490,2048,0.9999999998675438,True
726b90da86c24bd89989cb5d258a1798,phase1_ofat,0,4,130,126,256,0.6381440112396669,False
7287d8edc7d04bcb83d202e869d37a0b,phase1_ofat,0,4,8212,8172,16384,0.6707339894233088,False
73470f59f0104bf188569a1224c57a32,phase1_ofat,0,4,1049,999,2048,0.9409202645237263,False
741e8a0199f0443384cb4321093fb87b,phase1_ofat,0,4,137,119,256,0.9442383941617616,False
748dd5015333427ca590b86f1902265a,phase1_ofat,0,4,1056,992,2048,0.9772564565321858,True
74be49b763ef4e01bf0ded38ee020360,phase1_ofat,0,4,1043,1005,2048,0.8824867166787485,True
754cf57cfac34fe39e8ca7bdaa562a57,phase1_ofat,0,4,2068,2028,4096,0.8116199079766159,True
75a2c851684c4b3794811275a19f799b,phase1_ofat,0,4,341,340,2048,0.516736182822194,False
75a2c851684c4b3794811275a19f799b,phase1_ofat,2,4,649,507,2048,0.9999995975908011,True
75a2c851684c4b3794811275a19f799b,phase1_ofat,4,4,649,507,2048,0.9999995975908011,True
75e50c715cdc4aa28a411eea0c8e8bb0,phase1_ofat,0,4,1029,1019,2048,0.6226675344369023,False
766875c3150f4dc882e269384dfff07f,phase1_ofat,0,4,345,326,2048,0.7887523658839091,True
766875c3150f4dc882e269384dfff07f,phase1_ofat,1,4,703,472,2048,1.0,True
766875c3150f4dc882e269384dfff07f,phase1_ofat,2,4,654,484,2048,0.9999999985600118,True
766875c3150f4dc882e269384dfff07f,phase1_ofat,3,4,703,472,2048,1.0,True
766875c3150f4dc882e269384dfff07f,phase1_ofat,4,4,654,484,2048,0.9999999985600118,True
767eec4a6dac44ecbd124cd0a46f4cf8,phase1_ofat,0,4,1058,990,2048,0.9832130332598575,True
77f7381de0a4461bab16b336f809b0f2,phase1_ofat,0,3,1057,991,2048,0.9804264123412697,False
78d03da6636f4d8eb4fde8bdb75e0b00,phase1_ofat,0,4,353,327,2048,0.8625416549122056,False
78d03da6636f4d8eb4fde8bdb75e0b00,phase1_ofat,2,4,661,468,2048,0.9999999999931609,True
78d03da6636f4d8eb4fde8bdb75e0b00,phase1_ofat,4,4,661,468,2048,0.9999999999931609,True
791f70b288634b549652d8909901092f,phase1_ofat,0,4,1042,1006,2048,0.8697067625377641,False
793c457d92a448f082be79064822f747,phase1_ofat,0,4,1026,1022,2048,0.5497372320664393,False
79946bc75aa144cc92f8a429cd169909,phase1_ofat,0,4,2050,2046,4096,0.5352156340250827,True
79c26390bb1b4ead87eeae6fb64fde2b,phase1_ofat,0,4,2086,2010,4096,0.9534638871288078,True
7ae9e1c439a94f83b488ad8d6eec2698,phase1_ofat,0,4,8,8,16,0.500000000000067,True
7b1c6a55c3a14c7ba0d86e8f0b23d2b1,phase1_ofat,0,4,1031,1017,2048,0.6691229968417161,False
7ba5a6f50916482fbb2943de6e7bb9ca,phase1_ofat,0,4,2083,2013,4096,0.9390464288683071,False
7c5c3cf71aaf46179032374a98cb2871,phase1_ofat,0,4,6,3,16,0.881083730681911,True
7c5c3cf71aaf46179032374a98cb2871,phase1_ofat,2,4,5,5,16,0.5000000000000002,True
7c5c3cf71aaf46179032374a98cb2871,phase1_ofat,4,4,5,5,16,0.5000000000000002,True
7c860ade59d94a31b02b714e7cdf0fef,phase1_ofat,0,4,1056,992,2048,0.9772564565321858,True
7df22ab5833d4966a9a4eaf192d37f22,phase1_ofat,0,4,1082,966,2048,0.9998560195519433,False
7e923b1614944fc591f7154b5201bbb6,phase1_ofat,0,4,1068,980,2048,0.997023575317608,False
7f442b0b54284afeb22e7c88fbcfe03d,phase1_ofat,0,4,2837,2750,16384,0.8993722576376093,False
7f442b0b54284afeb22e7c88fbcfe03d,phase1_ofat,2,4,5529,3757,16384,1.0,True
7f442b0b54284afeb22e7c88fbcfe03d,phase1_ofat,4,4,5529,3757,16384,1.0,True
8135dcb31f944d3f893e74fd921923da,phase1_ofat,0,4,517,507,1024,0.6707290572908793,False
81ed41d306ef43ac802263f2085f34ed,phase1_ofat,0,4,4,3,16,0.6642697648948153,False
81ed41d306ef43ac802263f2085f34ed,phase1_ofat,2,4,5,4,16,0.6521016341618664,True
81ed41d306ef43ac802263f2085f34ed,phase1_ofat,4,4,5,4,16,0.6521016341618664,True
82e38d88c2f24b19af8b73efab8b9170,phase1_ofat,0,4,1031,1017,2048,0.6691229968417161,True
8358cf4966e04916b288d9a161dc93c6,phase1_ofat,0,4,1053,995,2048,0.9650520138225074,False
845468ed384f4c148e6bdf188d2ba4f3,phase1_ofat,0,4,1077,971,2048,0.9995387798801547,True
85b6c7239e7b4ee8a3397dd691971686,phase1_ofat,0,4,346,336,2048,0.6625369858255032,False
85b6c7239e7b4ee8a3397dd691971686,phase1_ofat,2,4,702,454,2048,0.9999999999999989,True
85b6c7239e7b4ee8a3397dd691971686,phase1_ofat,4,4,702,454,2048,0.9999999999999989,True
861c593d1949430d8d5ebbc85e062044,phase1_ofat,0,4,363,336,2048,0.868944472653265,True
861c593d1949430d8d5ebbc85e062044,phase1_ofat,2,4,675,483,2048,0.9999999999875044,True
861c593d1949430d8d5ebbc85e062044,phase1_ofat,4,4,675,483,2048,0.9999999999875044,True
869ee581b2904cea8465923da18bddc9,phase1_ofat,0,4,1063,985,2048,0.9926104042616447,False
871b3a3267a749b5bbfa9e95170cbb7d,phase1_ofat,0,4,1034,1014,2048,0.7340119205550315,True
872b84adae054aa29308261d10207c36,phase1_ofat,0,2,1071,977,2048,0.9983480814264003,True
874cff6e99cb4f249b31979206e7e632,phase1_ofat,0,4,358,352,2048,0.5977945541006807,False
874cff6e99cb4f249b31979206e7e632,phase1_ofat,2,4,680,487,2048,0.9999999999890252,True
874cff6e99cb4f249b31979206e7e632,phase1_ofat,4,4,680,487,2048,0.9999999999890252,True
874cff6e99cb4f249b31979206e7e632,phase1_ofat,6,4,680,487,2048,0.9999999999890252,True
874cff6e99cb4f249b31979206e7e632,phase1_ofat,8,4,680,487,2048,0.9999999999890252,True
885fba69d6634a688692a85eacc657e4,phase1_ofat,0,4,1048,1000,2048,0.9331977333710609,False
8ab11077434e46f1907c90eac48e4c37,phase1_ofat,0,4,1035,1013,2048,0.7541138183271805,False
8cb04a05516b433299841a820e7fe5e0,phase1_ofat,0,4,47,35,256,0.926072391540294,True
8cb04a05516b433299841a820e7fe5e0,phase1_ofat,2,4,77,63,256,0.9175139587792862,True
8cb04a05516b433299841a820e7fe5e0,phase1_ofat,4,4,77,63,256,0.9175139587792862,True
8d6364e7d5944127bf89ed9393327501,phase1_ofat,0,4,376,359,2048,0.7555950509279082,False
8d6364e7d5944127bf89ed9393327501,phase1_ofat,2,4,700,468,2048,0.9999999999999992,True
8d6364e7d5944127bf89ed9393327501,phase1_ofat,4,4,700,468,2048,0.9999999999999992,True
8f40826397304522a8b97c6087fa79ae,phase1_ofat,0,4,354,336,2048,0.7738035966275518,True
8f40826397304522a8b97c6087fa79ae,phase1_ofat,2,4,671,494,2048,0.9999999995850736,True
8f40826397304522a8b97c6087fa79ae,phase1_ofat,4,4,671,494,2048,0.9999999995850736,True
8f60b423a54d49f2b3fdc38e28e2e595,phase1_ofat,0,4,513,511,1024,0.535214565631085,True
8fb768e0fb3644f1b0b3fc7e48a978d3,phase1_ofat,0,4,2091,2005,4096,0.9713096730279156,True
8fc1420abe6b42b38e9440ca732aac74,phase1_ofat,0,4,361,360,2048,0.5163617317685726,False
8fc1420abe6b42b38e9440ca732aac74,phase1_ofat,2,4,679,483,2048,0.9999999999949718,True
8fc1420abe6b42b38e9440ca732aac74,phase1_ofat,4,4,679,483,2048,0.9999999999949718,True
8fc1420abe6b42b38e9440ca732aac74,phase1_ofat,6,4,679,483,2048,0.9999999999949718,True
8fc1420abe6b42b38e9440ca732aac74,phase1_ofat,8,4,679,483,2048,0.9999999999949718,True
8fee074731df4d5aa16be4063e651a92,phase1_ofat,0,4,8201,8183,16384,0.5788190706508177,False
902206ecf392461c8b8a348202b40954,phase1_ofat,0,4,353,353,2048,0.5,True
902206ecf392461c8b8a348202b40954,phase1_ofat,2,4,691,503,2048,0.9999999999522005,True
902206ecf392461c8b8a348202b40954,phase1_ofat,4,4,691,503,2048,0.9999999999522005,True
90a63530f9404c57944446f1a90e4c1a,phase1_ofat,0,4,371,338,2048,0.9135575002317619,False
90a63530f9404c57944446f1a90e4c1a,phase1_ofat,2,4,657,504,2048,0.9999999452628485,True
90a63530f9404c57944446f1a90e4c1a,phase1_ofat,4,4,657,504,2048,0.9999999452628485,True
9107930390ac4f1ea53d923d6d4a04e0,phase1_ofat,0,4,2087,2009,4096,0.9576106219992305,False
91280fbe986c41ed842ad65fed654eb8,phase1_ofat,0,4,380,340,2048,0.9497276432824016,True
91280fbe986c41ed842ad65fed654eb8,phase1_ofat,4,4,708,477,2048,0.9999999999999991,True
91510fb3b8f649b684e45851f84f44f1,phase1_ofat,0,4,129,127,256,0.5701469911886523,False
91931a47a56740b285b7fcfb96aa8105,phase1_ofat,0,4,203,163,1024,0.9895193104727487,True
91931a47a56740b285b7fcfb96aa8105,phase1_ofat,2,4,346,235,1024,0.999999975292137,True
91931a47a56740b285b7fcfb96aa8105,phase1_ofat,4,4,346,235,1024,0.999999975292137,True
9222dde8423643a2bb35d874edcd8ed6,phase1_ofat,0,4,1047,1001,2048,0.9247164347915846,True
94d77b2142404336b47b8fde0cf6c6a3,phase1_ofat,0,3,391,383,2048,0.6252428741471787,False
94d77b2142404336b47b8fde0cf6c6a3,phase1_ofat,1,3,738,480,2048,0.9999999999999992,True
94d77b2142404336b47b8fde0cf6c6a3,phase1_ofat,2,3,657,517,2048,0.9999993567655967,True
94d77b2142404336b47b8fde0cf6c6a3,phase1_ofat,3,3,738,480,2048,0.9999999999999992,True
94d77b2142404336b47b8fde0cf6c6a3,phase1_ofat,4,3,657,517,2048,0.9999993567655967,True
94d77b2142404336b47b8fde0cf6c6a3,phase1_ofat,5,3,738,480,2048,0.9999999999999992,True
956916f81bdb4501ab7812325db9a505,phase1_ofat,0,2,529,514,2048,0.7046982685539677,True
956916f81bdb4501ab7812325db9a505,phase1_ofat,1,2,766,518,2048,1.0,True
956916f81bdb4501ab7812325db9a505,phase1_ofat,2,2,764,511,2048,0.9999999999999993,True
956916f81bdb4501ab7812325db9a505,phase1_ofat,3,2,766,518,2048,1.0,True
956916f81bdb4501ab7812325db9a505,phase1_ofat,4,2,764,511,2048,0.9999999999999993,True
956916f81bdb4501ab7812325db9a505,phase1_ofat,5,2,766,518,2048,1.0,True
956916f81bdb4501ab7812325db9a505,phase1_ofat,6,2,764,511,2048,0.9999999999999993,True
96bcad71129c4efdbe9bbffde6c8b682,phase1_ofat,0,4,1029,1019,2048,0.6226675344369023,True
9734e57cb9f243f2971c8bcc96f7209c,phase1_ofat,0,6,1035,1013,2048,0.7541138183271805,True
973d3efe33f1408886298f6794298132,phase1_ofat,0,4,9,7,16,0.7598319019579303,True
973ee75b7c8642b088c3861444dc4e92,phase1_ofat,0,4,352,349,2048,0.5495196111991862,False
973ee75b7c8642b088c3861444dc4e92,phase1_ofat,2,4,679,469,2048,0.9999999999998749,True
973ee75b7c8642b088c3861444dc4e92,phase1_ofat,4,4,679,469,2048,0.9999999999998749,True
977d403e8b434e2baedd18f830945772,phase1_ofat,0,4,1027,1021,2048,0.5743642426858293,True
97c75482ba314fc9b93f331f21d7b921,phase1_ofat,0,4,1026,1022,2048,0.5497372320664393,False
98b04973019e4d2697f2789e03cd44b5,phase1_ofat,0,4,35,29,64,0.8555885426041854,False
9c4dd1f5b80e42cc9b16b1318df37dcb,phase1_ofat,0,4,1047,1001,2048,0.9247164347915846,True
9cbc3ab69fdb4603bc081c0d0fe537c0,phase1_ofat,0,4,8210,8174,16384,0.654591549802706,False
9d800c403ca94e9f9987fc079374a83f,phase1_ofat,0,4,35,29,64,0.8555885426041854,False
9dbf74e671d74e0fa34ef97c80bbfbf9,phase1_ofat,0,4,32,32,64,0.5000000000000006,True
9dc491f7826f4aa9867dca3038380282,phase1_ofat,0,4,1035,1013,2048,0.7541138183271805,True
9e505d01de0f4bb1a4b530659f3a07eb,phase1_ofat,0,4,1048,1000,2048,0.9331977333710609,True
9e5626a588eb413d8452ee47a1dabe85,phase1_ofat,0,4,357,345,2048,0.6905884892049196,False
9e5626a588eb413d8452ee47a1dabe85,phase1_ofat,2,4,715,469,2048,0.9999999999999991,True
9e5626a588eb413d8452ee47a1dabe85,phase1_ofat,4,4,715,469,2048,0.9999999999999991,True
9ef90e6f27784a03902eba217ef80b56,phase1_ofat,0,4,1030,1018,2048,0.6461673234378108,False
9f37d869c23a42ebbc47d63c36db836b,phase1_ofat,0,4,1033,1015,2048,0.7131096267795382,True
9f8e4f92556240c8ba43615690c5e7d6,phase1_ofat,0,3,388,382,2048,0.5948099947173281,False
9f8e4f92556240c8ba43615690c5e7d6,phase1_ofat,1,3,696,514,2048,0.9999999997838859,True
9f8e4f92556240c8ba43615690c5e7d6,phase1_ofat,2,3,701,500,2048,0.999999999997593,True
9f8e4f92556240c8ba43615690c5e7d6,phase1_ofat,3,3,696,514,2048,0.9999999997838859,True
9f8e4f92556240c8ba43615690c5e7d6,phase1_ofat,4,3,701,500,2048,0.999999999997593,True
9f8e4f92556240c8ba43615690c5e7d6,phase1_ofat,5,3,696,514,2048,0.9999999997838859,True
9fe19b5deb2648ee83dd14524ab84fd4,phase1_ofat,0,4,1059,989,2048,0.9856531192307236,True
a1766b222e804c9eadfe8dca48f79d3a,phase1_ofat,0,4,1046,1002,2048,0.9154381326995944,True
a1af3867d00e4e9cb7c6803172387e88,phase1_ofat,0,4,36,28,64,0.9214785604707095,False
a1eb162264ee401e8e95b7837ac579b5,phase1_ofat,0,3,417,380,2048,0.9279206965450276,False
a1eb162264ee401e8e95b7837ac579b5,phase1_ofat,1,3,716,485,2048,0.9999999999999982,True
a1eb162264ee401e8e95b7837ac579b5,phase1_ofat,2,3,689,475,2048,0.9999999999999443,True
a1eb162264ee401e8e95b7837ac579b5,phase1_ofat,3,3,716,485,2048,0.9999999999999982,True
a1eb162264ee401e8e95b7837ac579b5,phase1_ofat,4,3,689,475,2048,0.9999999999999443,True
a1eb162264ee401e8e95b7837ac579b5,phase1_ofat,5,3,716,485,2048,0.9999999999999982,True
a21ad97a75a04f1c84173d923a8589a2,phase1_ofat,0,4,2805,2796,16384,0.5525361712480508,True
a21ad97a75a04f1c84173d923a8589a2,phase1_ofat,2,4,5500,3823,16384,1.0,True
a21ad97a75a04f1c84173d923a8589a2,phase1_ofat,4,4,5500,3823,16384,1.0,True
a3141e52a3124a468fc5cdecee261f9c,phase1_ofat,0,4,1039,1009,2048,0.8257486855574822,False
a316cd7ed92449e4af1fde156ed130e7,phase1_ofat,0,4,1037,1011,2048,0.7917459870248361,False
a35f626d474c42179a2d2446b14add3b,phase1_ofat,0,4,1029,1019,2048,0.6226675344369023,False
a398ce491faa4722bf83d2b64e3809da,phase1_ofat,0,4,1043,1005,2048,0.8824867166787485,False
a3a5ae8a58094dfeb4542119c20724e1,phase1_ofat,0,4,356,339,2048,0.7604169077394063,True
a3a5ae8a58094dfeb4542119c20724e1,phase1_ofat,3,4,690,463,2048,0.9999999999999986,True
a3a5ae8a58094dfeb4542119c20724e1,phase1_ofat,6,2,757,522,2048,0.9999999999999992,True
a45fd1061aa4494b9beb26062f56174d,phase1_ofat,0,4,1034,1014,2048,0.7340119205550315,True
a4a809e44130462b825231b27516f534,phase1_ofat,0,4,1038,1010,2048,0.8092119033012374,False
a4bbe3cfc981424db399dfad24e0998a,phase1_ofat,0,2,1075,973,2048,0.9992839312965901,False
a56b0d609bea42f3bd6047ff44bba819,phase1_ofat,0,4,56,43,256,0.9272530658789909,True
a56b0d609bea42f3bd6047ff44bba819,phase1_ofat,2,4,75,62,256,0.9028704097570603,True
a56b0d609bea42f3bd6047ff44bba819,phase1_ofat,4,4,75,62,256,0.9028704097570603,True
a60e71bd9c6e49bb947a3e67c882aac0,phase1_ofat,0,4,177,160,1024,0.8445067447942769,False
a60e71bd9c6e49bb947a3e67c882aac0,phase1_ofat,2,4,320,252,1024,0.9995986878952319,True
a60e71bd9c6e49bb947a3e67c882aac0,phase1_ofat,4,4,320,252,1024,0.9995986878952319,True
a62e7cbbb3854d538e4116e97b02ace6,phase1_ofat,0,4,16,9,64,0.9412644413633446,True
a62e7cbbb3854d538e4116e97b02ace6,phase1_ofat,2,4,22,16,64,0.8772102513638776,True
a62e7cbbb3854d538e4116e97b02ace6,phase1_ofat,4,4,22,16,64,0.8772102513638776,True
a6dbd5e5f02c40ab8e45bfa578751bd3,phase1_ofat,0,4,1057,991,2048,0.9804264123412697,True
a77bcf3f3ef14a04b8565438d55a9bb5,phase1_ofat,0,4,351,343,2048,0.6305042084727401,False
a77bcf3f3ef14a04b8565438d55a9bb5,phase1_ofat,2,4,718,463,2048,0.9999999999999993,True
a77bcf3f3ef14a04b8565438d55a9bb5,phase1_ofat,4,4,718,463,2048,0.9999999999999993,True
a924942aadd3458c92ca42ea6567801e,phase1_ofat,0,3,1050,998,2048,0.9479244942219338,False
a965156c2a174533a360926e28aa1ea2,phase1_ofat,0,4,8271,8113,16384,0.9595666229761377,False
aa3b288a4cfa4eac9f1f0de299dc724c,phase1_ofat,0,3,1028,1020,2048,0.5987044783336715,False
aa93e1b669d545b19397bc9b362539c2,phase1_ofat,0,4,371,356,2048,0.7301886618382728,True
aa93e1b669d545b19397bc9b362539c2,phase1_ofat,2,4,711,463,2048,0.9999999999999982,True
aa93e1b669d545b19397bc9b362539c2,phase1_ofat,4,4,711,463,2048,0.9999999999999982,True
ac2f4bcd7dfc4fd5853270e1d162a713,phase1_ofat,0,4,370,349,2048,0.8057944683937276,False
ac2f4bcd7dfc4fd5853270e1d162a713,phase1_ofat,3,4,698,461,2048,1.0,True
ac2f4bcd7dfc4fd5853270e1d162a713,phase1_ofat,6,2,762,523,2048,0.9999999999999986,True
acc2fae13bb844a98f9526fd0d2ac4a8,phase1_ofat,0,4,1024,1024,2048,0.4999999999999994,False
ad554de511b543989abe9a74234003ab,phase1_ofat,0,4,1048,1000,2048,0.9331977333710609,True
ae192e9670ac4691affe9be4f61a21a6,phase1_ofat,0,4,1037,1011,2048,0.7917459870248361,True
ae5c54f9c6df4badb555a453904e2c3a,phase1_ofat,0,2,1052,996,2048,0.9599471747390903,False
aeab79d9aa0b44b7bf9cb853bbda08ac,phase1_ofat,0,4,1051,997,2048,0.954252464125098,True
aff19dc2114441cf9f0c0bee46739d03,phase1_ofat,0,4,515,509,1024,0.6045549599058306,False
b065e1cca84f4dbabd1f2a6a53f2b2ca,phase1_ofat,0,4,1038,1010,2048,0.8092119033012374,True
b06ff3157fd5470fa645e60914fb946e,phase1_ofat,0,4,1029,1019,2048,0.6226675344369023,True
b0bc846ead394ca697bae75ebb8d7bfb,phase1_ofat,0,4,1027,1021,2048,0.5743642426858293,False
b121d5bc63874ee29e0afc2107476f3a,phase1_ofat,0,6,1040,1008,2048,0.8413447372942667,False
b14f96b42e5a404da4680fd8553a74f5,phase1_ofat,0,4,1050,998,2048,0.9479244942219338,True
b1ff841e748044b3a3cf148473b51e50,phase1_ofat,0,4,1024,1024,2048,0.4999999999999994,True
b29192a5f4fd43deaf138ffa1c1b9617,phase1_ofat,0,4,1037,1011,2048,0.7917459870248361,False
b4305bdb3b114372b0102b6363d462de,phase1_ofat,0,4,372,339,2048,0.9133181781822437,True
b4305bdb3b114372b0102b6363d462de,phase1_ofat,2,4,723,468,2048,1.0,True
b4305bdb3b114372b0102b6363d462de,phase1_ofat,4,4,723,468,2048,1.0,True
b489300b8a43496da52e599efe6db839,phase1_ofat,0,4,368,337,2048,0.9002950687925361,False
b4d109fecd2a4cbfadc6d81d32faa089,phase1_ofat,0,4,1036,1012,2048,0.7733706289595478,True
b6947b9bca8e43dfa98826cce2ddae13,phase1_ofat,0,4,369,360,2048,0.643424425496468,True
b6947b9bca8e43dfa98826cce2ddae13,phase1_ofat,2,4,701,478,2048,0.9999999999999938,True
b6947b9bca8e43dfa98826cce2ddae13,phase1_ofat,4,4,701,478,2048,0.9999999999999938,True
b69780b582c849d1b02c6611aa9a455c,phase1_ofat,0,4,1025,1023,2048,0.5249171637976707,False
b6f11d85bbfd446d802305586090ab82,phase1_ofat,0,4,1070,978,2048,0.9979825813113143,False
b730f41d67ea49b7b3e83840f08abd7c,phase1_ofat,0,4,1035,1013,2048,0.7541138183271805,True
b73925c7dd204c64a4d9d67494579f6c,phase1_ofat,0,4,1040,1008,2048,0.8413447372942667,True
b74492e056244fb38ba36907c47eea19,phase1_ofat,0,4,2817,2757,16384,0.8111591527658187,False
b74492e056244fb38ba36907c47eea19,phase1_ofat,2,4,5552,3834,16384,1.0,True
b74492e056244fb38ba36907c47eea19,phase1_ofat,4,4,5552,3834,16384,1.0,True
b7896476e42d4fa18f140036bba87ef3,phase1_ofat,0,4,1056,992,2048,0.9772564565321858,True
b9bcb69acc2c48c69ddb2c9fc93efbe0,phase1_ofat,0,4,327,326,2048,0.5170213358756974,False
b9bcb69acc2c48c69ddb2c9fc93efbe0,phase1_ofat,2,4,698,494,2048,0.9999999999989693,True
b9bcb69acc2c48c69ddb2c9fc93efbe0,phase1_ofat,4,4,698,494,2048,0.9999999999989693,True
ba4884e6ccd042c7b420b7a38506eca5,phase1_ofat,0,4,1027,1021,2048,0.5743642426858293,False
bb50fae9834b4b0489f41f300c057b70,phase1_ofat,0,4,1032,1016,2048,0.6914597687007419,True
bbd973d879b0451a87f596be425e7307,phase1_ofat,0,4,2089,2007,4096,0.9650071490915978,True
bc33df76ee9343cc923ca41a1a7f31ba,phase1_ofat,0,4,1027,1021,2048,0.5743642426858293,True
bc7e0e4031a043539941a363da2460a2,phase1_ofat,0,4,1045,1003,2048,0.9053275028450606,True
bd1fdf24ecd64f4ab064fa2e4281774c,phase1_ofat,0,4,1054,994,2048,0.9696102361646572,False
bdb7a88171a64892bdc0ffb7e91da1d4,phase1_ofat,0,4,1063,985,2048,0.9926104042616447,False
be312fcc69614a62808352396feb6f35,phase1_ofat,0,4,140,116,256,0.9831032855047428,False
be67ef7d6507421cb6c1f2608973e27c,phase1_ofat,0,4,2896,2879,16384,0.5973417138889616,False
be67ef7d6507421cb6c1f2608973e27c,phase1_ofat,2,4,5442,3877,16384,1.0,True
be67ef7d6507421cb6c1f2608973e27c,phase1_ofat,4,4,5442,3877,16384,1.0,True
bebeea79df7c406f9fdae0c666361441,phase1_ofat,0,4,1033,1015,2048,0.7131096267795382,False
bf42f797423c4c48b74043d0da566aad,phase1_ofat,0,4,1030,1018,2048,0.6461673234378108,True
bfb660fb7d134e2d96db8dbd2763f81e,phase1_ofat,0,4,1089,959,2048,0.9999758581592466,True
c1518a286a3d40618e711ef0568a0e5c,phase1_ofat,0,4,1067,981,2048,0.9964042116075438,True
c23fc18299684c7fb40c5e51d1359fda,phase1_ofat,0,4,374,345,2048,0.8832004571726279,True
c23fc18299684c7fb40c5e51d1359fda,phase1_ofat,4,4,698,476,2048,0.9999999999999929,True
c2c4e16f3c9a45d6beaa807296b83d6a,phase1_ofat,0,4,1064,984,2048,0.9937950147858708,False
c2f89d93482a4ce4ba0ffdf1cd9799dc,phase1_ofat,0,4,357,342,2048,0.7333458366171673,True
c2f89d93482a4ce4ba0ffdf1cd9799dc,phase1_ofat,2,4,727,463,2048,0.9999999999999991,True
c2f89d93482a4ce4ba0ffdf1cd9799dc,phase1_ofat,4,4,727,463,2048,0.9999999999999991,True
c2f89d93482a4ce4ba0ffdf1cd9799dc,phase1_ofat,6,4,727,463,2048,0.9999999999999991,True
c35cf64f8a7d42589fc231ce55eeae33,phase1_ofat,0,2,543,520,2048,0.7938298935171794,False
c35cf64f8a7d42589fc231ce55eeae33,phase1_ofat,1,2,774,530,2048,1.0,True
c35cf64f8a7d42589fc231ce55eeae33,phase1_ofat,2,2,749,522,2048,0.9999999999999912,True
c35cf64f8a7d42589fc231ce55eeae33,phase1_ofat,3,2,774,530,2048,1.0,True
c35cf64f8a7d42589fc231ce55eeae33,phase1_ofat,4,2,749,522,2048,0.9999999999999912,True
c35cf64f8a7d42589fc231ce55eeae33,phase1_ofat,5,2,774,530,2048,1.0,True
c35cf64f8a7d42589fc231ce55eeae33,phase1_ofat,6,2,749,522,2048,0.9999999999999912,True
c3b2d056cd3b4b618d388855967d5c97,phase1_ofat,0,4,527,497,1024,0.9075579433653045,False
c3fa8dbc85a1454db297f91a9b29d946,phase1_ofat,0,4,1037,1011,2048,0.7917459870248361,True
c452e7544f674b3ab966d46e74f5d1b5,phase1_ofat,0,3,1043,1005,2048,0.8824867166787485,True
c5163abce4d44511bd2e6af3e826d2af,phase1_ofat,0,4,1055,993,2048,0.9736644991115404,True
c53dadce698d4657bc919088da8aaf46,phase1_ofat,0,4,1030,1018,2048,0.6461673234378108,True
c5907897b33b47c9baed0a5deed08bef,phase1_ofat,0,4,136,120,256,0.9213837455043606,False
c64739f9413f40b1bcafb768932e12ac,phase1_ofat,0,4,1070,978,2048,0.9979825813113143,False
c6622a10e54540e1a76b3f9364e308d3,phase1_ofat,0,4,380,354,2048,0.8552636827721918,True
c6622a10e54540e1a76b3f9364e308d3,phase1_ofat,2,4,706,490,2048,0.9999999999999485,True
c6622a10e54540e1a76b3f9364e308d3,phase1_ofat,4,4,706,490,2048,0.9999999999999485,True
c71268e9e728491a99e8c926c652e62e,phase1_ofat,0,3,424,392,2048,0.8946940283378069,False
c71268e9e728491a99e8c926c652e62e,phase1_ofat,1,3,687,498,2048,0.9999999999655487,True
c71268e9e728491a99e8c926c652e62e,phase1_ofat,2,3,695,506,2048,0.9999999999590343,True
c71268e9e728491a99e8c926c652e62e,phase1_ofat,3,3,687,498,2048,0.9999999999655487,True
c71268e9e728491a99e8c926c652e62e,phase1_ofat,4,3,695,506,2048,0.9999999999590343,True
c71268e9e728491a99e8c926c652e62e,phase1_ofat,5,3,687,498,2048,0.9999999999655487,True
c75f80e14b4e46dabcbd40a98fd041ce,phase1_ofat,0,4,9,7,16,0.7598319019579303,False
c796a99ceefe4ebea8305bfc02b9e0c4,phase1_ofat,0,4,1046,1002,2048,0.9154381326995944,False
c897ef3877894dd69dcc60846a59a194,phase1_ofat,0,4,1061,987,2048,0.9896305561007916,False
c8ae2740e58f4c5388be191095f62528,phase1_ofat,0,4,368,335,2048,0.9142794555300455,False
c8ae2740e58f4c5388be191095f62528,phase1_ofat,2,4,688,495,2048,0.9999999999867595,True
c8ae2740e58f4c5388be191095f62528,phase1_ofat,4,4,688,495,2048,0.9999999999867595,True
ca4ae538c5bf4c87a2121f7e8b3cf0b0,phase1_ofat,0,4,1053,995,2048,0.9650520138225074,False
cb86bfca8e6949e2a3aa29e5ade0df5d,phase1_ofat,0,4,358,358,2048,0.4999999999999993,False
cb86bfca8e6949e2a3aa29e5ade0df5d,phase1_ofat,2,4,696,472,2048,0.9999999999999949,True
cb86bfca8e6949e2a3aa29e5ade0df5d,phase1_ofat,4,4,696,472,2048,0.9999999999999949,True
cb87dd2530f9469188f9bee091f1cfc4,phase1_ofat,0,4,357,328,2048,0.8876744782062852,True
cb87dd2530f9469188f9bee091f1cfc4,phase1_ofat,2,4,704,475,2048,0.999999999999998,True
cb87dd2530f9469188f9bee091f1cfc4,phase1_ofat,4,4,704,475,2048,0.999999999999998,True
cc2cd7760305450ca318c22b8350fc0c,phase1_ofat,0,4,355,340,2048,0.7338130209666607,False
cc2cd7760305450ca318c22b8350fc0c,phase1_ofat,2,4,674,502,2048,0.9999999986448029,True
cc2cd7760305450ca318c22b8350fc0c,phase1_ofat,4,4,674,502,2048,0.9999999986448029,True
ccc4d68ca4794d73a71eed030161b153,phase1_ofat,0,4,40,24,64,0.9977550299490647,True
ce010e138b8f407199563d28ee2cc339,phase1_ofat,0,4,1034,1014,2048,0.7340119205550315,False
ce8f4737028549b5ac4fe94475cb4710,phase1_ofat,0,4,3,3,16,0.5000000000000001,True
ce8f4737028549b5ac4fe94475cb4710,phase1_ofat,2,4,6,4,16,0.7765484257488472,True
ce8f4737028549b5ac4fe94475cb4710,phase1_ofat,4,4,6,4,16,0.7765484257488472,True
ceadfe33df16415bb0101dee9f3db8cb,phase1_ofat,0,2,1037,1011,2048,0.7917459870248361,True
cfa79c6b247744519a2c3d215f37ce2f,phase1_ofat,0,4,1030,1018,2048,0.6461673234378108,True
d057798fc27746f6b19fdeb15b3ab604,phase1_ofat,0,4,130,126,256,0.6381440112396669,True
d0c95641ba684d349e8bc63fd9d7aace,phase1_ofat,0,4,1045,1003,2048,0.9053275028450606,True
d0ca4ce5a0fc4194a5bda0a13252cb56,phase1_ofat,0,4,1040,1008,2048,0.8413447372942667,False
d16ad6a77019452dbad3a95c3ab034cf,phase1_ofat,0,4,1059,989,2048,0.9856531192307236,True
d2b3156a7e414fcda79934a57da81025,phase1_ofat,0,4,1029,1019,2048,0.6226675344369023,True
d3d83521aae54a1091b1c8954b2523fc,phase1_ofat,0,4,8227,8157,16384,0.780356341833829,False
d6a86cec38b24324a44197dd33a81085,phase1_ofat,0,4,1042,1006,2048,0.8697067625377641,True
d6bc259b010847cc94324bcbd57a4da3,phase1_ofat,0,4,1063,985,2048,0.9926104042616447,False
d731c6c593294349b1f30762d1556e40,phase1_ofat,0,4,1026,1022,2048,0.5497372320664393,True
d773cb2af45d44de8241963d99be5273,phase1_ofat,0,4,359,340,2048,0.7849740265713379,True
d773cb2af45d44de8241963d99be5273,phase1_ofat,3,4,713,482,2048,0.9999999999999994,True
d773cb2af45d44de8241963d99be5273,phase1_ofat,6,2,759,541,2048,0.9999999999998851,True
d7a695cc874d439082180ebfdda409e5,phase1_ofat,0,4,1028,1020,2048,0.5987044783336715,True
d7d134216dd049e8b081169f519149cc,phase1_ofat,0,4,1066,982,2048,0.9956715542504859,True
d8197701fd53490cbec0b1a60f7708bf,phase1_ofat,0,4,1045,1003,2048,0.9053275028450606,False
d91316812aac4a22b8e70abb0f65fa5a,phase1_ofat,0,4,1036,1012,2048,0.7733706289595478,False
d933cde0fdfc47d4ba1d0f2872bcc558,phase1_ofat,0,4,376,367,2048,0.6424097165071058,True
d933cde0fdfc47d4ba1d0f2872bcc558,phase1_ofat,2,4,687,481,2048,0.999999999999544,True
d933cde0fdfc47d4ba1d0f2872bcc558,phase1_ofat,4,4,687,481,2048,0.999999999999544,True
da3ebfb58e8041b197f32587d7f19049,phase1_ofat,0,6,1059,989,2048,0.9856531192307236,True
da5c88c8880747228eb02b15f3847cb4,phase1_ofat,0,4,1078,970,2048,0.9996318780570121,False
db35a3f02d264180a35707402171f412,phase1_ofat,0,4,1054,994,2048,0.9696102361646572,True
dbc4db1ef7fe497b8080fb0c5cd2ad2d,phase1_ofat,0,4,1071,977,2048,0.9983480814264003,True
dc0478082f8342c19a8f6e7bb7718501,phase1_ofat,0,4,1055,993,2048,0.9736644991115404,True
dc551f33e3bc424dbaed82e36d311d74,phase1_ofat,0,4,1034,1014,2048,0.7340119205550315,True
dda233dc1bb644e3b6b04fd62c949616,phase1_ofat,0,4,330,323,2048,0.6174369544777659,False
dda233dc1bb644e3b6b04fd62c949616,phase1_ofat,2,4,670,495,2048,0.9999999993586092,True
dda233dc1bb644e3b6b04fd62c949616,phase1_ofat,4,4,670,495,2048,0.9999999993586092,True
de1f9983bca34d2da22b2cff7e93a8ad,phase1_ofat,0,4,1026,1022,2048,0.5497372320664393,True
dff2abfdec1d4f52aa750d1f0b1f21fe,phase1_ofat,0,4,379,365,2048,0.7147600452242732,False
dff2abfdec1d4f52aa750d1f0b1f21fe,phase1_ofat,2,4,691,507,2048,0.9999999998768601,True
dff2abfdec1d4f52aa750d1f0b1f21fe,phase1_ofat,4,4,691,507,2048,0.9999999998768601,True
dff2abfdec1d4f52aa750d1f0b1f21fe,phase1_ofat,6,4,691,507,2048,0.9999999998768601,True
e073631f80204c4e9540a4545f2ea10c,phase1_ofat,0,6,349,302,2048,0.9777395385380958,True
e073631f80204c4e9540a4545f2ea10c,phase1_ofat,4,4,696,499,2048,0.9999999999941147,True
e11b78acbfd443f79ad99510efcda247,phase1_ofat,0,4,368,319,2048,0.979805838741621,True
e11b78acbfd443f79ad99510efcda247,phase1_ofat,2,4,647,488,2048,0.999999986325289,True
e11b78acbfd443f79ad99510efcda247,phase1_ofat,4,4,647,488,2048,0.999999986325289,True
e15c0c2e396d42dab511f9597fa233c6,phase1_ofat,0,4,372,349,2048,0.8273193401575604,True
e15c0c2e396d42dab511f9597fa233c6,phase1_ofat,2,4,696,488,2048,0.999999999999658,True
e15c0c2e396d42dab511f9597fa233c6,phase1_ofat,4,4,696,488,2048,0.999999999999658,True
e1a27c9dbff843bab70213753fadc002,phase1_ofat,0,4,1066,982,2048,0.9956715542504859,False
e2099830053e4dfba4110b874e13cf3b,phase1_ofat,0,4,1034,1014,2048,0.7340119205550315,True
e26eff65048a4cf6ae764f7d1c40968e,phase1_ofat,0,4,129,127,256,0.5701469911886523,True
e2cdb6a6a2504973bd127c180c659a43,phase1_ofat,0,4,1025,1023,2048,0.5249171637976707,False
e372ef7a38944dd2ad0f3ff7557659c6,phase1_ofat,0,4,366,360,2048,0.5969575450424711,True
e372ef7a38944dd2ad0f3ff7557659c6,phase1_ofat,2,4,691,486,2048,0.9999999999993383,True
e372ef7a38944dd2ad0f3ff7557659c6,phase1_ofat,4,4,691,486,2048,0.9999999999993383,True
e38fcdcb9cb0453889414c388e5e4e18,phase1_ofat,0,4,1043,1005,2048,0.8824867166787485,False
e7207c37ec4c4276b39c27511b90f911,phase1_ofat,0,4,1034,1014,2048,0.7340119205550315,True
e7ca9091fe8242d1adec66731d9f1e97,phase1_ofat,0,4,356,338,2048,0.7732833844147728,True
e7d1d65e1ba541b18102c3e98918e70a,phase1_ofat,0,4,1047,1001,2048,0.9247164347915846,True
e856aa7099fd44adb7bacfbaec2af534,phase1_ofat,0,4,372,346,2048,0.8573478090320729,True
e856aa7099fd44adb7bacfbaec2af534,phase1_ofat,2,4,660,507,2048,0.9999999427111446,True
e856aa7099fd44adb7bacfbaec2af534,phase1_ofat,4,4,660,507,2048,0.9999999427111446,True
e87c495d3700458584093a9e4382e654,phase1_ofat,0,4,389,350,2048,0.9435034162281489,False
e87c495d3700458584093a9e4382e654,phase1_ofat,2,4,674,473,2048,0.9999999999987914,True
e87c495d3700458584093a9e4382e654,phase1_ofat,4,4,674,473,2048,0.9999999999987914,True
e8c1e55953f94378bb56c81e8a31c516,phase1_ofat,0,4,1048,1000,2048,0.9331977333710609,True
e8ffde9828524788a178c17c9e93dfc9,phase1_ofat,0,4,360,306,2048,0.988915297592119,False
e8ffde9828524788a178c17c9e93dfc9,phase1_ofat,2,4,646,501,2048,0.999999779944235,True
e8ffde9828524788a178c17c9e93dfc9,phase1_ofat,4,4,646,501,2048,0.999999779944235,True
e9b13d9abdb74ed28bcb4a17b2f7738c,phase1_ofat,0,2,1030,1018,2048,0.6461673234378108,False
eaf8fd66ad70413aa92c12948c831191,phase1_ofat,0,4,1070,978,2048,0.9979825813113143,True
eb5c9201391045d6893869a65db03ac0,phase1_ofat,0,4,1031,1017,2048,0.6691229968417161,False
eb5c96708b104622988a95e3f00cc81f,phase1_ofat,0,6,1028,1020,2048,0.5987044783336715,False
ec6fd77b370c49e2ab91346de4bc2737,phase1_ofat,0,4,727,715,4096,0.6361242400678151,True
ec6fd77b370c49e2ab91346de4bc2737,phase1_ofat,2,4,1362,939,4096,1.0,True
ec6fd77b370c49e2ab91346de4bc2737,phase1_ofat,4,4,1362,939,4096,1.0,True
ecb035da4913440fae3cc476c71f888c,phase1_ofat,0,4,12,4,16,0.9980329172978988,False
ecb284bb0cc8463584d72cef38597e83,phase1_ofat,0,4,362,318,2048,0.9677011052218347,True
ecb284bb0cc8463584d72cef38597e83,phase1_ofat,2,4,704,499,2048,0.9999999999990754,True
ecb284bb0cc8463584d72cef38597e83,phase1_ofat,4,4,704,499,2048,0.9999999999990754,True
edc2929065944ac0b65bd3bfc53c8ef2,phase1_ofat,0,4,1040,1008,2048,0.8413447372942667,False
edc69a5d26a145d482b3d02b726543e0,phase1_ofat,0,4,1041,1007,2048,0.855996244506425,True
eee17ef76ef54a60849a1f8f25e67e7b,phase1_ofat,0,4,1029,1019,2048,0.6226675344369023,False
f05a3b8df6634a618ddd37da673d859e,phase1_ofat,0,4,374,359,2048,0.7295369001711144,False
f05a3b8df6634a618ddd37da673d859e,phase1_ofat,2,4,684,471,2048,0.9999999999999379,True
f05a3b8df6634a618ddd37da673d859e,phase1_ofat,4,4,684,471,2048,0.9999999999999379,True
f102a1534a7e435da673ed2bcf0606f7,phase1_ofat,0,4,8284,8100,16384,0.9789711212867914,True
f110f6f2955e442aaa6fa9da309c9260,phase1_ofat,0,4,1027,1021,2048,0.5743642426858293,True
f1b5f70786cf4517a2fe89709c1dcbdd,phase1_ofat,0,4,383,336,2048,0.9732474283445801,True
f1b5f70786cf4517a2fe89709c1dcbdd,phase1_ofat,2,4,707,493,2048,0.9999999999999094,True
f1b5f70786cf4517a2fe89709c1dcbdd,phase1_ofat,4,4,707,493,2048,0.9999999999999094,True
f2598d632b2b407daf89c6b692b618cc,phase1_ofat,0,4,1031,1017,2048,0.6691229968417161,False
f27109ffce5547a88a1c4c674b3bea60,phase1_ofat,0,4,38,26,64,0.9832541924589696,False
f290416bc27f4d608b9dd0b68db8c136,phase1_ofat,0,4,1038,1010,2048,0.8092119033012374,True
f2c059c89f9d46d0b1deaa69d2f7f2d0,phase1_ofat,0,2,1027,1021,2048,0.5743642426858293,True
f306e722b3a34894b0b0039e76c7a4ce,phase1_ofat,0,4,1036,1012,2048,0.7733706289595478,True
f35d54320b624067aff3877a787e7241,phase1_ofat,0,4,538,486,1024,0.9892332532491369,True
f4bba82f269e4c7498b5c68a2c453998,phase1_ofat,0,4,354,336,2048,0.7738035966275518,True
f4bba82f269e4c7498b5c68a2c453998,phase1_ofat,2,4,694,469,2048,0.9999999999999967,True
f4bba82f269e4c7498b5c68a2c453998,phase1_ofat,4,4,694,469,2048,0.9999999999999967,True
f4cca2923b614af799fc34f470b1c4a8,phase1_ofat,0,4,189,177,1024,0.7555569179532045,True
f4cca2923b614af799fc34f470b1c4a8,phase1_ofat,2,4,349,248,1024,0.9999995662688065,True
f4cca2923b614af799fc34f470b1c4a8,phase1_ofat,4,4,349,248,1024,0.9999995662688065,True
f4f8ff87b803402c92dd2157f3bf2eea,phase1_ofat,0,4,532,492,1024,0.9614628306826751,False
f52042877ff5452783b2a6baa807da92,phase1_ofat,0,4,45,37,256,0.8324647174779285,True
f52042877ff5452783b2a6baa807da92,phase1_ofat,2,4,78,73,256,0.6859722953551122,True
f52042877ff5452783b2a6baa807da92,phase1_ofat,4,4,78,73,256,0.6859722953551122,True
f555be52ef14467296d54adead922744,phase1_ofat,0,4,4,3,16,0.6642697648948153,True
f555be52ef14467296d54adead922744,phase1_ofat,2,4,5,5,16,0.5000000000000002,True
f555be52ef14467296d54adead922744,phase1_ofat,4,4,5,5,16,0.5000000000000002,True
f5ef794e97904438b24145ced1008906,phase1_ofat,0,4,1092,956,2048,0.9999893817604861,True
f61b1c0ecfc04974bbf90d0d0d00b00f,phase1_ofat,0,4,1054,994,2048,0.9696102361646572,True
f6c20faa3dbf49aa98e8e22e66eb9b87,phase1_ofat,0,4,11,10,64,0.5940543359489875,True
f6c20faa3dbf49aa98e8e22e66eb9b87,phase1_ofat,2,4,21,15,64,0.8810065083448596,True
f6c20faa3dbf49aa98e8e22e66eb9b87,phase1_ofat,4,4,21,15,64,0.8810065083448596,True
f73d52bf93014b4895bf87048d9f4555,phase1_ofat,0,4,1036,1012,2048,0.7733706289595478,False
f7c3ae97970244489922d56f43e18c59,phase1_ofat,0,4,344,336,2048,0.6315307597973547,True
f7c3ae97970244489922d56f43e18c59,phase1_ofat,2,4,668,477,2048,0.9999999999864629,True
f7c3ae97970244489922d56f43e18c59,phase1_ofat,4,4,668,477,2048,0.9999999999864629,True
f7d8c6c6ed1c4444b6766456ed9aa72e,phase1_ofat,0,2,1074,974,2048,0.9991126586967671,False
fa206a3ee90f4d35abc42c63f04540c6,phase1_ofat,0,4,1027,1021,2048,0.5743642426858293,True
fb1db12955ad4b96b156da80cca2dedc,phase1_ofat,0,4,3,2,16,0.684549982783064,False
fb1db12955ad4b96b156da80cca2dedc,phase1_ofat,2,4,6,5,16,0.6445594043687155,True
fb1db12955ad4b96b156da80cca2dedc,phase1_ofat,4,4,6,5,16,0.6445594043687155,True
fc3abd93258f45a5b9e43cd6cfb3b943,phase1_ofat,0,4,1056,992,2048,0.9772564565321858,True
fd7579771ca54e52a72a586f47dc741c,phase1_ofat,0,4,1055,993,2048,0.9736644991115404,True
fdbc0fa062de434c89c46d49754256d0,phase1_ofat,0,4,1033,1015,2048,0.7131096267795382,True
fdfe0e5e10244c2b9b3214688d3c980f,phase1_ofat,0,4,1026,1022,2048,0.5497372320664393,True
ff1e4ab2d32c4b448e20234e82dd08cd,phase1_ofat,0,2,530,514,2048,0.7168963119264613,False
ff1e4ab2d32c4b448e20234e82dd08cd,phase1_ofat,1,2,783,507,2048,0.9999999999999996,True
ff1e4ab2d32c4b448e20234e82dd08cd,phase1_ofat,2,2,792,500,2048,1.0,True
ff1e4ab2d32c4b448e20234e82dd08cd,phase1_ofat,3,2,783,507,2048,0.9999999999999996,True
ff1e4ab2d32c4b448e20234e82dd08cd,phase1_ofat,4,2,792,500,2048,1.0,True
ff1e4ab2d32c4b448e20234e82dd08cd,phase1_ofat,5,2,783,507,2048,0.9999999999999996,True
ff1e4ab2d32c4b448e20234e82dd08cd,phase1_ofat,6,2,792,500,2048,1.0,True
ffd4e844ea7048cbb3a5d81b30876f52,phase1_ofat,0,4,351,339,2048,0.6917937913024041,False
ffd4e844ea7048cbb3a5d81b30876f52,phase1_ofat,2,4,681,488,2048,0.999999999988761,True
ffd4e844ea7048cbb3a5d81b30876f52,phase1_ofat,4,4,681,488,2048,0.999999999988761,True
ffd4e844ea7048cbb3a5d81b30876f52,phase1_ofat,6,4,681,488,2048,0.999999999988761,True
