candidate_count,max_paths,shots,total_precision,overlap,repeat,seed,success_baseline,diagnostics_baseline,success_B,diagnostics_B,success_C,diagnostics_C,success_D,diagnostics_D,success_full,diagnostics_full
1,1,4,16,0,0,1541618828,True,"{""m_w"": [1, 1, 1, 1], ""max_paths"": 1, ""s_w"": [4, 4, 4, 4]}",True,"{""m_w"": [3, 2, 2, 2], ""max_paths"": 1, ""s_w"": [4, 4, 4, 4]}",True,"{""m_w"": [1, 1, 1, 1], ""max_paths"": 5, ""s_w"": [4, 4, 4, 4]}",True,"{""m_w"": [1, 1, 1, 1], ""max_paths"": 1, ""s_w"": [64, 64, 64, 64]}",True,"{""m_w"": [10, 5, 5, 5], ""max_paths"": 5, ""s_w"": [64, 64, 64, 64]}"
1,1,4,16,0,1,1161012197,False,"{""m_w"": [1, 1, 1, 1], ""max_paths"": 1, ""s_w"": [4, 4, 4, 4]}",False,"{""m_w"": [3, 3, 3, 3], ""max_paths"": 1, ""s_w"": [4, 4, 4, 4]}",False,"{""m_w"": [1, 1, 1, 1], ""max_paths"": 5, ""s_w"": [4, 4, 4, 4]}",True,"{""m_w"": [1, 1, 1, 1], ""max_paths"": 1, ""s_w"": [64, 64, 64, 64]}",True,"{""m_w"": [7, 6, 6, 6], ""max_paths"": 5, ""s_w"": [64, 64, 64, 64]}"
1,1,4,16,3,0,169725157,False,"{""m_w"": [1, 1, 1, 1, 1, 1, 1, 1, 1, 1, 1, 1, 1], ""max_paths"": 1, ""s_w"": [4, 4, 4, 4, 4, 4, 4, 4, 4, 4, 4, 4, 4]}",False,"{""m_w"": [3, 3, 2, 3, 2, 3, 2, 3, 2, 3, 2, 3, 2], ""max_paths"": 1, ""s_w"": [4, 4, 4, 4, 4, 4, 4, 4, 4, 4, 4, 4, 4]}",False,"{""m_w"": [1, 1, 1, 1, 1, 1, 1, 1, 1, 1, 1, 1, 1], ""max_paths"": 14, ""s_w"": [4, 4, 4, 4, 4, 4, 4, 4, 4, 4, 4, 4, 4]}",False,"{""m_w"": [1, 1, 1, 1, 1, 1, 1, 1, 1, 1, 1, 1, 1], ""max_paths"": 1, ""s_w"": [64, 64, 64, 64, 64, 64, 64, 64, 64, 64, 64, 64, 64]}",True,"{""m_w"": [7, 6, 6, 6, 6, 6, 6, 6, 6, 6, 6, 6, 6], ""max_paths"": 14, ""s_w"": [64, 64, 64, 64, 64, 64, 64, 64, 64, 64, 64, 64, 64]}"
1,1,4,16,3,1,1936602174,False,"{""m_w"": [1, 1, 1, 1, 1, 1, 1, 1, 1, 1, 1, 1, 1], ""max_paths"": 1, ""s_w"": [4, 4, 4, 4, 4, 4, 4, 4, 4, 4, 4, 4, 4]}",True,"{""m_w"": [4, 3, 3, 3, 3, 3, 3, 3, 3, 3, 3, 3, 3], ""max_paths"": 1, ""s_w"": [4, 4, 4, 4, 4, 4, 4, 4, 4, 4, 4, 4, 4]}",False,"{""m_w"": [1, 1, 1, 1, 1, 1, 1, 1, 1, 1, 1, 1, 1], ""max_paths"": 14, ""s_w"": [4, 4, 4, 4, 4, 4, 4, 4, 4, 4, 4, 4, 4]}",False,"{""m_w"": [1, 1, 1, 1, 1, 1, 1, 1, 1, 1, 1, 1, 1], ""max_paths"": 1, ""s_w"": [64, 64, 64, 64, 64, 64, 64, 64, 64, 64, 64, 64, 64]}",True,"{""m_w"": [11, 7, 7, 7, 7, 7, 7, 7, 7, 7, 7, 7, 7], ""max_paths"": 14, ""s_w"": [64, 64, 64, 64, 64, 64, 64, 64, 64, 64, 64, 64, 64]}"
1,1,4,24,0,0,1934640441,True,"{""m_w"": [1, 1, 1, 1, 1, 1], ""max_paths"": 1, ""s_w"": [4, 4, 4, 4, 4, 4]}",True,"{""m_w"": [4, 3, 3, 3, 3, 3], ""max_paths"": 1, ""s_w"": [4, 4, 4, 4, 4, 4]}",True,"{""m_w"": [1, 1, 1, 1, 1, 1], ""max_paths"": 7, ""s_w"": [4, 4, 4, 4, 4, 4]}",True,"{""m_w"": [1, 1, 1, 1, 1, 1], ""max_paths"": 1, ""s_w"": [64, 64, 64, 64, 64, 64]}",True,"{""m_w"": [8, 6, 6, 6, 6, 6], ""max_paths"": 7, ""s_w"": [64, 64, 64, 64, 64, 64]}"
1,1,4,24,0,1,1454694923,False,"{""m_w"": [1, 1, 1, 1, 1, 1], ""max_paths"": 1, ""s_w"": [4, 4, 4, 4, 4, 4]}",False,"{""m_w"": [4, 2, 2, 2, 2, 2], ""max_paths"": 1, ""s_w"": [4, 4, 4, 4, 4, 4]}",False,"{""m_w"": [1, 1, 1, 1, 1, 1], ""max_paths"": 7, ""s_w"": [4, 4, 4, 4, 4, 4]}",True,"{""m_w"": [1, 1, 1, 1, 1, 1], ""max_paths"": 1, ""s_w"": [64, 64, 64, 64, 64, 64]}",True,"{""m_w"": [9, 5, 5, 5, 5, 5], ""max_paths"": 7, ""s_w"": [64, 64, 64, 64, 64, 64]}"
1,1,4,24,3,0,562746770,False,"{""m_w"": [1, 1, 1, 1, 1, 1, 1, 1, 1, 1, 1, 1, 1, 1, 1, 1, 1, 1, 1, 1, 1], ""max_paths"": 1, ""s_w"": [4, 4, 4, 4, 4, 4, 4, 4, 4, 4, 4, 4, 4, 4, 4, 4, 4, 4, 4, 4, 4]}",False,"{""m_w"": [4, 3, 3, 3, 3, 3, 3, 3, 3, 3, 3, 3, 3, 3, 3, 3, 3, 3, 3, 3, 3], ""max_paths"": 1, ""s_w"": [4, 4, 4, 4, 4, 4, 4, 4, 4, 4, 4, 4, 4, 4, 4, 4, 4, 4, 4, 4, 4]}",False,"{""m_w"": [1, 1, 1, 1, 1, 1, 1, 1, 1, 1, 1, 1, 1, 1, 1, 1, 1, 1, 1, 1, 1], ""max_paths"": 22, ""s_w"": [4, 4, 4, 4, 4, 4, 4, 4, 4, 4, 4, 4, 4, 4, 4, 4, 4, 4, 4, 4, 4]}",True,"{""m_w"": [1, 1, 1, 1, 1, 1, 1, 1, 1, 1, 1, 1, 1, 1, 1, 1, 1, 1, 1, 1, 1], ""max_paths"": 1, ""s_w"": [64, 64, 64, 64, 64, 64, 64, 64, 64, 64, 64, 64, 64, 64, 64, 64, 64, 64, 64, 64, 64]}",True,"{""m_w"": [10, 5, 6, 5, 6, 5, 6, 5, 6, 5, 6, 5, 6, 5, 6, 5, 6, 5, 6, 5, 6], ""max_paths"": 22, ""s_w"": [64, 64, 64, 64, 64, 64, 64, 64, 64, 64, 64, 64, 64, 64, 64, 64, 64, 64, 64, 64, 64]}"
1,1,4,24,3,1,82801252,False,"{""m_w"": [1, 1, 1, 1, 1, 1, 1, 1, 1, 1, 1, 1, 1, 1, 1, 1, 1, 1, 1, 1, 1], ""max_paths"": 1, ""s_w"": [4, 4, 4, 4, 4, 4, 4, 4, 4, 4, 4, 4, 4, 4, 4, 4, 4, 4, 4, 4, 4]}",True,"{""m_w"": [4, 2, 3, 2, 3, 2, 3, 2, 3, 2, 3, 2, 3, 2, 3, 2, 3, 2, 3, 2, 3], ""max_paths"": 1, ""s_w"": [4, 4, 4, 4, 4, 4, 4, 4, 4, 4, 4, 4, 4, 4, 4, 4, 4, 4, 4, 4, 4]}",False,"{""m_w"": [1, 1, 1, 1, 1, 1, 1, 1, 1, 1, 1, 1, 1, 1, 1, 1, 1, 1, 1, 1, 1], ""max_paths"": 22, ""s_w"": [4, 4, 4, 4, 4, 4, 4, 4, 4, 4, 4, 4, 4, 4, 4, 4, 4, 4, 4, 4, 4]}",False,"{""m_w"": [1, 1, 1, 1, 1, 1, 1, 1, 1, 1, 1, 1, 1, 1, 1, 1, 1, 1, 1, 1, 1], ""max_paths"": 1, ""s_w"": [64, 64, 16, 64, 16, 64, 16, 64, 16, 64, 16, 64, 16, 64, 16, 64, 16, 64, 16, 64, 16]}",True,"{""m_w"": [8, 6, 7, 6, 7, 6, 7, 6, 7, 6, 7, 6, 7, 6, 7, 6, 7, 6, 7, 6, 7], ""max_paths"": 22, ""s_w"": [64, 64, 16, 64, 16, 64, 16, 64, 16, 64, 16, 64, 16, 64, 16, 64, 16, 64, 16, 64, 16]}"
1,1,4,32,0,0,15759182,True,"{""m_w"": [1, 1, 1, 1, 1, 1, 1, 1], ""max_paths"": 1, ""s_w"": [4, 4, 4, 4, 4, 4, 4, 4]}",True,"{""m_w"": [4, 4, 4, 4, 4, 4, 4, 4], ""max_paths"": 1, ""s_w"": [4, 4, 4, 4, 4, 4, 4, 4]}",True,"{""m_w"": [1, 1, 1, 1, 1, 1, 1, 1], ""max_paths"": 9, ""s_w"": [4, 4, 4, 4, 4, 4, 4, 4]}",True,"{""m_w"": [1, 1, 1, 1, 1, 1, 1, 1], ""max_paths"": 1, ""s_w"": [64, 64, 64, 64, 64, 64, 64, 64]}",True,"{""m_w"": [10, 7, 7, 7, 7, 7, 7, 7], ""max_paths"": 9, ""s_w"": [64, 64, 64, 64, 64, 64, 64, 64]}"
1,1,4,32,0,1,1782636199,False,"{""m_w"": [1, 1, 1, 1, 1, 1, 1, 1], ""max_paths"": 1, ""s_w"": [4, 4, 4, 4, 4, 4, 4, 4]}",False,"{""m_w"": [4, 2, 2, 2, 2, 2, 2, 2], ""max_paths"": 1, ""s_w"": [4, 4, 4, 4, 4, 4, 4, 4]}",False,"{""m_w"": [1, 1, 1, 1, 1, 1, 1, 1], ""max_paths"": 9, ""s_w"": [4, 4, 4, 4, 4, 4, 4, 4]}",True,"{""m_w"": [1, 1, 1, 1, 1, 1, 1, 1], ""max_paths"": 1, ""s_w"": [64, 64, 64, 64, 64, 64, 64, 64]}",True,"{""m_w"": [9, 5, 5, 5, 5, 5, 5, 5], ""max_paths"": 9, ""s_w"": [64, 64, 64, 64, 64, 64, 64, 64]}"
1,1,4,32,3,0,1644288022,False,"{""m_w"": [1, 1, 1, 1, 1, 1, 1, 1, 1, 1, 1, 1, 1, 1, 1, 1, 1, 1, 1, 1, 1, 1, 1, 1, 1, 1, 1, 1, 1], ""max_paths"": 1, ""s_w"": [4, 4, 4, 4, 4, 4, 4, 4, 4, 4, 4, 4, 4, 4, 4, 4, 4, 4, 4, 4, 4, 4, 4, 4, 4, 4, 4, 4, 4]}",False,"{""m_w"": [3, 2, 2, 2, 2, 2, 2, 2, 2, 2, 2, 2, 2, 2, 2, 2, 2, 2, 2, 2, 2, 2, 2, 2, 2, 2, 2, 2, 2], ""max_paths"": 1, ""s_w"": [4, 4, 4, 4, 4, 4, 4, 4, 4, 4, 4, 4, 4, 4, 4, 4, 4, 4, 4, 4, 4, 4, 4, 4, 4, 4, 4, 4, 4]}",False,"{""m_w"": [1, 1, 1, 1, 1, 1, 1, 1, 1, 1, 1, 1, 1, 1, 1, 1, 1, 1, 1, 1, 1, 1, 1, 1, 1, 1, 1, 1, 1], ""max_paths"": 30, ""s_w"": [4, 4, 4, 4, 4, 4, 4, 4, 4, 4, 4, 4, 4, 4, 4, 4, 4, 4, 4, 4, 4, 4, 4, 4, 4, 4, 4, 4, 4]}",False,"{""m_w"": [1, 1, 1, 1, 1, 1, 1, 1, 1, 1, 1, 1, 1, 1, 1, 1, 1, 1, 1, 1, 1, 1, 1, 1, 1, 1, 1, 1, 1], ""max_paths"": 1, ""s_w"": [64, 64, 64, 64, 64, 64, 64, 64, 64, 64, 64, 64, 64, 64, 64, 64, 64, 64, 64, 64, 64, 64, 64, 64, 64, 64, 64, 64, 64]}",True,"{""m_w"": [9, 6, 7, 6, 7, 6, 7, 6, 7, 6, 7, 6, 7, 6, 7, 6, 7, 6, 7, 6, 7, 6, 7, 6, 7, 6, 7, 6, 7], ""max_paths"": 30, ""s_w"": [64, 64, 64, 64, 64, 64, 64, 64, 64, 64, 64, 64, 64, 64, 64, 64, 64, 64, 64, 64, 64, 64, 64, 64, 64, 64, 64, 64, 64]}"
1,1,4,32,3,1,1164342504,False,"{""m_w"": [1, 1, 1, 1, 1, 1, 1, 1, 1, 1, 1, 1, 1, 1, 1, 1, 1, 1, 1, 1, 1, 1, 1, 1, 1, 1, 1, 1, 1], ""max_paths"": 1, ""s_w"": [4, 4, 4, 4, 4, 4, 4, 4, 4, 4, 4, 4, 4, 4, 4, 4, 4, 4, 4, 4, 4, 4, 4, 4, 4, 4, 4, 4, 4]}",False,"{""m_w"": [3, 2, 2, 2, 2, 2, 2, 2, 2, 2, 2, 2, 2, 2, 2, 2, 2, 2, 2, 2, 2, 2, 2, 2, 2, 2, 2, 2, 2], ""max_paths"": 1, ""s_w"": [4, 4, 4, 4, 4, 4, 4, 4, 4, 4, 4, 4, 4, 4, 4, 4, 4, 4, 4, 4, 4, 4, 4, 4, 4, 4, 4, 4, 4]}",False,"{""m_w"": [1, 1, 1, 1, 1, 1, 1, 1, 1, 1, 1, 1, 1, 1, 1, 1, 1, 1, 1, 1, 1, 1, 1, 1, 1, 1, 1, 1, 1], ""max_paths"": 30, ""s_w"": [4, 4, 4, 4, 4, 4, 4, 4, 4, 4, 4, 4, 4, 4, 4, 4, 4, 4, 4, 4, 4, 4, 4, 4, 4, 4, 4, 4, 4]}",False,"{""m_w"": [1, 1, 1, 1, 1, 1, 1, 1, 1, 1, 1, 1, 1, 1, 1, 1, 1, 1, 1, 1, 1, 1, 1, 1, 1, 1, 1, 1, 1], ""max_paths"": 1, ""s_w"": [64, 64, 16, 64, 16, 64, 16, 64, 16, 64, 16, 64, 16, 64, 16, 64, 16, 64, 16, 64, 16, 64, 16, 64, 16, 64, 16, 64, 16]}",True,"{""m_w"": [10, 6, 4, 6, 4, 6, 4, 6, 4, 6, 4, 6, 4, 6, 4, 6, 4, 6, 4, 6, 4, 6, 4, 6, 4, 6, 4, 6, 4], ""max_paths"": 30, ""s_w"": [64, 64, 16, 64, 16, 64, 16, 64, 16, 64, 16, 64, 16, 64, 16, 64, 16, 64, 16, 64, 16, 64, 16, 64, 16, 64, 16, 64, 16]}"
1,1,8,16,0,0,1775480110,False,"{""m_w"": [1, 1, 1, 1], ""max_paths"": 1, ""s_w"": [8, 8, 8, 8]}",False,"{""m_w"": [5, 3, 3, 3], ""max_paths"": 1, ""s_w"": [8, 8, 8, 8]}",False,"{""m_w"": [1, 1, 1, 1], ""max_paths"": 5, ""s_w"": [8, 8, 8, 8]}",True,"{""m_w"": [1, 1, 1, 1], ""max_paths"": 1, ""s_w"": [64, 64, 64, 64]}",True,"{""m_w"": [10, 6, 6, 6], ""max_paths"": 5, ""s_w"": [64, 64, 64, 64]}"
1,1,8,16,0,1,1394873479,False,"{""m_w"": [1, 1, 1, 1], ""max_paths"": 1, ""s_w"": [8, 8, 8, 8]}",False,"{""m_w"": [5, 5, 5, 5], ""max_paths"": 1, ""s_w"": [8, 8, 8, 8]}",False,"{""m_w"": [1, 1, 1, 1], ""max_paths"": 5, ""s_w"": [8, 8, 8, 8]}",True,"{""m_w"": [1, 1, 1, 1], ""max_paths"": 1, ""s_w"": [64, 64, 64, 64]}",True,"{""m_w"": [10, 9, 9, 9], ""max_paths"": 5, ""s_w"": [64, 64, 64, 64]}"
1,1,8,16,3,0,403586439,False,"{""m_w"": [1, 1, 1, 1, 1, 1, 1, 1, 1, 1, 1, 1, 1], ""max_paths"": 1, ""s_w"": [8, 8, 8, 8, 8, 8, 8, 8, 8, 8, 8, 8, 8]}",True,"{""m_w"": [8, 4, 5, 4, 5, 4, 5, 4, 5, 4, 5, 4, 5], ""max_paths"": 1, ""s_w"": [8, 8, 8, 8, 8, 8, 8, 8, 8, 8, 8, 8, 8]}",False,"{""m_w"": [1, 1, 1, 1, 1, 1, 1, 1, 1, 1, 1, 1, 1], ""max_paths"": 14, ""s_w"": [8, 8, 8, 8, 8, 8, 8, 8, 8, 8, 8, 8, 8]}",False,"{""m_w"": [1, 1, 1, 1, 1, 1, 1, 1, 1, 1, 1, 1, 1], ""max_paths"": 1, ""s_w"": [64, 64, 64, 64, 64, 64, 64, 64, 64, 64, 64, 64, 64]}",True,"{""m_w"": [12, 8, 7, 8, 7, 8, 7, 8, 7, 8, 7, 8, 7], ""max_paths"": 14, ""s_w"": [64, 64, 64, 64, 64, 64, 64, 64, 64, 64, 64, 64, 64]}"
1,1,8,16,3,1,22979808,False,"{""m_w"": [1, 1, 1, 1, 1, 1, 1, 1, 1, 1, 1, 1, 1], ""max_paths"": 1, ""s_w"": [8, 8, 8, 8, 8, 8, 8, 8, 8, 8, 8, 8, 8]}",True,"{""m_w"": [6, 4, 3, 4, 3, 4, 3, 4, 3, 4, 3, 4, 3], ""max_paths"": 1, ""s_w"": [8, 8, 8, 8, 8, 8, 8, 8, 8, 8, 8, 8, 8]}",False,"{""m_w"": [1, 1, 1, 1, 1, 1, 1, 1, 1, 1, 1, 1, 1], ""max_paths"": 14, ""s_w"": [8, 8, 8, 8, 8, 8, 8, 8, 8, 8, 8, 8, 8]}",False,"{""m_w"": [1, 1, 1, 1, 1, 1, 1, 1, 1, 1, 1, 1, 1], ""max_paths"": 1, ""s_w"": [32, 32, 64, 32, 64, 32, 64, 32, 64, 32, 64, 32, 64]}",True,"{""m_w"": [6, 7, 8, 7, 8, 7, 8, 7, 8, 7, 8, 7, 8], ""max_paths"": 14, ""s_w"": [32, 32, 64, 32, 64, 32, 64, 32, 64, 32, 64, 32, 64]}"
1,1,8,24,0,0,440437887,True,"{""m_w"": [1, 1, 1, 1, 1, 1], ""max_paths"": 1, ""s_w"": [8, 8, 8, 8, 8, 8]}",True,"{""m_w"": [6, 5, 5, 5, 5, 5], ""max_paths"": 1, ""s_w"": [8, 8, 8, 8, 8, 8]}",True,"{""m_w"": [1, 1, 1, 1, 1, 1], ""max_paths"": 7, ""s_w"": [8, 8, 8, 8, 8, 8]}",True,"{""m_w"": [1, 1, 1, 1, 1, 1], ""max_paths"": 1, ""s_w"": [64, 64, 64, 64, 64, 64]}",True,"{""m_w"": [9, 6, 6, 6, 6, 6], ""max_paths"": 7, ""s_w"": [64, 64, 64, 64, 64, 64]}"
1,1,8,24,0,1,59831256,True,"{""m_w"": [1, 1, 1, 1, 1, 1], ""max_paths"": 1, ""s_w"": [8, 8, 8, 8, 8, 8]}",True,"{""m_w"": [6, 4, 4, 4, 4, 4], ""max_paths"": 1, ""s_w"": [8, 8, 8, 8, 8, 8]}",True,"{""m_w"": [1, 1, 1, 1, 1, 1], ""max_paths"": 7, ""s_w"": [8, 8, 8, 8, 8, 8]}",False,"{""m_w"": [1, 1, 1, 1, 1, 1], ""max_paths"": 1, ""s_w"": [64, 64, 64, 64, 64, 64]}",True,"{""m_w"": [9, 6, 6, 6, 6, 6], ""max_paths"": 7, ""s_w"": [64, 64, 64, 64, 64, 64]}"
1,1,8,24,3,0,1216027864,False,"{""m_w"": [1, 1, 1, 1, 1, 1, 1, 1, 1, 1, 1, 1, 1, 1, 1, 1, 1, 1, 1, 1, 1], ""max_paths"": 1, ""s_w"": [8, 8, 8, 8, 8, 8, 8, 8, 8, 8, 8, 8, 8, 8, 8, 8, 8, 8, 8, 8, 8]}",True,"{""m_w"": [4, 3, 4, 3, 4, 3, 4, 3, 4, 3, 4, 3, 4, 3, 4, 3, 4, 3, 4, 3, 4], ""max_paths"": 1, ""s_w"": [8, 8, 8, 8, 8, 8, 8, 8, 8, 8, 8, 8, 8, 8, 8, 8, 8, 8, 8, 8, 8]}",False,"{""m_w"": [1, 1, 1, 1, 1, 1, 1, 1, 1, 1, 1, 1, 1, 1, 1, 1, 1, 1, 1, 1, 1], ""max_paths"": 22, ""s_w"": [8, 8, 8, 8, 8, 8, 8, 8, 8, 8, 8, 8, 8, 8, 8, 8, 8, 8, 8, 8, 8]}",False,"{""m_w"": [1, 1, 1, 1, 1, 1, 1, 1, 1, 1, 1, 1, 1, 1, 1, 1, 1, 1, 1, 1, 1], ""max_paths"": 1, ""s_w"": [64, 16, 64, 16, 64, 16, 64, 16, 64, 16, 64, 16, 64, 16, 64, 16, 64, 16, 64, 16, 64]}",True,"{""m_w"": [10, 6, 8, 6, 8, 6, 8, 6, 8, 6, 8, 6, 8, 6, 8, 6, 8, 6, 8, 6, 8], ""max_paths"": 22, ""s_w"": [64, 16, 64, 16, 64, 16, 64, 16, 64, 16, 64, 16, 64, 16, 64, 16, 64, 16, 64, 16, 64]}"
1,1,8,24,3,1,835421233,False,"{""m_w"": [1, 1, 1, 1, 1, 1, 1, 1, 1, 1, 1, 1, 1, 1, 1, 1, 1, 1, 1, 1, 1], ""max_paths"": 1, ""s_w"": [8, 8, 8, 8, 8, 8, 8, 8, 8, 8, 8, 8, 8, 8, 8, 8, 8, 8, 8, 8, 8]}",True,"{""m_w"": [6, 5, 4, 5, 4, 5, 4, 5, 4, 5, 4, 5, 4, 5, 4, 5, 4, 5, 4, 5, 4], ""max_paths"": 1, ""s_w"": [8, 8, 8, 8, 8, 8, 8, 8, 8, 8, 8, 8, 8, 8, 8, 8, 8, 8, 8, 8, 8]}",False,"{""m_w"": [1, 1, 1, 1, 1, 1, 1, 1, 1, 1, 1, 1, 1, 1, 1, 1, 1, 1, 1, 1, 1], ""max_paths"": 22, ""s_w"": [8, 8, 8, 8, 8, 8, 8, 8, 8, 8, 8, 8, 8, 8, 8, 8, 8, 8, 8, 8, 8]}",True,"{""m_w"": [1, 1, 1, 1, 1, 1, 1, 1, 1, 1, 1, 1, 1, 1, 1, 1, 1, 1, 1, 1, 1], ""max_paths"": 1, ""s_w"": [64, 64, 32, 64, 32, 64, 32, 64, 32, 64, 32, 64, 32, 64, 32, 64, 32, 64, 32, 64, 32]}",True,"{""m_w"": [10, 7, 4, 7, 4, 7, 4, 7, 4, 7, 4, 7, 4, 7, 4, 7, 4, 7, 4, 7, 4], ""max_paths"": 22, ""s_w"": [64, 64, 32, 64, 32, 64, 32, 64, 32, 64, 32, 64, 32, 64, 32, 64, 32, 64, 32, 64, 32]}"
1,1,8,32,0,0,2076283411,True,"{""m_w"": [1, 1, 1, 1, 1, 1, 1, 1], ""max_paths"": 1, ""s_w"": [8, 8, 8, 8, 8, 8, 8, 8]}",True,"{""m_w"": [5, 5, 5, 5, 5, 5, 5, 5], ""max_paths"": 1, ""s_w"": [8, 8, 8, 8, 8, 8, 8, 8]}",True,"{""m_w"": [1, 1, 1, 1, 1, 1, 1, 1], ""max_paths"": 9, ""s_w"": [8, 8, 8, 8, 8, 8, 8, 8]}",True,"{""m_w"": [1, 1, 1, 1, 1, 1, 1, 1], ""max_paths"": 1, ""s_w"": [64, 64, 64, 64, 64, 64, 64, 64]}",True,"{""m_w"": [10, 6, 6, 6, 6, 6, 6, 6], ""max_paths"": 9, ""s_w"": [64, 64, 64, 64, 64, 64, 64, 64]}"
1,1,8,32,0,1,1695676780,True,"{""m_w"": [1, 1, 1, 1, 1, 1, 1, 1], ""max_paths"": 1, ""s_w"": [8, 8, 8, 8, 8, 8, 8, 8]}",True,"{""m_w"": [6, 5, 5, 5, 5, 5, 5, 5], ""max_paths"": 1, ""s_w"": [8, 8, 8, 8, 8, 8, 8, 8]}",True,"{""m_w"": [1, 1, 1, 1, 1, 1, 1, 1], ""max_paths"": 9, ""s_w"": [8, 8, 8, 8, 8, 8, 8, 8]}",True,"{""m_w"": [1, 1, 1, 1, 1, 1, 1, 1], ""max_paths"": 1, ""s_w"": [64, 64, 64, 64, 64, 64, 64, 64]}",True,"{""m_w"": [10, 7, 7, 7, 7, 7, 7, 7], ""max_paths"": 9, ""s_w"": [64, 64, 64, 64, 64, 64, 64, 64]}"
1,1,8,32,3,0,1609049477,True,"{""m_w"": [1, 1, 1, 1, 1, 1, 1, 1, 1, 1, 1, 1, 1, 1, 1, 1, 1, 1, 1, 1, 1, 1, 1, 1, 1, 1, 1, 1, 1], ""max_paths"": 1, ""s_w"": [8, 8, 8, 8, 8, 8, 8, 8, 8, 8, 8, 8, 8, 8, 8, 8, 8, 8, 8, 8, 8, 8, 8, 8, 8, 8, 8, 8, 8]}",True,"{""m_w"": [5, 5, 3, 5, 3, 5, 3, 5, 3, 5, 3, 5, 3, 5, 3, 5, 3, 5, 3, 5, 3, 5, 3, 5, 3, 5, 3, 5, 3], ""max_paths"": 1, ""s_w"": [8, 8, 8, 8, 8, 8, 8, 8, 8, 8, 8, 8, 8, 8, 8, 8, 8, 8, 8, 8, 8, 8, 8, 8, 8, 8, 8, 8, 8]}",True,"{""m_w"": [1, 1, 1, 1, 1, 1, 1, 1, 1, 1, 1, 1, 1, 1, 1, 1, 1, 1, 1, 1, 1, 1, 1, 1, 1, 1, 1, 1, 1], ""max_paths"": 30, ""s_w"": [8, 8, 8, 8, 8, 8, 8, 8, 8, 8, 8, 8, 8, 8, 8, 8, 8, 8, 8, 8, 8, 8, 8, 8, 8, 8, 8, 8, 8]}",True,"{""m_w"": [1, 1, 1, 1, 1, 1, 1, 1, 1, 1, 1, 1, 1, 1, 1, 1, 1, 1, 1, 1, 1, 1, 1, 1, 1, 1, 1, 1, 1], ""max_paths"": 1, ""s_w"": [64, 64, 64, 64, 64, 64, 64, 64, 64, 64, 64, 64, 64, 64, 64, 64, 64, 64, 64, 64, 64, 64, 64, 64, 64, 64, 64, 64, 64]}",True,"{""m_w"": [12, 6, 7, 6, 7, 6, 7, 6, 7, 6, 7, 6, 7, 6, 7, 6, 7, 6, 7, 6, 7, 6, 7, 6, 7, 6, 7, 6, 7], ""max_paths"": 30, ""s_w"": [64, 64, 64, 64, 64, 64, 64, 64, 64, 64, 64, 64, 64, 64, 64, 64, 64, 64, 64, 64, 64, 64, 64, 64, 64, 64, 64, 64, 64]}"
1,1,8,32,3,1,1129103959,False,"{""m_w"": [1, 1, 1, 1, 1, 1, 1, 1, 1, 1, 1, 1, 1, 1, 1, 1, 1, 1, 1, 1, 1, 1, 1, 1, 1, 1, 1, 1, 1], ""max_paths"": 1, ""s_w"": [8, 8, 8, 8, 8, 8, 8, 8, 8, 8, 8, 8, 8, 8, 8, 8, 8, 8, 8, 8, 8, 8, 8, 8, 8, 8, 8, 8, 8]}",True,"{""m_w"": [4, 3, 3, 3, 3, 3, 3, 3, 3, 3, 3, 3, 3, 3, 3, 3, 3, 3, 3, 3, 3, 3, 3, 3, 3, 3, 3, 3, 3], ""max_paths"": 1, ""s_w"": [8, 8, 8, 8, 8, 8, 8, 8, 8, 8, 8, 8, 8, 8, 8, 8, 8, 8, 8, 8, 8, 8, 8, 8, 8, 8, 8, 8, 8]}",False,"{""m_w"": [1, 1, 1, 1, 1, 1, 1, 1, 1, 1, 1, 1, 1, 1, 1, 1, 1, 1, 1, 1, 1, 1, 1, 1, 1, 1, 1, 1, 1], ""max_paths"": 30, ""s_w"": [8, 8, 8, 8, 8, 8, 8, 8, 8, 8, 8, 8, 8, 8, 8, 8, 8, 8, 8, 8, 8, 8, 8, 8, 8, 8, 8, 8, 8]}",True,"{""m_w"": [1, 1, 1, 1, 1, 1, 1, 1, 1, 1, 1, 1, 1, 1, 1, 1, 1, 1, 1, 1, 1, 1, 1, 1, 1, 1, 1, 1, 1], ""max_paths"": 1, ""s_w"": [64, 64, 64, 64, 64, 64, 64, 64, 64, 64, 64, 64, 64, 64, 64, 64, 64, 64, 64, 64, 64, 64, 64, 64, 64, 64, 64, 64, 64]}",True,"{""m_w"": [9, 5, 6, 5, 6, 5, 6, 5, 6, 5, 6, 5, 6, 5, 6, 5, 6, 5, 6, 5, 6, 5, 6, 5, 6, 5, 6, 5, 6], ""max_paths"": 30, ""s_w"": [64, 64, 64, 64, 64, 64, 64, 64, 64, 64, 64, 64, 64, 64, 64, 64, 64, 64, 64, 64, 64, 64, 64, 64, 64, 64, 64, 64, 64]}"
1,1,16,16,0,0,1695295704,True,"{""m_w"": [1, 1, 1, 1], ""max_paths"": 1, ""s_w"": [16, 16, 16, 16]}",True,"{""m_w"": [7, 6, 6, 6], ""max_paths"": 1, ""s_w"": [16, 16, 16, 16]}",True,"{""m_w"": [1, 1, 1, 1], ""max_paths"": 5, ""s_w"": [16, 16, 16, 16]}",True,"{""m_w"": [1, 1, 1, 1], ""max_paths"": 1, ""s_w"": [64, 64, 64, 64]}",True,"{""m_w"": [9, 6, 6, 6], ""max_paths"": 5, ""s_w"": [64, 64, 64, 64]}"
1,1,16,16,0,1,1314689073,True,"{""m_w"": [1, 1, 1, 1], ""max_paths"": 1, ""s_w"": [16, 16, 16, 16]}",True,"{""m_w"": [7, 5, 5, 5], ""max_paths"": 1, ""s_w"": [16, 16, 16, 16]}",True,"{""m_w"": [1, 1, 1, 1], ""max_paths"": 5, ""s_w"": [16, 16, 16, 16]}",True,"{""m_w"": [1, 1, 1, 1], ""max_paths"": 1, ""s_w"": [64, 16, 16, 16]}",True,"{""m_w"": [9, 5, 5, 5], ""max_paths"": 5, ""s_w"": [64, 16, 16, 16]}"
1,1,16,16,3,0,323402033,False,"{""m_w"": [1, 1, 1, 1, 1, 1, 1, 1, 1, 1, 1, 1, 1], ""max_paths"": 1, ""s_w"": [16, 16, 16, 16, 16, 16, 16, 16, 16, 16, 16, 16, 16]}",True,"{""m_w"": [8, 5, 5, 5, 5, 5, 5, 5, 5, 5, 5, 5, 5], ""max_paths"": 1, ""s_w"": [16, 16, 16, 16, 16, 16, 16, 16, 16, 16, 16, 16, 16]}",False,"{""m_w"": [1, 1, 1, 1, 1, 1, 1, 1, 1, 1, 1, 1, 1], ""max_paths"": 14, ""s_w"": [16, 16, 16, 16, 16, 16, 16, 16, 16, 16, 16, 16, 16]}",False,"{""m_w"": [1, 1, 1, 1, 1, 1, 1, 1, 1, 1, 1, 1, 1], ""max_paths"": 1, ""s_w"": [64, 64, 64, 64, 64, 64, 64, 64, 64, 64, 64, 64, 64]}",True,"{""m_w"": [9, 6, 6, 6, 6, 6, 6, 6, 6, 6, 6, 6, 6], ""max_paths"": 14, ""s_w"": [64, 64, 64, 64, 64, 64, 64, 64, 64, 64, 64, 64, 64]}"
1,1,16,16,3,1,2090279050,False,"{""m_w"": [1, 1, 1, 1, 1, 1, 1, 1, 1, 1, 1, 1, 1], ""max_paths"": 1, ""s_w"": [16, 16, 16, 16, 16, 16, 16, 16, 16, 16, 16, 16, 16]}",True,"{""m_w"": [8, 5, 5, 5, 5, 5, 5, 5, 5, 5, 5, 5, 5], ""max_paths"": 1, ""s_w"": [16, 16, 16, 16, 16, 16, 16, 16, 16, 16, 16, 16, 16]}",False,"{""m_w"": [1, 1, 1, 1, 1, 1, 1, 1, 1, 1, 1, 1, 1], ""max_paths"": 14, ""s_w"": [16, 16, 16, 16, 16, 16, 16, 16, 16, 16, 16, 16, 16]}",False,"{""m_w"": [1, 1, 1, 1, 1, 1, 1, 1, 1, 1, 1, 1, 1], ""max_paths"": 1, ""s_w"": [64, 64, 64, 64, 64, 64, 64, 64, 64, 64, 64, 64, 64]}",True,"{""m_w"": [9, 7, 7, 7, 7, 7, 7, 7, 7, 7, 7, 7, 7], ""max_paths"": 14, ""s_w"": [64, 64, 64, 64, 64, 64, 64, 64, 64, 64, 64, 64, 64]}"
1,1,16,24,0,0,360253481,True,"{""m_w"": [1, 1, 1, 1, 1, 1], ""max_paths"": 1, ""s_w"": [16, 16, 16, 16, 16, 16]}",True,"{""m_w"": [10, 7, 7, 7, 7, 7], ""max_paths"": 1, ""s_w"": [16, 16, 16, 16, 16, 16]}",True,"{""m_w"": [1, 1, 1, 1, 1, 1], ""max_paths"": 7, ""s_w"": [16, 16, 16, 16, 16, 16]}",True,"{""m_w"": [1, 1, 1, 1, 1, 1], ""max_paths"": 1, ""s_w"": [64, 64, 64, 64, 64, 64]}",True,"{""m_w"": [9, 6, 6, 6, 6, 6], ""max_paths"": 7, ""s_w"": [64, 64, 64, 64, 64, 64]}"
1,1,16,24,0,1,2127130498,True,"{""m_w"": [1, 1, 1, 1, 1, 1], ""max_paths"": 1, ""s_w"": [16, 16, 16, 16, 16, 16]}",True,"{""m_w"": [7, 5, 5, 5, 5, 5], ""max_paths"": 1, ""s_w"": [16, 16, 16, 16, 16, 16]}",True,"{""m_w"": [1, 1, 1, 1, 1, 1], ""max_paths"": 7, ""s_w"": [16, 16, 16, 16, 16, 16]}",False,"{""m_w"": [1, 1, 1, 1, 1, 1], ""max_paths"": 1, ""s_w"": [64, 32, 32, 32, 32, 32]}",True,"{""m_w"": [10, 6, 6, 6, 6, 6], ""max_paths"": 7, ""s_w"": [64, 32, 32, 32, 32, 32]}"
1,1,16,24,3,0,1135843458,False,"{""m_w"": [1, 1, 1, 1, 1, 1, 1, 1, 1, 1, 1, 1, 1, 1, 1, 1, 1, 1, 1, 1, 1], ""max_paths"": 1, ""s_w"": [16, 16, 16, 16, 16, 16, 16, 16, 16, 16, 16, 16, 16, 16, 16, 16, 16, 16, 16, 16, 16]}",True,"{""m_w"": [7, 5, 4, 5, 4, 5, 4, 5, 4, 5, 4, 5, 4, 5, 4, 5, 4, 5, 4, 5, 4], ""max_paths"": 1, ""s_w"": [16, 16, 16, 16, 16, 16, 16, 16, 16, 16, 16, 16, 16, 16, 16, 16, 16, 16, 16, 16, 16]}",False,"{""m_w"": [1, 1, 1, 1, 1, 1, 1, 1, 1, 1, 1, 1, 1, 1, 1, 1, 1, 1, 1, 1, 1], ""max_paths"": 22, ""s_w"": [16, 16, 16, 16, 16, 16, 16, 16, 16, 16, 16, 16, 16, 16, 16, 16, 16, 16, 16, 16, 16]}",False,"{""m_w"": [1, 1, 1, 1, 1, 1, 1, 1, 1, 1, 1, 1, 1, 1, 1, 1, 1, 1, 1, 1, 1], ""max_paths"": 1, ""s_w"": [64, 64, 16, 64, 16, 64, 16, 64, 16, 64, 16, 64, 16, 64, 16, 64, 16, 64, 16, 64, 16]}",True,"{""m_w"": [8, 6, 4, 6, 4, 6, 4, 6, 4, 6, 4, 6, 4, 6, 4, 6, 4, 6, 4, 6, 4], ""max_paths"": 22, ""s_w"": [64, 64, 16, 64, 16, 64, 16, 64, 16, 64, 16, 64, 16, 64, 16, 64, 16, 64, 16, 64, 16]}"
1,1,16,24,3,1,755236827,False,"{""m_w"": [1, 1, 1, 1, 1, 1, 1, 1, 1, 1, 1, 1, 1, 1, 1, 1, 1, 1, 1, 1, 1], ""max_paths"": 1, ""s_w"": [16, 16, 16, 16, 16, 16, 16, 16, 16, 16, 16, 16, 16, 16, 16, 16, 16, 16, 16, 16, 16]}",True,"{""m_w"": [9, 6, 5, 6, 5, 6, 5, 6, 5, 6, 5, 6, 5, 6, 5, 6, 5, 6, 5, 6, 5], ""max_paths"": 1, ""s_w"": [16, 16, 16, 16, 16, 16, 16, 16, 16, 16, 16, 16, 16, 16, 16, 16, 16, 16, 16, 16, 16]}",False,"{""m_w"": [1, 1, 1, 1, 1, 1, 1, 1, 1, 1, 1, 1, 1, 1, 1, 1, 1, 1, 1, 1, 1], ""max_paths"": 22, ""s_w"": [16, 16, 16, 16, 16, 16, 16, 16, 16, 16, 16, 16, 16, 16, 16, 16, 16, 16, 16, 16, 16]}",False,"{""m_w"": [1, 1, 1, 1, 1, 1, 1, 1, 1, 1, 1, 1, 1, 1, 1, 1, 1, 1, 1, 1, 1], ""max_paths"": 1, ""s_w"": [64, 64, 64, 64, 64, 64, 64, 64, 64, 64, 64, 64, 64, 64, 64, 64, 64, 64, 64, 64, 64]}",True,"{""m_w"": [9, 8, 8, 8, 8, 8, 8, 8, 8, 8, 8, 8, 8, 8, 8, 8, 8, 8, 8, 8, 8], ""max_paths"": 22, ""s_w"": [64, 64, 64, 64, 64, 64, 64, 64, 64, 64, 64, 64, 64, 64, 64, 64, 64, 64, 64, 64, 64]}"
1,1,16,32,0,0,1996099005,False,"{""m_w"": [1, 1, 1, 1, 1, 1, 1, 1], ""max_paths"": 1, ""s_w"": [16, 16, 16, 16, 16, 16, 16, 16]}",False,"{""m_w"": [9, 4, 4, 4, 4, 4, 4, 4], ""max_paths"": 1, ""s_w"": [16, 16, 16, 16, 16, 16, 16, 16]}",False,"{""m_w"": [1, 1, 1, 1, 1, 1, 1, 1], ""max_paths"": 9, ""s_w"": [16, 16, 16, 16, 16, 16, 16, 16]}",True,"{""m_w"": [1, 1, 1, 1, 1, 1, 1, 1], ""max_paths"": 1, ""s_w"": [64, 64, 64, 64, 64, 64, 64, 64]}",True,"{""m_w"": [10, 9, 9, 9, 9, 9, 9, 9], ""max_paths"": 9, ""s_w"": [64, 64, 64, 64, 64, 64, 64, 64]}"
1,1,16,32,0,1,1615492374,True,"{""m_w"": [1, 1, 1, 1, 1, 1, 1, 1], ""max_paths"": 1, ""s_w"": [16, 16, 16, 16, 16, 16, 16, 16]}",True,"{""m_w"": [9, 6, 6, 6, 6, 6, 6, 6], ""max_paths"": 1, ""s_w"": [16, 16, 16, 16, 16, 16, 16, 16]}",True,"{""m_w"": [1, 1, 1, 1, 1, 1, 1, 1], ""max_paths"": 9, ""s_w"": [16, 16, 16, 16, 16, 16, 16, 16]}",True,"{""m_w"": [1, 1, 1, 1, 1, 1, 1, 1], ""max_paths"": 1, ""s_w"": [64, 64, 64, 64, 64, 64, 64, 64]}",True,"{""m_w"": [10, 6, 6, 6, 6, 6, 6, 6], ""max_paths"": 9, ""s_w"": [64, 64, 64, 64, 64, 64, 64, 64]}"
1,1,16,32,3,0,1528865071,True,"{""m_w"": [1, 1, 1, 1, 1, 1, 1, 1, 1, 1, 1, 1, 1, 1, 1, 1, 1, 1, 1, 1, 1, 1, 1, 1, 1, 1, 1, 1, 1], ""max_paths"": 1, ""s_w"": [16, 16, 16, 16, 16, 16, 16, 16, 16, 16, 16, 16, 16, 16, 16, 16, 16, 16, 16, 16, 16, 16, 16, 16, 16, 16, 16, 16, 16]}",True,"{""m_w"": [7, 6, 5, 6, 5, 6, 5, 6, 5, 6, 5, 6, 5, 6, 5, 6, 5, 6, 5, 6, 5, 6, 5, 6, 5, 6, 5, 6, 5], ""max_paths"": 1, ""s_w"": [16, 16, 16, 16, 16, 16, 16, 16, 16, 16, 16, 16, 16, 16, 16, 16, 16, 16, 16, 16, 16, 16, 16, 16, 16, 16, 16, 16, 16]}",True,"{""m_w"": [1, 1, 1, 1, 1, 1, 1, 1, 1, 1, 1, 1, 1, 1, 1, 1, 1, 1, 1, 1, 1, 1, 1, 1, 1, 1, 1, 1, 1], ""max_paths"": 30, ""s_w"": [16, 16, 16, 16, 16, 16, 16, 16, 16, 16, 16, 16, 16, 16, 16, 16, 16, 16, 16, 16, 16, 16, 16, 16, 16, 16, 16, 16, 16]}",True,"{""m_w"": [1, 1, 1, 1, 1, 1, 1, 1, 1, 1, 1, 1, 1, 1, 1, 1, 1, 1, 1, 1, 1, 1, 1, 1, 1, 1, 1, 1, 1], ""max_paths"": 1, ""s_w"": [64, 64, 64, 64, 64, 64, 64, 64, 64, 64, 64, 64, 64, 64, 64, 64, 64, 64, 64, 64, 64, 64, 64, 64, 64, 64, 64, 64, 64]}",True,"{""m_w"": [10, 5, 5, 5, 5, 5, 5, 5, 5, 5, 5, 5, 5, 5, 5, 5, 5, 5, 5, 5, 5, 5, 5, 5, 5, 5, 5, 5, 5], ""max_paths"": 30, ""s_w"": [64, 64, 64, 64, 64, 64, 64, 64, 64, 64, 64, 64, 64, 64, 64, 64, 64, 64, 64, 64, 64, 64, 64, 64, 64, 64, 64, 64, 64]}"
1,1,16,32,3,1,1048919553,True,"{""m_w"": [1, 1, 1, 1, 1, 1, 1, 1, 1, 1, 1, 1, 1, 1, 1, 1, 1, 1, 1, 1, 1, 1, 1, 1, 1, 1, 1, 1, 1], ""max_paths"": 1, ""s_w"": [16, 16, 16, 16, 16, 16, 16, 16, 16, 16, 16, 16, 16, 16, 16, 16, 16, 16, 16, 16, 16, 16, 16, 16, 16, 16, 16, 16, 16]}",True,"{""m_w"": [8, 5, 6, 5, 6, 5, 6, 5, 6, 5, 6, 5, 6, 5, 6, 5, 6, 5, 6, 5, 6, 5, 6, 5, 6, 5, 6, 5, 6], ""max_paths"": 1, ""s_w"": [16, 16, 16, 16, 16, 16, 16, 16, 16, 16, 16, 16, 16, 16, 16, 16, 16, 16, 16, 16, 16, 16, 16, 16, 16, 16, 16, 16, 16]}",True,"{""m_w"": [1, 1, 1, 1, 1, 1, 1, 1, 1, 1, 1, 1, 1, 1, 1, 1, 1, 1, 1, 1, 1, 1, 1, 1, 1, 1, 1, 1, 1], ""max_paths"": 30, ""s_w"": [16, 16, 16, 16, 16, 16, 16, 16, 16, 16, 16, 16, 16, 16, 16, 16, 16, 16, 16, 16, 16, 16, 16, 16, 16, 16, 16, 16, 16]}",True,"{""m_w"": [1, 1, 1, 1, 1, 1, 1, 1, 1, 1, 1, 1, 1, 1, 1, 1, 1, 1, 1, 1, 1, 1, 1, 1, 1, 1, 1, 1, 1], ""max_paths"": 1, ""s_w"": [64, 64, 64, 64, 64, 64, 64, 64, 64, 64, 64, 64, 64, 64, 64, 64, 64, 64, 64, 64, 64, 64, 64, 64, 64, 64, 64, 64, 64]}",True,"{""m_w"": [12, 6, 7, 6, 7, 6, 7, 6, 7, 6, 7, 6, 7, 6, 7, 6, 7, 6, 7, 6, 7, 6, 7, 6, 7, 6, 7, 6, 7], ""max_paths"": 30, ""s_w"": [64, 64, 64, 64, 64, 64, 64, 64, 64, 64, 64, 64, 64, 64, 64, 64, 64, 64, 64, 64, 64, 64, 64, 64, 64, 64, 64, 64, 64]}"
1,2,4,16,0,0,707000557,True,"{""m_w"": [1, 1, 1, 1], ""max_paths"": 2, ""s_w"": [4, 4, 4, 4]}",True,"{""m_w"": [2, 4, 4, 4], ""max_paths"": 2, ""s_w"": [4, 4, 4, 4]}",True,"{""m_w"": [1, 1, 1, 1], ""max_paths"": 10, ""s_w"": [4, 4, 4, 4]}",True,"{""m_w"": [1, 1, 1, 1], ""max_paths"": 2, ""s_w"": [64, 64, 64, 64]}",True,"{""m_w"": [9, 7, 7, 7], ""max_paths"": 10, ""s_w"": [64, 64, 64, 64]}"
1,2,4,16,0,1,227055039,False,"{""m_w"": [1, 1, 1, 1], ""max_paths"": 2, ""s_w"": [4, 4, 4, 4]}",False,"{""m_w"": [4, 3, 3, 3], ""max_paths"": 2, ""s_w"": [4, 4, 4, 4]}",False,"{""m_w"": [1, 1, 1, 1], ""max_paths"": 10, ""s_w"": [4, 4, 4, 4]}",True,"{""m_w"": [1, 1, 1, 1], ""max_paths"": 2, ""s_w"": [16, 64, 64, 64]}",True,"{""m_w"": [8, 6, 6, 6], ""max_paths"": 10, ""s_w"": [16, 64, 64, 64]}"
1,2,4,16,3,0,140427736,False,"{""m_w"": [1, 1, 1, 1, 1, 1, 1, 1, 1, 1, 1, 1, 1], ""max_paths"": 2, ""s_w"": [4, 4, 4, 4, 4, 4, 4, 4, 4, 4, 4, 4, 4]}",False,"{""m_w"": [4, 3, 3, 3, 3, 3, 3, 3, 3, 3, 3, 3, 3], ""max_paths"": 2, ""s_w"": [4, 4, 4, 4, 4, 4, 4, 4, 4, 4, 4, 4, 4]}",False,"{""m_w"": [1, 1, 1, 1, 1, 1, 1, 1, 1, 1, 1, 1, 1], ""max_paths"": 28, ""s_w"": [4, 4, 4, 4, 4, 4, 4, 4, 4, 4, 4, 4, 4]}",False,"{""m_w"": [1, 1, 1, 1, 1, 1, 1, 1, 1, 1, 1, 1, 1], ""max_paths"": 2, ""s_w"": [64, 64, 64, 64, 64, 64, 64, 64, 64, 64, 64, 64, 64]}",True,"{""m_w"": [8, 6, 5, 6, 5, 6, 5, 6, 5, 6, 5, 6, 5], ""max_paths"": 28, ""s_w"": [64, 64, 64, 64, 64, 64, 64, 64, 64, 64, 64, 64, 64]}"
1,2,4,16,3,1,1807965866,False,"{""m_w"": [1, 1, 1, 1, 1, 1, 1, 1, 1, 1, 1, 1, 1], ""max_paths"": 2, ""s_w"": [4, 4, 4, 4, 4, 4, 4, 4, 4, 4, 4, 4, 4]}",True,"{""m_w"": [3, 3, 2, 3, 2, 3, 2, 3, 2, 3, 2, 3, 2], ""max_paths"": 2, ""s_w"": [4, 4, 4, 4, 4, 4, 4, 4, 4, 4, 4, 4, 4]}",False,"{""m_w"": [1, 1, 1, 1, 1, 1, 1, 1, 1, 1, 1, 1, 1], ""max_paths"": 28, ""s_w"": [4, 4, 4, 4, 4, 4, 4, 4, 4, 4, 4, 4, 4]}",True,"{""m_w"": [1, 1, 1, 1, 1, 1, 1, 1, 1, 1, 1, 1, 1], ""max_paths"": 2, ""s_w"": [64, 64, 64, 64, 64, 64, 64, 64, 64, 64, 64, 64, 64]}",True,"{""m_w"": [10, 5, 5, 5, 5, 5, 5, 5, 5, 5, 5, 5, 5], ""max_paths"": 28, ""s_w"": [64, 64, 64, 64, 64, 64, 64, 64, 64, 64, 64, 64, 64]}"
1,2,4,24,0,0,147744420,False,"{""m_w"": [1, 1, 1, 1, 1, 1], ""max_paths"": 2, ""s_w"": [4, 4, 4, 4, 4, 4]}",False,"{""m_w"": [4, 3, 3, 3, 3, 3], ""max_paths"": 2, ""s_w"": [4, 4, 4, 4, 4, 4]}",False,"{""m_w"": [1, 1, 1, 1, 1, 1], ""max_paths"": 14, ""s_w"": [4, 4, 4, 4, 4, 4]}",False,"{""m_w"": [1, 1, 1, 1, 1, 1], ""max_paths"": 2, ""s_w"": [64, 32, 32, 32, 32, 32]}",True,"{""m_w"": [11, 6, 6, 6, 6, 6], ""max_paths"": 14, ""s_w"": [64, 32, 32, 32, 32, 32]}"
1,2,4,24,0,1,1914621437,True,"{""m_w"": [1, 1, 1, 1, 1, 1], ""max_paths"": 2, ""s_w"": [4, 4, 4, 4, 4, 4]}",True,"{""m_w"": [3, 2, 2, 2, 2, 2], ""max_paths"": 2, ""s_w"": [4, 4, 4, 4, 4, 4]}",True,"{""m_w"": [1, 1, 1, 1, 1, 1], ""max_paths"": 14, ""s_w"": [4, 4, 4, 4, 4, 4]}",True,"{""m_w"": [1, 1, 1, 1, 1, 1], ""max_paths"": 2, ""s_w"": [64, 16, 16, 16, 16, 16]}",True,"{""m_w"": [11, 7, 7, 7, 7, 7], ""max_paths"": 14, ""s_w"": [64, 16, 16, 16, 16, 16]}"
1,2,4,24,3,0,1776273260,False,"{""m_w"": [1, 1, 1, 1, 1, 1, 1, 1, 1, 1, 1, 1, 1, 1, 1, 1, 1, 1, 1, 1, 1], ""max_paths"": 2, ""s_w"": [4, 4, 4, 4, 4, 4, 4, 4, 4, 4, 4, 4, 4, 4, 4, 4, 4, 4, 4, 4, 4]}",True,"{""m_w"": [4, 3, 4, 3, 4, 3, 4, 3, 4, 3, 4, 3, 4, 3, 4, 3, 4, 3, 4, 3, 4], ""max_paths"": 2, ""s_w"": [4, 4, 4, 4, 4, 4, 4, 4, 4, 4, 4, 4, 4, 4, 4, 4, 4, 4, 4, 4, 4]}",False,"{""m_w"": [1, 1, 1, 1, 1, 1, 1, 1, 1, 1, 1, 1, 1, 1, 1, 1, 1, 1, 1, 1, 1], ""max_paths"": 44, ""s_w"": [4, 4, 4, 4, 4, 4, 4, 4, 4, 4, 4, 4, 4, 4, 4, 4, 4, 4, 4, 4, 4]}",False,"{""m_w"": [1, 1, 1, 1, 1, 1, 1, 1, 1, 1, 1, 1, 1, 1, 1, 1, 1, 1, 1, 1, 1], ""max_paths"": 2, ""s_w"": [16, 64, 64, 64, 64, 64, 64, 64, 64, 64, 64, 64, 64, 64, 64, 64, 64, 64, 64, 64, 64]}",True,"{""m_w"": [8, 7, 7, 7, 7, 7, 7, 7, 7, 7, 7, 7, 7, 7, 7, 7, 7, 7, 7, 7, 7], ""max_paths"": 44, ""s_w"": [16, 64, 64, 64, 64, 64, 64, 64, 64, 64, 64, 64, 64, 64, 64, 64, 64, 64, 64, 64, 64]}"
1,2,4,24,3,1,1395666629,False,"{""m_w"": [1, 1, 1, 1, 1, 1, 1, 1, 1, 1, 1, 1, 1, 1, 1, 1, 1, 1, 1, 1, 1], ""max_paths"": 2, ""s_w"": [4, 4, 4, 4, 4, 4, 4, 4, 4, 4, 4, 4, 4, 4, 4, 4, 4, 4, 4, 4, 4]}",False,"{""m_w"": [4, 2, 3, 2, 3, 2, 3, 2, 3, 2, 3, 2, 3, 2, 3, 2, 3, 2, 3, 2, 3], ""max_paths"": 2, ""s_w"": [4, 4, 4, 4, 4, 4, 4, 4, 4, 4, 4, 4, 4, 4, 4, 4, 4, 4, 4, 4, 4]}",False,"{""m_w"": [1, 1, 1, 1, 1, 1, 1, 1, 1, 1, 1, 1, 1, 1, 1, 1, 1, 1, 1, 1, 1], ""max_paths"": 44, ""s_w"": [4, 4, 4, 4, 4, 4, 4, 4, 4, 4, 4, 4, 4, 4, 4, 4, 4, 4, 4, 4, 4]}",True,"{""m_w"": [1, 1, 1, 1, 1, 1, 1, 1, 1, 1, 1, 1, 1, 1, 1, 1, 1, 1, 1, 1, 1], ""max_paths"": 2, ""s_w"": [64, 64, 32, 64, 32, 64, 32, 64, 32, 64, 32, 64, 32, 64, 32, 64, 32, 64, 32, 64, 32]}",True,"{""m_w"": [9, 8, 7, 8, 7, 8, 7, 8, 7, 8, 7, 8, 7, 8, 7, 8, 7, 8, 7, 8, 7], ""max_paths"": 44, ""s_w"": [64, 64, 32, 64, 32, 64, 32, 64, 32, 64, 32, 64, 32, 64, 32, 64, 32, 64, 32, 64, 32]}"
1,2,4,32,0,0,1783589944,True,"{""m_w"": [1, 1, 1, 1, 1, 1, 1, 1], ""max_paths"": 2, ""s_w"": [4, 4, 4, 4, 4, 4, 4, 4]}",True,"{""m_w"": [3, 3, 3, 3, 3, 3, 3, 3], ""max_paths"": 2, ""s_w"": [4, 4, 4, 4, 4, 4, 4, 4]}",True,"{""m_w"": [1, 1, 1, 1, 1, 1, 1, 1], ""max_paths"": 18, ""s_w"": [4, 4, 4, 4, 4, 4, 4, 4]}",True,"{""m_w"": [1, 1, 1, 1, 1, 1, 1, 1], ""max_paths"": 2, ""s_w"": [64, 64, 64, 64, 64, 64, 64, 64]}",True,"{""m_w"": [9, 7, 7, 7, 7, 7, 7, 7], ""max_paths"": 18, ""s_w"": [64, 64, 64, 64, 64, 64, 64, 64]}"
1,2,4,32,0,1,1402983313,True,"{""m_w"": [1, 1, 1, 1, 1, 1, 1, 1], ""max_paths"": 2, ""s_w"": [4, 4, 4, 4, 4, 4, 4, 4]}",True,"{""m_w"": [3, 2, 2, 2, 2, 2, 2, 2], ""max_paths"": 2, ""s_w"": [4, 4, 4, 4, 4, 4, 4, 4]}",True,"{""m_w"": [1, 1, 1, 1, 1, 1, 1, 1], ""max_paths"": 18, ""s_w"": [4, 4, 4, 4, 4, 4, 4, 4]}",True,"{""m_w"": [1, 1, 1, 1, 1, 1, 1, 1], ""max_paths"": 2, ""s_w"": [64, 16, 16, 16, 16, 16, 16, 16]}",True,"{""m_w"": [10, 3, 3, 3, 3, 3, 3, 3], ""max_paths"": 18, ""s_w"": [64, 16, 16, 16, 16, 16, 16, 16]}"
1,2,4,32,3,0,21811225,False,"{""m_w"": [1, 1, 1, 1, 1, 1, 1, 1, 1, 1, 1, 1, 1, 1, 1, 1, 1, 1, 1, 1, 1, 1, 1, 1, 1, 1, 1, 1, 1], ""max_paths"": 2, ""s_w"": [4, 4, 4, 4, 4, 4, 4, 4, 4, 4, 4, 4, 4, 4, 4, 4, 4, 4, 4, 4, 4, 4, 4, 4, 4, 4, 4, 4, 4]}",False,"{""m_w"": [4, 1, 3, 1, 3, 1, 3, 1, 3, 1, 3, 1, 3, 1, 3, 1, 3, 1, 3, 1, 3, 1, 3, 1, 3, 1, 3, 1, 3], ""max_paths"": 2, ""s_w"": [4, 4, 4, 4, 4, 4, 4, 4, 4, 4, 4, 4, 4, 4, 4, 4, 4, 4, 4, 4, 4, 4, 4, 4, 4, 4, 4, 4, 4]}",False,"{""m_w"": [1, 1, 1, 1, 1, 1, 1, 1, 1, 1, 1, 1, 1, 1, 1, 1, 1, 1, 1, 1, 1, 1, 1, 1, 1, 1, 1, 1, 1], ""max_paths"": 32, ""s_w"": [4, 4, 4, 4, 4, 4, 4, 4, 4, 4, 4, 4, 4, 4, 4, 4, 4, 4, 4, 4, 4, 4, 4, 4, 4, 4, 4, 4, 4]}",True,"{""m_w"": [1, 1, 1, 1, 1, 1, 1, 1, 1, 1, 1, 1, 1, 1, 1, 1, 1, 1, 1, 1, 1, 1, 1, 1, 1, 1, 1, 1, 1], ""max_paths"": 2, ""s_w"": [64, 4, 64, 4, 64, 4, 64, 4, 64, 4, 64, 4, 64, 4, 64, 4, 64, 4, 64, 4, 64, 4, 64, 4, 64, 4, 64, 4, 64]}",True,"{""m_w"": [8, 1, 9, 1, 9, 1, 9, 1, 9, 1, 9, 1, 9, 1, 9, 1, 9, 1, 9, 1, 9, 1, 9, 1, 9, 1, 9, 1, 9], ""max_paths"": 32, ""s_w"": [64, 4, 64, 4, 64, 4, 64, 4, 64, 4, 64, 4, 64, 4, 64, 4, 64, 4, 64, 4, 64, 4, 64, 4, 64, 4, 64, 4, 64]}"
1,2,4,32,3,1,1689349355,False,"{""m_w"": [1, 1, 1, 1, 1, 1, 1, 1, 1, 1, 1, 1, 1, 1, 1, 1, 1, 1, 1, 1, 1, 1, 1, 1, 1, 1, 1, 1, 1], ""max_paths"": 2, ""s_w"": [4, 4, 4, 4, 4, 4, 4, 4, 4, 4, 4, 4, 4, 4, 4, 4, 4, 4, 4, 4, 4, 4, 4, 4, 4, 4, 4, 4, 4]}",True,"{""m_w"": [2, 3, 4, 3, 4, 3, 4, 3, 4, 3, 4, 3, 4, 3, 4, 3, 4, 3, 4, 3, 4, 3, 4, 3, 4, 3, 4, 3, 4], ""max_paths"": 2, ""s_w"": [4, 4, 4, 4, 4, 4, 4, 4, 4, 4, 4, 4, 4, 4, 4, 4, 4, 4, 4, 4, 4, 4, 4, 4, 4, 4, 4, 4, 4]}",False,"{""m_w"": [1, 1, 1, 1, 1, 1, 1, 1, 1, 1, 1, 1, 1, 1, 1, 1, 1, 1, 1, 1, 1, 1, 1, 1, 1, 1, 1, 1, 1], ""max_paths"": 60, ""s_w"": [4, 4, 4, 4, 4, 4, 4, 4, 4, 4, 4, 4, 4, 4, 4, 4, 4, 4, 4, 4, 4, 4, 4, 4, 4, 4, 4, 4, 4]}",False,"{""m_w"": [1, 1, 1, 1, 1, 1, 1, 1, 1, 1, 1, 1, 1, 1, 1, 1, 1, 1, 1, 1, 1, 1, 1, 1, 1, 1, 1, 1, 1], ""max_paths"": 2, ""s_w"": [64, 64, 16, 64, 16, 64, 16, 64, 16, 64, 16, 64, 16, 64, 16, 64, 16, 64, 16, 64, 16, 64, 16, 64, 16, 64, 16, 64, 16]}",True,"{""m_w"": [9, 5, 5, 5, 5, 5, 5, 5, 5, 5, 5, 5, 5, 5, 5, 5, 5, 5, 5, 5, 5, 5, 5, 5, 5, 5, 5, 5, 5], ""max_paths"": 60, ""s_w"": [64, 64, 16, 64, 16, 64, 16, 64, 16, 64, 16, 64, 16, 64, 16, 64, 16, 64, 16, 64, 16, 64, 16, 64, 16, 64, 16, 64, 16]}"
1,2,8,16,0,0,87922976,True,"{""m_w"": [1, 1, 1, 1], ""max_paths"": 2, ""s_w"": [8, 8, 8, 8]}",True,"{""m_w"": [4, 5, 5, 5], ""max_paths"": 2, ""s_w"": [8, 8, 8, 8]}",True,"{""m_w"": [1, 1, 1, 1], ""max_paths"": 10, ""s_w"": [8, 8, 8, 8]}",False,"{""m_w"": [1, 1, 1, 1], ""max_paths"": 2, ""s_w"": [8, 32, 32, 32]}",True,"{""m_w"": [4, 9, 9, 9], ""max_paths"": 10, ""s_w"": [8, 32, 32, 32]}"
1,2,8,16,0,1,1755461106,False,"{""m_w"": [1, 1, 1, 1], ""max_paths"": 2, ""s_w"": [8, 8, 8, 8]}",False,"{""m_w"": [6, 4, 4, 4], ""max_paths"": 2, ""s_w"": [8, 8, 8, 8]}",False,"{""m_w"": [1, 1, 1, 1], ""max_paths"": 10, ""s_w"": [8, 8, 8, 8]}",True,"{""m_w"": [1, 1, 1, 1], ""max_paths"": 2, ""s_w"": [64, 64, 64, 64]}",True,"{""m_w"": [11, 5, 5, 5], ""max_paths"": 10, ""s_w"": [64, 64, 64, 64]}"
1,2,8,16,3,0,1617112929,False,"{""m_w"": [1, 1, 1, 1, 1, 1, 1, 1, 1, 1, 1, 1, 1], ""max_paths"": 2, ""s_w"": [8, 8, 8, 8, 8, 8, 8, 8, 8, 8, 8, 8, 8]}",True,"{""m_w"": [6, 6, 5, 6, 5, 6, 5, 6, 5, 6, 5, 6, 5], ""max_paths"": 2, ""s_w"": [8, 8, 8, 8, 8, 8, 8, 8, 8, 8, 8, 8, 8]}",False,"{""m_w"": [1, 1, 1, 1, 1, 1, 1, 1, 1, 1, 1, 1, 1], ""max_paths"": 28, ""s_w"": [8, 8, 8, 8, 8, 8, 8, 8, 8, 8, 8, 8, 8]}",True,"{""m_w"": [1, 1, 1, 1, 1, 1, 1, 1, 1, 1, 1, 1, 1], ""max_paths"": 2, ""s_w"": [64, 64, 64, 64, 64, 64, 64, 64, 64, 64, 64, 64, 64]}",True,"{""m_w"": [11, 8, 8, 8, 8, 8, 8, 8, 8, 8, 8, 8, 8], ""max_paths"": 28, ""s_w"": [64, 64, 64, 64, 64, 64, 64, 64, 64, 64, 64, 64, 64]}"
1,2,8,16,3,1,1236506298,False,"{""m_w"": [1, 1, 1, 1, 1, 1, 1, 1, 1, 1, 1, 1, 1], ""max_paths"": 2, ""s_w"": [8, 8, 8, 8, 8, 8, 8, 8, 8, 8, 8, 8, 8]}",True,"{""m_w"": [3, 5, 4, 5, 4, 5, 4, 5, 4, 5, 4, 5, 4], ""max_paths"": 2, ""s_w"": [8, 8, 8, 8, 8, 8, 8, 8, 8, 8, 8, 8, 8]}",False,"{""m_w"": [1, 1, 1, 1, 1, 1, 1, 1, 1, 1, 1, 1, 1], ""max_paths"": 28, ""s_w"": [8, 8, 8, 8, 8, 8, 8, 8, 8, 8, 8, 8, 8]}",False,"{""m_w"": [1, 1, 1, 1, 1, 1, 1, 1, 1, 1, 1, 1, 1], ""max_paths"": 2, ""s_w"": [64, 64, 64, 64, 64, 64, 64, 64, 64, 64, 64, 64, 64]}",True,"{""m_w"": [10, 7, 6, 7, 6, 7, 6, 7, 6, 7, 6, 7, 6], ""max_paths"": 28, ""s_w"": [64, 64, 64, 64, 64, 64, 64, 64, 64, 64, 64, 64, 64]}"
1,2,8,24,0,0,381605702,False,"{""m_w"": [1, 1, 1, 1, 1, 1], ""max_paths"": 2, ""s_w"": [8, 8, 8, 8, 8, 8]}",False,"{""m_w"": [5, 5, 5, 5, 5, 5], ""max_paths"": 2, ""s_w"": [8, 8, 8, 8, 8, 8]}",False,"{""m_w"": [1, 1, 1, 1, 1, 1], ""max_paths"": 14, ""s_w"": [8, 8, 8, 8, 8, 8]}",True,"{""m_w"": [1, 1, 1, 1, 1, 1], ""max_paths"": 2, ""s_w"": [64, 64, 64, 64, 64, 64]}",True,"{""m_w"": [7, 7, 7, 7, 7, 7], ""max_paths"": 14, ""s_w"": [64, 64, 64, 64, 64, 64]}"
1,2,8,24,0,1,999071,True,"{""m_w"": [1, 1, 1, 1, 1, 1], ""max_paths"": 2, ""s_w"": [8, 8, 8, 8, 8, 8]}",True,"{""m_w"": [5, 3, 3, 3, 3, 3], ""max_paths"": 2, ""s_w"": [8, 8, 8, 8, 8, 8]}",True,"{""m_w"": [1, 1, 1, 1, 1, 1], ""max_paths"": 14, ""s_w"": [8, 8, 8, 8, 8, 8]}",True,"{""m_w"": [1, 1, 1, 1, 1, 1], ""max_paths"": 2, ""s_w"": [64, 64, 64, 64, 64, 64]}",True,"{""m_w"": [9, 4, 4, 4, 4, 4], ""max_paths"": 14, ""s_w"": [64, 64, 64, 64, 64, 64]}"
1,2,8,24,3,0,2010134542,False,"{""m_w"": [1, 1, 1, 1, 1, 1, 1, 1, 1, 1, 1, 1, 1, 1, 1, 1, 1, 1, 1, 1, 1], ""max_paths"": 2, ""s_w"": [8, 8, 8, 8, 8, 8, 8, 8, 8, 8, 8, 8, 8, 8, 8, 8, 8, 8, 8, 8, 8]}",True,"{""m_w"": [6, 6, 5, 6, 5, 6, 5, 6, 5, 6, 5, 6, 5, 6, 5, 6, 5, 6, 5, 6, 5], ""max_paths"": 2, ""s_w"": [8, 8, 8, 8, 8, 8, 8, 8, 8, 8, 8, 8, 8, 8, 8, 8, 8, 8, 8, 8, 8]}",False,"{""m_w"": [1, 1, 1, 1, 1, 1, 1, 1, 1, 1, 1, 1, 1, 1, 1, 1, 1, 1, 1, 1, 1], ""max_paths"": 44, ""s_w"": [8, 8, 8, 8, 8, 8, 8, 8, 8, 8, 8, 8, 8, 8, 8, 8, 8, 8, 8, 8, 8]}",True,"{""m_w"": [1, 1, 1, 1, 1, 1, 1, 1, 1, 1, 1, 1, 1, 1, 1, 1, 1, 1, 1, 1, 1], ""max_paths"": 2, ""s_w"": [64, 32, 64, 32, 64, 32, 64, 32, 64, 32, 64, 32, 64, 32, 64, 32, 64, 32, 64, 32, 64]}",True,"{""m_w"": [10, 8, 8, 8, 8, 8, 8, 8, 8, 8, 8, 8, 8, 8, 8, 8, 8, 8, 8, 8, 8], ""max_paths"": 44, ""s_w"": [64, 32, 64, 32, 64, 32, 64, 32, 64, 32, 64, 32, 64, 32, 64, 32, 64, 32, 64, 32, 64]}"
1,2,8,24,3,1,1530189024,False,"{""m_w"": [1, 1, 1, 1, 1, 1, 1, 1, 1, 1, 1, 1, 1, 1, 1, 1, 1, 1, 1, 1, 1], ""max_paths"": 2, ""s_w"": [8, 8, 8, 8, 8, 8, 8, 8, 8, 8, 8, 8, 8, 8, 8, 8, 8, 8, 8, 8, 8]}",True,"{""m_w"": [6, 3, 3, 3, 3, 3, 3, 3, 3, 3, 3, 3, 3, 3, 3, 3, 3, 3, 3, 3, 3], ""max_paths"": 2, ""s_w"": [8, 8, 8, 8, 8, 8, 8, 8, 8, 8, 8, 8, 8, 8, 8, 8, 8, 8, 8, 8, 8]}",False,"{""m_w"": [1, 1, 1, 1, 1, 1, 1, 1, 1, 1, 1, 1, 1, 1, 1, 1, 1, 1, 1, 1, 1], ""max_paths"": 44, ""s_w"": [8, 8, 8, 8, 8, 8, 8, 8, 8, 8, 8, 8, 8, 8, 8, 8, 8, 8, 8, 8, 8]}",False,"{""m_w"": [1, 1, 1, 1, 1, 1, 1, 1, 1, 1, 1, 1, 1, 1, 1, 1, 1, 1, 1, 1, 1], ""max_paths"": 2, ""s_w"": [64, 64, 64, 64, 64, 64, 64, 64, 64, 64, 64, 64, 64, 64, 64, 64, 64, 64, 64, 64, 64]}",True,"{""m_w"": [10, 5, 4, 5, 4, 5, 4, 5, 4, 5, 4, 5, 4, 5, 4, 5, 4, 5, 4, 5, 4], ""max_paths"": 44, ""s_w"": [64, 64, 64, 64, 64, 64, 64, 64, 64, 64, 64, 64, 64, 64, 64, 64, 64, 64, 64, 64, 64]}"
1,2,8,32,0,0,388726277,False,"{""m_w"": [1, 1, 1, 1, 1, 1, 1, 1], ""max_paths"": 2, ""s_w"": [8, 8, 8, 8, 8, 8, 8, 8]}",False,"{""m_w"": [4, 5, 5, 5, 5, 5, 5, 5], ""max_paths"": 2, ""s_w"": [8, 8, 8, 8, 8, 8, 8, 8]}",False,"{""m_w"": [1, 1, 1, 1, 1, 1, 1, 1], ""max_paths"": 18, ""s_w"": [8, 8, 8, 8, 8, 8, 8, 8]}",True,"{""m_w"": [1, 1, 1, 1, 1, 1, 1, 1], ""max_paths"": 2, ""s_w"": [64, 32, 32, 32, 32, 32, 32, 32]}",True,"{""m_w"": [11, 7, 7, 7, 7, 7, 7, 7], ""max_paths"": 18, ""s_w"": [64, 32, 32, 32, 32, 32, 32, 32]}"
1,2,8,32,0,1,2056264407,True,"{""m_w"": [1, 1, 1, 1, 1, 1, 1, 1], ""max_paths"": 2, ""s_w"": [8, 8, 8, 8, 8, 8, 8, 8]}",True,"{""m_w"": [3, 4, 4, 4, 4, 4, 4, 4], ""max_paths"": 2, ""s_w"": [8, 8, 8, 8, 8, 8, 8, 8]}",True,"{""m_w"": [1, 1, 1, 1, 1, 1, 1, 1], ""max_paths"": 18, ""s_w"": [8, 8, 8, 8, 8, 8, 8, 8]}",True,"{""m_w"": [1, 1, 1, 1, 1, 1, 1, 1], ""max_paths"": 2, ""s_w"": [32, 64, 64, 64, 64, 64, 64, 64]}",True,"{""m_w"": [9, 8, 8, 8, 8, 8, 8, 8], ""max_paths"": 18, ""s_w"": [32, 64, 64, 64, 64, 64, 64, 64]}"
1,2,8,32,3,0,675092319,False,"{""m_w"": [1, 1, 1, 1, 1, 1, 1, 1, 1, 1, 1, 1, 1, 1, 1, 1, 1, 1, 1, 1, 1, 1, 1, 1, 1, 1, 1, 1, 1], ""max_paths"": 2, ""s_w"": [8, 8, 8, 8, 8, 8, 8, 8, 8, 8, 8, 8, 8, 8, 8, 8, 8, 8, 8, 8, 8, 8, 8, 8, 8, 8, 8, 8, 8]}",True,"{""m_w"": [6, 6, 5, 6, 5, 6, 5, 6, 5, 6, 5, 6, 5, 6, 5, 6, 5, 6, 5, 6, 5, 6, 5, 6, 5, 6, 5, 6, 5], ""max_paths"": 2, ""s_w"": [8, 8, 8, 8, 8, 8, 8, 8, 8, 8, 8, 8, 8, 8, 8, 8, 8, 8, 8, 8, 8, 8, 8, 8, 8, 8, 8, 8, 8]}",False,"{""m_w"": [1, 1, 1, 1, 1, 1, 1, 1, 1, 1, 1, 1, 1, 1, 1, 1, 1, 1, 1, 1, 1, 1, 1, 1, 1, 1, 1, 1, 1], ""max_paths"": 60, ""s_w"": [8, 8, 8, 8, 8, 8, 8, 8, 8, 8, 8, 8, 8, 8, 8, 8, 8, 8, 8, 8, 8, 8, 8, 8, 8, 8, 8, 8, 8]}",True,"{""m_w"": [1, 1, 1, 1, 1, 1, 1, 1, 1, 1, 1, 1, 1, 1, 1, 1, 1, 1, 1, 1, 1, 1, 1, 1, 1, 1, 1, 1, 1], ""max_paths"": 2, ""s_w"": [64, 64, 64, 64, 64, 64, 64, 64, 64, 64, 64, 64, 64, 64, 64, 64, 64, 64, 64, 64, 64, 64, 64, 64, 64, 64, 64, 64, 64]}",True,"{""m_w"": [9, 8, 7, 8, 7, 8, 7, 8, 7, 8, 7, 8, 7, 8, 7, 8, 7, 8, 7, 8, 7, 8, 7, 8, 7, 8, 7, 8, 7], ""max_paths"": 60, ""s_w"": [64, 64, 64, 64, 64, 64, 64, 64, 64, 64, 64, 64, 64, 64, 64, 64, 64, 64, 64, 64, 64, 64, 64, 64, 64, 64, 64, 64, 64]}"
1,2,8,32,3,1,294485688,False,"{""m_w"": [1, 1, 1, 1, 1, 1, 1, 1, 1, 1, 1, 1, 1, 1, 1, 1, 1, 1, 1, 1, 1, 1, 1, 1, 1, 1, 1, 1, 1], ""max_paths"": 2, ""s_w"": [8, 8, 8, 8, 8, 8, 8, 8, 8, 8, 8, 8, 8, 8, 8, 8, 8, 8, 8, 8, 8, 8, 8, 8, 8, 8, 8, 8, 8]}",True,"{""m_w"": [5, 3, 4, 3, 4, 3, 4, 3, 4, 3, 4, 3, 4, 3, 4, 3, 4, 3, 4, 3, 4, 3, 4, 3, 4, 3, 4, 3, 4], ""max_paths"": 2, ""s_w"": [8, 8, 8, 8, 8, 8, 8, 8, 8, 8, 8, 8, 8, 8, 8, 8, 8, 8, 8, 8, 8, 8, 8, 8, 8, 8, 8, 8, 8]}",False,"{""m_w"": [1, 1, 1, 1, 1, 1, 1, 1, 1, 1, 1, 1, 1, 1, 1, 1, 1, 1, 1, 1, 1, 1, 1, 1, 1, 1, 1, 1, 1], ""max_paths"": 60, ""s_w"": [8, 8, 8, 8, 8, 8, 8, 8, 8, 8, 8, 8, 8, 8, 8, 8, 8, 8, 8, 8, 8, 8, 8, 8, 8, 8, 8, 8, 8]}",True,"{""m_w"": [1, 1, 1, 1, 1, 1, 1, 1, 1, 1, 1, 1, 1, 1, 1, 1, 1, 1, 1, 1, 1, 1, 1, 1, 1, 1, 1, 1, 1], ""max_paths"": 2, ""s_w"": [64, 64, 64, 64, 64, 64, 64, 64, 64, 64, 64, 64, 64, 64, 64, 64, 64, 64, 64, 64, 64, 64, 64, 64, 64, 64, 64, 64, 64]}",True,"{""m_w"": [9, 7, 6, 7, 6, 7, 6, 7, 6, 7, 6, 7, 6, 7, 6, 7, 6, 7, 6, 7, 6, 7, 6, 7, 6, 7, 6, 7, 6], ""max_paths"": 60, ""s_w"": [64, 64, 64, 64, 64, 64, 64, 64, 64, 64, 64, 64, 64, 64, 64, 64, 64, 64, 64, 64, 64, 64, 64, 64, 64, 64, 64, 64, 64]}"
1,2,16,16,0,0,761338546,False,"{""m_w"": [1, 1, 1, 1], ""max_paths"": 2, ""s_w"": [16, 16, 16, 16]}",True,"{""m_w"": [5, 4, 4, 4], ""max_paths"": 2, ""s_w"": [16, 16, 16, 16]}",False,"{""m_w"": [1, 1, 1, 1], ""max_paths"": 10, ""s_w"": [16, 16, 16, 16]}",False,"{""m_w"": [1, 1, 1, 1], ""max_paths"": 2, ""s_w"": [64, 64, 64, 64]}",True,"{""m_w"": [7, 7, 7, 7], ""max_paths"": 10, ""s_w"": [64, 64, 64, 64]}"
1,2,16,16,0,1,380731915,True,"{""m_w"": [1, 1, 1, 1], ""max_paths"": 2, ""s_w"": [16, 16, 16, 16]}",True,"{""m_w"": [6, 3, 3, 3], ""max_paths"": 2, ""s_w"": [16, 16, 16, 16]}",True,"{""m_w"": [1, 1, 1, 1], ""max_paths"": 10, ""s_w"": [16, 16, 16, 16]}",True,"{""m_w"": [1, 1, 1, 1], ""max_paths"": 2, ""s_w"": [64, 64, 64, 64]}",True,"{""m_w"": [10, 6, 6, 6], ""max_paths"": 10, ""s_w"": [64, 64, 64, 64]}"
1,2,16,16,3,0,194765725,False,"{""m_w"": [1, 1, 1, 1, 1, 1, 1, 1, 1, 1, 1, 1, 1], ""max_paths"": 2, ""s_w"": [16, 16, 16, 16, 16, 16, 16, 16, 16, 16, 16, 16, 16]}",True,"{""m_w"": [10, 8, 10, 8, 10, 8, 10, 8, 10, 8, 10, 8, 10], ""max_paths"": 2, ""s_w"": [16, 16, 16, 16, 16, 16, 16, 16, 16, 16, 16, 16, 16]}",False,"{""m_w"": [1, 1, 1, 1, 1, 1, 1, 1, 1, 1, 1, 1, 1], ""max_paths"": 28, ""s_w"": [16, 16, 16, 16, 16, 16, 16, 16, 16, 16, 16, 16, 16]}",False,"{""m_w"": [1, 1, 1, 1, 1, 1, 1, 1, 1, 1, 1, 1, 1], ""max_paths"": 2, ""s_w"": [64, 64, 64, 64, 64, 64, 64, 64, 64, 64, 64, 64, 64]}",True,"{""m_w"": [9, 7, 8, 7, 8, 7, 8, 7, 8, 7, 8, 7, 8], ""max_paths"": 28, ""s_w"": [64, 64, 64, 64, 64, 64, 64, 64, 64, 64, 64, 64, 64]}"
1,2,16,16,3,1,1961642742,True,"{""m_w"": [1, 1, 1, 1, 1, 1, 1, 1, 1, 1, 1, 1, 1], ""max_paths"": 2, ""s_w"": [16, 16, 16, 16, 16, 16, 16, 16, 16, 16, 16, 16, 16]}",True,"{""m_w"": [7, 6, 5, 6, 5, 6, 5, 6, 5, 6, 5, 6, 5], ""max_paths"": 2, ""s_w"": [16, 16, 16, 16, 16, 16, 16, 16, 16, 16, 16, 16, 16]}",True,"{""m_w"": [1, 1, 1, 1, 1, 1, 1, 1, 1, 1, 1, 1, 1], ""max_paths"": 28, ""s_w"": [16, 16, 16, 16, 16, 16, 16, 16, 16, 16, 16, 16, 16]}",True,"{""m_w"": [1, 1, 1, 1, 1, 1, 1, 1, 1, 1, 1, 1, 1], ""max_paths"": 2, ""s_w"": [64, 64, 64, 64, 64, 64, 64, 64, 64, 64, 64, 64, 64]}",True,"{""m_w"": [9, 7, 6, 7, 6, 7, 6, 7, 6, 7, 6, 7, 6], ""max_paths"": 28, ""s_w"": [64, 64, 64, 64, 64, 64, 64, 64, 64, 64, 64, 64, 64]}"
1,2,16,24,0,0,301421296,True,"{""m_w"": [1, 1, 1, 1, 1, 1], ""max_paths"": 2, ""s_w"": [16, 16, 16, 16, 16, 16]}",True,"{""m_w"": [9, 7, 7, 7, 7, 7], ""max_paths"": 2, ""s_w"": [16, 16, 16, 16, 16, 16]}",True,"{""m_w"": [1, 1, 1, 1, 1, 1], ""max_paths"": 14, ""s_w"": [16, 16, 16, 16, 16, 16]}",True,"{""m_w"": [1, 1, 1, 1, 1, 1], ""max_paths"": 2, ""s_w"": [64, 32, 32, 32, 32, 32]}",True,"{""m_w"": [11, 7, 7, 7, 7, 7], ""max_paths"": 14, ""s_w"": [64, 32, 32, 32, 32, 32]}"
1,2,16,24,0,1,1968959426,True,"{""m_w"": [1, 1, 1, 1, 1, 1], ""max_paths"": 2, ""s_w"": [16, 16, 16, 16, 16, 16]}",True,"{""m_w"": [7, 4, 4, 4, 4, 4], ""max_paths"": 2, ""s_w"": [16, 16, 16, 16, 16, 16]}",True,"{""m_w"": [1, 1, 1, 1, 1, 1], ""max_paths"": 14, ""s_w"": [16, 16, 16, 16, 16, 16]}",True,"{""m_w"": [1, 1, 1, 1, 1, 1], ""max_paths"": 2, ""s_w"": [64, 64, 64, 64, 64, 64]}",True,"{""m_w"": [9, 6, 6, 6, 6, 6], ""max_paths"": 14, ""s_w"": [64, 64, 64, 64, 64, 64]}"
1,2,16,24,3,0,1929950136,False,"{""m_w"": [1, 1, 1, 1, 1, 1, 1, 1, 1, 1, 1, 1, 1, 1, 1, 1, 1, 1, 1, 1, 1], ""max_paths"": 2, ""s_w"": [16, 16, 16, 16, 16, 16, 16, 16, 16, 16, 16, 16, 16, 16, 16, 16, 16, 16, 16, 16, 16]}",True,"{""m_w"": [7, 5, 5, 5, 5, 5, 5, 5, 5, 5, 5, 5, 5, 5, 5, 5, 5, 5, 5, 5, 5], ""max_paths"": 2, ""s_w"": [16, 16, 16, 16, 16, 16, 16, 16, 16, 16, 16, 16, 16, 16, 16, 16, 16, 16, 16, 16, 16]}",False,"{""m_w"": [1, 1, 1, 1, 1, 1, 1, 1, 1, 1, 1, 1, 1, 1, 1, 1, 1, 1, 1, 1, 1], ""max_paths"": 44, ""s_w"": [16, 16, 16, 16, 16, 16, 16, 16, 16, 16, 16, 16, 16, 16, 16, 16, 16, 16, 16, 16, 16]}",True,"{""m_w"": [1, 1, 1, 1, 1, 1, 1, 1, 1, 1, 1, 1, 1, 1, 1, 1, 1, 1, 1, 1, 1], ""max_paths"": 2, ""s_w"": [64, 64, 64, 64, 64, 64, 64, 64, 64, 64, 64, 64, 64, 64, 64, 64, 64, 64, 64, 64, 64]}",True,"{""m_w"": [10, 5, 6, 5, 6, 5, 6, 5, 6, 5, 6, 5, 6, 5, 6, 5, 6, 5, 6, 5, 6], ""max_paths"": 44, ""s_w"": [64, 64, 64, 64, 64, 64, 64, 64, 64, 64, 64, 64, 64, 64, 64, 64, 64, 64, 64, 64, 64]}"
1,2,16,24,3,1,1450004618,False,"{""m_w"": [1, 1, 1, 1, 1, 1, 1, 1, 1, 1, 1, 1, 1, 1, 1, 1, 1, 1, 1, 1, 1], ""max_paths"": 2, ""s_w"": [16, 16, 16, 16, 16, 16, 16, 16, 16, 16, 16, 16, 16, 16, 16, 16, 16, 16, 16, 16, 16]}",True,"{""m_w"": [9, 4, 6, 4, 6, 4, 6, 4, 6, 4, 6, 4, 6, 4, 6, 4, 6, 4, 6, 4, 6], ""max_paths"": 2, ""s_w"": [16, 16, 16, 16, 16, 16, 16, 16, 16, 16, 16, 16, 16, 16, 16, 16, 16, 16, 16, 16, 16]}",False,"{""m_w"": [1, 1, 1, 1, 1, 1, 1, 1, 1, 1, 1, 1, 1, 1, 1, 1, 1, 1, 1, 1, 1], ""max_paths"": 44, ""s_w"": [16, 16, 16, 16, 16, 16, 16, 16, 16, 16, 16, 16, 16, 16, 16, 16, 16, 16, 16, 16, 16]}",True,"{""m_w"": [1, 1, 1, 1, 1, 1, 1, 1, 1, 1, 1, 1, 1, 1, 1, 1, 1, 1, 1, 1, 1], ""max_paths"": 2, ""s_w"": [64, 16, 64, 16, 64, 16, 64, 16, 64, 16, 64, 16, 64, 16, 64, 16, 64, 16, 64, 16, 64]}",True,"{""m_w"": [11, 4, 6, 4, 6, 4, 6, 4, 6, 4, 6, 4, 6, 4, 6, 4, 6, 4, 6, 4, 6], ""max_paths"": 44, ""s_w"": [64, 16, 64, 16, 64, 16, 64, 16, 64, 16, 64, 16, 64, 16, 64, 16, 64, 16, 64, 16, 64]}"
1,2,16,32,0,0,1937266820,False,"{""m_w"": [1, 1, 1, 1, 1, 1, 1, 1], ""max_paths"": 2, ""s_w"": [16, 16, 16, 16, 16, 16, 16, 16]}",False,"{""m_w"": [8, 4, 4, 4, 4, 4, 4, 4], ""max_paths"": 2, ""s_w"": [16, 16, 16, 16, 16, 16, 16, 16]}",False,"{""m_w"": [1, 1, 1, 1, 1, 1, 1, 1], ""max_paths"": 18, ""s_w"": [16, 16, 16, 16, 16, 16, 16, 16]}",True,"{""m_w"": [1, 1, 1, 1, 1, 1, 1, 1], ""max_paths"": 2, ""s_w"": [64, 16, 16, 16, 16, 16, 16, 16]}",True,"{""m_w"": [10, 4, 4, 4, 4, 4, 4, 4], ""max_paths"": 18, ""s_w"": [64, 16, 16, 16, 16, 16, 16, 16]}"
1,2,16,32,0,1,1556660189,False,"{""m_w"": [1, 1, 1, 1, 1, 1, 1, 1], ""max_paths"": 2, ""s_w"": [16, 16, 16, 16, 16, 16, 16, 16]}",False,"{""m_w"": [5, 5, 5, 5, 5, 5, 5, 5], ""max_paths"": 2, ""s_w"": [16, 16, 16, 16, 16, 16, 16, 16]}",False,"{""m_w"": [1, 1, 1, 1, 1, 1, 1, 1], ""max_paths"": 18, ""s_w"": [16, 16, 16, 16, 16, 16, 16, 16]}",True,"{""m_w"": [1, 1, 1, 1, 1, 1, 1, 1], ""max_paths"": 2, ""s_w"": [64, 64, 64, 64, 64, 64, 64, 64]}",True,"{""m_w"": [11, 8, 8, 8, 8, 8, 8, 8], ""max_paths"": 18, ""s_w"": [64, 64, 64, 64, 64, 64, 64, 64]}"
1,2,16,32,3,0,76149214,False,"{""m_w"": [1, 1, 1, 1, 1, 1, 1, 1, 1, 1, 1, 1, 1, 1, 1, 1, 1, 1, 1, 1, 1, 1, 1, 1, 1, 1, 1, 1, 1], ""max_paths"": 2, ""s_w"": [16, 16, 16, 16, 16, 16, 16, 16, 16, 16, 16, 16, 16, 16, 16, 16, 16, 16, 16, 16, 16, 16, 16, 16, 16, 16, 16, 16, 16]}",True,"{""m_w"": [6, 4, 4, 4, 4, 4, 4, 4, 4, 4, 4, 4, 4, 4, 4, 4, 4, 4, 4, 4, 4, 4, 4, 4, 4, 4, 4, 4, 4], ""max_paths"": 2, ""s_w"": [16, 16, 16, 16, 16, 16, 16, 16, 16, 16, 16, 16, 16, 16, 16, 16, 16, 16, 16, 16, 16, 16, 16, 16, 16, 16, 16, 16, 16]}",False,"{""m_w"": [1, 1, 1, 1, 1, 1, 1, 1, 1, 1, 1, 1, 1, 1, 1, 1, 1, 1, 1, 1, 1, 1, 1, 1, 1, 1, 1, 1, 1], ""max_paths"": 60, ""s_w"": [16, 16, 16, 16, 16, 16, 16, 16, 16, 16, 16, 16, 16, 16, 16, 16, 16, 16, 16, 16, 16, 16, 16, 16, 16, 16, 16, 16, 16]}",True,"{""m_w"": [1, 1, 1, 1, 1, 1, 1, 1, 1, 1, 1, 1, 1, 1, 1, 1, 1, 1, 1, 1, 1, 1, 1, 1, 1, 1, 1, 1, 1], ""max_paths"": 2, ""s_w"": [64, 64, 32, 64, 32, 64, 32, 64, 32, 64, 32, 64, 32, 64, 32, 64, 32, 64, 32, 64, 32, 64, 32, 64, 32, 64, 32, 64, 32]}",True,"{""m_w"": [9, 6, 5, 6, 5, 6, 5, 6, 5, 6, 5, 6, 5, 6, 5, 6, 5, 6, 5, 6, 5, 6, 5, 6, 5, 6, 5, 6, 5], ""max_paths"": 60, ""s_w"": [64, 64, 32, 64, 32, 64, 32, 64, 32, 64, 32, 64, 32, 64, 32, 64, 32, 64, 32, 64, 32, 64, 32, 64, 32, 64, 32, 64, 32]}"
1,2,16,32,3,1,1843026231,False,"{""m_w"": [1, 1, 1, 1, 1, 1, 1, 1, 1, 1, 1, 1, 1, 1, 1, 1, 1, 1, 1, 1, 1, 1, 1, 1, 1, 1, 1, 1, 1], ""max_paths"": 2, ""s_w"": [16, 16, 16, 16, 16, 16, 16, 16, 16, 16, 16, 16, 16, 16, 16, 16, 16, 16, 16, 16, 16, 16, 16, 16, 16, 16, 16, 16, 16]}",True,"{""m_w"": [9, 6, 10, 6, 10, 6, 10, 6, 10, 6, 10, 6, 10, 6, 10, 6, 10, 6, 10, 6, 10, 6, 10, 6, 10, 6, 10, 6, 10], ""max_paths"": 2, ""s_w"": [16, 16, 16, 16, 16, 16, 16, 16, 16, 16, 16, 16, 16, 16, 16, 16, 16, 16, 16, 16, 16, 16, 16, 16, 16, 16, 16, 16, 16]}",False,"{""m_w"": [1, 1, 1, 1, 1, 1, 1, 1, 1, 1, 1, 1, 1, 1, 1, 1, 1, 1, 1, 1, 1, 1, 1, 1, 1, 1, 1, 1, 1], ""max_paths"": 60, ""s_w"": [16, 16, 16, 16, 16, 16, 16, 16, 16, 16, 16, 16, 16, 16, 16, 16, 16, 16, 16, 16, 16, 16, 16, 16, 16, 16, 16, 16, 16]}",False,"{""m_w"": [1, 1, 1, 1, 1, 1, 1, 1, 1, 1, 1, 1, 1, 1, 1, 1, 1, 1, 1, 1, 1, 1, 1, 1, 1, 1, 1, 1, 1], ""max_paths"": 2, ""s_w"": [64, 64, 64, 64, 64, 64, 64, 64, 64, 64, 64, 64, 64, 64, 64, 64, 64, 64, 64, 64, 64, 64, 64, 64, 64, 64, 64, 64, 64]}",True,"{""m_w"": [9, 4, 8, 4, 8, 4, 8, 4, 8, 4, 8, 4, 8, 4, 8, 4, 8, 4, 8, 4, 8, 4, 8, 4, 8, 4, 8, 4, 8], ""max_paths"": 60, ""s_w"": [64, 64, 64, 64, 64, 64, 64, 64, 64, 64, 64, 64, 64, 64, 64, 64, 64, 64, 64, 64, 64, 64, 64, 64, 64, 64, 64, 64, 64]}"
2,1,4,16,0,0,95290104,False,"{""m_w"": [2, 2, 2, 2], ""max_paths"": 1, ""s_w"": [4, 4, 4, 4]}",False,"{""m_w"": [3, 3, 3, 3], ""max_paths"": 1, ""s_w"": [4, 4, 4, 4]}",True,"{""m_w"": [2, 2, 2, 2], ""max_paths"": 5, ""s_w"": [4, 4, 4, 4]}",False,"{""m_w"": [2, 2, 2, 2], ""max_paths"": 1, ""s_w"": [64, 16, 16, 16]}",True,"{""m_w"": [9, 5, 5, 5], ""max_paths"": 5, ""s_w"": [64, 16, 16, 16]}"
2,1,4,16,0,1,1862167121,True,"{""m_w"": [2, 2, 2, 2], ""max_paths"": 1, ""s_w"": [4, 4, 4, 4]}",True,"{""m_w"": [4, 4, 4, 4], ""max_paths"": 1, ""s_w"": [4, 4, 4, 4]}",True,"{""m_w"": [2, 2, 2, 2], ""max_paths"": 5, ""s_w"": [4, 4, 4, 4]}",True,"{""m_w"": [2, 2, 2, 2], ""max_paths"": 1, ""s_w"": [64, 64, 64, 64]}",True,"{""m_w"": [9, 7, 7, 7], ""max_paths"": 5, ""s_w"": [64, 64, 64, 64]}"
2,1,4,16,3,0,1723818944,True,"{""m_w"": [2, 2, 2, 2, 2, 2, 2, 2, 2, 2, 2, 2, 2], ""max_paths"": 1, ""s_w"": [4, 4, 4, 4, 4, 4, 4, 4, 4, 4, 4, 4, 4]}",False,"{""m_w"": [3, 3, 3, 3, 3, 3, 3, 3, 3, 3, 3, 3, 3], ""max_paths"": 1, ""s_w"": [4, 4, 4, 4, 4, 4, 4, 4, 4, 4, 4, 4, 4]}",True,"{""m_w"": [2, 2, 2, 2, 2, 2, 2, 2, 2, 2, 2, 2, 2], ""max_paths"": 14, ""s_w"": [4, 4, 4, 4, 4, 4, 4, 4, 4, 4, 4, 4, 4]}",True,"{""m_w"": [2, 2, 2, 2, 2, 2, 2, 2, 2, 2, 2, 2, 2], ""max_paths"": 1, ""s_w"": [64, 32, 64, 32, 64, 32, 64, 32, 64, 32, 64, 32, 64]}",True,"{""m_w"": [11, 5, 10, 5, 10, 5, 10, 5, 10, 5, 10, 5, 10], ""max_paths"": 14, ""s_w"": [64, 32, 64, 32, 64, 32, 64, 32, 64, 32, 64, 32, 64]}"
2,1,4,16,3,1,1343212313,True,"{""m_w"": [2, 2, 2, 2, 2, 2, 2, 2, 2, 2, 2, 2, 2], ""max_paths"": 1, ""s_w"": [4, 4, 4, 4, 4, 4, 4, 4, 4, 4, 4, 4, 4]}",True,"{""m_w"": [2, 3, 3, 3, 3, 3, 3, 3, 3, 3, 3, 3, 3], ""max_paths"": 1, ""s_w"": [4, 4, 4, 4, 4, 4, 4, 4, 4, 4, 4, 4, 4]}",True,"{""m_w"": [2, 2, 2, 2, 2, 2, 2, 2, 2, 2, 2, 2, 2], ""max_paths"": 13, ""s_w"": [4, 4, 4, 4, 4, 4, 4, 4, 4, 4, 4, 4, 4]}",True,"{""m_w"": [2, 2, 2, 2, 2, 2, 2, 2, 2, 2, 2, 2, 2], ""max_paths"": 1, ""s_w"": [32, 64, 64, 64, 64, 64, 64, 64, 64, 64, 64, 64, 64]}",True,"{""m_w"": [9, 9, 8, 9, 8, 9, 8, 9, 8, 9, 8, 9, 8], ""max_paths"": 14, ""s_w"": [32, 64, 64, 64, 64, 64, 64, 64, 64, 64, 64, 64, 64]}"
2,1,4,24,0,0,907731529,False,"{""m_w"": [2, 2, 2, 2, 2, 2], ""max_paths"": 1, ""s_w"": [4, 4, 4, 4, 4, 4]}",False,"{""m_w"": [4, 3, 3, 3, 3, 3], ""max_paths"": 1, ""s_w"": [4, 4, 4, 4, 4, 4]}",True,"{""m_w"": [2, 2, 2, 2, 2, 2], ""max_paths"": 7, ""s_w"": [4, 4, 4, 4, 4, 4]}",True,"{""m_w"": [2, 2, 2, 2, 2, 2], ""max_paths"": 1, ""s_w"": [64, 64, 64, 64, 64, 64]}",True,"{""m_w"": [9, 6, 6, 6, 6, 6], ""max_paths"": 7, ""s_w"": [64, 64, 64, 64, 64, 64]}"
2,1,4,24,0,1,527124898,True,"{""m_w"": [2, 2, 2, 2, 2, 2], ""max_paths"": 1, ""s_w"": [4, 4, 4, 4, 4, 4]}",True,"{""m_w"": [2, 4, 4, 4, 4, 4], ""max_paths"": 1, ""s_w"": [4, 4, 4, 4, 4, 4]}",True,"{""m_w"": [2, 2, 2, 2, 2, 2], ""max_paths"": 6, ""s_w"": [4, 4, 4, 4, 4, 4]}",True,"{""m_w"": [2, 2, 2, 2, 2, 2], ""max_paths"": 1, ""s_w"": [64, 64, 64, 64, 64, 64]}",True,"{""m_w"": [9, 5, 5, 5, 5, 5], ""max_paths"": 7, ""s_w"": [64, 64, 64, 64, 64, 64]}"
2,1,4,24,3,0,388776721,True,"{""m_w"": [2, 2, 2, 2, 2, 2, 2, 2, 2, 2, 2, 2, 2, 2, 2, 2, 2, 2, 2, 2, 2], ""max_paths"": 1, ""s_w"": [4, 4, 4, 4, 4, 4, 4, 4, 4, 4, 4, 4, 4, 4, 4, 4, 4, 4, 4, 4, 4]}",True,"{""m_w"": [3, 3, 2, 3, 2, 3, 2, 3, 2, 3, 2, 3, 2, 3, 2, 3, 2, 3, 2, 3, 2], ""max_paths"": 1, ""s_w"": [4, 4, 4, 4, 4, 4, 4, 4, 4, 4, 4, 4, 4, 4, 4, 4, 4, 4, 4, 4, 4]}",True,"{""m_w"": [2, 2, 2, 2, 2, 2, 2, 2, 2, 2, 2, 2, 2, 2, 2, 2, 2, 2, 2, 2, 2], ""max_paths"": 12, ""s_w"": [4, 4, 4, 4, 4, 4, 4, 4, 4, 4, 4, 4, 4, 4, 4, 4, 4, 4, 4, 4, 4]}",True,"{""m_w"": [2, 2, 2, 2, 2, 2, 2, 2, 2, 2, 2, 2, 2, 2, 2, 2, 2, 2, 2, 2, 2], ""max_paths"": 1, ""s_w"": [64, 64, 64, 64, 64, 64, 64, 64, 64, 64, 64, 64, 64, 64, 64, 64, 64, 64, 64, 64, 64]}",True,"{""m_w"": [8, 5, 6, 5, 6, 5, 6, 5, 6, 5, 6, 5, 6, 5, 6, 5, 6, 5, 6, 5, 6], ""max_paths"": 22, ""s_w"": [64, 64, 64, 64, 64, 64, 64, 64, 64, 64, 64, 64, 64, 64, 64, 64, 64, 64, 64, 64, 64]}"
2,1,4,24,3,1,8170090,True,"{""m_w"": [2, 2, 2, 2, 2, 2, 2, 2, 2, 2, 2, 2, 2, 2, 2, 2, 2, 2, 2, 2, 2], ""max_paths"": 1, ""s_w"": [4, 4, 4, 4, 4, 4, 4, 4, 4, 4, 4, 4, 4, 4, 4, 4, 4, 4, 4, 4, 4]}",True,"{""m_w"": [3, 4, 4, 4, 4, 4, 4, 4, 4, 4, 4, 4, 4, 4, 4, 4, 4, 4, 4, 4, 4], ""max_paths"": 1, ""s_w"": [4, 4, 4, 4, 4, 4, 4, 4, 4, 4, 4, 4, 4, 4, 4, 4, 4, 4, 4, 4, 4]}",True,"{""m_w"": [2, 2, 2, 2, 2, 2, 2, 2, 2, 2, 2, 2, 2, 2, 2, 2, 2, 2, 2, 2, 2], ""max_paths"": 22, ""s_w"": [4, 4, 4, 4, 4, 4, 4, 4, 4, 4, 4, 4, 4, 4, 4, 4, 4, 4, 4, 4, 4]}",True,"{""m_w"": [2, 2, 2, 2, 2, 2, 2, 2, 2, 2, 2, 2, 2, 2, 2, 2, 2, 2, 2, 2, 2], ""max_paths"": 1, ""s_w"": [64, 64, 64, 64, 64, 64, 64, 64, 64, 64, 64, 64, 64, 64, 64, 64, 64, 64, 64, 64, 64]}",True,"{""m_w"": [11, 6, 8, 6, 8, 6, 8, 6, 8, 6, 8, 6, 8, 6, 8, 6, 8, 6, 8, 6, 8], ""max_paths"": 22, ""s_w"": [64, 64, 64, 64, 64, 64, 64, 64, 64, 64, 64, 64, 64, 64, 64, 64, 64, 64, 64, 64, 64]}"
2,1,4,32,0,0,495432292,True,"{""m_w"": [2, 2, 2, 2, 2, 2, 2, 2], ""max_paths"": 1, ""s_w"": [4, 4, 4, 4, 4, 4, 4, 4]}",True,"{""m_w"": [3, 3, 3, 3, 3, 3, 3, 3], ""max_paths"": 1, ""s_w"": [4, 4, 4, 4, 4, 4, 4, 4]}",True,"{""m_w"": [2, 2, 2, 2, 2, 2, 2, 2], ""max_paths"": 9, ""s_w"": [4, 4, 4, 4, 4, 4, 4, 4]}",True,"{""m_w"": [2, 2, 2, 2, 2, 2, 2, 2], ""max_paths"": 1, ""s_w"": [32, 16, 16, 16, 16, 16, 16, 16]}",True,"{""m_w"": [9, 5, 5, 5, 5, 5, 5, 5], ""max_paths"": 9, ""s_w"": [32, 16, 16, 16, 16, 16, 16, 16]}"
2,1,4,32,0,1,15486774,False,"{""m_w"": [2, 2, 2, 2, 2, 2, 2, 2], ""max_paths"": 1, ""s_w"": [4, 4, 4, 4, 4, 4, 4, 4]}",False,"{""m_w"": [4, 3, 3, 3, 3, 3, 3, 3], ""max_paths"": 1, ""s_w"": [4, 4, 4, 4, 4, 4, 4, 4]}",False,"{""m_w"": [2, 2, 2, 2, 2, 2, 2, 2], ""max_paths"": 9, ""s_w"": [4, 4, 4, 4, 4, 4, 4, 4]}",True,"{""m_w"": [2, 2, 2, 2, 2, 2, 2, 2], ""max_paths"": 1, ""s_w"": [64, 64, 64, 64, 64, 64, 64, 64]}",True,"{""m_w"": [11, 10, 10, 10, 10, 10, 10, 10], ""max_paths"": 9, ""s_w"": [64, 64, 64, 64, 64, 64, 64, 64]}"
2,1,4,32,3,0,781798334,False,"{""m_w"": [2, 2, 2, 2, 2, 2, 2, 2, 2, 2, 2, 2, 2, 2, 2, 2, 2, 2, 2, 2, 2, 2, 2, 2, 2, 2, 2, 2, 2], ""max_paths"": 1, ""s_w"": [4, 4, 4, 4, 4, 4, 4, 4, 4, 4, 4, 4, 4, 4, 4, 4, 4, 4, 4, 4, 4, 4, 4, 4, 4, 4, 4, 4, 4]}",True,"{""m_w"": [3, 2, 2, 2, 2, 2, 2, 2, 2, 2, 2, 2, 2, 2, 2, 2, 2, 2, 2, 2, 2, 2, 2, 2, 2, 2, 2, 2, 2], ""max_paths"": 1, ""s_w"": [4, 4, 4, 4, 4, 4, 4, 4, 4, 4, 4, 4, 4, 4, 4, 4, 4, 4, 4, 4, 4, 4, 4, 4, 4, 4, 4, 4, 4]}",False,"{""m_w"": [2, 2, 2, 2, 2, 2, 2, 2, 2, 2, 2, 2, 2, 2, 2, 2, 2, 2, 2, 2, 2, 2, 2, 2, 2, 2, 2, 2, 2], ""max_paths"": 2, ""s_w"": [4, 4, 4, 4, 4, 4, 4, 4, 4, 4, 4, 4, 4, 4, 4, 4, 4, 4, 4, 4, 4, 4, 4, 4, 4, 4, 4, 4, 4]}",False,"{""m_w"": [2, 2, 2, 2, 2, 2, 2, 2, 2, 2, 2, 2, 2, 2, 2, 2, 2, 2, 2, 2, 2, 2, 2, 2, 2, 2, 2, 2, 2], ""max_paths"": 1, ""s_w"": [64, 64, 32, 64, 32, 64, 32, 64, 32, 64, 32, 64, 32, 64, 32, 64, 32, 64, 32, 64, 32, 64, 32, 64, 32, 64, 32, 64, 32]}",True,"{""m_w"": [9, 7, 6, 7, 6, 7, 6, 7, 6, 7, 6, 7, 6, 7, 6, 7, 6, 7, 6, 7, 6, 7, 6, 7, 6, 7, 6, 7, 6], ""max_paths"": 30, ""s_w"": [64, 64, 32, 64, 32, 64, 32, 64, 32, 64, 32, 64, 32, 64, 32, 64, 32, 64, 32, 64, 32, 64, 32, 64, 32, 64, 32, 64, 32]}"
2,1,4,32,3,1,301852816,False,"{""m_w"": [2, 2, 2, 2, 2, 2, 2, 2, 2, 2, 2, 2, 2, 2, 2, 2, 2, 2, 2, 2, 2, 2, 2, 2, 2, 2, 2, 2, 2], ""max_paths"": 1, ""s_w"": [4, 4, 4, 4, 4, 4, 4, 4, 4, 4, 4, 4, 4, 4, 4, 4, 4, 4, 4, 4, 4, 4, 4, 4, 4, 4, 4, 4, 4]}",True,"{""m_w"": [4, 4, 4, 4, 4, 4, 4, 4, 4, 4, 4, 4, 4, 4, 4, 4, 4, 4, 4, 4, 4, 4, 4, 4, 4, 4, 4, 4, 4], ""max_paths"": 1, ""s_w"": [4, 4, 4, 4, 4, 4, 4, 4, 4, 4, 4, 4, 4, 4, 4, 4, 4, 4, 4, 4, 4, 4, 4, 4, 4, 4, 4, 4, 4]}",False,"{""m_w"": [2, 2, 2, 2, 2, 2, 2, 2, 2, 2, 2, 2, 2, 2, 2, 2, 2, 2, 2, 2, 2, 2, 2, 2, 2, 2, 2, 2, 2], ""max_paths"": 30, ""s_w"": [4, 4, 4, 4, 4, 4, 4, 4, 4, 4, 4, 4, 4, 4, 4, 4, 4, 4, 4, 4, 4, 4, 4, 4, 4, 4, 4, 4, 4]}",False,"{""m_w"": [2, 2, 2, 2, 2, 2, 2, 2, 2, 2, 2, 2, 2, 2, 2, 2, 2, 2, 2, 2, 2, 2, 2, 2, 2, 2, 2, 2, 2], ""max_paths"": 1, ""s_w"": [64, 64, 64, 64, 64, 64, 64, 64, 64, 64, 64, 64, 64, 64, 64, 64, 64, 64, 64, 64, 64, 64, 64, 64, 64, 64, 64, 64, 64]}",True,"{""m_w"": [9, 8, 9, 8, 9, 8, 9, 8, 9, 8, 9, 8, 9, 8, 9, 8, 9, 8, 9, 8, 9, 8, 9, 8, 9, 8, 9, 8, 9], ""max_paths"": 30, ""s_w"": [64, 64, 64, 64, 64, 64, 64, 64, 64, 64, 64, 64, 64, 64, 64, 64, 64, 64, 64, 64, 64, 64, 64, 64, 64, 64, 64, 64, 64]}"
2,1,8,16,0,0,912990422,True,"{""m_w"": [2, 2, 2, 2], ""max_paths"": 1, ""s_w"": [8, 8, 8, 8]}",True,"{""m_w"": [6, 5, 5, 5], ""max_paths"": 1, ""s_w"": [8, 8, 8, 8]}",True,"{""m_w"": [2, 2, 2, 2], ""max_paths"": 5, ""s_w"": [8, 8, 8, 8]}",True,"{""m_w"": [2, 2, 2, 2], ""max_paths"": 1, ""s_w"": [64, 64, 64, 64]}",True,"{""m_w"": [10, 8, 8, 8], ""max_paths"": 5, ""s_w"": [64, 64, 64, 64]}"
2,1,8,16,0,1,532383791,True,"{""m_w"": [2, 2, 2, 2], ""max_paths"": 1, ""s_w"": [8, 8, 8, 8]}",True,"{""m_w"": [5, 5, 5, 5], ""max_paths"": 1, ""s_w"": [8, 8, 8, 8]}",True,"{""m_w"": [2, 2, 2, 2], ""max_paths"": 5, ""s_w"": [8, 8, 8, 8]}",True,"{""m_w"": [2, 2, 2, 2], ""max_paths"": 1, ""s_w"": [64, 64, 64, 64]}",True,"{""m_w"": [10, 6, 6, 6], ""max_paths"": 5, ""s_w"": [64, 64, 64, 64]}"
2,1,8,16,3,0,394035614,True,"{""m_w"": [2, 2, 2, 2, 2, 2, 2, 2, 2, 2, 2, 2, 2], ""max_paths"": 1, ""s_w"": [8, 8, 8, 8, 8, 8, 8, 8, 8, 8, 8, 8, 8]}",True,"{""m_w"": [4, 4, 4, 4, 4, 4, 4, 4, 4, 4, 4, 4, 4], ""max_paths"": 1, ""s_w"": [8, 8, 8, 8, 8, 8, 8, 8, 8, 8, 8, 8, 8]}",True,"{""m_w"": [2, 2, 2, 2, 2, 2, 2, 2, 2, 2, 2, 2, 2], ""max_paths"": 14, ""s_w"": [8, 8, 8, 8, 8, 8, 8, 8, 8, 8, 8, 8, 8]}",True,"{""m_w"": [2, 2, 2, 2, 2, 2, 2, 2, 2, 2, 2, 2, 2], ""max_paths"": 1, ""s_w"": [64, 32, 64, 32, 64, 32, 64, 32, 64, 32, 64, 32, 64]}",True,"{""m_w"": [8, 7, 8, 7, 8, 7, 8, 7, 8, 7, 8, 7, 8], ""max_paths"": 14, ""s_w"": [64, 32, 64, 32, 64, 32, 64, 32, 64, 32, 64, 32, 64]}"
2,1,8,16,3,1,2061573744,True,"{""m_w"": [2, 2, 2, 2, 2, 2, 2, 2, 2, 2, 2, 2, 2], ""max_paths"": 1, ""s_w"": [8, 8, 8, 8, 8, 8, 8, 8, 8, 8, 8, 8, 8]}",True,"{""m_w"": [4, 4, 3, 4, 3, 4, 3, 4, 3, 4, 3, 4, 3], ""max_paths"": 1, ""s_w"": [8, 8, 8, 8, 8, 8, 8, 8, 8, 8, 8, 8, 8]}",True,"{""m_w"": [2, 2, 2, 2, 2, 2, 2, 2, 2, 2, 2, 2, 2], ""max_paths"": 14, ""s_w"": [8, 8, 8, 8, 8, 8, 8, 8, 8, 8, 8, 8, 8]}",True,"{""m_w"": [2, 2, 2, 2, 2, 2, 2, 2, 2, 2, 2, 2, 2], ""max_paths"": 1, ""s_w"": [8, 16, 16, 16, 16, 16, 16, 16, 16, 16, 16, 16, 16]}",True,"{""m_w"": [4, 5, 3, 5, 3, 5, 3, 5, 3, 5, 3, 5, 3], ""max_paths"": 14, ""s_w"": [8, 16, 16, 16, 16, 16, 16, 16, 16, 16, 16, 16, 16]}"
2,1,8,24,0,0,1141592811,True,"{""m_w"": [2, 2, 2, 2, 2, 2], ""max_paths"": 1, ""s_w"": [8, 8, 8, 8, 8, 8]}",True,"{""m_w"": [7, 4, 4, 4, 4, 4], ""max_paths"": 1, ""s_w"": [8, 8, 8, 8, 8, 8]}",True,"{""m_w"": [2, 2, 2, 2, 2, 2], ""max_paths"": 7, ""s_w"": [8, 8, 8, 8, 8, 8]}",True,"{""m_w"": [2, 2, 2, 2, 2, 2], ""max_paths"": 1, ""s_w"": [64, 16, 16, 16, 16, 16]}",True,"{""m_w"": [11, 5, 5, 5, 5, 5], ""max_paths"": 7, ""s_w"": [64, 16, 16, 16, 16, 16]}"
2,1,8,24,0,1,760986180,False,"{""m_w"": [2, 2, 2, 2, 2, 2], ""max_paths"": 1, ""s_w"": [8, 8, 8, 8, 8, 8]}",False,"{""m_w"": [5, 5, 5, 5, 5, 5], ""max_paths"": 1, ""s_w"": [8, 8, 8, 8, 8, 8]}",False,"{""m_w"": [2, 2, 2, 2, 2, 2], ""max_paths"": 7, ""s_w"": [8, 8, 8, 8, 8, 8]}",False,"{""m_w"": [2, 2, 2, 2, 2, 2], ""max_paths"": 1, ""s_w"": [64, 32, 32, 32, 32, 32]}",True,"{""m_w"": [8, 8, 8, 8, 8, 8], ""max_paths"": 7, ""s_w"": [64, 32, 32, 32, 32, 32]}"
2,1,8,24,3,0,622638003,True,"{""m_w"": [2, 2, 2, 2, 2, 2, 2, 2, 2, 2, 2, 2, 2, 2, 2, 2, 2, 2, 2, 2, 2], ""max_paths"": 1, ""s_w"": [8, 8, 8, 8, 8, 8, 8, 8, 8, 8, 8, 8, 8, 8, 8, 8, 8, 8, 8, 8, 8]}",True,"{""m_w"": [6, 4, 4, 4, 4, 4, 4, 4, 4, 4, 4, 4, 4, 4, 4, 4, 4, 4, 4, 4, 4], ""max_paths"": 1, ""s_w"": [8, 8, 8, 8, 8, 8, 8, 8, 8, 8, 8, 8, 8, 8, 8, 8, 8, 8, 8, 8, 8]}",True,"{""m_w"": [2, 2, 2, 2, 2, 2, 2, 2, 2, 2, 2, 2, 2, 2, 2, 2, 2, 2, 2, 2, 2], ""max_paths"": 22, ""s_w"": [8, 8, 8, 8, 8, 8, 8, 8, 8, 8, 8, 8, 8, 8, 8, 8, 8, 8, 8, 8, 8]}",True,"{""m_w"": [2, 2, 2, 2, 2, 2, 2, 2, 2, 2, 2, 2, 2, 2, 2, 2, 2, 2, 2, 2, 2], ""max_paths"": 1, ""s_w"": [64, 64, 64, 64, 64, 64, 64, 64, 64, 64, 64, 64, 64, 64, 64, 64, 64, 64, 64, 64, 64]}",True,"{""m_w"": [9, 6, 5, 6, 5, 6, 5, 6, 5, 6, 5, 6, 5, 6, 5, 6, 5, 6, 5, 6, 5], ""max_paths"": 22, ""s_w"": [64, 64, 64, 64, 64, 64, 64, 64, 64, 64, 64, 64, 64, 64, 64, 64, 64, 64, 64, 64, 64]}"
2,1,8,24,3,1,242031372,False,"{""m_w"": [2, 2, 2, 2, 2, 2, 2, 2, 2, 2, 2, 2, 2, 2, 2, 2, 2, 2, 2, 2, 2], ""max_paths"": 1, ""s_w"": [8, 8, 8, 8, 8, 8, 8, 8, 8, 8, 8, 8, 8, 8, 8, 8, 8, 8, 8, 8, 8]}",True,"{""m_w"": [6, 5, 6, 5, 6, 5, 6, 5, 6, 5, 6, 5, 6, 5, 6, 5, 6, 5, 6, 5, 6], ""max_paths"": 1, ""s_w"": [8, 8, 8, 8, 8, 8, 8, 8, 8, 8, 8, 8, 8, 8, 8, 8, 8, 8, 8, 8, 8]}",False,"{""m_w"": [2, 2, 2, 2, 2, 2, 2, 2, 2, 2, 2, 2, 2, 2, 2, 2, 2, 2, 2, 2, 2], ""max_paths"": 22, ""s_w"": [8, 8, 8, 8, 8, 8, 8, 8, 8, 8, 8, 8, 8, 8, 8, 8, 8, 8, 8, 8, 8]}",True,"{""m_w"": [2, 2, 2, 2, 2, 2, 2, 2, 2, 2, 2, 2, 2, 2, 2, 2, 2, 2, 2, 2, 2], ""max_paths"": 1, ""s_w"": [64, 64, 64, 64, 64, 64, 64, 64, 64, 64, 64, 64, 64, 64, 64, 64, 64, 64, 64, 64, 64]}",True,"{""m_w"": [9, 8, 7, 8, 7, 8, 7, 8, 7, 8, 7, 8, 7, 8, 7, 8, 7, 8, 7, 8, 7], ""max_paths"": 22, ""s_w"": [64, 64, 64, 64, 64, 64, 64, 64, 64, 64, 64, 64, 64, 64, 64, 64, 64, 64, 64, 64, 64]}"
2,1,8,32,0,0,629954687,True,"{""m_w"": [2, 2, 2, 2, 2, 2, 2, 2], ""max_paths"": 1, ""s_w"": [8, 8, 8, 8, 8, 8, 8, 8]}",True,"{""m_w"": [6, 3, 3, 3, 3, 3, 3, 3], ""max_paths"": 1, ""s_w"": [8, 8, 8, 8, 8, 8, 8, 8]}",True,"{""m_w"": [2, 2, 2, 2, 2, 2, 2, 2], ""max_paths"": 9, ""s_w"": [8, 8, 8, 8, 8, 8, 8, 8]}",True,"{""m_w"": [2, 2, 2, 2, 2, 2, 2, 2], ""max_paths"": 1, ""s_w"": [64, 8, 8, 8, 8, 8, 8, 8]}",True,"{""m_w"": [11, 3, 3, 3, 3, 3, 3, 3], ""max_paths"": 9, ""s_w"": [64, 8, 8, 8, 8, 8, 8, 8]}"
2,1,8,32,0,1,249348056,False,"{""m_w"": [2, 2, 2, 2, 2, 2, 2, 2], ""max_paths"": 1, ""s_w"": [8, 8, 8, 8, 8, 8, 8, 8]}",False,"{""m_w"": [3, 4, 4, 4, 4, 4, 4, 4], ""max_paths"": 1, ""s_w"": [8, 8, 8, 8, 8, 8, 8, 8]}",True,"{""m_w"": [2, 2, 2, 2, 2, 2, 2, 2], ""max_paths"": 9, ""s_w"": [8, 8, 8, 8, 8, 8, 8, 8]}",True,"{""m_w"": [2, 2, 2, 2, 2, 2, 2, 2], ""max_paths"": 1, ""s_w"": [64, 16, 16, 16, 16, 16, 16, 16]}",True,"{""m_w"": [8, 6, 6, 6, 6, 6, 6, 6], ""max_paths"": 9, ""s_w"": [64, 16, 16, 16, 16, 16, 16, 16]}"
2,1,8,32,3,0,110999879,True,"{""m_w"": [2, 2, 2, 2, 2, 2, 2, 2, 2, 2, 2, 2, 2, 2, 2, 2, 2, 2, 2, 2, 2, 2, 2, 2, 2, 2, 2, 2, 2], ""max_paths"": 1, ""s_w"": [8, 8, 8, 8, 8, 8, 8, 8, 8, 8, 8, 8, 8, 8, 8, 8, 8, 8, 8, 8, 8, 8, 8, 8, 8, 8, 8, 8, 8]}",True,"{""m_w"": [5, 3, 3, 3, 3, 3, 3, 3, 3, 3, 3, 3, 3, 3, 3, 3, 3, 3, 3, 3, 3, 3, 3, 3, 3, 3, 3, 3, 3], ""max_paths"": 1, ""s_w"": [8, 8, 8, 8, 8, 8, 8, 8, 8, 8, 8, 8, 8, 8, 8, 8, 8, 8, 8, 8, 8, 8, 8, 8, 8, 8, 8, 8, 8]}",True,"{""m_w"": [2, 2, 2, 2, 2, 2, 2, 2, 2, 2, 2, 2, 2, 2, 2, 2, 2, 2, 2, 2, 2, 2, 2, 2, 2, 2, 2, 2, 2], ""max_paths"": 30, ""s_w"": [8, 8, 8, 8, 8, 8, 8, 8, 8, 8, 8, 8, 8, 8, 8, 8, 8, 8, 8, 8, 8, 8, 8, 8, 8, 8, 8, 8, 8]}",True,"{""m_w"": [2, 2, 2, 2, 2, 2, 2, 2, 2, 2, 2, 2, 2, 2, 2, 2, 2, 2, 2, 2, 2, 2, 2, 2, 2, 2, 2, 2, 2], ""max_paths"": 1, ""s_w"": [64, 64, 64, 64, 64, 64, 64, 64, 64, 64, 64, 64, 64, 64, 64, 64, 64, 64, 64, 64, 64, 64, 64, 64, 64, 64, 64, 64, 64]}",True,"{""m_w"": [10, 6, 7, 6, 7, 6, 7, 6, 7, 6, 7, 6, 7, 6, 7, 6, 7, 6, 7, 6, 7, 6, 7, 6, 7, 6, 7, 6, 7], ""max_paths"": 30, ""s_w"": [64, 64, 64, 64, 64, 64, 64, 64, 64, 64, 64, 64, 64, 64, 64, 64, 64, 64, 64, 64, 64, 64, 64, 64, 64, 64, 64, 64, 64]}"
2,1,8,32,3,1,1877876896,True,"{""m_w"": [2, 2, 2, 2, 2, 2, 2, 2, 2, 2, 2, 2, 2, 2, 2, 2, 2, 2, 2, 2, 2, 2, 2, 2, 2, 2, 2, 2, 2], ""max_paths"": 1, ""s_w"": [8, 8, 8, 8, 8, 8, 8, 8, 8, 8, 8, 8, 8, 8, 8, 8, 8, 8, 8, 8, 8, 8, 8, 8, 8, 8, 8, 8, 8]}",True,"{""m_w"": [5, 4, 4, 4, 4, 4, 4, 4, 4, 4, 4, 4, 4, 4, 4, 4, 4, 4, 4, 4, 4, 4, 4, 4, 4, 4, 4, 4, 4], ""max_paths"": 1, ""s_w"": [8, 8, 8, 8, 8, 8, 8, 8, 8, 8, 8, 8, 8, 8, 8, 8, 8, 8, 8, 8, 8, 8, 8, 8, 8, 8, 8, 8, 8]}",True,"{""m_w"": [2, 2, 2, 2, 2, 2, 2, 2, 2, 2, 2, 2, 2, 2, 2, 2, 2, 2, 2, 2, 2, 2, 2, 2, 2, 2, 2, 2, 2], ""max_paths"": 30, ""s_w"": [8, 8, 8, 8, 8, 8, 8, 8, 8, 8, 8, 8, 8, 8, 8, 8, 8, 8, 8, 8, 8, 8, 8, 8, 8, 8, 8, 8, 8]}",True,"{""m_w"": [2, 2, 2, 2, 2, 2, 2, 2, 2, 2, 2, 2, 2, 2, 2, 2, 2, 2, 2, 2, 2, 2, 2, 2, 2, 2, 2, 2, 2], ""max_paths"": 1, ""s_w"": [64, 64, 16, 64, 16, 64, 16, 64, 16, 64, 16, 64, 16, 64, 16, 64, 16, 64, 16, 64, 16, 64, 16, 64, 16, 64, 16, 64, 16]}",True,"{""m_w"": [8, 6, 6, 6, 6, 6, 6, 6, 6, 6, 6, 6, 6, 6, 6, 6, 6, 6, 6, 6, 6, 6, 6, 6, 6, 6, 6, 6, 6], ""max_paths"": 30, ""s_w"": [64, 64, 16, 64, 16, 64, 16, 64, 16, 64, 16, 64, 16, 64, 16, 64, 16, 64, 16, 64, 16, 64, 16, 64, 16, 64, 16, 64, 16]}"
2,1,16,16,0,0,832806016,True,"{""m_w"": [2, 2, 2, 2], ""max_paths"": 1, ""s_w"": [16, 16, 16, 16]}",True,"{""m_w"": [7, 5, 5, 5], ""max_paths"": 1, ""s_w"": [16, 16, 16, 16]}",True,"{""m_w"": [2, 2, 2, 2], ""max_paths"": 5, ""s_w"": [16, 16, 16, 16]}",True,"{""m_w"": [2, 2, 2, 2], ""max_paths"": 1, ""s_w"": [64, 16, 16, 16]}",True,"{""m_w"": [8, 5, 5, 5], ""max_paths"": 5, ""s_w"": [64, 16, 16, 16]}"
2,1,16,16,0,1,352860498,False,"{""m_w"": [2, 2, 2, 2], ""max_paths"": 1, ""s_w"": [16, 16, 16, 16]}",False,"{""m_w"": [8, 4, 4, 4], ""max_paths"": 1, ""s_w"": [16, 16, 16, 16]}",True,"{""m_w"": [2, 2, 2, 2], ""max_paths"": 5, ""s_w"": [16, 16, 16, 16]}",True,"{""m_w"": [2, 2, 2, 2], ""max_paths"": 1, ""s_w"": [64, 32, 32, 32]}",True,"{""m_w"": [9, 5, 5, 5], ""max_paths"": 5, ""s_w"": [64, 32, 32, 32]}"
2,1,16,16,3,0,313851208,False,"{""m_w"": [2, 2, 2, 2, 2, 2, 2, 2, 2, 2, 2, 2, 2], ""max_paths"": 1, ""s_w"": [16, 16, 16, 16, 16, 16, 16, 16, 16, 16, 16, 16, 16]}",False,"{""m_w"": [8, 6, 4, 6, 4, 6, 4, 6, 4, 6, 4, 6, 4], ""max_paths"": 1, ""s_w"": [16, 16, 16, 16, 16, 16, 16, 16, 16, 16, 16, 16, 16]}",False,"{""m_w"": [2, 2, 2, 2, 2, 2, 2, 2, 2, 2, 2, 2, 2], ""max_paths"": 14, ""s_w"": [16, 16, 16, 16, 16, 16, 16, 16, 16, 16, 16, 16, 16]}",True,"{""m_w"": [2, 2, 2, 2, 2, 2, 2, 2, 2, 2, 2, 2, 2], ""max_paths"": 1, ""s_w"": [64, 64, 64, 64, 64, 64, 64, 64, 64, 64, 64, 64, 64]}",True,"{""m_w"": [10, 7, 7, 7, 7, 7, 7, 7, 7, 7, 7, 7, 7], ""max_paths"": 14, ""s_w"": [64, 64, 64, 64, 64, 64, 64, 64, 64, 64, 64, 64, 64]}"
2,1,16,16,3,1,1981389338,False,"{""m_w"": [2, 2, 2, 2, 2, 2, 2, 2, 2, 2, 2, 2, 2], ""max_paths"": 1, ""s_w"": [16, 16, 16, 16, 16, 16, 16, 16, 16, 16, 16, 16, 16]}",True,"{""m_w"": [7, 7, 5, 7, 5, 7, 5, 7, 5, 7, 5, 7, 5], ""max_paths"": 1, ""s_w"": [16, 16, 16, 16, 16, 16, 16, 16, 16, 16, 16, 16, 16]}",True,"{""m_w"": [2, 2, 2, 2, 2, 2, 2, 2, 2, 2, 2, 2, 2], ""max_paths"": 14, ""s_w"": [16, 16, 16, 16, 16, 16, 16, 16, 16, 16, 16, 16, 16]}",True,"{""m_w"": [2, 2, 2, 2, 2, 2, 2, 2, 2, 2, 2, 2, 2], ""max_paths"": 1, ""s_w"": [64, 64, 64, 64, 64, 64, 64, 64, 64, 64, 64, 64, 64]}",True,"{""m_w"": [9, 7, 6, 7, 6, 7, 6, 7, 6, 7, 6, 7, 6], ""max_paths"": 14, ""s_w"": [64, 64, 64, 64, 64, 64, 64, 64, 64, 64, 64, 64, 64]}"
2,1,16,24,0,0,1645247441,True,"{""m_w"": [2, 2, 2, 2, 2, 2], ""max_paths"": 1, ""s_w"": [16, 16, 16, 16, 16, 16]}",True,"{""m_w"": [7, 4, 4, 4, 4, 4], ""max_paths"": 1, ""s_w"": [16, 16, 16, 16, 16, 16]}",True,"{""m_w"": [2, 2, 2, 2, 2, 2], ""max_paths"": 7, ""s_w"": [16, 16, 16, 16, 16, 16]}",False,"{""m_w"": [2, 2, 2, 2, 2, 2], ""max_paths"": 1, ""s_w"": [64, 64, 64, 64, 64, 64]}",True,"{""m_w"": [10, 4, 4, 4, 4, 4], ""max_paths"": 7, ""s_w"": [64, 64, 64, 64, 64, 64]}"
2,1,16,24,0,1,1264640810,True,"{""m_w"": [2, 2, 2, 2, 2, 2], ""max_paths"": 1, ""s_w"": [16, 16, 16, 16, 16, 16]}",True,"{""m_w"": [7, 5, 5, 5, 5, 5], ""max_paths"": 1, ""s_w"": [16, 16, 16, 16, 16, 16]}",True,"{""m_w"": [2, 2, 2, 2, 2, 2], ""max_paths"": 7, ""s_w"": [16, 16, 16, 16, 16, 16]}",True,"{""m_w"": [2, 2, 2, 2, 2, 2], ""max_paths"": 1, ""s_w"": [64, 64, 64, 64, 64, 64]}",True,"{""m_w"": [13, 7, 7, 7, 7, 7], ""max_paths"": 7, ""s_w"": [64, 64, 64, 64, 64, 64]}"
2,1,16,24,3,0,1126292633,True,"{""m_w"": [2, 2, 2, 2, 2, 2, 2, 2, 2, 2, 2, 2, 2, 2, 2, 2, 2, 2, 2, 2, 2], ""max_paths"": 1, ""s_w"": [16, 16, 16, 16, 16, 16, 16, 16, 16, 16, 16, 16, 16, 16, 16, 16, 16, 16, 16, 16, 16]}",True,"{""m_w"": [8, 5, 6, 5, 6, 5, 6, 5, 6, 5, 6, 5, 6, 5, 6, 5, 6, 5, 6, 5, 6], ""max_paths"": 1, ""s_w"": [16, 16, 16, 16, 16, 16, 16, 16, 16, 16, 16, 16, 16, 16, 16, 16, 16, 16, 16, 16, 16]}",True,"{""m_w"": [2, 2, 2, 2, 2, 2, 2, 2, 2, 2, 2, 2, 2, 2, 2, 2, 2, 2, 2, 2, 2], ""max_paths"": 22, ""s_w"": [16, 16, 16, 16, 16, 16, 16, 16, 16, 16, 16, 16, 16, 16, 16, 16, 16, 16, 16, 16, 16]}",True,"{""m_w"": [2, 2, 2, 2, 2, 2, 2, 2, 2, 2, 2, 2, 2, 2, 2, 2, 2, 2, 2, 2, 2], ""max_paths"": 1, ""s_w"": [64, 64, 64, 64, 64, 64, 64, 64, 64, 64, 64, 64, 64, 64, 64, 64, 64, 64, 64, 64, 64]}",True,"{""m_w"": [11, 7, 8, 7, 8, 7, 8, 7, 8, 7, 8, 7, 8, 7, 8, 7, 8, 7, 8, 7, 8], ""max_paths"": 22, ""s_w"": [64, 64, 64, 64, 64, 64, 64, 64, 64, 64, 64, 64, 64, 64, 64, 64, 64, 64, 64, 64, 64]}"
2,1,16,24,3,1,646347115,False,"{""m_w"": [2, 2, 2, 2, 2, 2, 2, 2, 2, 2, 2, 2, 2, 2, 2, 2, 2, 2, 2, 2, 2], ""max_paths"": 1, ""s_w"": [16, 16, 16, 16, 16, 16, 16, 16, 16, 16, 16, 16, 16, 16, 16, 16, 16, 16, 16, 16, 16]}",True,"{""m_w"": [9, 5, 8, 5, 8, 5, 8, 5, 8, 5, 8, 5, 8, 5, 8, 5, 8, 5, 8, 5, 8], ""max_paths"": 1, ""s_w"": [16, 16, 16, 16, 16, 16, 16, 16, 16, 16, 16, 16, 16, 16, 16, 16, 16, 16, 16, 16, 16]}",False,"{""m_w"": [2, 2, 2, 2, 2, 2, 2, 2, 2, 2, 2, 2, 2, 2, 2, 2, 2, 2, 2, 2, 2], ""max_paths"": 22, ""s_w"": [16, 16, 16, 16, 16, 16, 16, 16, 16, 16, 16, 16, 16, 16, 16, 16, 16, 16, 16, 16, 16]}",True,"{""m_w"": [2, 2, 2, 2, 2, 2, 2, 2, 2, 2, 2, 2, 2, 2, 2, 2, 2, 2, 2, 2, 2], ""max_paths"": 1, ""s_w"": [64, 32, 64, 32, 64, 32, 64, 32, 64, 32, 64, 32, 64, 32, 64, 32, 64, 32, 64, 32, 64]}",True,"{""m_w"": [11, 5, 10, 5, 10, 5, 10, 5, 10, 5, 10, 5, 10, 5, 10, 5, 10, 5, 10, 5, 10], ""max_paths"": 22, ""s_w"": [64, 32, 64, 32, 64, 32, 64, 32, 64, 32, 64, 32, 64, 32, 64, 32, 64, 32, 64, 32, 64]}"
2,1,16,32,0,0,549770281,False,"{""m_w"": [2, 2, 2, 2, 2, 2, 2, 2], ""max_paths"": 1, ""s_w"": [16, 16, 16, 16, 16, 16, 16, 16]}",False,"{""m_w"": [9, 6, 6, 6, 6, 6, 6, 6], ""max_paths"": 1, ""s_w"": [16, 16, 16, 16, 16, 16, 16, 16]}",True,"{""m_w"": [2, 2, 2, 2, 2, 2, 2, 2], ""max_paths"": 9, ""s_w"": [16, 16, 16, 16, 16, 16, 16, 16]}",False,"{""m_w"": [2, 2, 2, 2, 2, 2, 2, 2], ""max_paths"": 1, ""s_w"": [64, 64, 64, 64, 64, 64, 64, 64]}",True,"{""m_w"": [10, 7, 7, 7, 7, 7, 7, 7], ""max_paths"": 9, ""s_w"": [64, 64, 64, 64, 64, 64, 64, 64]}"
2,1,16,32,0,1,169163650,True,"{""m_w"": [2, 2, 2, 2, 2, 2, 2, 2], ""max_paths"": 1, ""s_w"": [16, 16, 16, 16, 16, 16, 16, 16]}",True,"{""m_w"": [10, 5, 5, 5, 5, 5, 5, 5], ""max_paths"": 1, ""s_w"": [16, 16, 16, 16, 16, 16, 16, 16]}",True,"{""m_w"": [2, 2, 2, 2, 2, 2, 2, 2], ""max_paths"": 9, ""s_w"": [16, 16, 16, 16, 16, 16, 16, 16]}",True,"{""m_w"": [2, 2, 2, 2, 2, 2, 2, 2], ""max_paths"": 1, ""s_w"": [64, 16, 16, 16, 16, 16, 16, 16]}",True,"{""m_w"": [11, 5, 5, 5, 5, 5, 5, 5], ""max_paths"": 9, ""s_w"": [64, 16, 16, 16, 16, 16, 16, 16]}"
2,1,16,32,3,0,836136323,True,"{""m_w"": [2, 2, 2, 2, 2, 2, 2, 2, 2, 2, 2, 2, 2, 2, 2, 2, 2, 2, 2, 2, 2, 2, 2, 2, 2, 2, 2, 2, 2], ""max_paths"": 1, ""s_w"": [16, 16, 16, 16, 16, 16, 16, 16, 16, 16, 16, 16, 16, 16, 16, 16, 16, 16, 16, 16, 16, 16, 16, 16, 16, 16, 16, 16, 16]}",True,"{""m_w"": [7, 4, 5, 4, 5, 4, 5, 4, 5, 4, 5, 4, 5, 4, 5, 4, 5, 4, 5, 4, 5, 4, 5, 4, 5, 4, 5, 4, 5], ""max_paths"": 1, ""s_w"": [16, 16, 16, 16, 16, 16, 16, 16, 16, 16, 16, 16, 16, 16, 16, 16, 16, 16, 16, 16, 16, 16, 16, 16, 16, 16, 16, 16, 16]}",True,"{""m_w"": [2, 2, 2, 2, 2, 2, 2, 2, 2, 2, 2, 2, 2, 2, 2, 2, 2, 2, 2, 2, 2, 2, 2, 2, 2, 2, 2, 2, 2], ""max_paths"": 30, ""s_w"": [16, 16, 16, 16, 16, 16, 16, 16, 16, 16, 16, 16, 16, 16, 16, 16, 16, 16, 16, 16, 16, 16, 16, 16, 16, 16, 16, 16, 16]}",True,"{""m_w"": [2, 2, 2, 2, 2, 2, 2, 2, 2, 2, 2, 2, 2, 2, 2, 2, 2, 2, 2, 2, 2, 2, 2, 2, 2, 2, 2, 2, 2], ""max_paths"": 1, ""s_w"": [64, 64, 64, 64, 64, 64, 64, 64, 64, 64, 64, 64, 64, 64, 64, 64, 64, 64, 64, 64, 64, 64, 64, 64, 64, 64, 64, 64, 64]}",True,"{""m_w"": [9, 8, 7, 8, 7, 8, 7, 8, 7, 8, 7, 8, 7, 8, 7, 8, 7, 8, 7, 8, 7, 8, 7, 8, 7, 8, 7, 8, 7], ""max_paths"": 30, ""s_w"": [64, 64, 64, 64, 64, 64, 64, 64, 64, 64, 64, 64, 64, 64, 64, 64, 64, 64, 64, 64, 64, 64, 64, 64, 64, 64, 64, 64, 64]}"
2,1,16,32,3,1,455529692,True,"{""m_w"": [2, 2, 2, 2, 2, 2, 2, 2, 2, 2, 2, 2, 2, 2, 2, 2, 2, 2, 2, 2, 2, 2, 2, 2, 2, 2, 2, 2, 2], ""max_paths"": 1, ""s_w"": [16, 16, 16, 16, 16, 16, 16, 16, 16, 16, 16, 16, 16, 16, 16, 16, 16, 16, 16, 16, 16, 16, 16, 16, 16, 16, 16, 16, 16]}",True,"{""m_w"": [8, 4, 5, 4, 5, 4, 5, 4, 5, 4, 5, 4, 5, 4, 5, 4, 5, 4, 5, 4, 5, 4, 5, 4, 5, 4, 5, 4, 5], ""max_paths"": 1, ""s_w"": [16, 16, 16, 16, 16, 16, 16, 16, 16, 16, 16, 16, 16, 16, 16, 16, 16, 16, 16, 16, 16, 16, 16, 16, 16, 16, 16, 16, 16]}",True,"{""m_w"": [2, 2, 2, 2, 2, 2, 2, 2, 2, 2, 2, 2, 2, 2, 2, 2, 2, 2, 2, 2, 2, 2, 2, 2, 2, 2, 2, 2, 2], ""max_paths"": 30, ""s_w"": [16, 16, 16, 16, 16, 16, 16, 16, 16, 16, 16, 16, 16, 16, 16, 16, 16, 16, 16, 16, 16, 16, 16, 16, 16, 16, 16, 16, 16]}",True,"{""m_w"": [2, 2, 2, 2, 2, 2, 2, 2, 2, 2, 2, 2, 2, 2, 2, 2, 2, 2, 2, 2, 2, 2, 2, 2, 2, 2, 2, 2, 2], ""max_paths"": 1, ""s_w"": [64, 64, 64, 64, 64, 64, 64, 64, 64, 64, 64, 64, 64, 64, 64, 64, 64, 64, 64, 64, 64, 64, 64, 64, 64, 64, 64, 64, 64]}",True,"{""m_w"": [9, 5, 5, 5, 5, 5, 5, 5, 5, 5, 5, 5, 5, 5, 5, 5, 5, 5, 5, 5, 5, 5, 5, 5, 5, 5, 5, 5, 5], ""max_paths"": 30, ""s_w"": [64, 64, 64, 64, 64, 64, 64, 64, 64, 64, 64, 64, 64, 64, 64, 64, 64, 64, 64, 64, 64, 64, 64, 64, 64, 64, 64, 64, 64]}"
2,2,4,16,0,0,1391229729,True,"{""m_w"": [2, 2, 2, 2], ""max_paths"": 2, ""s_w"": [4, 4, 4, 4]}",True,"{""m_w"": [4, 4, 4, 4], ""max_paths"": 2, ""s_w"": [4, 4, 4, 4]}",True,"{""m_w"": [2, 2, 2, 2], ""max_paths"": 10, ""s_w"": [4, 4, 4, 4]}",True,"{""m_w"": [2, 2, 2, 2], ""max_paths"": 2, ""s_w"": [32, 16, 16, 16]}",True,"{""m_w"": [8, 6, 6, 6], ""max_paths"": 10, ""s_w"": [32, 16, 16, 16]}"
2,2,4,16,0,1,1010623098,False,"{""m_w"": [2, 1, 1, 1], ""max_paths"": 2, ""s_w"": [4, 4, 4, 4]}",False,"{""m_w"": [2, 1, 1, 1], ""max_paths"": 2, ""s_w"": [4, 4, 4, 4]}",False,"{""m_w"": [2, 1, 1, 1], ""max_paths"": 2, ""s_w"": [4, 4, 4, 4]}",False,"{""m_w"": [2, 1, 1, 1], ""max_paths"": 2, ""s_w"": [64, 4, 4, 4]}",True,"{""m_w"": [9, 1, 1, 1], ""max_paths"": 4, ""s_w"": [64, 4, 4, 4]}"
2,2,4,16,3,0,118674945,False,"{""m_w"": [2, 2, 2, 2, 2, 2, 2, 2, 2, 2, 2, 2, 2], ""max_paths"": 2, ""s_w"": [4, 4, 4, 4, 4, 4, 4, 4, 4, 4, 4, 4, 4]}",True,"{""m_w"": [4, 3, 3, 3, 3, 3, 3, 3, 3, 3, 3, 3, 3], ""max_paths"": 2, ""s_w"": [4, 4, 4, 4, 4, 4, 4, 4, 4, 4, 4, 4, 4]}",False,"{""m_w"": [2, 2, 2, 2, 2, 2, 2, 2, 2, 2, 2, 2, 2], ""max_paths"": 28, ""s_w"": [4, 4, 4, 4, 4, 4, 4, 4, 4, 4, 4, 4, 4]}",True,"{""m_w"": [2, 2, 2, 2, 2, 2, 2, 2, 2, 2, 2, 2, 2], ""max_paths"": 2, ""s_w"": [64, 64, 64, 64, 64, 64, 64, 64, 64, 64, 64, 64, 64]}",True,"{""m_w"": [8, 7, 7, 7, 7, 7, 7, 7, 7, 7, 7, 7, 7], ""max_paths"": 28, ""s_w"": [64, 64, 64, 64, 64, 64, 64, 64, 64, 64, 64, 64, 64]}"
2,2,4,16,3,1,1786213075,False,"{""m_w"": [2, 2, 2, 2, 2, 2, 2, 2, 2, 2, 2, 2, 2], ""max_paths"": 2, ""s_w"": [4, 4, 4, 4, 4, 4, 4, 4, 4, 4, 4, 4, 4]}",True,"{""m_w"": [2, 3, 3, 3, 3, 3, 3, 3, 3, 3, 3, 3, 3], ""max_paths"": 2, ""s_w"": [4, 4, 4, 4, 4, 4, 4, 4, 4, 4, 4, 4, 4]}",False,"{""m_w"": [2, 2, 2, 2, 2, 2, 2, 2, 2, 2, 2, 2, 2], ""max_paths"": 26, ""s_w"": [4, 4, 4, 4, 4, 4, 4, 4, 4, 4, 4, 4, 4]}",True,"{""m_w"": [2, 2, 2, 2, 2, 2, 2, 2, 2, 2, 2, 2, 2], ""max_paths"": 2, ""s_w"": [64, 64, 64, 64, 64, 64, 64, 64, 64, 64, 64, 64, 64]}",True,"{""m_w"": [10, 7, 6, 7, 6, 7, 6, 7, 6, 7, 6, 7, 6], ""max_paths"": 28, ""s_w"": [64, 64, 64, 64, 64, 64, 64, 64, 64, 64, 64, 64, 64]}"
2,2,4,24,0,0,155526393,True,"{""m_w"": [2, 2, 2, 2, 2, 2], ""max_paths"": 2, ""s_w"": [4, 4, 4, 4, 4, 4]}",True,"{""m_w"": [4, 2, 2, 2, 2, 2], ""max_paths"": 2, ""s_w"": [4, 4, 4, 4, 4, 4]}",True,"{""m_w"": [2, 2, 2, 2, 2, 2], ""max_paths"": 4, ""s_w"": [4, 4, 4, 4, 4, 4]}",True,"{""m_w"": [2, 2, 2, 2, 2, 2], ""max_paths"": 2, ""s_w"": [64, 8, 8, 8, 8, 8]}",True,"{""m_w"": [8, 3, 3, 3, 3, 3], ""max_paths"": 14, ""s_w"": [64, 8, 8, 8, 8, 8]}"
2,2,4,24,0,1,1823064523,True,"{""m_w"": [2, 2, 2, 2, 2, 2], ""max_paths"": 2, ""s_w"": [4, 4, 4, 4, 4, 4]}",True,"{""m_w"": [3, 3, 3, 3, 3, 3], ""max_paths"": 2, ""s_w"": [4, 4, 4, 4, 4, 4]}",True,"{""m_w"": [2, 2, 2, 2, 2, 2], ""max_paths"": 14, ""s_w"": [4, 4, 4, 4, 4, 4]}",True,"{""m_w"": [2, 2, 2, 2, 2, 2], ""max_paths"": 2, ""s_w"": [64, 64, 64, 64, 64, 64]}",True,"{""m_w"": [10, 6, 6, 6, 6, 6], ""max_paths"": 14, ""s_w"": [64, 64, 64, 64, 64, 64]}"
2,2,4,24,3,0,931116370,True,"{""m_w"": [2, 2, 2, 2, 2, 2, 2, 2, 2, 2, 2, 2, 2, 2, 2, 2, 2, 2, 2, 2, 2], ""max_paths"": 2, ""s_w"": [4, 4, 4, 4, 4, 4, 4, 4, 4, 4, 4, 4, 4, 4, 4, 4, 4, 4, 4, 4, 4]}",True,"{""m_w"": [3, 3, 3, 3, 3, 3, 3, 3, 3, 3, 3, 3, 3, 3, 3, 3, 3, 3, 3, 3, 3], ""max_paths"": 2, ""s_w"": [4, 4, 4, 4, 4, 4, 4, 4, 4, 4, 4, 4, 4, 4, 4, 4, 4, 4, 4, 4, 4]}",True,"{""m_w"": [2, 2, 2, 2, 2, 2, 2, 2, 2, 2, 2, 2, 2, 2, 2, 2, 2, 2, 2, 2, 2], ""max_paths"": 44, ""s_w"": [4, 4, 4, 4, 4, 4, 4, 4, 4, 4, 4, 4, 4, 4, 4, 4, 4, 4, 4, 4, 4]}",True,"{""m_w"": [2, 2, 2, 2, 2, 2, 2, 2, 2, 2, 2, 2, 2, 2, 2, 2, 2, 2, 2, 2, 2], ""max_paths"": 2, ""s_w"": [64, 64, 64, 64, 64, 64, 64, 64, 64, 64, 64, 64, 64, 64, 64, 64, 64, 64, 64, 64, 64]}",True,"{""m_w"": [9, 8, 8, 8, 8, 8, 8, 8, 8, 8, 8, 8, 8, 8, 8, 8, 8, 8, 8, 8, 8], ""max_paths"": 44, ""s_w"": [64, 64, 64, 64, 64, 64, 64, 64, 64, 64, 64, 64, 64, 64, 64, 64, 64, 64, 64, 64, 64]}"
2,2,4,24,3,1,451170852,True,"{""m_w"": [2, 2, 2, 2, 2, 2, 2, 2, 2, 2, 2, 2, 2, 2, 2, 2, 2, 2, 2, 2, 2], ""max_paths"": 2, ""s_w"": [4, 4, 4, 4, 4, 4, 4, 4, 4, 4, 4, 4, 4, 4, 4, 4, 4, 4, 4, 4, 4]}",True,"{""m_w"": [3, 3, 3, 3, 3, 3, 3, 3, 3, 3, 3, 3, 3, 3, 3, 3, 3, 3, 3, 3, 3], ""max_paths"": 2, ""s_w"": [4, 4, 4, 4, 4, 4, 4, 4, 4, 4, 4, 4, 4, 4, 4, 4, 4, 4, 4, 4, 4]}",True,"{""m_w"": [2, 2, 2, 2, 2, 2, 2, 2, 2, 2, 2, 2, 2, 2, 2, 2, 2, 2, 2, 2, 2], ""max_paths"": 44, ""s_w"": [4, 4, 4, 4, 4, 4, 4, 4, 4, 4, 4, 4, 4, 4, 4, 4, 4, 4, 4, 4, 4]}",True,"{""m_w"": [2, 2, 2, 2, 2, 2, 2, 2, 2, 2, 2, 2, 2, 2, 2, 2, 2, 2, 2, 2, 2], ""max_paths"": 2, ""s_w"": [64, 64, 32, 64, 32, 64, 32, 64, 32, 64, 32, 64, 32, 64, 32, 64, 32, 64, 32, 64, 32]}",True,"{""m_w"": [11, 6, 6, 6, 6, 6, 6, 6, 6, 6, 6, 6, 6, 6, 6, 6, 6, 6, 6, 6, 6], ""max_paths"": 44, ""s_w"": [64, 64, 32, 64, 32, 64, 32, 64, 32, 64, 32, 64, 32, 64, 32, 64, 32, 64, 32, 64, 32]}"
2,2,4,32,0,0,1791371917,True,"{""m_w"": [2, 2, 2, 2, 2, 2, 2, 2], ""max_paths"": 2, ""s_w"": [4, 4, 4, 4, 4, 4, 4, 4]}",True,"{""m_w"": [3, 4, 4, 4, 4, 4, 4, 4], ""max_paths"": 2, ""s_w"": [4, 4, 4, 4, 4, 4, 4, 4]}",True,"{""m_w"": [2, 2, 2, 2, 2, 2, 2, 2], ""max_paths"": 18, ""s_w"": [4, 4, 4, 4, 4, 4, 4, 4]}",True,"{""m_w"": [2, 2, 2, 2, 2, 2, 2, 2], ""max_paths"": 2, ""s_w"": [64, 64, 64, 64, 64, 64, 64, 64]}",True,"{""m_w"": [8, 5, 5, 5, 5, 5, 5, 5], ""max_paths"": 18, ""s_w"": [64, 64, 64, 64, 64, 64, 64, 64]}"
2,2,4,32,0,1,1311426399,True,"{""m_w"": [2, 2, 2, 2, 2, 2, 2, 2], ""max_paths"": 2, ""s_w"": [4, 4, 4, 4, 4, 4, 4, 4]}",True,"{""m_w"": [4, 3, 3, 3, 3, 3, 3, 3], ""max_paths"": 2, ""s_w"": [4, 4, 4, 4, 4, 4, 4, 4]}",True,"{""m_w"": [2, 2, 2, 2, 2, 2, 2, 2], ""max_paths"": 18, ""s_w"": [4, 4, 4, 4, 4, 4, 4, 4]}",True,"{""m_w"": [2, 2, 2, 2, 2, 2, 2, 2], ""max_paths"": 2, ""s_w"": [64, 32, 32, 32, 32, 32, 32, 32]}",True,"{""m_w"": [11, 7, 7, 7, 7, 7, 7, 7], ""max_paths"": 18, ""s_w"": [64, 32, 32, 32, 32, 32, 32, 32]}"
2,2,4,32,3,0,1224799096,False,"{""m_w"": [2, 2, 2, 2, 2, 2, 2, 2, 2, 2, 2, 2, 2, 2, 2, 2, 2, 2, 2, 2, 2, 2, 2, 2, 2, 2, 2, 2, 2], ""max_paths"": 2, ""s_w"": [4, 4, 4, 4, 4, 4, 4, 4, 4, 4, 4, 4, 4, 4, 4, 4, 4, 4, 4, 4, 4, 4, 4, 4, 4, 4, 4, 4, 4]}",False,"{""m_w"": [4, 4, 4, 4, 4, 4, 4, 4, 4, 4, 4, 4, 4, 4, 4, 4, 4, 4, 4, 4, 4, 4, 4, 4, 4, 4, 4, 4, 4], ""max_paths"": 2, ""s_w"": [4, 4, 4, 4, 4, 4, 4, 4, 4, 4, 4, 4, 4, 4, 4, 4, 4, 4, 4, 4, 4, 4, 4, 4, 4, 4, 4, 4, 4]}",False,"{""m_w"": [2, 2, 2, 2, 2, 2, 2, 2, 2, 2, 2, 2, 2, 2, 2, 2, 2, 2, 2, 2, 2, 2, 2, 2, 2, 2, 2, 2, 2], ""max_paths"": 60, ""s_w"": [4, 4, 4, 4, 4, 4, 4, 4, 4, 4, 4, 4, 4, 4, 4, 4, 4, 4, 4, 4, 4, 4, 4, 4, 4, 4, 4, 4, 4]}",True,"{""m_w"": [2, 2, 2, 2, 2, 2, 2, 2, 2, 2, 2, 2, 2, 2, 2, 2, 2, 2, 2, 2, 2, 2, 2, 2, 2, 2, 2, 2, 2], ""max_paths"": 2, ""s_w"": [64, 64, 64, 64, 64, 64, 64, 64, 64, 64, 64, 64, 64, 64, 64, 64, 64, 64, 64, 64, 64, 64, 64, 64, 64, 64, 64, 64, 64]}",True,"{""m_w"": [9, 5, 7, 5, 7, 5, 7, 5, 7, 5, 7, 5, 7, 5, 7, 5, 7, 5, 7, 5, 7, 5, 7, 5, 7, 5, 7, 5, 7], ""max_paths"": 60, ""s_w"": [64, 64, 64, 64, 64, 64, 64, 64, 64, 64, 64, 64, 64, 64, 64, 64, 64, 64, 64, 64, 64, 64, 64, 64, 64, 64, 64, 64, 64]}"
2,2,4,32,3,1,844192465,True,"{""m_w"": [2, 2, 2, 2, 2, 2, 2, 2, 2, 2, 2, 2, 2, 2, 2, 2, 2, 2, 2, 2, 2, 2, 2, 2, 2, 2, 2, 2, 2], ""max_paths"": 2, ""s_w"": [4, 4, 4, 4, 4, 4, 4, 4, 4, 4, 4, 4, 4, 4, 4, 4, 4, 4, 4, 4, 4, 4, 4, 4, 4, 4, 4, 4, 4]}",False,"{""m_w"": [3, 3, 3, 3, 3, 3, 3, 3, 3, 3, 3, 3, 3, 3, 3, 3, 3, 3, 3, 3, 3, 3, 3, 3, 3, 3, 3, 3, 3], ""max_paths"": 2, ""s_w"": [4, 4, 4, 4, 4, 4, 4, 4, 4, 4, 4, 4, 4, 4, 4, 4, 4, 4, 4, 4, 4, 4, 4, 4, 4, 4, 4, 4, 4]}",True,"{""m_w"": [2, 2, 2, 2, 2, 2, 2, 2, 2, 2, 2, 2, 2, 2, 2, 2, 2, 2, 2, 2, 2, 2, 2, 2, 2, 2, 2, 2, 2], ""max_paths"": 60, ""s_w"": [4, 4, 4, 4, 4, 4, 4, 4, 4, 4, 4, 4, 4, 4, 4, 4, 4, 4, 4, 4, 4, 4, 4, 4, 4, 4, 4, 4, 4]}",True,"{""m_w"": [2, 2, 2, 2, 2, 2, 2, 2, 2, 2, 2, 2, 2, 2, 2, 2, 2, 2, 2, 2, 2, 2, 2, 2, 2, 2, 2, 2, 2], ""max_paths"": 2, ""s_w"": [64, 64, 32, 64, 32, 64, 32, 64, 32, 64, 32, 64, 32, 64, 32, 64, 32, 64, 32, 64, 32, 64, 32, 64, 32, 64, 32, 64, 32]}",True,"{""m_w"": [12, 7, 5, 7, 5, 7, 5, 7, 5, 7, 5, 7, 5, 7, 5, 7, 5, 7, 5, 7, 5, 7, 5, 7, 5, 7, 5, 7, 5], ""max_paths"": 60, ""s_w"": [64, 64, 32, 64, 32, 64, 32, 64, 32, 64, 32, 64, 32, 64, 32, 64, 32, 64, 32, 64, 32, 64, 32, 64, 32, 64, 32, 64, 32]}"
2,2,8,16,0,0,851076974,True,"{""m_w"": [2, 2, 2, 2], ""max_paths"": 2, ""s_w"": [8, 8, 8, 8]}",True,"{""m_w"": [5, 4, 4, 4], ""max_paths"": 2, ""s_w"": [8, 8, 8, 8]}",True,"{""m_w"": [2, 2, 2, 2], ""max_paths"": 10, ""s_w"": [8, 8, 8, 8]}",True,"{""m_w"": [2, 2, 2, 2], ""max_paths"": 2, ""s_w"": [64, 32, 32, 32]}",True,"{""m_w"": [9, 5, 5, 5], ""max_paths"": 10, ""s_w"": [64, 32, 32, 32]}"
2,2,8,16,0,1,470470343,False,"{""m_w"": [2, 2, 2, 2], ""max_paths"": 2, ""s_w"": [8, 8, 8, 8]}",False,"{""m_w"": [5, 3, 3, 3], ""max_paths"": 2, ""s_w"": [8, 8, 8, 8]}",True,"{""m_w"": [2, 2, 2, 2], ""max_paths"": 10, ""s_w"": [8, 8, 8, 8]}",True,"{""m_w"": [2, 2, 2, 2], ""max_paths"": 2, ""s_w"": [64, 64, 64, 64]}",True,"{""m_w"": [8, 6, 6, 6], ""max_paths"": 10, ""s_w"": [64, 64, 64, 64]}"
2,2,8,16,3,0,383843040,True,"{""m_w"": [2, 2, 2, 2, 2, 2, 2, 2, 2, 2, 2, 2, 2], ""max_paths"": 2, ""s_w"": [8, 8, 8, 8, 8, 8, 8, 8, 8, 8, 8, 8, 8]}",True,"{""m_w"": [6, 3, 4, 3, 4, 3, 4, 3, 4, 3, 4, 3, 4], ""max_paths"": 2, ""s_w"": [8, 8, 8, 8, 8, 8, 8, 8, 8, 8, 8, 8, 8]}",True,"{""m_w"": [2, 2, 2, 2, 2, 2, 2, 2, 2, 2, 2, 2, 2], ""max_paths"": 28, ""s_w"": [8, 8, 8, 8, 8, 8, 8, 8, 8, 8, 8, 8, 8]}",True,"{""m_w"": [2, 2, 2, 2, 2, 2, 2, 2, 2, 2, 2, 2, 2], ""max_paths"": 2, ""s_w"": [64, 64, 64, 64, 64, 64, 64, 64, 64, 64, 64, 64, 64]}",True,"{""m_w"": [10, 6, 5, 6, 5, 6, 5, 6, 5, 6, 5, 6, 5], ""max_paths"": 28, ""s_w"": [64, 64, 64, 64, 64, 64, 64, 64, 64, 64, 64, 64, 64]}"
2,2,8,16,3,1,2051381170,False,"{""m_w"": [2, 2, 2, 2, 2, 2, 2, 2, 2, 2, 2, 2, 2], ""max_paths"": 2, ""s_w"": [8, 8, 8, 8, 8, 8, 8, 8, 8, 8, 8, 8, 8]}",True,"{""m_w"": [5, 3, 4, 3, 4, 3, 4, 3, 4, 3, 4, 3, 4], ""max_paths"": 2, ""s_w"": [8, 8, 8, 8, 8, 8, 8, 8, 8, 8, 8, 8, 8]}",False,"{""m_w"": [2, 2, 2, 2, 2, 2, 2, 2, 2, 2, 2, 2, 2], ""max_paths"": 28, ""s_w"": [8, 8, 8, 8, 8, 8, 8, 8, 8, 8, 8, 8, 8]}",True,"{""m_w"": [2, 2, 2, 2, 2, 2, 2, 2, 2, 2, 2, 2, 2], ""max_paths"": 2, ""s_w"": [64, 64, 32, 64, 32, 64, 32, 64, 32, 64, 32, 64, 32]}",True,"{""m_w"": [8, 6, 6, 6, 6, 6, 6, 6, 6, 6, 6, 6, 6], ""max_paths"": 28, ""s_w"": [64, 64, 32, 64, 32, 64, 32, 64, 32, 64, 32, 64, 32]}"
2,2,8,24,0,0,391159724,True,"{""m_w"": [2, 2, 2, 2, 2, 2], ""max_paths"": 2, ""s_w"": [8, 8, 8, 8, 8, 8]}",True,"{""m_w"": [5, 5, 5, 5, 5, 5], ""max_paths"": 2, ""s_w"": [8, 8, 8, 8, 8, 8]}",True,"{""m_w"": [2, 2, 2, 2, 2, 2], ""max_paths"": 14, ""s_w"": [8, 8, 8, 8, 8, 8]}",True,"{""m_w"": [2, 2, 2, 2, 2, 2], ""max_paths"": 2, ""s_w"": [16, 16, 16, 16, 16, 16]}",True,"{""m_w"": [10, 5, 5, 5, 5, 5], ""max_paths"": 14, ""s_w"": [16, 16, 16, 16, 16, 16]}"
2,2,8,24,0,1,10553093,True,"{""m_w"": [2, 2, 2, 2, 2, 2], ""max_paths"": 2, ""s_w"": [8, 8, 8, 8, 8, 8]}",True,"{""m_w"": [4, 2, 2, 2, 2, 2], ""max_paths"": 2, ""s_w"": [8, 8, 8, 8, 8, 8]}",True,"{""m_w"": [2, 2, 2, 2, 2, 2], ""max_paths"": 4, ""s_w"": [8, 8, 8, 8, 8, 8]}",True,"{""m_w"": [2, 2, 2, 2, 2, 2], ""max_paths"": 2, ""s_w"": [64, 8, 8, 8, 8, 8]}",True,"{""m_w"": [9, 2, 2, 2, 2, 2], ""max_paths"": 4, ""s_w"": [64, 8, 8, 8, 8, 8]}"
2,2,8,24,3,0,2019688564,False,"{""m_w"": [2, 2, 2, 2, 2, 2, 2, 2, 2, 2, 2, 2, 2, 2, 2, 2, 2, 2, 2, 2, 2], ""max_paths"": 2, ""s_w"": [8, 8, 8, 8, 8, 8, 8, 8, 8, 8, 8, 8, 8, 8, 8, 8, 8, 8, 8, 8, 8]}",True,"{""m_w"": [5, 4, 4, 4, 4, 4, 4, 4, 4, 4, 4, 4, 4, 4, 4, 4, 4, 4, 4, 4, 4], ""max_paths"": 2, ""s_w"": [8, 8, 8, 8, 8, 8, 8, 8, 8, 8, 8, 8, 8, 8, 8, 8, 8, 8, 8, 8, 8]}",False,"{""m_w"": [2, 2, 2, 2, 2, 2, 2, 2, 2, 2, 2, 2, 2, 2, 2, 2, 2, 2, 2, 2, 2], ""max_paths"": 44, ""s_w"": [8, 8, 8, 8, 8, 8, 8, 8, 8, 8, 8, 8, 8, 8, 8, 8, 8, 8, 8, 8, 8]}",True,"{""m_w"": [2, 2, 2, 2, 2, 2, 2, 2, 2, 2, 2, 2, 2, 2, 2, 2, 2, 2, 2, 2, 2], ""max_paths"": 2, ""s_w"": [64, 64, 32, 64, 32, 64, 32, 64, 32, 64, 32, 64, 32, 64, 32, 64, 32, 64, 32, 64, 32]}",True,"{""m_w"": [10, 9, 6, 9, 6, 9, 6, 9, 6, 9, 6, 9, 6, 9, 6, 9, 6, 9, 6, 9, 6], ""max_paths"": 44, ""s_w"": [64, 64, 32, 64, 32, 64, 32, 64, 32, 64, 32, 64, 32, 64, 32, 64, 32, 64, 32, 64, 32]}"
2,2,8,24,3,1,1639081933,False,"{""m_w"": [2, 2, 2, 2, 2, 2, 2, 2, 2, 2, 2, 2, 2, 2, 2, 2, 2, 2, 2, 2, 2], ""max_paths"": 2, ""s_w"": [8, 8, 8, 8, 8, 8, 8, 8, 8, 8, 8, 8, 8, 8, 8, 8, 8, 8, 8, 8, 8]}",True,"{""m_w"": [5, 4, 4, 4, 4, 4, 4, 4, 4, 4, 4, 4, 4, 4, 4, 4, 4, 4, 4, 4, 4], ""max_paths"": 2, ""s_w"": [8, 8, 8, 8, 8, 8, 8, 8, 8, 8, 8, 8, 8, 8, 8, 8, 8, 8, 8, 8, 8]}",False,"{""m_w"": [2, 2, 2, 2, 2, 2, 2, 2, 2, 2, 2, 2, 2, 2, 2, 2, 2, 2, 2, 2, 2], ""max_paths"": 44, ""s_w"": [8, 8, 8, 8, 8, 8, 8, 8, 8, 8, 8, 8, 8, 8, 8, 8, 8, 8, 8, 8, 8]}",True,"{""m_w"": [2, 2, 2, 2, 2, 2, 2, 2, 2, 2, 2, 2, 2, 2, 2, 2, 2, 2, 2, 2, 2], ""max_paths"": 2, ""s_w"": [64, 64, 64, 64, 64, 64, 64, 64, 64, 64, 64, 64, 64, 64, 64, 64, 64, 64, 64, 64, 64]}",True,"{""m_w"": [9, 7, 6, 7, 6, 7, 6, 7, 6, 7, 6, 7, 6, 7, 6, 7, 6, 7, 6, 7, 6], ""max_paths"": 44, ""s_w"": [64, 64, 64, 64, 64, 64, 64, 64, 64, 64, 64, 64, 64, 64, 64, 64, 64, 64, 64, 64, 64]}"
2,2,8,32,0,0,2056540012,True,"{""m_w"": [2, 2, 2, 2, 2, 2, 2, 2], ""max_paths"": 2, ""s_w"": [8, 8, 8, 8, 8, 8, 8, 8]}",True,"{""m_w"": [4, 3, 3, 3, 3, 3, 3, 3], ""max_paths"": 2, ""s_w"": [8, 8, 8, 8, 8, 8, 8, 8]}",True,"{""m_w"": [2, 2, 2, 2, 2, 2, 2, 2], ""max_paths"": 18, ""s_w"": [8, 8, 8, 8, 8, 8, 8, 8]}",True,"{""m_w"": [2, 2, 2, 2, 2, 2, 2, 2], ""max_paths"": 2, ""s_w"": [8, 64, 64, 64, 64, 64, 64, 64]}",True,"{""m_w"": [4, 6, 6, 6, 6, 6, 6, 6], ""max_paths"": 18, ""s_w"": [8, 64, 64, 64, 64, 64, 64, 64]}"
2,2,8,32,0,1,1675933381,True,"{""m_w"": [2, 2, 2, 2, 2, 2, 2, 2], ""max_paths"": 2, ""s_w"": [8, 8, 8, 8, 8, 8, 8, 8]}",True,"{""m_w"": [6, 4, 4, 4, 4, 4, 4, 4], ""max_paths"": 2, ""s_w"": [8, 8, 8, 8, 8, 8, 8, 8]}",True,"{""m_w"": [2, 2, 2, 2, 2, 2, 2, 2], ""max_paths"": 18, ""s_w"": [8, 8, 8, 8, 8, 8, 8, 8]}",False,"{""m_w"": [2, 2, 2, 2, 2, 2, 2, 2], ""max_paths"": 2, ""s_w"": [64, 64, 64, 64, 64, 64, 64, 64]}",True,"{""m_w"": [9, 6, 6, 6, 6, 6, 6, 6], ""max_paths"": 18, ""s_w"": [64, 64, 64, 64, 64, 64, 64, 64]}"
2,2,8,32,3,0,684646341,True,"{""m_w"": [2, 2, 2, 2, 2, 2, 2, 2, 2, 2, 2, 2, 2, 2, 2, 2, 2, 2, 2, 2, 2, 2, 2, 2, 2, 2, 2, 2, 2], ""max_paths"": 2, ""s_w"": [8, 8, 8, 8, 8, 8, 8, 8, 8, 8, 8, 8, 8, 8, 8, 8, 8, 8, 8, 8, 8, 8, 8, 8, 8, 8, 8, 8, 8]}",True,"{""m_w"": [6, 5, 5, 5, 5, 5, 5, 5, 5, 5, 5, 5, 5, 5, 5, 5, 5, 5, 5, 5, 5, 5, 5, 5, 5, 5, 5, 5, 5], ""max_paths"": 2, ""s_w"": [8, 8, 8, 8, 8, 8, 8, 8, 8, 8, 8, 8, 8, 8, 8, 8, 8, 8, 8, 8, 8, 8, 8, 8, 8, 8, 8, 8, 8]}",True,"{""m_w"": [2, 2, 2, 2, 2, 2, 2, 2, 2, 2, 2, 2, 2, 2, 2, 2, 2, 2, 2, 2, 2, 2, 2, 2, 2, 2, 2, 2, 2], ""max_paths"": 60, ""s_w"": [8, 8, 8, 8, 8, 8, 8, 8, 8, 8, 8, 8, 8, 8, 8, 8, 8, 8, 8, 8, 8, 8, 8, 8, 8, 8, 8, 8, 8]}",True,"{""m_w"": [2, 2, 2, 2, 2, 2, 2, 2, 2, 2, 2, 2, 2, 2, 2, 2, 2, 2, 2, 2, 2, 2, 2, 2, 2, 2, 2, 2, 2], ""max_paths"": 2, ""s_w"": [64, 16, 64, 16, 64, 16, 64, 16, 64, 16, 64, 16, 64, 16, 64, 16, 64, 16, 64, 16, 64, 16, 64, 16, 64, 16, 64, 16, 64]}",True,"{""m_w"": [9, 6, 8, 6, 8, 6, 8, 6, 8, 6, 8, 6, 8, 6, 8, 6, 8, 6, 8, 6, 8, 6, 8, 6, 8, 6, 8, 6, 8], ""max_paths"": 60, ""s_w"": [64, 16, 64, 16, 64, 16, 64, 16, 64, 16, 64, 16, 64, 16, 64, 16, 64, 16, 64, 16, 64, 16, 64, 16, 64, 16, 64, 16, 64]}"
2,2,8,32,3,1,304039710,True,"{""m_w"": [2, 2, 2, 2, 2, 2, 2, 2, 2, 2, 2, 2, 2, 2, 2, 2, 2, 2, 2, 2, 2, 2, 2, 2, 2, 2, 2, 2, 2], ""max_paths"": 2, ""s_w"": [8, 8, 8, 8, 8, 8, 8, 8, 8, 8, 8, 8, 8, 8, 8, 8, 8, 8, 8, 8, 8, 8, 8, 8, 8, 8, 8, 8, 8]}",True,"{""m_w"": [5, 4, 5, 4, 5, 4, 5, 4, 5, 4, 5, 4, 5, 4, 5, 4, 5, 4, 5, 4, 5, 4, 5, 4, 5, 4, 5, 4, 5], ""max_paths"": 2, ""s_w"": [8, 8, 8, 8, 8, 8, 8, 8, 8, 8, 8, 8, 8, 8, 8, 8, 8, 8, 8, 8, 8, 8, 8, 8, 8, 8, 8, 8, 8]}",True,"{""m_w"": [2, 2, 2, 2, 2, 2, 2, 2, 2, 2, 2, 2, 2, 2, 2, 2, 2, 2, 2, 2, 2, 2, 2, 2, 2, 2, 2, 2, 2], ""max_paths"": 60, ""s_w"": [8, 8, 8, 8, 8, 8, 8, 8, 8, 8, 8, 8, 8, 8, 8, 8, 8, 8, 8, 8, 8, 8, 8, 8, 8, 8, 8, 8, 8]}",True,"{""m_w"": [2, 2, 2, 2, 2, 2, 2, 2, 2, 2, 2, 2, 2, 2, 2, 2, 2, 2, 2, 2, 2, 2, 2, 2, 2, 2, 2, 2, 2], ""max_paths"": 2, ""s_w"": [64, 64, 64, 64, 64, 64, 64, 64, 64, 64, 64, 64, 64, 64, 64, 64, 64, 64, 64, 64, 64, 64, 64, 64, 64, 64, 64, 64, 64]}",True,"{""m_w"": [8, 6, 7, 6, 7, 6, 7, 6, 7, 6, 7, 6, 7, 6, 7, 6, 7, 6, 7, 6, 7, 6, 7, 6, 7, 6, 7, 6, 7], ""max_paths"": 60, ""s_w"": [64, 64, 64, 64, 64, 64, 64, 64, 64, 64, 64, 64, 64, 64, 64, 64, 64, 64, 64, 64, 64, 64, 64, 64, 64, 64, 64, 64, 64]}"
2,2,16,16,0,0,1576213418,True,"{""m_w"": [2, 2, 2, 2], ""max_paths"": 2, ""s_w"": [16, 16, 16, 16]}",True,"{""m_w"": [8, 3, 3, 3], ""max_paths"": 2, ""s_w"": [16, 16, 16, 16]}",True,"{""m_w"": [2, 2, 2, 2], ""max_paths"": 10, ""s_w"": [16, 16, 16, 16]}",True,"{""m_w"": [2, 2, 2, 2], ""max_paths"": 2, ""s_w"": [64, 64, 64, 64]}",True,"{""m_w"": [10, 4, 4, 4], ""max_paths"": 10, ""s_w"": [64, 64, 64, 64]}"
2,2,16,16,0,1,1195606787,True,"{""m_w"": [2, 2, 2, 2], ""max_paths"": 2, ""s_w"": [16, 16, 16, 16]}",True,"{""m_w"": [7, 5, 5, 5], ""max_paths"": 2, ""s_w"": [16, 16, 16, 16]}",True,"{""m_w"": [2, 2, 2, 2], ""max_paths"": 10, ""s_w"": [16, 16, 16, 16]}",True,"{""m_w"": [2, 2, 2, 2], ""max_paths"": 2, ""s_w"": [64, 64, 64, 64]}",True,"{""m_w"": [11, 6, 6, 6], ""max_paths"": 10, ""s_w"": [64, 64, 64, 64]}"
2,2,16,16,3,0,303658634,True,"{""m_w"": [2, 2, 2, 2, 2, 2, 2, 2, 2, 2, 2, 2, 2], ""max_paths"": 2, ""s_w"": [16, 16, 16, 16, 16, 16, 16, 16, 16, 16, 16, 16, 16]}",True,"{""m_w"": [8, 7, 4, 7, 4, 7, 4, 7, 4, 7, 4, 7, 4], ""max_paths"": 2, ""s_w"": [16, 16, 16, 16, 16, 16, 16, 16, 16, 16, 16, 16, 16]}",True,"{""m_w"": [2, 2, 2, 2, 2, 2, 2, 2, 2, 2, 2, 2, 2], ""max_paths"": 28, ""s_w"": [16, 16, 16, 16, 16, 16, 16, 16, 16, 16, 16, 16, 16]}",False,"{""m_w"": [2, 2, 2, 2, 2, 2, 2, 2, 2, 2, 2, 2, 2], ""max_paths"": 2, ""s_w"": [64, 32, 64, 32, 64, 32, 64, 32, 64, 32, 64, 32, 64]}",True,"{""m_w"": [11, 6, 5, 6, 5, 6, 5, 6, 5, 6, 5, 6, 5], ""max_paths"": 28, ""s_w"": [64, 32, 64, 32, 64, 32, 64, 32, 64, 32, 64, 32, 64]}"
2,2,16,16,3,1,1971196764,True,"{""m_w"": [2, 2, 2, 2, 2, 2, 2, 2, 2, 2, 2, 2, 2], ""max_paths"": 2, ""s_w"": [16, 16, 16, 16, 16, 16, 16, 16, 16, 16, 16, 16, 16]}",True,"{""m_w"": [8, 7, 9, 7, 9, 7, 9, 7, 9, 7, 9, 7, 9], ""max_paths"": 2, ""s_w"": [16, 16, 16, 16, 16, 16, 16, 16, 16, 16, 16, 16, 16]}",True,"{""m_w"": [2, 2, 2, 2, 2, 2, 2, 2, 2, 2, 2, 2, 2], ""max_paths"": 28, ""s_w"": [16, 16, 16, 16, 16, 16, 16, 16, 16, 16, 16, 16, 16]}",True,"{""m_w"": [2, 2, 2, 2, 2, 2, 2, 2, 2, 2, 2, 2, 2], ""max_paths"": 2, ""s_w"": [64, 64, 32, 64, 32, 64, 32, 64, 32, 64, 32, 64, 32]}",True,"{""m_w"": [9, 6, 8, 6, 8, 6, 8, 6, 8, 6, 8, 6, 8], ""max_paths"": 28, ""s_w"": [64, 64, 32, 64, 32, 64, 32, 64, 32, 64, 32, 64, 32]}"
2,2,16,24,0,0,1163914181,True,"{""m_w"": [2, 2, 2, 2, 2, 2], ""max_paths"": 2, ""s_w"": [16, 16, 16, 16, 16, 16]}",True,"{""m_w"": [6, 3, 3, 3, 3, 3], ""max_paths"": 2, ""s_w"": [16, 16, 16, 16, 16, 16]}",True,"{""m_w"": [2, 2, 2, 2, 2, 2], ""max_paths"": 14, ""s_w"": [16, 16, 16, 16, 16, 16]}",True,"{""m_w"": [2, 2, 2, 2, 2, 2], ""max_paths"": 2, ""s_w"": [64, 16, 16, 16, 16, 16]}",True,"{""m_w"": [9, 3, 3, 3, 3, 3], ""max_paths"": 14, ""s_w"": [64, 16, 16, 16, 16, 16]}"
2,2,16,24,0,1,683968663,True,"{""m_w"": [2, 2, 2, 2, 2, 2], ""max_paths"": 2, ""s_w"": [16, 16, 16, 16, 16, 16]}",True,"{""m_w"": [10, 6, 6, 6, 6, 6], ""max_paths"": 2, ""s_w"": [16, 16, 16, 16, 16, 16]}",True,"{""m_w"": [2, 2, 2, 2, 2, 2], ""max_paths"": 14, ""s_w"": [16, 16, 16, 16, 16, 16]}",True,"{""m_w"": [2, 2, 2, 2, 2, 2], ""max_paths"": 2, ""s_w"": [64, 64, 64, 64, 64, 64]}",True,"{""m_w"": [10, 8, 8, 8, 8, 8], ""max_paths"": 14, ""s_w"": [64, 64, 64, 64, 64, 64]}"
2,2,16,24,3,0,1939504158,False,"{""m_w"": [2, 2, 2, 2, 2, 2, 2, 2, 2, 2, 2, 2, 2, 2, 2, 2, 2, 2, 2, 2, 2], ""max_paths"": 2, ""s_w"": [16, 16, 16, 16, 16, 16, 16, 16, 16, 16, 16, 16, 16, 16, 16, 16, 16, 16, 16, 16, 16]}",True,"{""m_w"": [7, 6, 6, 6, 6, 6, 6, 6, 6, 6, 6, 6, 6, 6, 6, 6, 6, 6, 6, 6, 6], ""max_paths"": 2, ""s_w"": [16, 16, 16, 16, 16, 16, 16, 16, 16, 16, 16, 16, 16, 16, 16, 16, 16, 16, 16, 16, 16]}",False,"{""m_w"": [2, 2, 2, 2, 2, 2, 2, 2, 2, 2, 2, 2, 2, 2, 2, 2, 2, 2, 2, 2, 2], ""max_paths"": 44, ""s_w"": [16, 16, 16, 16, 16, 16, 16, 16, 16, 16, 16, 16, 16, 16, 16, 16, 16, 16, 16, 16, 16]}",True,"{""m_w"": [2, 2, 2, 2, 2, 2, 2, 2, 2, 2, 2, 2, 2, 2, 2, 2, 2, 2, 2, 2, 2], ""max_paths"": 2, ""s_w"": [64, 64, 64, 64, 64, 64, 64, 64, 64, 64, 64, 64, 64, 64, 64, 64, 64, 64, 64, 64, 64]}",True,"{""m_w"": [11, 6, 8, 6, 8, 6, 8, 6, 8, 6, 8, 6, 8, 6, 8, 6, 8, 6, 8, 6, 8], ""max_paths"": 44, ""s_w"": [64, 64, 64, 64, 64, 64, 64, 64, 64, 64, 64, 64, 64, 64, 64, 64, 64, 64, 64, 64, 64]}"
2,2,16,24,3,1,1459558640,True,"{""m_w"": [2, 2, 2, 2, 2, 2, 2, 2, 2, 2, 2, 2, 2, 2, 2, 2, 2, 2, 2, 2, 2], ""max_paths"": 2, ""s_w"": [16, 16, 16, 16, 16, 16, 16, 16, 16, 16, 16, 16, 16, 16, 16, 16, 16, 16, 16, 16, 16]}",True,"{""m_w"": [10, 4, 6, 4, 6, 4, 6, 4, 6, 4, 6, 4, 6, 4, 6, 4, 6, 4, 6, 4, 6], ""max_paths"": 2, ""s_w"": [16, 16, 16, 16, 16, 16, 16, 16, 16, 16, 16, 16, 16, 16, 16, 16, 16, 16, 16, 16, 16]}",True,"{""m_w"": [2, 2, 2, 2, 2, 2, 2, 2, 2, 2, 2, 2, 2, 2, 2, 2, 2, 2, 2, 2, 2], ""max_paths"": 44, ""s_w"": [16, 16, 16, 16, 16, 16, 16, 16, 16, 16, 16, 16, 16, 16, 16, 16, 16, 16, 16, 16, 16]}",True,"{""m_w"": [2, 2, 2, 2, 2, 2, 2, 2, 2, 2, 2, 2, 2, 2, 2, 2, 2, 2, 2, 2, 2], ""max_paths"": 2, ""s_w"": [64, 32, 32, 32, 32, 32, 32, 32, 32, 32, 32, 32, 32, 32, 32, 32, 32, 32, 32, 32, 32]}",True,"{""m_w"": [10, 4, 6, 4, 6, 4, 6, 4, 6, 4, 6, 4, 6, 4, 6, 4, 6, 4, 6, 4, 6], ""max_paths"": 44, ""s_w"": [64, 32, 32, 32, 32, 32, 32, 32, 32, 32, 32, 32, 32, 32, 32, 32, 32, 32, 32, 32, 32]}"
2,2,16,32,0,0,1976355606,True,"{""m_w"": [2, 2, 2, 2, 2, 2, 2, 2], ""max_paths"": 2, ""s_w"": [16, 16, 16, 16, 16, 16, 16, 16]}",True,"{""m_w"": [9, 5, 5, 5, 5, 5, 5, 5], ""max_paths"": 2, ""s_w"": [16, 16, 16, 16, 16, 16, 16, 16]}",True,"{""m_w"": [2, 2, 2, 2, 2, 2, 2, 2], ""max_paths"": 18, ""s_w"": [16, 16, 16, 16, 16, 16, 16, 16]}",True,"{""m_w"": [2, 2, 2, 2, 2, 2, 2, 2], ""max_paths"": 2, ""s_w"": [64, 16, 16, 16, 16, 16, 16, 16]}",True,"{""m_w"": [11, 5, 5, 5, 5, 5, 5, 5], ""max_paths"": 18, ""s_w"": [64, 16, 16, 16, 16, 16, 16, 16]}"
2,2,16,32,0,1,1496410088,True,"{""m_w"": [2, 2, 2, 2, 2, 2, 2, 2], ""max_paths"": 2, ""s_w"": [16, 16, 16, 16, 16, 16, 16, 16]}",True,"{""m_w"": [6, 5, 5, 5, 5, 5, 5, 5], ""max_paths"": 2, ""s_w"": [16, 16, 16, 16, 16, 16, 16, 16]}",True,"{""m_w"": [2, 2, 2, 2, 2, 2, 2, 2], ""max_paths"": 18, ""s_w"": [16, 16, 16, 16, 16, 16, 16, 16]}",True,"{""m_w"": [2, 2, 2, 2, 2, 2, 2, 2], ""max_paths"": 2, ""s_w"": [64, 64, 64, 64, 64, 64, 64, 64]}",True,"{""m_w"": [7, 6, 6, 6, 6, 6, 6, 6], ""max_paths"": 18, ""s_w"": [64, 64, 64, 64, 64, 64, 64, 64]}"
2,2,16,32,3,0,604461935,True,"{""m_w"": [2, 2, 2, 2, 2, 2, 2, 2, 2, 2, 2, 2, 2, 2, 2, 2, 2, 2, 2, 2, 2, 2, 2, 2, 2, 2, 2, 2, 2], ""max_paths"": 2, ""s_w"": [16, 16, 16, 16, 16, 16, 16, 16, 16, 16, 16, 16, 16, 16, 16, 16, 16, 16, 16, 16, 16, 16, 16, 16, 16, 16, 16, 16, 16]}",True,"{""m_w"": [9, 5, 5, 5, 5, 5, 5, 5, 5, 5, 5, 5, 5, 5, 5, 5, 5, 5, 5, 5, 5, 5, 5, 5, 5, 5, 5, 5, 5], ""max_paths"": 2, ""s_w"": [16, 16, 16, 16, 16, 16, 16, 16, 16, 16, 16, 16, 16, 16, 16, 16, 16, 16, 16, 16, 16, 16, 16, 16, 16, 16, 16, 16, 16]}",True,"{""m_w"": [2, 2, 2, 2, 2, 2, 2, 2, 2, 2, 2, 2, 2, 2, 2, 2, 2, 2, 2, 2, 2, 2, 2, 2, 2, 2, 2, 2, 2], ""max_paths"": 60, ""s_w"": [16, 16, 16, 16, 16, 16, 16, 16, 16, 16, 16, 16, 16, 16, 16, 16, 16, 16, 16, 16, 16, 16, 16, 16, 16, 16, 16, 16, 16]}",True,"{""m_w"": [2, 2, 2, 2, 2, 2, 2, 2, 2, 2, 2, 2, 2, 2, 2, 2, 2, 2, 2, 2, 2, 2, 2, 2, 2, 2, 2, 2, 2], ""max_paths"": 2, ""s_w"": [64, 64, 64, 64, 64, 64, 64, 64, 64, 64, 64, 64, 64, 64, 64, 64, 64, 64, 64, 64, 64, 64, 64, 64, 64, 64, 64, 64, 64]}",True,"{""m_w"": [10, 5, 5, 5, 5, 5, 5, 5, 5, 5, 5, 5, 5, 5, 5, 5, 5, 5, 5, 5, 5, 5, 5, 5, 5, 5, 5, 5, 5], ""max_paths"": 60, ""s_w"": [64, 64, 64, 64, 64, 64, 64, 64, 64, 64, 64, 64, 64, 64, 64, 64, 64, 64, 64, 64, 64, 64, 64, 64, 64, 64, 64, 64, 64]}"
2,2,16,32,3,1,124516417,False,"{""m_w"": [2, 2, 2, 2, 2, 2, 2, 2, 2, 2, 2, 2, 2, 2, 2, 2, 2, 2, 2, 2, 2, 2, 2, 2, 2, 2, 2, 2, 2], ""max_paths"": 2, ""s_w"": [16, 16, 16, 16, 16, 16, 16, 16, 16, 16, 16, 16, 16, 16, 16, 16, 16, 16, 16, 16, 16, 16, 16, 16, 16, 16, 16, 16, 16]}",True,"{""m_w"": [8, 7, 7, 7, 7, 7, 7, 7, 7, 7, 7, 7, 7, 7, 7, 7, 7, 7, 7, 7, 7, 7, 7, 7, 7, 7, 7, 7, 7], ""max_paths"": 2, ""s_w"": [16, 16, 16, 16, 16, 16, 16, 16, 16, 16, 16, 16, 16, 16, 16, 16, 16, 16, 16, 16, 16, 16, 16, 16, 16, 16, 16, 16, 16]}",False,"{""m_w"": [2, 2, 2, 2, 2, 2, 2, 2, 2, 2, 2, 2, 2, 2, 2, 2, 2, 2, 2, 2, 2, 2, 2, 2, 2, 2, 2, 2, 2], ""max_paths"": 60, ""s_w"": [16, 16, 16, 16, 16, 16, 16, 16, 16, 16, 16, 16, 16, 16, 16, 16, 16, 16, 16, 16, 16, 16, 16, 16, 16, 16, 16, 16, 16]}",False,"{""m_w"": [2, 2, 2, 2, 2, 2, 2, 2, 2, 2, 2, 2, 2, 2, 2, 2, 2, 2, 2, 2, 2, 2, 2, 2, 2, 2, 2, 2, 2], ""max_paths"": 2, ""s_w"": [16, 64, 64, 64, 64, 64, 64, 64, 64, 64, 64, 64, 64, 64, 64, 64, 64, 64, 64, 64, 64, 64, 64, 64, 64, 64, 64, 64, 64]}",True,"{""m_w"": [8, 10, 7, 10, 7, 10, 7, 10, 7, 10, 7, 10, 7, 10, 7, 10, 7, 10, 7, 10, 7, 10, 7, 10, 7, 10, 7, 10, 7], ""max_paths"": 60, ""s_w"": [16, 64, 64, 64, 64, 64, 64, 64, 64, 64, 64, 64, 64, 64, 64, 64, 64, 64, 64, 64, 64, 64, 64, 64, 64, 64, 64, 64, 64]}"
